time,cell_id,cell_type,x,y,growth_rate,obj_flux,glucose_flux,oxygen_flux
2,0,zone_1,-97.1424,-385.429,0,0,4.11793e-12,-3.74346e-12
2,4,zone_2,-64.4441,-285.429,0,0,4.11793e-12,-3.74346e-12
2,4,zone_2,-64.4441,-285.429,0,0,4.11793e-12,-3.74346e-12
2,0,zone_1,-97.1424,-385.429,0,0,4.11793e-12,-3.74346e-12
2,8,zone_3,-15.8729,-85.4288,0,0,4.11793e-12,-3.74346e-12
2,8,zone_3,-15.8729,-85.4288,0,0,4.11793e-12,-3.74346e-12
2,1,zone_1,-80.317,-385.429,0,0,4.11793e-12,-3.74346e-12
2,1,zone_1,-80.317,-385.429,0,0,4.11793e-12,-3.74346e-12
2,5,zone_2,-47.6187,-285.429,0,0,4.11793e-12,-3.74346e-12
2,5,zone_2,-47.6187,-285.429,0,0,4.11793e-12,-3.74346e-12
2,2,zone_1,-63.4916,-385.429,0,0,4.11793e-12,-3.74346e-12
2,2,zone_1,-63.4916,-385.429,0,0,4.11793e-12,-3.74346e-12
2,6,zone_3,-49.5237,-85.4288,0,0,4.11793e-12,-3.74346e-12
2,6,zone_3,-49.5237,-85.4288,0,0,4.11793e-12,-3.74346e-12
2,3,zone_2,-81.2695,-285.429,0,0,4.11793e-12,-3.74346e-12
2,3,zone_2,-81.2695,-285.429,0,0,4.11793e-12,-3.74346e-12
2,7,zone_3,-32.6983,-85.4288,0,0,4.11793e-12,-3.74346e-12
2,7,zone_3,-32.6983,-85.4288,0,0,4.11793e-12,-3.74346e-12
4,0,zone_1,-97.1424,-385.429,0,0,4.11793e-12,-3.74346e-12
4,8,zone_3,-15.8729,-85.4288,0,0,4.11793e-12,-3.74346e-12
4,0,zone_1,-97.1424,-385.429,0,0,4.11793e-12,-3.74346e-12
4,8,zone_3,-15.8729,-85.4288,0,0,4.11793e-12,-3.74346e-12
4,4,zone_2,-64.4441,-285.429,0,0,4.11793e-12,-3.74346e-12
4,4,zone_2,-64.4441,-285.429,0,0,4.11793e-12,-3.74346e-12
4,1,zone_1,-80.317,-385.429,0,0,4.11793e-12,-3.74346e-12
4,1,zone_1,-80.317,-385.429,0,0,4.11793e-12,-3.74346e-12
4,5,zone_2,-47.6187,-285.429,0,0,4.11793e-12,-3.74346e-12
4,5,zone_2,-47.6187,-285.429,0,0,4.11793e-12,-3.74346e-12
4,2,zone_1,-63.4916,-385.429,0,0,4.11793e-12,-3.74346e-12
4,2,zone_1,-63.4916,-385.429,0,0,4.11793e-12,-3.74346e-12
4,6,zone_3,-49.5237,-85.4288,0,0,4.11793e-12,-3.74346e-12
4,6,zone_3,-49.5237,-85.4288,0,0,4.11793e-12,-3.74346e-12
4,3,zone_2,-81.2695,-285.429,0,0,4.11793e-12,-3.74346e-12
4,3,zone_2,-81.2695,-285.429,0,0,4.11793e-12,-3.74346e-12
4,7,zone_3,-32.6983,-85.4288,0,0,4.11793e-12,-3.74346e-12
4,7,zone_3,-32.6983,-85.4288,0,0,4.11793e-12,-3.74346e-12
6,8,zone_3,-15.8729,-85.4288,0,0,4.11793e-12,-3.74346e-12
6,8,zone_3,-15.8729,-85.4288,0,0,4.11793e-12,-3.74346e-12
6,0,zone_1,-97.1424,-385.429,0,0,4.11793e-12,-3.74346e-12
6,0,zone_1,-97.1424,-385.429,0,0,4.11793e-12,-3.74346e-12
6,4,zone_2,-64.4441,-285.429,0,0,4.11793e-12,-3.74346e-12
6,4,zone_2,-64.4441,-285.429,0,0,4.11793e-12,-3.74346e-12
6,1,zone_1,-80.317,-385.429,0,0,4.11793e-12,-3.74346e-12
6,1,zone_1,-80.317,-385.429,0,0,4.11793e-12,-3.74346e-12
6,5,zone_2,-47.6187,-285.429,0,0,4.11793e-12,-3.74346e-12
6,5,zone_2,-47.6187,-285.429,0,0,4.11793e-12,-3.74346e-12
6,2,zone_1,-63.4916,-385.429,0,0,4.11793e-12,-3.74346e-12
6,2,zone_1,-63.4916,-385.429,0,0,4.11793e-12,-3.74346e-12
6,6,zone_3,-49.5237,-85.4288,0,0,4.11793e-12,-3.74346e-12
6,6,zone_3,-49.5237,-85.4288,0,0,4.11793e-12,-3.74346e-12
6,3,zone_2,-81.2695,-285.429,0,0,4.11793e-12,-3.74346e-12
6,3,zone_2,-81.2695,-285.429,0,0,4.11793e-12,-3.74346e-12
6,7,zone_3,-32.6983,-85.4288,0,0,4.11793e-12,-3.74346e-12
6,7,zone_3,-32.6983,-85.4288,0,0,4.11793e-12,-3.74346e-12
8,0,zone_1,-97.1424,-385.429,0,0,4.11793e-12,-3.74346e-12
8,0,zone_1,-97.1424,-385.429,0,0,4.11793e-12,-3.74346e-12
8,4,zone_2,-64.4441,-285.429,0,0,4.11793e-12,-3.74346e-12
8,8,zone_3,-15.8729,-85.4288,0,0,4.11793e-12,-3.74346e-12
8,4,zone_2,-64.4441,-285.429,0,0,4.11793e-12,-3.74346e-12
8,8,zone_3,-15.8729,-85.4288,0,0,4.11793e-12,-3.74346e-12
8,1,zone_1,-80.317,-385.429,0,0,4.11793e-12,-3.74346e-12
8,1,zone_1,-80.317,-385.429,0,0,4.11793e-12,-3.74346e-12
8,5,zone_2,-47.6187,-285.429,0,0,4.11793e-12,-3.74346e-12
8,5,zone_2,-47.6187,-285.429,0,0,4.11793e-12,-3.74346e-12
8,2,zone_1,-63.4916,-385.429,0,0,4.11793e-12,-3.74346e-12
8,2,zone_1,-63.4916,-385.429,0,0,4.11793e-12,-3.74346e-12
8,6,zone_3,-49.5237,-85.4288,0,0,4.11793e-12,-3.74346e-12
8,6,zone_3,-49.5237,-85.4288,0,0,4.11793e-12,-3.74346e-12
8,3,zone_2,-81.2695,-285.429,0,0,4.11793e-12,-3.74346e-12
8,3,zone_2,-81.2695,-285.429,0,0,4.11793e-12,-3.74346e-12
8,7,zone_3,-32.6983,-85.4288,0,0,4.11793e-12,-3.74346e-12
8,7,zone_3,-32.6983,-85.4288,0,0,4.11793e-12,-3.74346e-12
10,4,zone_2,-64.4441,-285.429,0,0,4.11793e-12,-3.74346e-12
10,4,zone_2,-64.4441,-285.429,0,0,4.11793e-12,-3.74346e-12
10,0,zone_1,-97.1424,-385.429,0,0,4.11793e-12,-3.74346e-12
10,0,zone_1,-97.1424,-385.429,0,0,4.11793e-12,-3.74346e-12
10,8,zone_3,-15.8729,-85.4288,0,0,4.11793e-12,-3.74346e-12
10,8,zone_3,-15.8729,-85.4288,0,0,4.11793e-12,-3.74346e-12
10,5,zone_2,-47.6187,-285.429,0,0,4.11793e-12,-3.74346e-12
10,5,zone_2,-47.6187,-285.429,0,0,4.11793e-12,-3.74346e-12
10,1,zone_1,-80.317,-385.429,0,0,4.11793e-12,-3.74346e-12
10,1,zone_1,-80.317,-385.429,0,0,4.11793e-12,-3.74346e-12
10,6,zone_3,-49.5237,-85.4288,0,0,4.11793e-12,-3.74346e-12
10,6,zone_3,-49.5237,-85.4288,0,0,4.11793e-12,-3.74346e-12
10,2,zone_1,-63.4916,-385.429,0,0,4.11793e-12,-3.74346e-12
10,2,zone_1,-63.4916,-385.429,0,0,4.11793e-12,-3.74346e-12
10,7,zone_3,-32.6983,-85.4288,0,0,4.11793e-12,-3.74346e-12
10,7,zone_3,-32.6983,-85.4288,0,0,4.11793e-12,-3.74346e-12
10,3,zone_2,-81.2695,-285.429,0,0,4.11793e-12,-3.74346e-12
10,3,zone_2,-81.2695,-285.429,0,0,4.11793e-12,-3.74346e-12
12,0,zone_1,-97.1424,-385.429,0,0,4.11793e-12,-3.74346e-12
12,0,zone_1,-97.1424,-385.429,0,0,4.11793e-12,-3.74346e-12
12,8,zone_3,-15.8729,-85.4288,0,0,4.11793e-12,-3.74346e-12
12,8,zone_3,-15.8729,-85.4288,0,0,4.11793e-12,-3.74346e-12
12,4,zone_2,-64.4441,-285.429,0,0,4.11793e-12,-3.74346e-12
12,4,zone_2,-64.4441,-285.429,0,0,4.11793e-12,-3.74346e-12
12,1,zone_1,-80.317,-385.429,0,0,4.11793e-12,-3.74346e-12
12,1,zone_1,-80.317,-385.429,0,0,4.11793e-12,-3.74346e-12
12,5,zone_2,-47.6187,-285.429,0,0,4.11793e-12,-3.74346e-12
12,5,zone_2,-47.6187,-285.429,0,0,4.11793e-12,-3.74346e-12
12,2,zone_1,-63.4916,-385.429,0,0,4.11793e-12,-3.74346e-12
12,2,zone_1,-63.4916,-385.429,0,0,4.11793e-12,-3.74346e-12
12,6,zone_3,-49.5237,-85.4288,0,0,4.11793e-12,-3.74346e-12
12,6,zone_3,-49.5237,-85.4288,0,0,4.11793e-12,-3.74346e-12
12,3,zone_2,-81.2695,-285.429,0,0,4.11793e-12,-3.74346e-12
12,3,zone_2,-81.2695,-285.429,0,0,4.11793e-12,-3.74346e-12
12,7,zone_3,-32.6983,-85.4288,0,0,4.11793e-12,-3.74346e-12
12,7,zone_3,-32.6983,-85.4288,0,0,4.11793e-12,-3.74346e-12
14,0,zone_1,-97.1424,-385.429,0,0,4.11793e-12,-3.74346e-12
14,0,zone_1,-97.1424,-385.429,0,0,4.11793e-12,-3.74346e-12
14,8,zone_3,-15.8729,-85.4288,0,0,4.11793e-12,-3.74346e-12
14,8,zone_3,-15.8729,-85.4288,0,0,4.11793e-12,-3.74346e-12
14,1,zone_1,-80.317,-385.429,0,0,4.11793e-12,-3.74346e-12
14,1,zone_1,-80.317,-385.429,0,0,4.11793e-12,-3.74346e-12
14,4,zone_2,-64.4441,-285.429,0,0,4.11793e-12,-3.74346e-12
14,4,zone_2,-64.4441,-285.429,0,0,4.11793e-12,-3.74346e-12
14,2,zone_1,-63.4916,-385.429,0,0,4.11793e-12,-3.74346e-12
14,2,zone_1,-63.4916,-385.429,0,0,4.11793e-12,-3.74346e-12
14,5,zone_2,-47.6187,-285.429,0,0,4.11793e-12,-3.74346e-12
14,5,zone_2,-47.6187,-285.429,0,0,4.11793e-12,-3.74346e-12
14,3,zone_2,-81.2695,-285.429,0,0,4.11793e-12,-3.74346e-12
14,3,zone_2,-81.2695,-285.429,0,0,4.11793e-12,-3.74346e-12
14,6,zone_3,-49.5237,-85.4288,0,0,4.11793e-12,-3.74346e-12
14,6,zone_3,-49.5237,-85.4288,0,0,4.11793e-12,-3.74346e-12
14,7,zone_3,-32.6983,-85.4288,0,0,4.11793e-12,-3.74346e-12
14,7,zone_3,-32.6983,-85.4288,0,0,4.11793e-12,-3.74346e-12
16,4,zone_2,-64.4441,-285.429,0,0,4.11793e-12,-3.74346e-12
16,4,zone_2,-64.4441,-285.429,0,0,4.11793e-12,-3.74346e-12
16,8,zone_3,-15.8729,-85.4288,0,0,4.11793e-12,-3.74346e-12
16,8,zone_3,-15.8729,-85.4288,0,0,4.11793e-12,-3.74346e-12
16,0,zone_1,-97.1424,-385.429,0,0,4.11793e-12,-3.74346e-12
16,0,zone_1,-97.1424,-385.429,0,0,4.11793e-12,-3.74346e-12
16,5,zone_2,-47.6187,-285.429,0,0,4.11793e-12,-3.74346e-12
16,5,zone_2,-47.6187,-285.429,0,0,4.11793e-12,-3.74346e-12
16,1,zone_1,-80.317,-385.429,0,0,4.11793e-12,-3.74346e-12
16,1,zone_1,-80.317,-385.429,0,0,4.11793e-12,-3.74346e-12
16,6,zone_3,-49.5237,-85.4288,0,0,4.11793e-12,-3.74346e-12
16,6,zone_3,-49.5237,-85.4288,0,0,4.11793e-12,-3.74346e-12
16,2,zone_1,-63.4916,-385.429,0,0,4.11793e-12,-3.74346e-12
16,2,zone_1,-63.4916,-385.429,0,0,4.11793e-12,-3.74346e-12
16,7,zone_3,-32.6983,-85.4288,0,0,4.11793e-12,-3.74346e-12
16,7,zone_3,-32.6983,-85.4288,0,0,4.11793e-12,-3.74346e-12
16,3,zone_2,-81.2695,-285.429,0,0,4.11793e-12,-3.74346e-12
16,3,zone_2,-81.2695,-285.429,0,0,4.11793e-12,-3.74346e-12
18,4,zone_2,-64.4441,-285.429,0,0,4.11793e-12,-3.74346e-12
18,4,zone_2,-64.4441,-285.429,0,0,4.11793e-12,-3.74346e-12
18,0,zone_1,-97.1424,-385.429,0,0,4.11793e-12,-3.74346e-12
18,0,zone_1,-97.1424,-385.429,0,0,4.11793e-12,-3.74346e-12
18,8,zone_3,-15.8729,-85.4288,0,0,4.11793e-12,-3.74346e-12
18,8,zone_3,-15.8729,-85.4288,0,0,4.11793e-12,-3.74346e-12
18,1,zone_1,-80.317,-385.429,0,0,4.11793e-12,-3.74346e-12
18,1,zone_1,-80.317,-385.429,0,0,4.11793e-12,-3.74346e-12
18,5,zone_2,-47.6187,-285.429,0,0,4.11793e-12,-3.74346e-12
18,5,zone_2,-47.6187,-285.429,0,0,4.11793e-12,-3.74346e-12
18,2,zone_1,-63.4916,-385.429,0,0,4.11793e-12,-3.74346e-12
18,2,zone_1,-63.4916,-385.429,0,0,4.11793e-12,-3.74346e-12
18,6,zone_3,-49.5237,-85.4288,0,0,4.11793e-12,-3.74346e-12
18,6,zone_3,-49.5237,-85.4288,0,0,4.11793e-12,-3.74346e-12
18,3,zone_2,-81.2695,-285.429,0,0,4.11793e-12,-3.74346e-12
18,3,zone_2,-81.2695,-285.429,0,0,4.11793e-12,-3.74346e-12
18,7,zone_3,-32.6983,-85.4288,0,0,4.11793e-12,-3.74346e-12
18,7,zone_3,-32.6983,-85.4288,0,0,4.11793e-12,-3.74346e-12
20,0,zone_1,-97.1424,-385.429,0,0,4.11793e-12,-3.74346e-12
20,8,zone_3,-15.8729,-85.4288,0,0,4.11793e-12,-3.74346e-12
20,8,zone_3,-15.8729,-85.4288,0,0,4.11793e-12,-3.74346e-12
20,0,zone_1,-97.1424,-385.429,0,0,4.11793e-12,-3.74346e-12
20,4,zone_2,-64.4441,-285.429,0,0,4.11793e-12,-3.74346e-12
20,4,zone_2,-64.4441,-285.429,0,0,4.11793e-12,-3.74346e-12
20,1,zone_1,-80.317,-385.429,0,0,4.11793e-12,-3.74346e-12
20,1,zone_1,-80.317,-385.429,0,0,4.11793e-12,-3.74346e-12
20,5,zone_2,-47.6187,-285.429,0,0,4.11793e-12,-3.74346e-12
20,5,zone_2,-47.6187,-285.429,0,0,4.11793e-12,-3.74346e-12
20,2,zone_1,-63.4916,-385.429,0,0,4.11793e-12,-3.74346e-12
20,2,zone_1,-63.4916,-385.429,0,0,4.11793e-12,-3.74346e-12
20,6,zone_3,-49.5237,-85.4288,0,0,4.11793e-12,-3.74346e-12
20,6,zone_3,-49.5237,-85.4288,0,0,4.11793e-12,-3.74346e-12
20,3,zone_2,-81.2695,-285.429,0,0,4.11793e-12,-3.74346e-12
20,3,zone_2,-81.2695,-285.429,0,0,4.11793e-12,-3.74346e-12
20,7,zone_3,-32.6983,-85.4288,0,0,4.11793e-12,-3.74346e-12
20,7,zone_3,-32.6983,-85.4288,0,0,4.11793e-12,-3.74346e-12
22,0,zone_1,-97.1424,-385.429,0,0,4.11793e-12,-3.74346e-12
22,0,zone_1,-97.1424,-385.429,0,0,4.11793e-12,-3.74346e-12
22,8,zone_3,-15.8729,-85.4288,0,0,4.11793e-12,-3.74346e-12
22,8,zone_3,-15.8729,-85.4288,0,0,4.11793e-12,-3.74346e-12
22,4,zone_2,-64.4441,-285.429,0,0,4.11793e-12,-3.74346e-12
22,4,zone_2,-64.4441,-285.429,0,0,4.11793e-12,-3.74346e-12
22,1,zone_1,-80.317,-385.429,0,0,4.11793e-12,-3.74346e-12
22,1,zone_1,-80.317,-385.429,0,0,4.11793e-12,-3.74346e-12
22,5,zone_2,-47.6187,-285.429,0,0,4.11793e-12,-3.74346e-12
22,5,zone_2,-47.6187,-285.429,0,0,4.11793e-12,-3.74346e-12
22,2,zone_1,-63.4916,-385.429,0,0,4.11793e-12,-3.74346e-12
22,2,zone_1,-63.4916,-385.429,0,0,4.11793e-12,-3.74346e-12
22,6,zone_3,-49.5237,-85.4288,0,0,4.11793e-12,-3.74346e-12
22,6,zone_3,-49.5237,-85.4288,0,0,4.11793e-12,-3.74346e-12
22,3,zone_2,-81.2695,-285.429,0,0,4.11793e-12,-3.74346e-12
22,3,zone_2,-81.2695,-285.429,0,0,4.11793e-12,-3.74346e-12
22,7,zone_3,-32.6983,-85.4288,0,0,4.11793e-12,-3.74346e-12
22,7,zone_3,-32.6983,-85.4288,0,0,4.11793e-12,-3.74346e-12
24,4,zone_2,-64.4441,-285.429,0,0,4.11793e-12,-3.74346e-12
24,4,zone_2,-64.4441,-285.429,0,0,4.11793e-12,-3.74346e-12
24,0,zone_1,-97.1424,-385.429,0,0,4.11793e-12,-3.74346e-12
24,0,zone_1,-97.1424,-385.429,0,0,4.11793e-12,-3.74346e-12
24,8,zone_3,-15.8729,-85.4288,0,0,4.11793e-12,-3.74346e-12
24,8,zone_3,-15.8729,-85.4288,0,0,4.11793e-12,-3.74346e-12
24,5,zone_2,-47.6187,-285.429,0,0,4.11793e-12,-3.74346e-12
24,1,zone_1,-80.317,-385.429,0,0,4.11793e-12,-3.74346e-12
24,1,zone_1,-80.317,-385.429,0,0,4.11793e-12,-3.74346e-12
24,5,zone_2,-47.6187,-285.429,0,0,4.11793e-12,-3.74346e-12
24,2,zone_1,-63.4916,-385.429,0,0,4.11793e-12,-3.74346e-12
24,2,zone_1,-63.4916,-385.429,0,0,4.11793e-12,-3.74346e-12
24,6,zone_3,-49.5237,-85.4288,0,0,4.11793e-12,-3.74346e-12
24,6,zone_3,-49.5237,-85.4288,0,0,4.11793e-12,-3.74346e-12
24,3,zone_2,-81.2695,-285.429,0,0,4.11793e-12,-3.74346e-12
24,3,zone_2,-81.2695,-285.429,0,0,4.11793e-12,-3.74346e-12
24,7,zone_3,-32.6983,-85.4288,0,0,4.11793e-12,-3.74346e-12
24,7,zone_3,-32.6983,-85.4288,0,0,4.11793e-12,-3.74346e-12
26,0,zone_1,-97.1424,-385.429,0,0,4.11793e-12,-3.74346e-12
26,8,zone_3,-15.8729,-85.4288,0,0,4.11793e-12,-3.74346e-12
26,0,zone_1,-97.1424,-385.429,0,0,4.11793e-12,-3.74346e-12
26,8,zone_3,-15.8729,-85.4288,0,0,4.11793e-12,-3.74346e-12
26,4,zone_2,-64.4441,-285.429,0,0,4.11793e-12,-3.74346e-12
26,4,zone_2,-64.4441,-285.429,0,0,4.11793e-12,-3.74346e-12
26,1,zone_1,-80.317,-385.429,0,0,4.11793e-12,-3.74346e-12
26,1,zone_1,-80.317,-385.429,0,0,4.11793e-12,-3.74346e-12
26,5,zone_2,-47.6187,-285.429,0,0,4.11793e-12,-3.74346e-12
26,5,zone_2,-47.6187,-285.429,0,0,4.11793e-12,-3.74346e-12
26,2,zone_1,-63.4916,-385.429,0,0,4.11793e-12,-3.74346e-12
26,2,zone_1,-63.4916,-385.429,0,0,4.11793e-12,-3.74346e-12
26,6,zone_3,-49.5237,-85.4288,0,0,4.11793e-12,-3.74346e-12
26,6,zone_3,-49.5237,-85.4288,0,0,4.11793e-12,-3.74346e-12
26,3,zone_2,-81.2695,-285.429,0,0,4.11793e-12,-3.74346e-12
26,3,zone_2,-81.2695,-285.429,0,0,4.11793e-12,-3.74346e-12
26,7,zone_3,-32.6983,-85.4288,0,0,4.11793e-12,-3.74346e-12
26,7,zone_3,-32.6983,-85.4288,0,0,4.11793e-12,-3.74346e-12
28,4,zone_2,-64.4441,-285.429,0,0,4.11793e-12,-3.74346e-12
28,4,zone_2,-64.4441,-285.429,0,0,4.11793e-12,-3.74346e-12
28,0,zone_1,-97.1424,-385.429,0,0,4.11793e-12,-3.74346e-12
28,0,zone_1,-97.1424,-385.429,0,0,4.11793e-12,-3.74346e-12
28,8,zone_3,-15.8729,-85.4288,0,0,4.11793e-12,-3.74346e-12
28,8,zone_3,-15.8729,-85.4288,0,0,4.11793e-12,-3.74346e-12
28,5,zone_2,-47.6187,-285.429,0,0,4.11793e-12,-3.74346e-12
28,5,zone_2,-47.6187,-285.429,0,0,4.11793e-12,-3.74346e-12
28,1,zone_1,-80.317,-385.429,0,0,4.11793e-12,-3.74346e-12
28,1,zone_1,-80.317,-385.429,0,0,4.11793e-12,-3.74346e-12
28,2,zone_1,-63.4916,-385.429,0,0,4.11793e-12,-3.74346e-12
28,6,zone_3,-49.5237,-85.4288,0,0,4.11793e-12,-3.74346e-12
28,2,zone_1,-63.4916,-385.429,0,0,4.11793e-12,-3.74346e-12
28,6,zone_3,-49.5237,-85.4288,0,0,4.11793e-12,-3.74346e-12
28,3,zone_2,-81.2695,-285.429,0,0,4.11793e-12,-3.74346e-12
28,3,zone_2,-81.2695,-285.429,0,0,4.11793e-12,-3.74346e-12
28,7,zone_3,-32.6983,-85.4288,0,0,4.11793e-12,-3.74346e-12
28,7,zone_3,-32.6983,-85.4288,0,0,4.11793e-12,-3.74346e-12
30,0,zone_1,-97.1424,-385.429,0,0,4.11793e-12,-3.74346e-12
30,0,zone_1,-97.1424,-385.429,0,0,4.11793e-12,-3.74346e-12
30,8,zone_3,-15.8729,-85.4288,0,0,4.11793e-12,-3.74346e-12
30,8,zone_3,-15.8729,-85.4288,0,0,4.11793e-12,-3.74346e-12
30,4,zone_2,-64.4441,-285.429,0,0,4.11793e-12,-3.74346e-12
30,4,zone_2,-64.4441,-285.429,0,0,4.11793e-12,-3.74346e-12
30,1,zone_1,-80.317,-385.429,0,0,4.11793e-12,-3.74346e-12
30,1,zone_1,-80.317,-385.429,0,0,4.11793e-12,-3.74346e-12
30,5,zone_2,-47.6187,-285.429,0,0,4.11793e-12,-3.74346e-12
30,5,zone_2,-47.6187,-285.429,0,0,4.11793e-12,-3.74346e-12
30,2,zone_1,-63.4916,-385.429,0,0,4.11793e-12,-3.74346e-12
30,2,zone_1,-63.4916,-385.429,0,0,4.11793e-12,-3.74346e-12
30,6,zone_3,-49.5237,-85.4288,0,0,4.11793e-12,-3.74346e-12
30,6,zone_3,-49.5237,-85.4288,0,0,4.11793e-12,-3.74346e-12
30,3,zone_2,-81.2695,-285.429,0,0,4.11793e-12,-3.74346e-12
30,3,zone_2,-81.2695,-285.429,0,0,4.11793e-12,-3.74346e-12
30,7,zone_3,-32.6983,-85.4288,0,0,4.11793e-12,-3.74346e-12
30,7,zone_3,-32.6983,-85.4288,0,0,4.11793e-12,-3.74346e-12
32,8,zone_3,-15.8729,-85.4288,0,0,4.11793e-12,-3.74346e-12
32,8,zone_3,-15.8729,-85.4288,0,0,4.11793e-12,-3.74346e-12
32,0,zone_1,-97.1424,-385.429,0,0,4.11793e-12,-3.74346e-12
32,0,zone_1,-97.1424,-385.429,0,0,4.11793e-12,-3.74346e-12
32,4,zone_2,-64.4441,-285.429,0,0,4.11793e-12,-3.74346e-12
32,4,zone_2,-64.4441,-285.429,0,0,4.11793e-12,-3.74346e-12
32,1,zone_1,-80.317,-385.429,0,0,4.11793e-12,-3.74346e-12
32,1,zone_1,-80.317,-385.429,0,0,4.11793e-12,-3.74346e-12
32,5,zone_2,-47.6187,-285.429,0,0,4.11793e-12,-3.74346e-12
32,5,zone_2,-47.6187,-285.429,0,0,4.11793e-12,-3.74346e-12
32,2,zone_1,-63.4916,-385.429,0,0,4.11793e-12,-3.74346e-12
32,2,zone_1,-63.4916,-385.429,0,0,4.11793e-12,-3.74346e-12
32,6,zone_3,-49.5237,-85.4288,0,0,4.11793e-12,-3.74346e-12
32,6,zone_3,-49.5237,-85.4288,0,0,4.11793e-12,-3.74346e-12
32,3,zone_2,-81.2695,-285.429,0,0,4.11793e-12,-3.74346e-12
32,3,zone_2,-81.2695,-285.429,0,0,4.11793e-12,-3.74346e-12
32,7,zone_3,-32.6983,-85.4288,0,0,4.11793e-12,-3.74346e-12
32,7,zone_3,-32.6983,-85.4288,0,0,4.11793e-12,-3.74346e-12
34,0,zone_1,-97.1424,-385.429,0,0,4.11793e-12,-3.74346e-12
34,4,zone_2,-64.4441,-285.429,0,0,4.11793e-12,-3.74346e-12
34,0,zone_1,-97.1424,-385.429,0,0,4.11793e-12,-3.74346e-12
34,4,zone_2,-64.4441,-285.429,0,0,4.11793e-12,-3.74346e-12
34,8,zone_3,-15.8729,-85.4288,0,0,4.11793e-12,-3.74346e-12
34,8,zone_3,-15.8729,-85.4288,0,0,4.11793e-12,-3.74346e-12
34,5,zone_2,-47.6187,-285.429,0,0,4.11793e-12,-3.74346e-12
34,1,zone_1,-80.317,-385.429,0,0,4.11793e-12,-3.74346e-12
34,5,zone_2,-47.6187,-285.429,0,0,4.11793e-12,-3.74346e-12
34,1,zone_1,-80.317,-385.429,0,0,4.11793e-12,-3.74346e-12
34,2,zone_1,-63.4916,-385.429,0,0,4.11793e-12,-3.74346e-12
34,2,zone_1,-63.4916,-385.429,0,0,4.11793e-12,-3.74346e-12
34,6,zone_3,-49.5237,-85.4288,0,0,4.11793e-12,-3.74346e-12
34,6,zone_3,-49.5237,-85.4288,0,0,4.11793e-12,-3.74346e-12
34,3,zone_2,-81.2695,-285.429,0,0,4.11793e-12,-3.74346e-12
34,3,zone_2,-81.2695,-285.429,0,0,4.11793e-12,-3.74346e-12
34,7,zone_3,-32.6983,-85.4288,0,0,4.11793e-12,-3.74346e-12
34,7,zone_3,-32.6983,-85.4288,0,0,4.11793e-12,-3.74346e-12
36,0,zone_1,-97.1424,-385.429,0,0,4.11793e-12,-3.74346e-12
36,0,zone_1,-97.1424,-385.429,0,0,4.11793e-12,-3.74346e-12
36,4,zone_2,-64.4441,-285.429,0,0,4.11793e-12,-3.74346e-12
36,4,zone_2,-64.4441,-285.429,0,0,4.11793e-12,-3.74346e-12
36,8,zone_3,-15.8729,-85.4288,0,0,4.11793e-12,-3.74346e-12
36,8,zone_3,-15.8729,-85.4288,0,0,4.11793e-12,-3.74346e-12
36,1,zone_1,-80.317,-385.429,0,0,4.11793e-12,-3.74346e-12
36,1,zone_1,-80.317,-385.429,0,0,4.11793e-12,-3.74346e-12
36,5,zone_2,-47.6187,-285.429,0,0,4.11793e-12,-3.74346e-12
36,5,zone_2,-47.6187,-285.429,0,0,4.11793e-12,-3.74346e-12
36,2,zone_1,-63.4916,-385.429,0,0,4.11793e-12,-3.74346e-12
36,2,zone_1,-63.4916,-385.429,0,0,4.11793e-12,-3.74346e-12
36,6,zone_3,-49.5237,-85.4288,0,0,4.11793e-12,-3.74346e-12
36,6,zone_3,-49.5237,-85.4288,0,0,4.11793e-12,-3.74346e-12
36,3,zone_2,-81.2695,-285.429,0,0,4.11793e-12,-3.74346e-12
36,3,zone_2,-81.2695,-285.429,0,0,4.11793e-12,-3.74346e-12
36,7,zone_3,-32.6983,-85.4288,0,0,4.11793e-12,-3.74346e-12
36,7,zone_3,-32.6983,-85.4288,0,0,4.11793e-12,-3.74346e-12
38,0,zone_1,-97.1424,-385.429,0,0,4.11793e-12,-3.74346e-12
38,0,zone_1,-97.1424,-385.429,0,0,4.11793e-12,-3.74346e-12
38,8,zone_3,-15.8729,-85.4288,0,0,4.11793e-12,-3.74346e-12
38,8,zone_3,-15.8729,-85.4288,0,0,4.11793e-12,-3.74346e-12
38,4,zone_2,-64.4441,-285.429,0,0,4.11793e-12,-3.74346e-12
38,4,zone_2,-64.4441,-285.429,0,0,4.11793e-12,-3.74346e-12
38,1,zone_1,-80.317,-385.429,0,0,4.11793e-12,-3.74346e-12
38,1,zone_1,-80.317,-385.429,0,0,4.11793e-12,-3.74346e-12
38,5,zone_2,-47.6187,-285.429,0,0,4.11793e-12,-3.74346e-12
38,5,zone_2,-47.6187,-285.429,0,0,4.11793e-12,-3.74346e-12
38,2,zone_1,-63.4916,-385.429,0,0,4.11793e-12,-3.74346e-12
38,2,zone_1,-63.4916,-385.429,0,0,4.11793e-12,-3.74346e-12
38,6,zone_3,-49.5237,-85.4288,0,0,4.11793e-12,-3.74346e-12
38,6,zone_3,-49.5237,-85.4288,0,0,4.11793e-12,-3.74346e-12
38,3,zone_2,-81.2695,-285.429,0,0,4.11793e-12,-3.74346e-12
38,3,zone_2,-81.2695,-285.429,0,0,4.11793e-12,-3.74346e-12
38,7,zone_3,-32.6983,-85.4288,0,0,4.11793e-12,-3.74346e-12
38,7,zone_3,-32.6983,-85.4288,0,0,4.11793e-12,-3.74346e-12
40,0,zone_1,-97.1424,-385.429,0,0,4.11793e-12,-3.74346e-12
40,0,zone_1,-97.1424,-385.429,0,0,4.11793e-12,-3.74346e-12
40,4,zone_2,-64.4441,-285.429,0,0,4.11793e-12,-3.74346e-12
40,8,zone_3,-15.8729,-85.4288,0,0,4.11793e-12,-3.74346e-12
40,8,zone_3,-15.8729,-85.4288,0,0,4.11793e-12,-3.74346e-12
40,4,zone_2,-64.4441,-285.429,0,0,4.11793e-12,-3.74346e-12
40,1,zone_1,-80.317,-385.429,0,0,4.11793e-12,-3.74346e-12
40,1,zone_1,-80.317,-385.429,0,0,4.11793e-12,-3.74346e-12
40,5,zone_2,-47.6187,-285.429,0,0,4.11793e-12,-3.74346e-12
40,5,zone_2,-47.6187,-285.429,0,0,4.11793e-12,-3.74346e-12
40,2,zone_1,-63.4916,-385.429,0,0,4.11793e-12,-3.74346e-12
40,2,zone_1,-63.4916,-385.429,0,0,4.11793e-12,-3.74346e-12
40,6,zone_3,-49.5237,-85.4288,0,0,4.11793e-12,-3.74346e-12
40,6,zone_3,-49.5237,-85.4288,0,0,4.11793e-12,-3.74346e-12
40,3,zone_2,-81.2695,-285.429,0,0,4.11793e-12,-3.74346e-12
40,3,zone_2,-81.2695,-285.429,0,0,4.11793e-12,-3.74346e-12
40,7,zone_3,-32.6983,-85.4288,0,0,4.11793e-12,-3.74346e-12
40,7,zone_3,-32.6983,-85.4288,0,0,4.11793e-12,-3.74346e-12
42,0,zone_1,-97.1424,-385.429,0,0,4.11793e-12,-3.74346e-12
42,8,zone_3,-15.8729,-85.4288,0,0,4.11793e-12,-3.74346e-12
42,0,zone_1,-97.1424,-385.429,0,0,4.11793e-12,-3.74346e-12
42,8,zone_3,-15.8729,-85.4288,0,0,4.11793e-12,-3.74346e-12
42,4,zone_2,-64.4441,-285.429,0,0,4.11793e-12,-3.74346e-12
42,4,zone_2,-64.4441,-285.429,0,0,4.11793e-12,-3.74346e-12
42,1,zone_1,-80.317,-385.429,0,0,4.11793e-12,-3.74346e-12
42,1,zone_1,-80.317,-385.429,0,0,4.11793e-12,-3.74346e-12
42,5,zone_2,-47.6187,-285.429,0,0,4.11793e-12,-3.74346e-12
42,5,zone_2,-47.6187,-285.429,0,0,4.11793e-12,-3.74346e-12
42,2,zone_1,-63.4916,-385.429,0,0,4.11793e-12,-3.74346e-12
42,2,zone_1,-63.4916,-385.429,0,0,4.11793e-12,-3.74346e-12
42,3,zone_2,-81.2695,-285.429,0,0,4.11793e-12,-3.74346e-12
42,3,zone_2,-81.2695,-285.429,0,0,4.11793e-12,-3.74346e-12
42,6,zone_3,-49.5237,-85.4288,0,0,4.11793e-12,-3.74346e-12
42,6,zone_3,-49.5237,-85.4288,0,0,4.11793e-12,-3.74346e-12
42,7,zone_3,-32.6983,-85.4288,0,0,4.11793e-12,-3.74346e-12
42,7,zone_3,-32.6983,-85.4288,0,0,4.11793e-12,-3.74346e-12
44,0,zone_1,-97.1424,-385.429,0,0,4.11793e-12,-3.74346e-12
44,0,zone_1,-97.1424,-385.429,0,0,4.11793e-12,-3.74346e-12
44,4,zone_2,-64.4441,-285.429,0,0,4.11793e-12,-3.74346e-12
44,4,zone_2,-64.4441,-285.429,0,0,4.11793e-12,-3.74346e-12
44,8,zone_3,-15.8729,-85.4288,0,0,4.11793e-12,-3.74346e-12
44,8,zone_3,-15.8729,-85.4288,0,0,4.11793e-12,-3.74346e-12
44,1,zone_1,-80.317,-385.429,0,0,4.11793e-12,-3.74346e-12
44,1,zone_1,-80.317,-385.429,0,0,4.11793e-12,-3.74346e-12
44,5,zone_2,-47.6187,-285.429,0,0,4.11793e-12,-3.74346e-12
44,5,zone_2,-47.6187,-285.429,0,0,4.11793e-12,-3.74346e-12
44,2,zone_1,-63.4916,-385.429,0,0,4.11793e-12,-3.74346e-12
44,2,zone_1,-63.4916,-385.429,0,0,4.11793e-12,-3.74346e-12
44,6,zone_3,-49.5237,-85.4288,0,0,4.11793e-12,-3.74346e-12
44,6,zone_3,-49.5237,-85.4288,0,0,4.11793e-12,-3.74346e-12
44,3,zone_2,-81.2695,-285.429,0,0,4.11793e-12,-3.74346e-12
44,3,zone_2,-81.2695,-285.429,0,0,4.11793e-12,-3.74346e-12
44,7,zone_3,-32.6983,-85.4288,0,0,4.11793e-12,-3.74346e-12
44,7,zone_3,-32.6983,-85.4288,0,0,4.11793e-12,-3.74346e-12
46,0,zone_1,-97.1424,-385.429,0,0,4.11793e-12,-3.74346e-12
46,0,zone_1,-97.1424,-385.429,0,0,4.11793e-12,-3.74346e-12
46,4,zone_2,-64.4441,-285.429,0,0,4.11793e-12,-3.74346e-12
46,4,zone_2,-64.4441,-285.429,0,0,4.11793e-12,-3.74346e-12
46,8,zone_3,-15.8729,-85.4288,0,0,4.11793e-12,-3.74346e-12
46,8,zone_3,-15.8729,-85.4288,0,0,4.11793e-12,-3.74346e-12
46,1,zone_1,-80.317,-385.429,0,0,4.11793e-12,-3.74346e-12
46,1,zone_1,-80.317,-385.429,0,0,4.11793e-12,-3.74346e-12
46,5,zone_2,-47.6187,-285.429,0,0,4.11793e-12,-3.74346e-12
46,5,zone_2,-47.6187,-285.429,0,0,4.11793e-12,-3.74346e-12
46,2,zone_1,-63.4916,-385.429,0,0,4.11793e-12,-3.74346e-12
46,2,zone_1,-63.4916,-385.429,0,0,4.11793e-12,-3.74346e-12
46,6,zone_3,-49.5237,-85.4288,0,0,4.11793e-12,-3.74346e-12
46,6,zone_3,-49.5237,-85.4288,0,0,4.11793e-12,-3.74346e-12
46,3,zone_2,-81.2695,-285.429,0,0,4.11793e-12,-3.74346e-12
46,3,zone_2,-81.2695,-285.429,0,0,4.11793e-12,-3.74346e-12
46,7,zone_3,-32.6983,-85.4288,0,0,4.11793e-12,-3.74346e-12
46,7,zone_3,-32.6983,-85.4288,0,0,4.11793e-12,-3.74346e-12
48,8,zone_3,-15.8729,-85.4288,0,0,4.11793e-12,-3.74346e-12
48,8,zone_3,-15.8729,-85.4288,0,0,4.11793e-12,-3.74346e-12
48,0,zone_1,-97.1424,-385.429,0,0,4.11793e-12,-3.74346e-12
48,0,zone_1,-97.1424,-385.429,0,0,4.11793e-12,-3.74346e-12
48,4,zone_2,-64.4441,-285.429,0,0,4.11793e-12,-3.74346e-12
48,4,zone_2,-64.4441,-285.429,0,0,4.11793e-12,-3.74346e-12
48,1,zone_1,-80.317,-385.429,0,0,4.11793e-12,-3.74346e-12
48,1,zone_1,-80.317,-385.429,0,0,4.11793e-12,-3.74346e-12
48,5,zone_2,-47.6187,-285.429,0,0,4.11793e-12,-3.74346e-12
48,5,zone_2,-47.6187,-285.429,0,0,4.11793e-12,-3.74346e-12
48,2,zone_1,-63.4916,-385.429,0,0,4.11793e-12,-3.74346e-12
48,2,zone_1,-63.4916,-385.429,0,0,4.11793e-12,-3.74346e-12
48,6,zone_3,-49.5237,-85.4288,0,0,4.11793e-12,-3.74346e-12
48,6,zone_3,-49.5237,-85.4288,0,0,4.11793e-12,-3.74346e-12
48,3,zone_2,-81.2695,-285.429,0,0,4.11793e-12,-3.74346e-12
48,3,zone_2,-81.2695,-285.429,0,0,4.11793e-12,-3.74346e-12
48,7,zone_3,-32.6983,-85.4288,0,0,4.11793e-12,-3.74346e-12
48,7,zone_3,-32.6983,-85.4288,0,0,4.11793e-12,-3.74346e-12
50,8,zone_3,-15.8729,-85.4288,0,0,4.11793e-12,-3.74346e-12
50,8,zone_3,-15.8729,-85.4288,0,0,4.11793e-12,-3.74346e-12
50,0,zone_1,-97.1424,-385.429,0,0,4.11793e-12,-3.74346e-12
50,0,zone_1,-97.1424,-385.429,0,0,4.11793e-12,-3.74346e-12
50,4,zone_2,-64.4441,-285.429,0,0,4.11793e-12,-3.74346e-12
50,4,zone_2,-64.4441,-285.429,0,0,4.11793e-12,-3.74346e-12
50,1,zone_1,-80.317,-385.429,0,0,4.11793e-12,-3.74346e-12
50,5,zone_2,-47.6187,-285.429,0,0,4.11793e-12,-3.74346e-12
50,5,zone_2,-47.6187,-285.429,0,0,4.11793e-12,-3.74346e-12
50,1,zone_1,-80.317,-385.429,0,0,4.11793e-12,-3.74346e-12
50,2,zone_1,-63.4916,-385.429,0,0,4.11793e-12,-3.74346e-12
50,2,zone_1,-63.4916,-385.429,0,0,4.11793e-12,-3.74346e-12
50,6,zone_3,-49.5237,-85.4288,0,0,4.11793e-12,-3.74346e-12
50,6,zone_3,-49.5237,-85.4288,0,0,4.11793e-12,-3.74346e-12
50,3,zone_2,-81.2695,-285.429,0,0,4.11793e-12,-3.74346e-12
50,3,zone_2,-81.2695,-285.429,0,0,4.11793e-12,-3.74346e-12
50,7,zone_3,-32.6983,-85.4288,0,0,4.11793e-12,-3.74346e-12
50,7,zone_3,-32.6983,-85.4288,0,0,4.11793e-12,-3.74346e-12
52,0,zone_1,-97.1424,-385.429,0,0,4.11793e-12,-3.74346e-12
52,0,zone_1,-97.1424,-385.429,0,0,4.11793e-12,-3.74346e-12
52,4,zone_2,-64.4441,-285.429,0,0,4.11793e-12,-3.74346e-12
52,4,zone_2,-64.4441,-285.429,0,0,4.11793e-12,-3.74346e-12
52,1,zone_1,-80.317,-385.429,0,0,4.11793e-12,-3.74346e-12
52,1,zone_1,-80.317,-385.429,0,0,4.11793e-12,-3.74346e-12
52,8,zone_3,-15.8729,-85.4288,0,0,4.11793e-12,-3.74346e-12
52,8,zone_3,-15.8729,-85.4288,0,0,4.11793e-12,-3.74346e-12
52,5,zone_2,-47.6187,-285.429,0,0,4.11793e-12,-3.74346e-12
52,5,zone_2,-47.6187,-285.429,0,0,4.11793e-12,-3.74346e-12
52,2,zone_1,-63.4916,-385.429,0,0,4.11793e-12,-3.74346e-12
52,2,zone_1,-63.4916,-385.429,0,0,4.11793e-12,-3.74346e-12
52,6,zone_3,-49.5237,-85.4288,0,0,4.11793e-12,-3.74346e-12
52,6,zone_3,-49.5237,-85.4288,0,0,4.11793e-12,-3.74346e-12
52,3,zone_2,-81.2695,-285.429,0,0,4.11793e-12,-3.74346e-12
52,3,zone_2,-81.2695,-285.429,0,0,4.11793e-12,-3.74346e-12
52,7,zone_3,-32.6983,-85.4288,0,0,4.11793e-12,-3.74346e-12
52,7,zone_3,-32.6983,-85.4288,0,0,4.11793e-12,-3.74346e-12
54,0,zone_1,-97.1424,-385.429,0,0,4.11793e-12,-3.74346e-12
54,0,zone_1,-97.1424,-385.429,0,0,4.11793e-12,-3.74346e-12
54,4,zone_2,-64.4441,-285.429,0,0,4.11793e-12,-3.74346e-12
54,4,zone_2,-64.4441,-285.429,0,0,4.11793e-12,-3.74346e-12
54,8,zone_3,-15.8729,-85.4288,0,0,4.11793e-12,-3.74346e-12
54,8,zone_3,-15.8729,-85.4288,0,0,4.11793e-12,-3.74346e-12
54,1,zone_1,-80.317,-385.429,0,0,4.11793e-12,-3.74346e-12
54,1,zone_1,-80.317,-385.429,0,0,4.11793e-12,-3.74346e-12
54,5,zone_2,-47.6187,-285.429,0,0,4.11793e-12,-3.74346e-12
54,5,zone_2,-47.6187,-285.429,0,0,4.11793e-12,-3.74346e-12
54,2,zone_1,-63.4916,-385.429,0,0,4.11793e-12,-3.74346e-12
54,2,zone_1,-63.4916,-385.429,0,0,4.11793e-12,-3.74346e-12
54,6,zone_3,-49.5237,-85.4288,0,0,4.11793e-12,-3.74346e-12
54,6,zone_3,-49.5237,-85.4288,0,0,4.11793e-12,-3.74346e-12
54,3,zone_2,-81.2695,-285.429,0,0,4.11793e-12,-3.74346e-12
54,3,zone_2,-81.2695,-285.429,0,0,4.11793e-12,-3.74346e-12
54,7,zone_3,-32.6983,-85.4288,0,0,4.11793e-12,-3.74346e-12
54,7,zone_3,-32.6983,-85.4288,0,0,4.11793e-12,-3.74346e-12
56,0,zone_1,-97.1424,-385.429,0,0,4.11793e-12,-3.74346e-12
56,0,zone_1,-97.1424,-385.429,0,0,4.11793e-12,-3.74346e-12
56,4,zone_2,-64.4441,-285.429,0,0,4.11793e-12,-3.74346e-12
56,4,zone_2,-64.4441,-285.429,0,0,4.11793e-12,-3.74346e-12
56,8,zone_3,-15.8729,-85.4288,0,0,4.11793e-12,-3.74346e-12
56,8,zone_3,-15.8729,-85.4288,0,0,4.11793e-12,-3.74346e-12
56,1,zone_1,-80.317,-385.429,0,0,4.11793e-12,-3.74346e-12
56,1,zone_1,-80.317,-385.429,0,0,4.11793e-12,-3.74346e-12
56,5,zone_2,-47.6187,-285.429,0,0,4.11793e-12,-3.74346e-12
56,5,zone_2,-47.6187,-285.429,0,0,4.11793e-12,-3.74346e-12
56,2,zone_1,-63.4916,-385.429,0,0,4.11793e-12,-3.74346e-12
56,2,zone_1,-63.4916,-385.429,0,0,4.11793e-12,-3.74346e-12
56,6,zone_3,-49.5237,-85.4288,0,0,4.11793e-12,-3.74346e-12
56,6,zone_3,-49.5237,-85.4288,0,0,4.11793e-12,-3.74346e-12
56,3,zone_2,-81.2695,-285.429,0,0,4.11793e-12,-3.74346e-12
56,3,zone_2,-81.2695,-285.429,0,0,4.11793e-12,-3.74346e-12
56,7,zone_3,-32.6983,-85.4288,0,0,4.11793e-12,-3.74346e-12
56,7,zone_3,-32.6983,-85.4288,0,0,4.11793e-12,-3.74346e-12
58,0,zone_1,-97.1424,-385.429,0,0,4.11793e-12,-3.74346e-12
58,0,zone_1,-97.1424,-385.429,0,0,4.11793e-12,-3.74346e-12
58,4,zone_2,-64.4441,-285.429,0,0,4.11793e-12,-3.74346e-12
58,4,zone_2,-64.4441,-285.429,0,0,4.11793e-12,-3.74346e-12
58,8,zone_3,-15.8729,-85.4288,0,0,4.11793e-12,-3.74346e-12
58,8,zone_3,-15.8729,-85.4288,0,0,4.11793e-12,-3.74346e-12
58,5,zone_2,-47.6187,-285.429,0,0,4.11793e-12,-3.74346e-12
58,1,zone_1,-80.317,-385.429,0,0,4.11793e-12,-3.74346e-12
58,5,zone_2,-47.6187,-285.429,0,0,4.11793e-12,-3.74346e-12
58,1,zone_1,-80.317,-385.429,0,0,4.11793e-12,-3.74346e-12
58,2,zone_1,-63.4916,-385.429,0,0,4.11793e-12,-3.74346e-12
58,2,zone_1,-63.4916,-385.429,0,0,4.11793e-12,-3.74346e-12
58,6,zone_3,-49.5237,-85.4288,0,0,4.11793e-12,-3.74346e-12
58,6,zone_3,-49.5237,-85.4288,0,0,4.11793e-12,-3.74346e-12
58,3,zone_2,-81.2695,-285.429,0,0,4.11793e-12,-3.74346e-12
58,3,zone_2,-81.2695,-285.429,0,0,4.11793e-12,-3.74346e-12
58,7,zone_3,-32.6983,-85.4288,0,0,4.11793e-12,-3.74346e-12
58,7,zone_3,-32.6983,-85.4288,0,0,4.11793e-12,-3.74346e-12
60,8,zone_3,-15.8729,-85.4288,0,0,4.11793e-12,-3.74346e-12
60,8,zone_3,-15.8729,-85.4288,0,0,4.11793e-12,-3.74346e-12
60,0,zone_1,-97.1424,-385.429,0,0,4.11793e-12,-3.74346e-12
60,0,zone_1,-97.1424,-385.429,0,0,4.11793e-12,-3.74346e-12
60,4,zone_2,-64.4441,-285.429,0,0,4.11793e-12,-3.74346e-12
60,4,zone_2,-64.4441,-285.429,0,0,4.11793e-12,-3.74346e-12
60,1,zone_1,-80.317,-385.429,0,0,4.11793e-12,-3.74346e-12
60,1,zone_1,-80.317,-385.429,0,0,4.11793e-12,-3.74346e-12
60,5,zone_2,-47.6187,-285.429,0,0,4.11793e-12,-3.74346e-12
60,5,zone_2,-47.6187,-285.429,0,0,4.11793e-12,-3.74346e-12
60,2,zone_1,-63.4916,-385.429,0,0,4.11793e-12,-3.74346e-12
60,2,zone_1,-63.4916,-385.429,0,0,4.11793e-12,-3.74346e-12
60,6,zone_3,-49.5237,-85.4288,0,0,4.11793e-12,-3.74346e-12
60,6,zone_3,-49.5237,-85.4288,0,0,4.11793e-12,-3.74346e-12
60,3,zone_2,-81.2695,-285.429,0,0,4.11793e-12,-3.74346e-12
60,7,zone_3,-32.6983,-85.4288,0,0,4.11793e-12,-3.74346e-12
60,3,zone_2,-81.2695,-285.429,0,0,4.11793e-12,-3.74346e-12
60,7,zone_3,-32.6983,-85.4288,0,0,4.11793e-12,-3.74346e-12
62,0,zone_1,-97.1424,-385.429,0,0,4.11793e-12,-3.74346e-12
62,0,zone_1,-97.1424,-385.429,0,0,4.11793e-12,-3.74346e-12
62,8,zone_3,-15.8729,-85.4288,0,0,4.11793e-12,-3.74346e-12
62,4,zone_2,-64.4441,-285.429,0,0,4.11793e-12,-3.74346e-12
62,8,zone_3,-15.8729,-85.4288,0,0,4.11793e-12,-3.74346e-12
62,1,zone_1,-80.317,-385.429,0,0,4.11793e-12,-3.74346e-12
62,1,zone_1,-80.317,-385.429,0,0,4.11793e-12,-3.74346e-12
62,4,zone_2,-64.4441,-285.429,0,0,4.11793e-12,-3.74346e-12
62,5,zone_2,-47.6187,-285.429,0,0,4.11793e-12,-3.74346e-12
62,5,zone_2,-47.6187,-285.429,0,0,4.11793e-12,-3.74346e-12
62,2,zone_1,-63.4916,-385.429,0,0,4.11793e-12,-3.74346e-12
62,2,zone_1,-63.4916,-385.429,0,0,4.11793e-12,-3.74346e-12
62,3,zone_2,-81.2695,-285.429,0,0,4.11793e-12,-3.74346e-12
62,3,zone_2,-81.2695,-285.429,0,0,4.11793e-12,-3.74346e-12
62,6,zone_3,-49.5237,-85.4288,0,0,4.11793e-12,-3.74346e-12
62,6,zone_3,-49.5237,-85.4288,0,0,4.11793e-12,-3.74346e-12
62,7,zone_3,-32.6983,-85.4288,0,0,4.11793e-12,-3.74346e-12
62,7,zone_3,-32.6983,-85.4288,0,0,4.11793e-12,-3.74346e-12
64,0,zone_1,-97.1424,-385.429,0,0,4.11793e-12,-3.74346e-12
64,0,zone_1,-97.1424,-385.429,0,0,4.11793e-12,-3.74346e-12
64,8,zone_3,-15.8729,-85.4288,0,0,4.11793e-12,-3.74346e-12
64,8,zone_3,-15.8729,-85.4288,0,0,4.11793e-12,-3.74346e-12
64,4,zone_2,-64.4441,-285.429,0,0,4.11793e-12,-3.74346e-12
64,4,zone_2,-64.4441,-285.429,0,0,4.11793e-12,-3.74346e-12
64,1,zone_1,-80.317,-385.429,0,0,4.11793e-12,-3.74346e-12
64,1,zone_1,-80.317,-385.429,0,0,4.11793e-12,-3.74346e-12
64,5,zone_2,-47.6187,-285.429,0,0,4.11793e-12,-3.74346e-12
64,5,zone_2,-47.6187,-285.429,0,0,4.11793e-12,-3.74346e-12
64,2,zone_1,-63.4916,-385.429,0,0,4.11793e-12,-3.74346e-12
64,2,zone_1,-63.4916,-385.429,0,0,4.11793e-12,-3.74346e-12
64,6,zone_3,-49.5237,-85.4288,0,0,4.11793e-12,-3.74346e-12
64,6,zone_3,-49.5237,-85.4288,0,0,4.11793e-12,-3.74346e-12
64,3,zone_2,-81.2695,-285.429,0,0,4.11793e-12,-3.74346e-12
64,3,zone_2,-81.2695,-285.429,0,0,4.11793e-12,-3.74346e-12
64,7,zone_3,-32.6983,-85.4288,0,0,4.11793e-12,-3.74346e-12
64,7,zone_3,-32.6983,-85.4288,0,0,4.11793e-12,-3.74346e-12
66,0,zone_1,-97.1424,-385.429,0,0,4.11793e-12,-3.74346e-12
66,0,zone_1,-97.1424,-385.429,0,0,4.11793e-12,-3.74346e-12
66,8,zone_3,-15.8729,-85.4288,0,0,4.11793e-12,-3.74346e-12
66,8,zone_3,-15.8729,-85.4288,0,0,4.11793e-12,-3.74346e-12
66,4,zone_2,-64.4441,-285.429,0,0,4.11793e-12,-3.74346e-12
66,4,zone_2,-64.4441,-285.429,0,0,4.11793e-12,-3.74346e-12
66,1,zone_1,-80.317,-385.429,0,0,4.11793e-12,-3.74346e-12
66,1,zone_1,-80.317,-385.429,0,0,4.11793e-12,-3.74346e-12
66,5,zone_2,-47.6187,-285.429,0,0,4.11793e-12,-3.74346e-12
66,5,zone_2,-47.6187,-285.429,0,0,4.11793e-12,-3.74346e-12
66,2,zone_1,-63.4916,-385.429,0,0,4.11793e-12,-3.74346e-12
66,2,zone_1,-63.4916,-385.429,0,0,4.11793e-12,-3.74346e-12
66,6,zone_3,-49.5237,-85.4288,0,0,4.11793e-12,-3.74346e-12
66,6,zone_3,-49.5237,-85.4288,0,0,4.11793e-12,-3.74346e-12
66,3,zone_2,-81.2695,-285.429,0,0,4.11793e-12,-3.74346e-12
66,3,zone_2,-81.2695,-285.429,0,0,4.11793e-12,-3.74346e-12
66,7,zone_3,-32.6983,-85.4288,0,0,4.11793e-12,-3.74346e-12
66,7,zone_3,-32.6983,-85.4288,0,0,4.11793e-12,-3.74346e-12
68,0,zone_1,-97.1424,-385.429,0,0,4.11793e-12,-3.74346e-12
68,8,zone_3,-15.8729,-85.4288,0,0,4.11793e-12,-3.74346e-12
68,8,zone_3,-15.8729,-85.4288,0,0,4.11793e-12,-3.74346e-12
68,0,zone_1,-97.1424,-385.429,0,0,4.11793e-12,-3.74346e-12
68,4,zone_2,-64.4441,-285.429,0,0,4.11793e-12,-3.74346e-12
68,4,zone_2,-64.4441,-285.429,0,0,4.11793e-12,-3.74346e-12
68,1,zone_1,-80.317,-385.429,0,0,4.11793e-12,-3.74346e-12
68,1,zone_1,-80.317,-385.429,0,0,4.11793e-12,-3.74346e-12
68,5,zone_2,-47.6187,-285.429,0,0,4.11793e-12,-3.74346e-12
68,5,zone_2,-47.6187,-285.429,0,0,4.11793e-12,-3.74346e-12
68,2,zone_1,-63.4916,-385.429,0,0,4.11793e-12,-3.74346e-12
68,2,zone_1,-63.4916,-385.429,0,0,4.11793e-12,-3.74346e-12
68,6,zone_3,-49.5237,-85.4288,0,0,4.11793e-12,-3.74346e-12
68,6,zone_3,-49.5237,-85.4288,0,0,4.11793e-12,-3.74346e-12
68,3,zone_2,-81.2695,-285.429,0,0,4.11793e-12,-3.74346e-12
68,3,zone_2,-81.2695,-285.429,0,0,4.11793e-12,-3.74346e-12
68,7,zone_3,-32.6983,-85.4288,0,0,4.11793e-12,-3.74346e-12
68,7,zone_3,-32.6983,-85.4288,0,0,4.11793e-12,-3.74346e-12
70,0,zone_1,-97.1424,-385.429,0,0,4.11793e-12,-3.74346e-12
70,0,zone_1,-97.1424,-385.429,0,0,4.11793e-12,-3.74346e-12
70,4,zone_2,-64.4441,-285.429,0,0,4.11793e-12,-3.74346e-12
70,4,zone_2,-64.4441,-285.429,0,0,4.11793e-12,-3.74346e-12
70,8,zone_3,-15.8729,-85.4288,0,0,4.11793e-12,-3.74346e-12
70,8,zone_3,-15.8729,-85.4288,0,0,4.11793e-12,-3.74346e-12
70,1,zone_1,-80.317,-385.429,0,0,4.11793e-12,-3.74346e-12
70,1,zone_1,-80.317,-385.429,0,0,4.11793e-12,-3.74346e-12
70,5,zone_2,-47.6187,-285.429,0,0,4.11793e-12,-3.74346e-12
70,5,zone_2,-47.6187,-285.429,0,0,4.11793e-12,-3.74346e-12
70,2,zone_1,-63.4916,-385.429,0,0,4.11793e-12,-3.74346e-12
70,2,zone_1,-63.4916,-385.429,0,0,4.11793e-12,-3.74346e-12
70,6,zone_3,-49.5237,-85.4288,0,0,4.11793e-12,-3.74346e-12
70,6,zone_3,-49.5237,-85.4288,0,0,4.11793e-12,-3.74346e-12
70,3,zone_2,-81.2695,-285.429,0,0,4.11793e-12,-3.74346e-12
70,3,zone_2,-81.2695,-285.429,0,0,4.11793e-12,-3.74346e-12
70,7,zone_3,-32.6983,-85.4288,0,0,4.11793e-12,-3.74346e-12
70,7,zone_3,-32.6983,-85.4288,0,0,4.11793e-12,-3.74346e-12
72,0,zone_1,-97.1424,-385.429,0,0,4.11793e-12,-3.74346e-12
72,0,zone_1,-97.1424,-385.429,0,0,4.11793e-12,-3.74346e-12
72,8,zone_3,-15.8729,-85.4288,0,0,4.11793e-12,-3.74346e-12
72,8,zone_3,-15.8729,-85.4288,0,0,4.11793e-12,-3.74346e-12
72,4,zone_2,-64.4441,-285.429,0,0,4.11793e-12,-3.74346e-12
72,4,zone_2,-64.4441,-285.429,0,0,4.11793e-12,-3.74346e-12
72,1,zone_1,-80.317,-385.429,0,0,4.11793e-12,-3.74346e-12
72,1,zone_1,-80.317,-385.429,0,0,4.11793e-12,-3.74346e-12
72,5,zone_2,-47.6187,-285.429,0,0,4.11793e-12,-3.74346e-12
72,5,zone_2,-47.6187,-285.429,0,0,4.11793e-12,-3.74346e-12
72,2,zone_1,-63.4916,-385.429,0,0,4.11793e-12,-3.74346e-12
72,2,zone_1,-63.4916,-385.429,0,0,4.11793e-12,-3.74346e-12
72,6,zone_3,-49.5237,-85.4288,0,0,4.11793e-12,-3.74346e-12
72,6,zone_3,-49.5237,-85.4288,0,0,4.11793e-12,-3.74346e-12
72,3,zone_2,-81.2695,-285.429,0,0,4.11793e-12,-3.74346e-12
72,3,zone_2,-81.2695,-285.429,0,0,4.11793e-12,-3.74346e-12
72,7,zone_3,-32.6983,-85.4288,0,0,4.11793e-12,-3.74346e-12
72,7,zone_3,-32.6983,-85.4288,0,0,4.11793e-12,-3.74346e-12
74,0,zone_1,-97.1424,-385.429,0,0,4.11793e-12,-3.74346e-12
74,0,zone_1,-97.1424,-385.429,0,0,4.11793e-12,-3.74346e-12
74,8,zone_3,-15.8729,-85.4288,0,0,4.11793e-12,-3.74346e-12
74,4,zone_2,-64.4441,-285.429,0,0,4.11793e-12,-3.74346e-12
74,8,zone_3,-15.8729,-85.4288,0,0,4.11793e-12,-3.74346e-12
74,4,zone_2,-64.4441,-285.429,0,0,4.11793e-12,-3.74346e-12
74,1,zone_1,-80.317,-385.429,0,0,4.11793e-12,-3.74346e-12
74,1,zone_1,-80.317,-385.429,0,0,4.11793e-12,-3.74346e-12
74,2,zone_1,-63.4916,-385.429,0,0,4.11793e-12,-3.74346e-12
74,2,zone_1,-63.4916,-385.429,0,0,4.11793e-12,-3.74346e-12
74,5,zone_2,-47.6187,-285.429,0,0,4.11793e-12,-3.74346e-12
74,5,zone_2,-47.6187,-285.429,0,0,4.11793e-12,-3.74346e-12
74,3,zone_2,-81.2695,-285.429,0,0,4.11793e-12,-3.74346e-12
74,3,zone_2,-81.2695,-285.429,0,0,4.11793e-12,-3.74346e-12
74,6,zone_3,-49.5237,-85.4288,0,0,4.11793e-12,-3.74346e-12
74,6,zone_3,-49.5237,-85.4288,0,0,4.11793e-12,-3.74346e-12
74,7,zone_3,-32.6983,-85.4288,0,0,4.11793e-12,-3.74346e-12
74,7,zone_3,-32.6983,-85.4288,0,0,4.11793e-12,-3.74346e-12
76,4,zone_2,-64.4441,-285.429,0,0,4.11793e-12,-3.74346e-12
76,4,zone_2,-64.4441,-285.429,0,0,4.11793e-12,-3.74346e-12
76,0,zone_1,-97.1424,-385.429,0,0,4.11793e-12,-3.74346e-12
76,0,zone_1,-97.1424,-385.429,0,0,4.11793e-12,-3.74346e-12
76,8,zone_3,-15.8729,-85.4288,0,0,4.11793e-12,-3.74346e-12
76,8,zone_3,-15.8729,-85.4288,0,0,4.11793e-12,-3.74346e-12
76,5,zone_2,-47.6187,-285.429,0,0,4.11793e-12,-3.74346e-12
76,5,zone_2,-47.6187,-285.429,0,0,4.11793e-12,-3.74346e-12
76,1,zone_1,-80.317,-385.429,0,0,4.11793e-12,-3.74346e-12
76,1,zone_1,-80.317,-385.429,0,0,4.11793e-12,-3.74346e-12
76,6,zone_3,-49.5237,-85.4288,0,0,4.11793e-12,-3.74346e-12
76,6,zone_3,-49.5237,-85.4288,0,0,4.11793e-12,-3.74346e-12
76,2,zone_1,-63.4916,-385.429,0,0,4.11793e-12,-3.74346e-12
76,2,zone_1,-63.4916,-385.429,0,0,4.11793e-12,-3.74346e-12
76,7,zone_3,-32.6983,-85.4288,0,0,4.11793e-12,-3.74346e-12
76,7,zone_3,-32.6983,-85.4288,0,0,4.11793e-12,-3.74346e-12
76,3,zone_2,-81.2695,-285.429,0,0,4.11793e-12,-3.74346e-12
76,3,zone_2,-81.2695,-285.429,0,0,4.11793e-12,-3.74346e-12
78,8,zone_3,-15.8729,-85.4288,0,0,4.11793e-12,-3.74346e-12
78,8,zone_3,-15.8729,-85.4288,0,0,4.11793e-12,-3.74346e-12
78,0,zone_1,-97.1424,-385.429,0,0,4.11793e-12,-3.74346e-12
78,0,zone_1,-97.1424,-385.429,0,0,4.11793e-12,-3.74346e-12
78,4,zone_2,-64.4441,-285.429,0,0,4.11793e-12,-3.74346e-12
78,4,zone_2,-64.4441,-285.429,0,0,4.11793e-12,-3.74346e-12
78,1,zone_1,-80.317,-385.429,0,0,4.11793e-12,-3.74346e-12
78,1,zone_1,-80.317,-385.429,0,0,4.11793e-12,-3.74346e-12
78,5,zone_2,-47.6187,-285.429,0,0,4.11793e-12,-3.74346e-12
78,5,zone_2,-47.6187,-285.429,0,0,4.11793e-12,-3.74346e-12
78,2,zone_1,-63.4916,-385.429,0,0,4.11793e-12,-3.74346e-12
78,2,zone_1,-63.4916,-385.429,0,0,4.11793e-12,-3.74346e-12
78,6,zone_3,-49.5237,-85.4288,0,0,4.11793e-12,-3.74346e-12
78,6,zone_3,-49.5237,-85.4288,0,0,4.11793e-12,-3.74346e-12
78,3,zone_2,-81.2695,-285.429,0,0,4.11793e-12,-3.74346e-12
78,3,zone_2,-81.2695,-285.429,0,0,4.11793e-12,-3.74346e-12
78,7,zone_3,-32.6983,-85.4288,0,0,4.11793e-12,-3.74346e-12
78,7,zone_3,-32.6983,-85.4288,0,0,4.11793e-12,-3.74346e-12
80,4,zone_2,-64.4441,-285.429,0,0,4.11793e-12,-3.74346e-12
80,4,zone_2,-64.4441,-285.429,0,0,4.11793e-12,-3.74346e-12
80,8,zone_3,-15.8729,-85.4288,0,0,4.11793e-12,-3.74346e-12
80,8,zone_3,-15.8729,-85.4288,0,0,4.11793e-12,-3.74346e-12
80,0,zone_1,-97.1424,-385.429,0,0,4.11793e-12,-3.74346e-12
80,0,zone_1,-97.1424,-385.429,0,0,4.11793e-12,-3.74346e-12
80,5,zone_2,-47.6187,-285.429,0,0,4.11793e-12,-3.74346e-12
80,5,zone_2,-47.6187,-285.429,0,0,4.11793e-12,-3.74346e-12
80,1,zone_1,-80.317,-385.429,0,0,4.11793e-12,-3.74346e-12
80,1,zone_1,-80.317,-385.429,0,0,4.11793e-12,-3.74346e-12
80,6,zone_3,-49.5237,-85.4288,0,0,4.11793e-12,-3.74346e-12
80,2,zone_1,-63.4916,-385.429,0,0,4.11793e-12,-3.74346e-12
80,6,zone_3,-49.5237,-85.4288,0,0,4.11793e-12,-3.74346e-12
80,2,zone_1,-63.4916,-385.429,0,0,4.11793e-12,-3.74346e-12
80,3,zone_2,-81.2695,-285.429,0,0,4.11793e-12,-3.74346e-12
80,3,zone_2,-81.2695,-285.429,0,0,4.11793e-12,-3.74346e-12
80,7,zone_3,-32.6983,-85.4288,0,0,4.11793e-12,-3.74346e-12
80,7,zone_3,-32.6983,-85.4288,0,0,4.11793e-12,-3.74346e-12
82,4,zone_2,-64.4441,-285.429,0,0,4.11793e-12,-3.74346e-12
82,0,zone_1,-97.1424,-385.429,0,0,4.11793e-12,-3.74346e-12
82,4,zone_2,-64.4441,-285.429,0,0,4.11793e-12,-3.74346e-12
82,0,zone_1,-97.1424,-385.429,0,0,4.11793e-12,-3.74346e-12
82,8,zone_3,-15.8729,-85.4288,0,0,4.11793e-12,-3.74346e-12
82,8,zone_3,-15.8729,-85.4288,0,0,4.11793e-12,-3.74346e-12
82,1,zone_1,-80.317,-385.429,0,0,4.11793e-12,-3.74346e-12
82,1,zone_1,-80.317,-385.429,0,0,4.11793e-12,-3.74346e-12
82,5,zone_2,-47.6187,-285.429,0,0,4.11793e-12,-3.74346e-12
82,5,zone_2,-47.6187,-285.429,0,0,4.11793e-12,-3.74346e-12
82,2,zone_1,-63.4916,-385.429,0,0,4.11793e-12,-3.74346e-12
82,2,zone_1,-63.4916,-385.429,0,0,4.11793e-12,-3.74346e-12
82,3,zone_2,-81.2695,-285.429,0,0,4.11793e-12,-3.74346e-12
82,3,zone_2,-81.2695,-285.429,0,0,4.11793e-12,-3.74346e-12
82,6,zone_3,-49.5237,-85.4288,0,0,4.11793e-12,-3.74346e-12
82,6,zone_3,-49.5237,-85.4288,0,0,4.11793e-12,-3.74346e-12
82,7,zone_3,-32.6983,-85.4288,0,0,4.11793e-12,-3.74346e-12
82,7,zone_3,-32.6983,-85.4288,0,0,4.11793e-12,-3.74346e-12
84,8,zone_3,-15.8729,-85.4288,0,0,4.11793e-12,-3.74346e-12
84,8,zone_3,-15.8729,-85.4288,0,0,4.11793e-12,-3.74346e-12
84,0,zone_1,-97.1424,-385.429,0,0,4.11793e-12,-3.74346e-12
84,4,zone_2,-64.4441,-285.429,0,0,4.11793e-12,-3.74346e-12
84,0,zone_1,-97.1424,-385.429,0,0,4.11793e-12,-3.74346e-12
84,4,zone_2,-64.4441,-285.429,0,0,4.11793e-12,-3.74346e-12
84,5,zone_2,-47.6187,-285.429,0,0,4.11793e-12,-3.74346e-12
84,1,zone_1,-80.317,-385.429,0,0,4.11793e-12,-3.74346e-12
84,5,zone_2,-47.6187,-285.429,0,0,4.11793e-12,-3.74346e-12
84,1,zone_1,-80.317,-385.429,0,0,4.11793e-12,-3.74346e-12
84,2,zone_1,-63.4916,-385.429,0,0,4.11793e-12,-3.74346e-12
84,6,zone_3,-49.5237,-85.4288,0,0,4.11793e-12,-3.74346e-12
84,2,zone_1,-63.4916,-385.429,0,0,4.11793e-12,-3.74346e-12
84,6,zone_3,-49.5237,-85.4288,0,0,4.11793e-12,-3.74346e-12
84,3,zone_2,-81.2695,-285.429,0,0,4.11793e-12,-3.74346e-12
84,3,zone_2,-81.2695,-285.429,0,0,4.11793e-12,-3.74346e-12
84,7,zone_3,-32.6983,-85.4288,0,0,4.11793e-12,-3.74346e-12
84,7,zone_3,-32.6983,-85.4288,0,0,4.11793e-12,-3.74346e-12
86,8,zone_3,-15.8729,-85.4288,0,0,4.11793e-12,-3.74346e-12
86,8,zone_3,-15.8729,-85.4288,0,0,4.11793e-12,-3.74346e-12
86,0,zone_1,-97.1424,-385.429,0,0,4.11793e-12,-3.74346e-12
86,0,zone_1,-97.1424,-385.429,0,0,4.11793e-12,-3.74346e-12
86,4,zone_2,-64.4441,-285.429,0,0,4.11793e-12,-3.74346e-12
86,4,zone_2,-64.4441,-285.429,0,0,4.11793e-12,-3.74346e-12
86,1,zone_1,-80.317,-385.429,0,0,4.11793e-12,-3.74346e-12
86,1,zone_1,-80.317,-385.429,0,0,4.11793e-12,-3.74346e-12
86,5,zone_2,-47.6187,-285.429,0,0,4.11793e-12,-3.74346e-12
86,5,zone_2,-47.6187,-285.429,0,0,4.11793e-12,-3.74346e-12
86,2,zone_1,-63.4916,-385.429,0,0,4.11793e-12,-3.74346e-12
86,2,zone_1,-63.4916,-385.429,0,0,4.11793e-12,-3.74346e-12
86,6,zone_3,-49.5237,-85.4288,0,0,4.11793e-12,-3.74346e-12
86,6,zone_3,-49.5237,-85.4288,0,0,4.11793e-12,-3.74346e-12
86,3,zone_2,-81.2695,-285.429,0,0,4.11793e-12,-3.74346e-12
86,3,zone_2,-81.2695,-285.429,0,0,4.11793e-12,-3.74346e-12
86,7,zone_3,-32.6983,-85.4288,0,0,4.11793e-12,-3.74346e-12
86,7,zone_3,-32.6983,-85.4288,0,0,4.11793e-12,-3.74346e-12
88,4,zone_2,-64.4441,-285.429,0,0,4.11793e-12,-3.74346e-12
88,4,zone_2,-64.4441,-285.429,0,0,4.11793e-12,-3.74346e-12
88,0,zone_1,-97.1424,-385.429,0,0,4.11793e-12,-3.74346e-12
88,0,zone_1,-97.1424,-385.429,0,0,4.11793e-12,-3.74346e-12
88,8,zone_3,-15.8729,-85.4288,0,0,4.11793e-12,-3.74346e-12
88,8,zone_3,-15.8729,-85.4288,0,0,4.11793e-12,-3.74346e-12
88,1,zone_1,-80.317,-385.429,0,0,4.11793e-12,-3.74346e-12
88,1,zone_1,-80.317,-385.429,0,0,4.11793e-12,-3.74346e-12
88,5,zone_2,-47.6187,-285.429,0,0,4.11793e-12,-3.74346e-12
88,5,zone_2,-47.6187,-285.429,0,0,4.11793e-12,-3.74346e-12
88,2,zone_1,-63.4916,-385.429,0,0,4.11793e-12,-3.74346e-12
88,2,zone_1,-63.4916,-385.429,0,0,4.11793e-12,-3.74346e-12
88,6,zone_3,-49.5237,-85.4288,0,0,4.11793e-12,-3.74346e-12
88,6,zone_3,-49.5237,-85.4288,0,0,4.11793e-12,-3.74346e-12
88,3,zone_2,-81.2695,-285.429,0,0,4.11793e-12,-3.74346e-12
88,3,zone_2,-81.2695,-285.429,0,0,4.11793e-12,-3.74346e-12
88,7,zone_3,-32.6983,-85.4288,0,0,4.11793e-12,-3.74346e-12
88,7,zone_3,-32.6983,-85.4288,0,0,4.11793e-12,-3.74346e-12
90,8,zone_3,-15.8729,-85.4288,0,0,4.11793e-12,-3.74346e-12
90,8,zone_3,-15.8729,-85.4288,0,0,4.11793e-12,-3.74346e-12
90,0,zone_1,-97.1424,-385.429,0,0,4.11793e-12,-3.74346e-12
90,0,zone_1,-97.1424,-385.429,0,0,4.11793e-12,-3.74346e-12
90,4,zone_2,-64.4441,-285.429,0,0,4.11793e-12,-3.74346e-12
90,4,zone_2,-64.4441,-285.429,0,0,4.11793e-12,-3.74346e-12
90,5,zone_2,-47.6187,-285.429,0,0,4.11793e-12,-3.74346e-12
90,5,zone_2,-47.6187,-285.429,0,0,4.11793e-12,-3.74346e-12
90,1,zone_1,-80.317,-385.429,0,0,4.11793e-12,-3.74346e-12
90,1,zone_1,-80.317,-385.429,0,0,4.11793e-12,-3.74346e-12
90,2,zone_1,-63.4916,-385.429,0,0,4.11793e-12,-3.74346e-12
90,2,zone_1,-63.4916,-385.429,0,0,4.11793e-12,-3.74346e-12
90,6,zone_3,-49.5237,-85.4288,0,0,4.11793e-12,-3.74346e-12
90,6,zone_3,-49.5237,-85.4288,0,0,4.11793e-12,-3.74346e-12
90,3,zone_2,-81.2695,-285.429,0,0,4.11793e-12,-3.74346e-12
90,3,zone_2,-81.2695,-285.429,0,0,4.11793e-12,-3.74346e-12
90,7,zone_3,-32.6983,-85.4288,0,0,4.11793e-12,-3.74346e-12
90,7,zone_3,-32.6983,-85.4288,0,0,4.11793e-12,-3.74346e-12
92,8,zone_3,-15.8729,-85.4288,0,0,4.11793e-12,-3.74346e-12
92,8,zone_3,-15.8729,-85.4288,0,0,4.11793e-12,-3.74346e-12
92,0,zone_1,-97.1424,-385.429,0,0,4.11793e-12,-3.74346e-12
92,0,zone_1,-97.1424,-385.429,0,0,4.11793e-12,-3.74346e-12
92,4,zone_2,-64.4441,-285.429,0,0,4.11793e-12,-3.74346e-12
92,4,zone_2,-64.4441,-285.429,0,0,4.11793e-12,-3.74346e-12
92,1,zone_1,-80.317,-385.429,0,0,4.11793e-12,-3.74346e-12
92,1,zone_1,-80.317,-385.429,0,0,4.11793e-12,-3.74346e-12
92,5,zone_2,-47.6187,-285.429,0,0,4.11793e-12,-3.74346e-12
92,5,zone_2,-47.6187,-285.429,0,0,4.11793e-12,-3.74346e-12
92,2,zone_1,-63.4916,-385.429,0,0,4.11793e-12,-3.74346e-12
92,2,zone_1,-63.4916,-385.429,0,0,4.11793e-12,-3.74346e-12
92,6,zone_3,-49.5237,-85.4288,0,0,4.11793e-12,-3.74346e-12
92,6,zone_3,-49.5237,-85.4288,0,0,4.11793e-12,-3.74346e-12
92,3,zone_2,-81.2695,-285.429,0,0,4.11793e-12,-3.74346e-12
92,3,zone_2,-81.2695,-285.429,0,0,4.11793e-12,-3.74346e-12
92,7,zone_3,-32.6983,-85.4288,0,0,4.11793e-12,-3.74346e-12
92,7,zone_3,-32.6983,-85.4288,0,0,4.11793e-12,-3.74346e-12
94,8,zone_3,-15.8729,-85.4288,0,0,4.11793e-12,-3.74346e-12
94,8,zone_3,-15.8729,-85.4288,0,0,4.11793e-12,-3.74346e-12
94,0,zone_1,-97.1424,-385.429,0,0,4.11793e-12,-3.74346e-12
94,0,zone_1,-97.1424,-385.429,0,0,4.11793e-12,-3.74346e-12
94,4,zone_2,-64.4441,-285.429,0,0,4.11793e-12,-3.74346e-12
94,4,zone_2,-64.4441,-285.429,0,0,4.11793e-12,-3.74346e-12
94,1,zone_1,-80.317,-385.429,0,0,4.11793e-12,-3.74346e-12
94,5,zone_2,-47.6187,-285.429,0,0,4.11793e-12,-3.74346e-12
94,1,zone_1,-80.317,-385.429,0,0,4.11793e-12,-3.74346e-12
94,5,zone_2,-47.6187,-285.429,0,0,4.11793e-12,-3.74346e-12
94,2,zone_1,-63.4916,-385.429,0,0,4.11793e-12,-3.74346e-12
94,2,zone_1,-63.4916,-385.429,0,0,4.11793e-12,-3.74346e-12
94,6,zone_3,-49.5237,-85.4288,0,0,4.11793e-12,-3.74346e-12
94,6,zone_3,-49.5237,-85.4288,0,0,4.11793e-12,-3.74346e-12
94,3,zone_2,-81.2695,-285.429,0,0,4.11793e-12,-3.74346e-12
94,3,zone_2,-81.2695,-285.429,0,0,4.11793e-12,-3.74346e-12
94,7,zone_3,-32.6983,-85.4288,0,0,4.11793e-12,-3.74346e-12
94,7,zone_3,-32.6983,-85.4288,0,0,4.11793e-12,-3.74346e-12
96,8,zone_3,-15.8729,-85.4288,0,0,4.11793e-12,-3.74346e-12
96,8,zone_3,-15.8729,-85.4288,0,0,4.11793e-12,-3.74346e-12
96,4,zone_2,-64.4441,-285.429,0,0,4.11793e-12,-3.74346e-12
96,4,zone_2,-64.4441,-285.429,0,0,4.11793e-12,-3.74346e-12
96,0,zone_1,-97.1424,-385.429,0,0,4.11793e-12,-3.74346e-12
96,0,zone_1,-97.1424,-385.429,0,0,4.11793e-12,-3.74346e-12
96,1,zone_1,-80.317,-385.429,0,0,4.11793e-12,-3.74346e-12
96,1,zone_1,-80.317,-385.429,0,0,4.11793e-12,-3.74346e-12
96,5,zone_2,-47.6187,-285.429,0,0,4.11793e-12,-3.74346e-12
96,5,zone_2,-47.6187,-285.429,0,0,4.11793e-12,-3.74346e-12
96,2,zone_1,-63.4916,-385.429,0,0,4.11793e-12,-3.74346e-12
96,2,zone_1,-63.4916,-385.429,0,0,4.11793e-12,-3.74346e-12
96,6,zone_3,-49.5237,-85.4288,0,0,4.11793e-12,-3.74346e-12
96,6,zone_3,-49.5237,-85.4288,0,0,4.11793e-12,-3.74346e-12
96,3,zone_2,-81.2695,-285.429,0,0,4.11793e-12,-3.74346e-12
96,3,zone_2,-81.2695,-285.429,0,0,4.11793e-12,-3.74346e-12
96,7,zone_3,-32.6983,-85.4288,0,0,4.11793e-12,-3.74346e-12
96,7,zone_3,-32.6983,-85.4288,0,0,4.11793e-12,-3.74346e-12
98,0,zone_1,-97.1424,-385.429,0,0,4.11793e-12,-3.74346e-12
98,0,zone_1,-97.1424,-385.429,0,0,4.11793e-12,-3.74346e-12
98,8,zone_3,-15.8729,-85.4288,0,0,4.11793e-12,-3.74346e-12
98,4,zone_2,-64.4441,-285.429,0,0,4.11793e-12,-3.74346e-12
98,8,zone_3,-15.8729,-85.4288,0,0,4.11793e-12,-3.74346e-12
98,4,zone_2,-64.4441,-285.429,0,0,4.11793e-12,-3.74346e-12
98,1,zone_1,-80.317,-385.429,0,0,4.11793e-12,-3.74346e-12
98,1,zone_1,-80.317,-385.429,0,0,4.11793e-12,-3.74346e-12
98,5,zone_2,-47.6187,-285.429,0,0,4.11793e-12,-3.74346e-12
98,5,zone_2,-47.6187,-285.429,0,0,4.11793e-12,-3.74346e-12
98,2,zone_1,-63.4916,-385.429,0,0,4.11793e-12,-3.74346e-12
98,2,zone_1,-63.4916,-385.429,0,0,4.11793e-12,-3.74346e-12
98,3,zone_2,-81.2695,-285.429,0,0,4.11793e-12,-3.74346e-12
98,3,zone_2,-81.2695,-285.429,0,0,4.11793e-12,-3.74346e-12
98,6,zone_3,-49.5237,-85.4288,0,0,4.11793e-12,-3.74346e-12
98,6,zone_3,-49.5237,-85.4288,0,0,4.11793e-12,-3.74346e-12
98,7,zone_3,-32.6983,-85.4288,0,0,4.11793e-12,-3.74346e-12
98,7,zone_3,-32.6983,-85.4288,0,0,4.11793e-12,-3.74346e-12
100,8,zone_3,-15.8729,-85.4288,0,0,4.11793e-12,-3.74346e-12
100,8,zone_3,-15.8729,-85.4288,0,0,4.11793e-12,-3.74346e-12
100,0,zone_1,-97.1424,-385.429,0,0,4.11793e-12,-3.74346e-12
100,0,zone_1,-97.1424,-385.429,0,0,4.11793e-12,-3.74346e-12
100,4,zone_2,-64.4441,-285.429,0,0,4.11793e-12,-3.74346e-12
100,4,zone_2,-64.4441,-285.429,0,0,4.11793e-12,-3.74346e-12
100,1,zone_1,-80.317,-385.429,0,0,4.11793e-12,-3.74346e-12
100,1,zone_1,-80.317,-385.429,0,0,4.11793e-12,-3.74346e-12
100,2,zone_1,-63.4916,-385.429,0,0,4.11793e-12,-3.74346e-12
100,2,zone_1,-63.4916,-385.429,0,0,4.11793e-12,-3.74346e-12
100,5,zone_2,-47.6187,-285.429,0,0,4.11793e-12,-3.74346e-12
100,5,zone_2,-47.6187,-285.429,0,0,4.11793e-12,-3.74346e-12
100,3,zone_2,-81.2695,-285.429,0,0,4.11793e-12,-3.74346e-12
100,3,zone_2,-81.2695,-285.429,0,0,4.11793e-12,-3.74346e-12
100,6,zone_3,-49.5237,-85.4288,0,0,4.11793e-12,-3.74346e-12
100,6,zone_3,-49.5237,-85.4288,0,0,4.11793e-12,-3.74346e-12
100,7,zone_3,-32.6983,-85.4288,0,0,4.11793e-12,-3.74346e-12
100,7,zone_3,-32.6983,-85.4288,0,0,4.11793e-12,-3.74346e-12
102,4,zone_2,-64.4441,-285.429,0,0,4.11793e-12,-3.74346e-12
102,4,zone_2,-64.4441,-285.429,0,0,4.11793e-12,-3.74346e-12
102,0,zone_1,-97.1424,-385.429,0,0,4.11793e-12,-3.74346e-12
102,0,zone_1,-97.1424,-385.429,0,0,4.11793e-12,-3.74346e-12
102,8,zone_3,-15.8729,-85.4288,0,0,4.11793e-12,-3.74346e-12
102,8,zone_3,-15.8729,-85.4288,0,0,4.11793e-12,-3.74346e-12
102,5,zone_2,-47.6187,-285.429,0,0,4.11793e-12,-3.74346e-12
102,5,zone_2,-47.6187,-285.429,0,0,4.11793e-12,-3.74346e-12
102,1,zone_1,-80.317,-385.429,0,0,4.11793e-12,-3.74346e-12
102,1,zone_1,-80.317,-385.429,0,0,4.11793e-12,-3.74346e-12
102,6,zone_3,-49.5237,-85.4288,0,0,4.11793e-12,-3.74346e-12
102,6,zone_3,-49.5237,-85.4288,0,0,4.11793e-12,-3.74346e-12
102,2,zone_1,-63.4916,-385.429,0,0,4.11793e-12,-3.74346e-12
102,2,zone_1,-63.4916,-385.429,0,0,4.11793e-12,-3.74346e-12
102,7,zone_3,-32.6983,-85.4288,0,0,4.11793e-12,-3.74346e-12
102,7,zone_3,-32.6983,-85.4288,0,0,4.11793e-12,-3.74346e-12
102,3,zone_2,-81.2695,-285.429,0,0,4.11793e-12,-3.74346e-12
102,3,zone_2,-81.2695,-285.429,0,0,4.11793e-12,-3.74346e-12
104,0,zone_1,-97.1424,-385.429,0,0,4.11793e-12,-3.74346e-12
104,0,zone_1,-97.1424,-385.429,0,0,4.11793e-12,-3.74346e-12
104,4,zone_2,-64.4441,-285.429,0,0,4.11793e-12,-3.74346e-12
104,4,zone_2,-64.4441,-285.429,0,0,4.11793e-12,-3.74346e-12
104,8,zone_3,-15.8729,-85.4288,0,0,4.11793e-12,-3.74346e-12
104,8,zone_3,-15.8729,-85.4288,0,0,4.11793e-12,-3.74346e-12
104,5,zone_2,-47.6187,-285.429,0,0,4.11793e-12,-3.74346e-12
104,1,zone_1,-80.317,-385.429,0,0,4.11793e-12,-3.74346e-12
104,5,zone_2,-47.6187,-285.429,0,0,4.11793e-12,-3.74346e-12
104,1,zone_1,-80.317,-385.429,0,0,4.11793e-12,-3.74346e-12
104,2,zone_1,-63.4916,-385.429,0,0,4.11793e-12,-3.74346e-12
104,2,zone_1,-63.4916,-385.429,0,0,4.11793e-12,-3.74346e-12
104,6,zone_3,-49.5237,-85.4288,0,0,4.11793e-12,-3.74346e-12
104,6,zone_3,-49.5237,-85.4288,0,0,4.11793e-12,-3.74346e-12
104,3,zone_2,-81.2695,-285.429,0,0,4.11793e-12,-3.74346e-12
104,3,zone_2,-81.2695,-285.429,0,0,4.11793e-12,-3.74346e-12
104,7,zone_3,-32.6983,-85.4288,0,0,4.11793e-12,-3.74346e-12
104,7,zone_3,-32.6983,-85.4288,0,0,4.11793e-12,-3.74346e-12
106,0,zone_1,-97.1424,-385.429,0,0,4.11793e-12,-3.74346e-12
106,0,zone_1,-97.1424,-385.429,0,0,4.11793e-12,-3.74346e-12
106,8,zone_3,-15.8729,-85.4288,0,0,4.11793e-12,-3.74346e-12
106,8,zone_3,-15.8729,-85.4288,0,0,4.11793e-12,-3.74346e-12
106,4,zone_2,-64.4441,-285.429,0,0,4.11793e-12,-3.74346e-12
106,4,zone_2,-64.4441,-285.429,0,0,4.11793e-12,-3.74346e-12
106,1,zone_1,-80.317,-385.429,0,0,4.11793e-12,-3.74346e-12
106,1,zone_1,-80.317,-385.429,0,0,4.11793e-12,-3.74346e-12
106,5,zone_2,-47.6187,-285.429,0,0,4.11793e-12,-3.74346e-12
106,5,zone_2,-47.6187,-285.429,0,0,4.11793e-12,-3.74346e-12
106,2,zone_1,-63.4916,-385.429,0,0,4.11793e-12,-3.74346e-12
106,2,zone_1,-63.4916,-385.429,0,0,4.11793e-12,-3.74346e-12
106,6,zone_3,-49.5237,-85.4288,0,0,4.11793e-12,-3.74346e-12
106,6,zone_3,-49.5237,-85.4288,0,0,4.11793e-12,-3.74346e-12
106,3,zone_2,-81.2695,-285.429,0,0,4.11793e-12,-3.74346e-12
106,3,zone_2,-81.2695,-285.429,0,0,4.11793e-12,-3.74346e-12
106,7,zone_3,-32.6983,-85.4288,0,0,4.11793e-12,-3.74346e-12
106,7,zone_3,-32.6983,-85.4288,0,0,4.11793e-12,-3.74346e-12
108,4,zone_2,-64.4441,-285.429,0,0,4.11793e-12,-3.74346e-12
108,4,zone_2,-64.4441,-285.429,0,0,4.11793e-12,-3.74346e-12
108,0,zone_1,-97.1424,-385.429,0,0,4.11793e-12,-3.74346e-12
108,0,zone_1,-97.1424,-385.429,0,0,4.11793e-12,-3.74346e-12
108,8,zone_3,-15.8729,-85.4288,0,0,4.11793e-12,-3.74346e-12
108,8,zone_3,-15.8729,-85.4288,0,0,4.11793e-12,-3.74346e-12
108,1,zone_1,-80.317,-385.429,0,0,4.11793e-12,-3.74346e-12
108,1,zone_1,-80.317,-385.429,0,0,4.11793e-12,-3.74346e-12
108,5,zone_2,-47.6187,-285.429,0,0,4.11793e-12,-3.74346e-12
108,5,zone_2,-47.6187,-285.429,0,0,4.11793e-12,-3.74346e-12
108,2,zone_1,-63.4916,-385.429,0,0,4.11793e-12,-3.74346e-12
108,2,zone_1,-63.4916,-385.429,0,0,4.11793e-12,-3.74346e-12
108,6,zone_3,-49.5237,-85.4288,0,0,4.11793e-12,-3.74346e-12
108,6,zone_3,-49.5237,-85.4288,0,0,4.11793e-12,-3.74346e-12
108,3,zone_2,-81.2695,-285.429,0,0,4.11793e-12,-3.74346e-12
108,3,zone_2,-81.2695,-285.429,0,0,4.11793e-12,-3.74346e-12
108,7,zone_3,-32.6983,-85.4288,0,0,4.11793e-12,-3.74346e-12
108,7,zone_3,-32.6983,-85.4288,0,0,4.11793e-12,-3.74346e-12
110,0,zone_1,-97.1424,-385.429,0,0,4.11793e-12,-3.74346e-12
110,0,zone_1,-97.1424,-385.429,0,0,4.11793e-12,-3.74346e-12
110,8,zone_3,-15.8729,-85.4288,0,0,4.11793e-12,-3.74346e-12
110,8,zone_3,-15.8729,-85.4288,0,0,4.11793e-12,-3.74346e-12
110,4,zone_2,-64.4441,-285.429,0,0,4.11793e-12,-3.74346e-12
110,4,zone_2,-64.4441,-285.429,0,0,4.11793e-12,-3.74346e-12
110,1,zone_1,-80.317,-385.429,0,0,4.11793e-12,-3.74346e-12
110,1,zone_1,-80.317,-385.429,0,0,4.11793e-12,-3.74346e-12
110,5,zone_2,-47.6187,-285.429,0,0,4.11793e-12,-3.74346e-12
110,5,zone_2,-47.6187,-285.429,0,0,4.11793e-12,-3.74346e-12
110,2,zone_1,-63.4916,-385.429,0,0,4.11793e-12,-3.74346e-12
110,2,zone_1,-63.4916,-385.429,0,0,4.11793e-12,-3.74346e-12
110,6,zone_3,-49.5237,-85.4288,0,0,4.11793e-12,-3.74346e-12
110,6,zone_3,-49.5237,-85.4288,0,0,4.11793e-12,-3.74346e-12
110,3,zone_2,-81.2695,-285.429,0,0,4.11793e-12,-3.74346e-12
110,3,zone_2,-81.2695,-285.429,0,0,4.11793e-12,-3.74346e-12
110,7,zone_3,-32.6983,-85.4288,0,0,4.11793e-12,-3.74346e-12
110,7,zone_3,-32.6983,-85.4288,0,0,4.11793e-12,-3.74346e-12
112,0,zone_1,-97.1424,-385.429,0,0,4.11793e-12,-3.74346e-12
112,0,zone_1,-97.1424,-385.429,0,0,4.11793e-12,-3.74346e-12
112,8,zone_3,-15.8729,-85.4288,0,0,4.11793e-12,-3.74346e-12
112,8,zone_3,-15.8729,-85.4288,0,0,4.11793e-12,-3.74346e-12
112,4,zone_2,-64.4441,-285.429,0,0,4.11793e-12,-3.74346e-12
112,4,zone_2,-64.4441,-285.429,0,0,4.11793e-12,-3.74346e-12
112,1,zone_1,-80.317,-385.429,0,0,4.11793e-12,-3.74346e-12
112,1,zone_1,-80.317,-385.429,0,0,4.11793e-12,-3.74346e-12
112,5,zone_2,-47.6187,-285.429,0,0,4.11793e-12,-3.74346e-12
112,5,zone_2,-47.6187,-285.429,0,0,4.11793e-12,-3.74346e-12
112,2,zone_1,-63.4916,-385.429,0,0,4.11793e-12,-3.74346e-12
112,2,zone_1,-63.4916,-385.429,0,0,4.11793e-12,-3.74346e-12
112,6,zone_3,-49.5237,-85.4288,0,0,4.11793e-12,-3.74346e-12
112,6,zone_3,-49.5237,-85.4288,0,0,4.11793e-12,-3.74346e-12
112,3,zone_2,-81.2695,-285.429,0,0,4.11793e-12,-3.74346e-12
112,3,zone_2,-81.2695,-285.429,0,0,4.11793e-12,-3.74346e-12
112,7,zone_3,-32.6983,-85.4288,0,0,4.11793e-12,-3.74346e-12
112,7,zone_3,-32.6983,-85.4288,0,0,4.11793e-12,-3.74346e-12
114,8,zone_3,-15.8729,-85.4288,0,0,4.11793e-12,-3.74346e-12
114,8,zone_3,-15.8729,-85.4288,0,0,4.11793e-12,-3.74346e-12
114,0,zone_1,-97.1424,-385.429,0,0,4.11793e-12,-3.74346e-12
114,0,zone_1,-97.1424,-385.429,0,0,4.11793e-12,-3.74346e-12
114,4,zone_2,-64.4441,-285.429,0,0,4.11793e-12,-3.74346e-12
114,4,zone_2,-64.4441,-285.429,0,0,4.11793e-12,-3.74346e-12
114,1,zone_1,-80.317,-385.429,0,0,4.11793e-12,-3.74346e-12
114,1,zone_1,-80.317,-385.429,0,0,4.11793e-12,-3.74346e-12
114,5,zone_2,-47.6187,-285.429,0,0,4.11793e-12,-3.74346e-12
114,5,zone_2,-47.6187,-285.429,0,0,4.11793e-12,-3.74346e-12
114,2,zone_1,-63.4916,-385.429,0,0,4.11793e-12,-3.74346e-12
114,2,zone_1,-63.4916,-385.429,0,0,4.11793e-12,-3.74346e-12
114,6,zone_3,-49.5237,-85.4288,0,0,4.11793e-12,-3.74346e-12
114,6,zone_3,-49.5237,-85.4288,0,0,4.11793e-12,-3.74346e-12
114,3,zone_2,-81.2695,-285.429,0,0,4.11793e-12,-3.74346e-12
114,3,zone_2,-81.2695,-285.429,0,0,4.11793e-12,-3.74346e-12
114,7,zone_3,-32.6983,-85.4288,0,0,4.11793e-12,-3.74346e-12
114,7,zone_3,-32.6983,-85.4288,0,0,4.11793e-12,-3.74346e-12
116,0,zone_1,-97.1424,-385.429,0,0,4.11793e-12,-3.74346e-12
116,0,zone_1,-97.1424,-385.429,0,0,4.11793e-12,-3.74346e-12
116,4,zone_2,-64.4441,-285.429,0,0,4.11793e-12,-3.74346e-12
116,4,zone_2,-64.4441,-285.429,0,0,4.11793e-12,-3.74346e-12
116,8,zone_3,-15.8729,-85.4288,0,0,4.11793e-12,-3.74346e-12
116,8,zone_3,-15.8729,-85.4288,0,0,4.11793e-12,-3.74346e-12
116,1,zone_1,-80.317,-385.429,0,0,4.11793e-12,-3.74346e-12
116,1,zone_1,-80.317,-385.429,0,0,4.11793e-12,-3.74346e-12
116,5,zone_2,-47.6187,-285.429,0,0,4.11793e-12,-3.74346e-12
116,5,zone_2,-47.6187,-285.429,0,0,4.11793e-12,-3.74346e-12
116,2,zone_1,-63.4916,-385.429,0,0,4.11793e-12,-3.74346e-12
116,2,zone_1,-63.4916,-385.429,0,0,4.11793e-12,-3.74346e-12
116,6,zone_3,-49.5237,-85.4288,0,0,4.11793e-12,-3.74346e-12
116,6,zone_3,-49.5237,-85.4288,0,0,4.11793e-12,-3.74346e-12
116,3,zone_2,-81.2695,-285.429,0,0,4.11793e-12,-3.74346e-12
116,3,zone_2,-81.2695,-285.429,0,0,4.11793e-12,-3.74346e-12
116,7,zone_3,-32.6983,-85.4288,0,0,4.11793e-12,-3.74346e-12
116,7,zone_3,-32.6983,-85.4288,0,0,4.11793e-12,-3.74346e-12
118,8,zone_3,-15.8729,-85.4288,0,0,4.11793e-12,-3.74346e-12
118,0,zone_1,-97.1424,-385.429,0,0,4.11793e-12,-3.74346e-12
118,8,zone_3,-15.8729,-85.4288,0,0,4.11793e-12,-3.74346e-12
118,0,zone_1,-97.1424,-385.429,0,0,4.11793e-12,-3.74346e-12
118,4,zone_2,-64.4441,-285.429,0,0,4.11793e-12,-3.74346e-12
118,4,zone_2,-64.4441,-285.429,0,0,4.11793e-12,-3.74346e-12
118,1,zone_1,-80.317,-385.429,0,0,4.11793e-12,-3.74346e-12
118,1,zone_1,-80.317,-385.429,0,0,4.11793e-12,-3.74346e-12
118,5,zone_2,-47.6187,-285.429,0,0,4.11793e-12,-3.74346e-12
118,5,zone_2,-47.6187,-285.429,0,0,4.11793e-12,-3.74346e-12
118,2,zone_1,-63.4916,-385.429,0,0,4.11793e-12,-3.74346e-12
118,2,zone_1,-63.4916,-385.429,0,0,4.11793e-12,-3.74346e-12
118,6,zone_3,-49.5237,-85.4288,0,0,4.11793e-12,-3.74346e-12
118,6,zone_3,-49.5237,-85.4288,0,0,4.11793e-12,-3.74346e-12
118,3,zone_2,-81.2695,-285.429,0,0,4.11793e-12,-3.74346e-12
118,3,zone_2,-81.2695,-285.429,0,0,4.11793e-12,-3.74346e-12
118,7,zone_3,-32.6983,-85.4288,0,0,4.11793e-12,-3.74346e-12
118,7,zone_3,-32.6983,-85.4288,0,0,4.11793e-12,-3.74346e-12
120,4,zone_2,-64.4441,-285.429,0,0,4.11793e-12,-3.74346e-12
120,4,zone_2,-64.4441,-285.429,0,0,4.11793e-12,-3.74346e-12
120,0,zone_1,-97.1424,-385.429,0,0,4.11793e-12,-3.74346e-12
120,0,zone_1,-97.1424,-385.429,0,0,4.11793e-12,-3.74346e-12
120,8,zone_3,-15.8729,-85.4288,0,0,4.11793e-12,-3.74346e-12
120,8,zone_3,-15.8729,-85.4288,0,0,4.11793e-12,-3.74346e-12
120,5,zone_2,-47.6187,-285.429,0,0,4.11793e-12,-3.74346e-12
120,5,zone_2,-47.6187,-285.429,0,0,4.11793e-12,-3.74346e-12
120,1,zone_1,-80.317,-385.429,0,0,4.11793e-12,-3.74346e-12
120,1,zone_1,-80.317,-385.429,0,0,4.11793e-12,-3.74346e-12
120,2,zone_1,-63.4916,-385.429,0,0,4.11793e-12,-3.74346e-12
120,2,zone_1,-63.4916,-385.429,0,0,4.11793e-12,-3.74346e-12
120,6,zone_3,-49.5237,-85.4288,0,0,4.11793e-12,-3.74346e-12
120,6,zone_3,-49.5237,-85.4288,0,0,4.11793e-12,-3.74346e-12
120,3,zone_2,-81.2695,-285.429,0,0,4.11793e-12,-3.74346e-12
120,3,zone_2,-81.2695,-285.429,0,0,4.11793e-12,-3.74346e-12
120,7,zone_3,-32.6983,-85.4288,0,0,4.11793e-12,-3.74346e-12
120,7,zone_3,-32.6983,-85.4288,0,0,4.11793e-12,-3.74346e-12
122,0,zone_1,-97.1424,-385.429,0,0,4.11793e-12,-3.74346e-12
122,0,zone_1,-97.1424,-385.429,0,0,4.11793e-12,-3.74346e-12
122,8,zone_3,-15.8729,-85.4288,0,0,4.11793e-12,-3.74346e-12
122,8,zone_3,-15.8729,-85.4288,0,0,4.11793e-12,-3.74346e-12
122,4,zone_2,-64.4441,-285.429,0,0,4.11793e-12,-3.74346e-12
122,4,zone_2,-64.4441,-285.429,0,0,4.11793e-12,-3.74346e-12
122,1,zone_1,-80.317,-385.429,0,0,4.11793e-12,-3.74346e-12
122,1,zone_1,-80.317,-385.429,0,0,4.11793e-12,-3.74346e-12
122,5,zone_2,-47.6187,-285.429,0,0,4.11793e-12,-3.74346e-12
122,5,zone_2,-47.6187,-285.429,0,0,4.11793e-12,-3.74346e-12
122,2,zone_1,-63.4916,-385.429,0,0,4.11793e-12,-3.74346e-12
122,2,zone_1,-63.4916,-385.429,0,0,4.11793e-12,-3.74346e-12
122,3,zone_2,-81.2695,-285.429,0,0,4.11793e-12,-3.74346e-12
122,3,zone_2,-81.2695,-285.429,0,0,4.11793e-12,-3.74346e-12
122,6,zone_3,-49.5237,-85.4288,0,0,4.11793e-12,-3.74346e-12
122,6,zone_3,-49.5237,-85.4288,0,0,4.11793e-12,-3.74346e-12
122,7,zone_3,-32.6983,-85.4288,0,0,4.11793e-12,-3.74346e-12
122,7,zone_3,-32.6983,-85.4288,0,0,4.11793e-12,-3.74346e-12
124,0,zone_1,-97.1424,-385.429,0,0,4.11793e-12,-3.74346e-12
124,0,zone_1,-97.1424,-385.429,0,0,4.11793e-12,-3.74346e-12
124,8,zone_3,-15.8729,-85.4288,0,0,4.11793e-12,-3.74346e-12
124,8,zone_3,-15.8729,-85.4288,0,0,4.11793e-12,-3.74346e-12
124,4,zone_2,-64.4441,-285.429,0,0,4.11793e-12,-3.74346e-12
124,4,zone_2,-64.4441,-285.429,0,0,4.11793e-12,-3.74346e-12
124,1,zone_1,-80.317,-385.429,0,0,4.11793e-12,-3.74346e-12
124,1,zone_1,-80.317,-385.429,0,0,4.11793e-12,-3.74346e-12
124,5,zone_2,-47.6187,-285.429,0,0,4.11793e-12,-3.74346e-12
124,5,zone_2,-47.6187,-285.429,0,0,4.11793e-12,-3.74346e-12
124,2,zone_1,-63.4916,-385.429,0,0,4.11793e-12,-3.74346e-12
124,2,zone_1,-63.4916,-385.429,0,0,4.11793e-12,-3.74346e-12
124,6,zone_3,-49.5237,-85.4288,0,0,4.11793e-12,-3.74346e-12
124,6,zone_3,-49.5237,-85.4288,0,0,4.11793e-12,-3.74346e-12
124,3,zone_2,-81.2695,-285.429,0,0,4.11793e-12,-3.74346e-12
124,3,zone_2,-81.2695,-285.429,0,0,4.11793e-12,-3.74346e-12
124,7,zone_3,-32.6983,-85.4288,0,0,4.11793e-12,-3.74346e-12
124,7,zone_3,-32.6983,-85.4288,0,0,4.11793e-12,-3.74346e-12
126,0,zone_1,-97.1424,-385.429,0,0,4.11793e-12,-3.74346e-12
126,0,zone_1,-97.1424,-385.429,0,0,4.11793e-12,-3.74346e-12
126,8,zone_3,-15.8729,-85.4288,0,0,4.11793e-12,-3.74346e-12
126,8,zone_3,-15.8729,-85.4288,0,0,4.11793e-12,-3.74346e-12
126,4,zone_2,-64.4441,-285.429,0,0,4.11793e-12,-3.74346e-12
126,4,zone_2,-64.4441,-285.429,0,0,4.11793e-12,-3.74346e-12
126,1,zone_1,-80.317,-385.429,0,0,4.11793e-12,-3.74346e-12
126,1,zone_1,-80.317,-385.429,0,0,4.11793e-12,-3.74346e-12
126,5,zone_2,-47.6187,-285.429,0,0,4.11793e-12,-3.74346e-12
126,5,zone_2,-47.6187,-285.429,0,0,4.11793e-12,-3.74346e-12
126,2,zone_1,-63.4916,-385.429,0,0,4.11793e-12,-3.74346e-12
126,2,zone_1,-63.4916,-385.429,0,0,4.11793e-12,-3.74346e-12
126,6,zone_3,-49.5237,-85.4288,0,0,4.11793e-12,-3.74346e-12
126,6,zone_3,-49.5237,-85.4288,0,0,4.11793e-12,-3.74346e-12
126,3,zone_2,-81.2695,-285.429,0,0,4.11793e-12,-3.74346e-12
126,3,zone_2,-81.2695,-285.429,0,0,4.11793e-12,-3.74346e-12
126,7,zone_3,-32.6983,-85.4288,0,0,4.11793e-12,-3.74346e-12
126,7,zone_3,-32.6983,-85.4288,0,0,4.11793e-12,-3.74346e-12
128,0,zone_1,-97.1424,-385.429,0,0,4.11793e-12,-3.74346e-12
128,0,zone_1,-97.1424,-385.429,0,0,4.11793e-12,-3.74346e-12
128,8,zone_3,-15.8729,-85.4288,0,0,4.11793e-12,-3.74346e-12
128,8,zone_3,-15.8729,-85.4288,0,0,4.11793e-12,-3.74346e-12
128,4,zone_2,-64.4441,-285.429,0,0,4.11793e-12,-3.74346e-12
128,4,zone_2,-64.4441,-285.429,0,0,4.11793e-12,-3.74346e-12
128,1,zone_1,-80.317,-385.429,0,0,4.11793e-12,-3.74346e-12
128,1,zone_1,-80.317,-385.429,0,0,4.11793e-12,-3.74346e-12
128,5,zone_2,-47.6187,-285.429,0,0,4.11793e-12,-3.74346e-12
128,5,zone_2,-47.6187,-285.429,0,0,4.11793e-12,-3.74346e-12
128,2,zone_1,-63.4916,-385.429,0,0,4.11793e-12,-3.74346e-12
128,2,zone_1,-63.4916,-385.429,0,0,4.11793e-12,-3.74346e-12
128,6,zone_3,-49.5237,-85.4288,0,0,4.11793e-12,-3.74346e-12
128,6,zone_3,-49.5237,-85.4288,0,0,4.11793e-12,-3.74346e-12
128,3,zone_2,-81.2695,-285.429,0,0,4.11793e-12,-3.74346e-12
128,3,zone_2,-81.2695,-285.429,0,0,4.11793e-12,-3.74346e-12
128,7,zone_3,-32.6983,-85.4288,0,0,4.11793e-12,-3.74346e-12
128,7,zone_3,-32.6983,-85.4288,0,0,4.11793e-12,-3.74346e-12
130,0,zone_1,-97.1424,-385.429,0,0,4.11793e-12,-3.74346e-12
130,0,zone_1,-97.1424,-385.429,0,0,4.11793e-12,-3.74346e-12
130,4,zone_2,-64.4441,-285.429,0,0,4.11793e-12,-3.74346e-12
130,8,zone_3,-15.8729,-85.4288,0,0,4.11793e-12,-3.74346e-12
130,4,zone_2,-64.4441,-285.429,0,0,4.11793e-12,-3.74346e-12
130,8,zone_3,-15.8729,-85.4288,0,0,4.11793e-12,-3.74346e-12
130,1,zone_1,-80.317,-385.429,0,0,4.11793e-12,-3.74346e-12
130,1,zone_1,-80.317,-385.429,0,0,4.11793e-12,-3.74346e-12
130,5,zone_2,-47.6187,-285.429,0,0,4.11793e-12,-3.74346e-12
130,5,zone_2,-47.6187,-285.429,0,0,4.11793e-12,-3.74346e-12
130,2,zone_1,-63.4916,-385.429,0,0,4.11793e-12,-3.74346e-12
130,2,zone_1,-63.4916,-385.429,0,0,4.11793e-12,-3.74346e-12
130,3,zone_2,-81.2695,-285.429,0,0,4.11793e-12,-3.74346e-12
130,3,zone_2,-81.2695,-285.429,0,0,4.11793e-12,-3.74346e-12
130,6,zone_3,-49.5237,-85.4288,0,0,4.11793e-12,-3.74346e-12
130,6,zone_3,-49.5237,-85.4288,0,0,4.11793e-12,-3.74346e-12
130,7,zone_3,-32.6983,-85.4288,0,0,4.11793e-12,-3.74346e-12
130,7,zone_3,-32.6983,-85.4288,0,0,4.11793e-12,-3.74346e-12
132,4,zone_2,-64.4441,-285.429,0,0,4.11793e-12,-3.74346e-12
132,4,zone_2,-64.4441,-285.429,0,0,4.11793e-12,-3.74346e-12
132,8,zone_3,-15.8729,-85.4288,0,0,4.11793e-12,-3.74346e-12
132,8,zone_3,-15.8729,-85.4288,0,0,4.11793e-12,-3.74346e-12
132,0,zone_1,-97.1424,-385.429,0,0,4.11793e-12,-3.74346e-12
132,0,zone_1,-97.1424,-385.429,0,0,4.11793e-12,-3.74346e-12
132,5,zone_2,-47.6187,-285.429,0,0,4.11793e-12,-3.74346e-12
132,5,zone_2,-47.6187,-285.429,0,0,4.11793e-12,-3.74346e-12
132,1,zone_1,-80.317,-385.429,0,0,4.11793e-12,-3.74346e-12
132,1,zone_1,-80.317,-385.429,0,0,4.11793e-12,-3.74346e-12
132,6,zone_3,-49.5237,-85.4288,0,0,4.11793e-12,-3.74346e-12
132,6,zone_3,-49.5237,-85.4288,0,0,4.11793e-12,-3.74346e-12
132,2,zone_1,-63.4916,-385.429,0,0,4.11793e-12,-3.74346e-12
132,2,zone_1,-63.4916,-385.429,0,0,4.11793e-12,-3.74346e-12
132,7,zone_3,-32.6983,-85.4288,0,0,4.11793e-12,-3.74346e-12
132,7,zone_3,-32.6983,-85.4288,0,0,4.11793e-12,-3.74346e-12
132,3,zone_2,-81.2695,-285.429,0,0,4.11793e-12,-3.74346e-12
132,3,zone_2,-81.2695,-285.429,0,0,4.11793e-12,-3.74346e-12
134,8,zone_3,-15.8729,-85.4288,0,0,4.11793e-12,-3.74346e-12
134,4,zone_2,-64.4441,-285.429,0,0,4.11793e-12,-3.74346e-12
134,8,zone_3,-15.8729,-85.4288,0,0,4.11793e-12,-3.74346e-12
134,4,zone_2,-64.4441,-285.429,0,0,4.11793e-12,-3.74346e-12
134,0,zone_1,-97.1424,-385.429,0,0,4.11793e-12,-3.74346e-12
134,0,zone_1,-97.1424,-385.429,0,0,4.11793e-12,-3.74346e-12
134,5,zone_2,-47.6187,-285.429,0,0,4.11793e-12,-3.74346e-12
134,5,zone_2,-47.6187,-285.429,0,0,4.11793e-12,-3.74346e-12
134,1,zone_1,-80.317,-385.429,0,0,4.11793e-12,-3.74346e-12
134,1,zone_1,-80.317,-385.429,0,0,4.11793e-12,-3.74346e-12
134,2,zone_1,-63.4916,-385.429,0,0,4.11793e-12,-3.74346e-12
134,2,zone_1,-63.4916,-385.429,0,0,4.11793e-12,-3.74346e-12
134,6,zone_3,-49.5237,-85.4288,0,0,4.11793e-12,-3.74346e-12
134,6,zone_3,-49.5237,-85.4288,0,0,4.11793e-12,-3.74346e-12
134,3,zone_2,-81.2695,-285.429,0,0,4.11793e-12,-3.74346e-12
134,3,zone_2,-81.2695,-285.429,0,0,4.11793e-12,-3.74346e-12
134,7,zone_3,-32.6983,-85.4288,0,0,4.11793e-12,-3.74346e-12
134,7,zone_3,-32.6983,-85.4288,0,0,4.11793e-12,-3.74346e-12
136,8,zone_3,-15.8729,-85.4288,0,0,4.11793e-12,-3.74346e-12
136,8,zone_3,-15.8729,-85.4288,0,0,4.11793e-12,-3.74346e-12
136,0,zone_1,-97.1424,-385.429,0,0,4.11793e-12,-3.74346e-12
136,0,zone_1,-97.1424,-385.429,0,0,4.11793e-12,-3.74346e-12
136,4,zone_2,-64.4441,-285.429,0,0,4.11793e-12,-3.74346e-12
136,4,zone_2,-64.4441,-285.429,0,0,4.11793e-12,-3.74346e-12
136,5,zone_2,-47.6187,-285.429,0,0,4.11793e-12,-3.74346e-12
136,1,zone_1,-80.317,-385.429,0,0,4.11793e-12,-3.74346e-12
136,5,zone_2,-47.6187,-285.429,0,0,4.11793e-12,-3.74346e-12
136,1,zone_1,-80.317,-385.429,0,0,4.11793e-12,-3.74346e-12
136,2,zone_1,-63.4916,-385.429,0,0,4.11793e-12,-3.74346e-12
136,2,zone_1,-63.4916,-385.429,0,0,4.11793e-12,-3.74346e-12
136,6,zone_3,-49.5237,-85.4288,0,0,4.11793e-12,-3.74346e-12
136,6,zone_3,-49.5237,-85.4288,0,0,4.11793e-12,-3.74346e-12
136,3,zone_2,-81.2695,-285.429,0,0,4.11793e-12,-3.74346e-12
136,3,zone_2,-81.2695,-285.429,0,0,4.11793e-12,-3.74346e-12
136,7,zone_3,-32.6983,-85.4288,0,0,4.11793e-12,-3.74346e-12
136,7,zone_3,-32.6983,-85.4288,0,0,4.11793e-12,-3.74346e-12
138,0,zone_1,-97.1424,-385.429,0,0,4.11793e-12,-3.74346e-12
138,0,zone_1,-97.1424,-385.429,0,0,4.11793e-12,-3.74346e-12
138,8,zone_3,-15.8729,-85.4288,0,0,4.11793e-12,-3.74346e-12
138,8,zone_3,-15.8729,-85.4288,0,0,4.11793e-12,-3.74346e-12
138,4,zone_2,-64.4441,-285.429,0,0,4.11793e-12,-3.74346e-12
138,4,zone_2,-64.4441,-285.429,0,0,4.11793e-12,-3.74346e-12
138,1,zone_1,-80.317,-385.429,0,0,4.11793e-12,-3.74346e-12
138,1,zone_1,-80.317,-385.429,0,0,4.11793e-12,-3.74346e-12
138,5,zone_2,-47.6187,-285.429,0,0,4.11793e-12,-3.74346e-12
138,5,zone_2,-47.6187,-285.429,0,0,4.11793e-12,-3.74346e-12
138,2,zone_1,-63.4916,-385.429,0,0,4.11793e-12,-3.74346e-12
138,2,zone_1,-63.4916,-385.429,0,0,4.11793e-12,-3.74346e-12
138,6,zone_3,-49.5237,-85.4288,0,0,4.11793e-12,-3.74346e-12
138,6,zone_3,-49.5237,-85.4288,0,0,4.11793e-12,-3.74346e-12
138,3,zone_2,-81.2695,-285.429,0,0,4.11793e-12,-3.74346e-12
138,3,zone_2,-81.2695,-285.429,0,0,4.11793e-12,-3.74346e-12
138,7,zone_3,-32.6983,-85.4288,0,0,4.11793e-12,-3.74346e-12
138,7,zone_3,-32.6983,-85.4288,0,0,4.11793e-12,-3.74346e-12
140,0,zone_1,-97.1424,-385.429,0,0,4.11793e-12,-3.74346e-12
140,0,zone_1,-97.1424,-385.429,0,0,4.11793e-12,-3.74346e-12
140,4,zone_2,-64.4441,-285.429,0,0,4.11793e-12,-3.74346e-12
140,4,zone_2,-64.4441,-285.429,0,0,4.11793e-12,-3.74346e-12
140,8,zone_3,-15.8729,-85.4288,0,0,4.11793e-12,-3.74346e-12
140,8,zone_3,-15.8729,-85.4288,0,0,4.11793e-12,-3.74346e-12
140,5,zone_2,-47.6187,-285.429,0,0,4.11793e-12,-3.74346e-12
140,5,zone_2,-47.6187,-285.429,0,0,4.11793e-12,-3.74346e-12
140,1,zone_1,-80.317,-385.429,0,0,4.11793e-12,-3.74346e-12
140,1,zone_1,-80.317,-385.429,0,0,4.11793e-12,-3.74346e-12
140,2,zone_1,-63.4916,-385.429,0,0,4.11793e-12,-3.74346e-12
140,2,zone_1,-63.4916,-385.429,0,0,4.11793e-12,-3.74346e-12
140,6,zone_3,-49.5237,-85.4288,0,0,4.11793e-12,-3.74346e-12
140,6,zone_3,-49.5237,-85.4288,0,0,4.11793e-12,-3.74346e-12
140,3,zone_2,-81.2695,-285.429,0,0,4.11793e-12,-3.74346e-12
140,3,zone_2,-81.2695,-285.429,0,0,4.11793e-12,-3.74346e-12
140,7,zone_3,-32.6983,-85.4288,0,0,4.11793e-12,-3.74346e-12
140,7,zone_3,-32.6983,-85.4288,0,0,4.11793e-12,-3.74346e-12
142,4,zone_2,-64.4441,-285.429,0,0,4.11793e-12,-3.74346e-12
142,4,zone_2,-64.4441,-285.429,0,0,4.11793e-12,-3.74346e-12
142,0,zone_1,-97.1424,-385.429,0,0,4.11793e-12,-3.74346e-12
142,0,zone_1,-97.1424,-385.429,0,0,4.11793e-12,-3.74346e-12
142,8,zone_3,-15.8729,-85.4288,0,0,4.11793e-12,-3.74346e-12
142,8,zone_3,-15.8729,-85.4288,0,0,4.11793e-12,-3.74346e-12
142,5,zone_2,-47.6187,-285.429,0,0,4.11793e-12,-3.74346e-12
142,5,zone_2,-47.6187,-285.429,0,0,4.11793e-12,-3.74346e-12
142,1,zone_1,-80.317,-385.429,0,0,4.11793e-12,-3.74346e-12
142,1,zone_1,-80.317,-385.429,0,0,4.11793e-12,-3.74346e-12
142,6,zone_3,-49.5237,-85.4288,0,0,4.11793e-12,-3.74346e-12
142,6,zone_3,-49.5237,-85.4288,0,0,4.11793e-12,-3.74346e-12
142,2,zone_1,-63.4916,-385.429,0,0,4.11793e-12,-3.74346e-12
142,2,zone_1,-63.4916,-385.429,0,0,4.11793e-12,-3.74346e-12
142,7,zone_3,-32.6983,-85.4288,0,0,4.11793e-12,-3.74346e-12
142,7,zone_3,-32.6983,-85.4288,0,0,4.11793e-12,-3.74346e-12
142,3,zone_2,-81.2695,-285.429,0,0,4.11793e-12,-3.74346e-12
142,3,zone_2,-81.2695,-285.429,0,0,4.11793e-12,-3.74346e-12
144,0,zone_1,-97.1424,-385.429,0,0,4.11793e-12,-3.74346e-12
144,0,zone_1,-97.1424,-385.429,0,0,4.11793e-12,-3.74346e-12
144,4,zone_2,-64.4441,-285.429,0,0,4.11793e-12,-3.74346e-12
144,8,zone_3,-15.8729,-85.4288,0,0,4.11793e-12,-3.74346e-12
144,8,zone_3,-15.8729,-85.4288,0,0,4.11793e-12,-3.74346e-12
144,4,zone_2,-64.4441,-285.429,0,0,4.11793e-12,-3.74346e-12
144,1,zone_1,-80.317,-385.429,0,0,4.11793e-12,-3.74346e-12
144,1,zone_1,-80.317,-385.429,0,0,4.11793e-12,-3.74346e-12
144,2,zone_1,-63.4916,-385.429,0,0,4.11793e-12,-3.74346e-12
144,2,zone_1,-63.4916,-385.429,0,0,4.11793e-12,-3.74346e-12
144,5,zone_2,-47.6187,-285.429,0,0,4.11793e-12,-3.74346e-12
144,5,zone_2,-47.6187,-285.429,0,0,4.11793e-12,-3.74346e-12
144,3,zone_2,-81.2695,-285.429,0,0,4.11793e-12,-3.74346e-12
144,3,zone_2,-81.2695,-285.429,0,0,4.11793e-12,-3.74346e-12
144,6,zone_3,-49.5237,-85.4288,0,0,4.11793e-12,-3.74346e-12
144,6,zone_3,-49.5237,-85.4288,0,0,4.11793e-12,-3.74346e-12
144,7,zone_3,-32.6983,-85.4288,0,0,4.11793e-12,-3.74346e-12
144,7,zone_3,-32.6983,-85.4288,0,0,4.11793e-12,-3.74346e-12
146,0,zone_1,-97.1424,-385.429,0,0,4.11793e-12,-3.74346e-12
146,0,zone_1,-97.1424,-385.429,0,0,4.11793e-12,-3.74346e-12
146,4,zone_2,-64.4441,-285.429,0,0,4.11793e-12,-3.74346e-12
146,4,zone_2,-64.4441,-285.429,0,0,4.11793e-12,-3.74346e-12
146,8,zone_3,-15.8729,-85.4288,0,0,4.11793e-12,-3.74346e-12
146,8,zone_3,-15.8729,-85.4288,0,0,4.11793e-12,-3.74346e-12
146,1,zone_1,-80.317,-385.429,0,0,4.11793e-12,-3.74346e-12
146,1,zone_1,-80.317,-385.429,0,0,4.11793e-12,-3.74346e-12
146,5,zone_2,-47.6187,-285.429,0,0,4.11793e-12,-3.74346e-12
146,5,zone_2,-47.6187,-285.429,0,0,4.11793e-12,-3.74346e-12
146,2,zone_1,-63.4916,-385.429,0,0,4.11793e-12,-3.74346e-12
146,2,zone_1,-63.4916,-385.429,0,0,4.11793e-12,-3.74346e-12
146,6,zone_3,-49.5237,-85.4288,0,0,4.11793e-12,-3.74346e-12
146,6,zone_3,-49.5237,-85.4288,0,0,4.11793e-12,-3.74346e-12
146,3,zone_2,-81.2695,-285.429,0,0,4.11793e-12,-3.74346e-12
146,3,zone_2,-81.2695,-285.429,0,0,4.11793e-12,-3.74346e-12
146,7,zone_3,-32.6983,-85.4288,0,0,4.11793e-12,-3.74346e-12
146,7,zone_3,-32.6983,-85.4288,0,0,4.11793e-12,-3.74346e-12
148,0,zone_1,-97.1424,-385.429,0,0,4.11793e-12,-3.74346e-12
148,0,zone_1,-97.1424,-385.429,0,0,4.11793e-12,-3.74346e-12
148,4,zone_2,-64.4441,-285.429,0,0,4.11793e-12,-3.74346e-12
148,4,zone_2,-64.4441,-285.429,0,0,4.11793e-12,-3.74346e-12
148,8,zone_3,-15.8729,-85.4288,0,0,4.11793e-12,-3.74346e-12
148,8,zone_3,-15.8729,-85.4288,0,0,4.11793e-12,-3.74346e-12
148,1,zone_1,-80.317,-385.429,0,0,4.11793e-12,-3.74346e-12
148,1,zone_1,-80.317,-385.429,0,0,4.11793e-12,-3.74346e-12
148,5,zone_2,-47.6187,-285.429,0,0,4.11793e-12,-3.74346e-12
148,5,zone_2,-47.6187,-285.429,0,0,4.11793e-12,-3.74346e-12
148,2,zone_1,-63.4916,-385.429,0,0,4.11793e-12,-3.74346e-12
148,2,zone_1,-63.4916,-385.429,0,0,4.11793e-12,-3.74346e-12
148,6,zone_3,-49.5237,-85.4288,0,0,4.11793e-12,-3.74346e-12
148,6,zone_3,-49.5237,-85.4288,0,0,4.11793e-12,-3.74346e-12
148,3,zone_2,-81.2695,-285.429,0,0,4.11793e-12,-3.74346e-12
148,3,zone_2,-81.2695,-285.429,0,0,4.11793e-12,-3.74346e-12
148,7,zone_3,-32.6983,-85.4288,0,0,4.11793e-12,-3.74346e-12
148,7,zone_3,-32.6983,-85.4288,0,0,4.11793e-12,-3.74346e-12
150,0,zone_1,-97.1424,-385.429,0,0,4.11793e-12,-3.74346e-12
150,0,zone_1,-97.1424,-385.429,0,0,4.11793e-12,-3.74346e-12
150,4,zone_2,-64.4441,-285.429,0,0,4.11793e-12,-3.74346e-12
150,4,zone_2,-64.4441,-285.429,0,0,4.11793e-12,-3.74346e-12
150,8,zone_3,-15.8729,-85.4288,0,0,4.11793e-12,-3.74346e-12
150,8,zone_3,-15.8729,-85.4288,0,0,4.11793e-12,-3.74346e-12
150,1,zone_1,-80.317,-385.429,0,0,4.11793e-12,-3.74346e-12
150,1,zone_1,-80.317,-385.429,0,0,4.11793e-12,-3.74346e-12
150,5,zone_2,-47.6187,-285.429,0,0,4.11793e-12,-3.74346e-12
150,5,zone_2,-47.6187,-285.429,0,0,4.11793e-12,-3.74346e-12
150,2,zone_1,-63.4916,-385.429,0,0,4.11793e-12,-3.74346e-12
150,6,zone_3,-49.5237,-85.4288,0,0,4.11793e-12,-3.74346e-12
150,2,zone_1,-63.4916,-385.429,0,0,4.11793e-12,-3.74346e-12
150,6,zone_3,-49.5237,-85.4288,0,0,4.11793e-12,-3.74346e-12
150,3,zone_2,-81.2695,-285.429,0,0,4.11793e-12,-3.74346e-12
150,3,zone_2,-81.2695,-285.429,0,0,4.11793e-12,-3.74346e-12
150,7,zone_3,-32.6983,-85.4288,0,0,4.11793e-12,-3.74346e-12
150,7,zone_3,-32.6983,-85.4288,0,0,4.11793e-12,-3.74346e-12
152,0,zone_1,-97.1424,-385.429,0,0,4.11793e-12,-3.74346e-12
152,0,zone_1,-97.1424,-385.429,0,0,4.11793e-12,-3.74346e-12
152,8,zone_3,-15.8729,-85.4288,0,0,4.11793e-12,-3.74346e-12
152,8,zone_3,-15.8729,-85.4288,0,0,4.11793e-12,-3.74346e-12
152,4,zone_2,-64.4441,-285.429,0,0,4.11793e-12,-3.74346e-12
152,4,zone_2,-64.4441,-285.429,0,0,4.11793e-12,-3.74346e-12
152,1,zone_1,-80.317,-385.429,0,0,4.11793e-12,-3.74346e-12
152,1,zone_1,-80.317,-385.429,0,0,4.11793e-12,-3.74346e-12
152,5,zone_2,-47.6187,-285.429,0,0,4.11793e-12,-3.74346e-12
152,5,zone_2,-47.6187,-285.429,0,0,4.11793e-12,-3.74346e-12
152,2,zone_1,-63.4916,-385.429,0,0,4.11793e-12,-3.74346e-12
152,2,zone_1,-63.4916,-385.429,0,0,4.11793e-12,-3.74346e-12
152,6,zone_3,-49.5237,-85.4288,0,0,4.11793e-12,-3.74346e-12
152,3,zone_2,-81.2695,-285.429,0,0,4.11793e-12,-3.74346e-12
152,3,zone_2,-81.2695,-285.429,0,0,4.11793e-12,-3.74346e-12
152,6,zone_3,-49.5237,-85.4288,0,0,4.11793e-12,-3.74346e-12
152,7,zone_3,-32.6983,-85.4288,0,0,4.11793e-12,-3.74346e-12
152,7,zone_3,-32.6983,-85.4288,0,0,4.11793e-12,-3.74346e-12
154,4,zone_2,-64.4441,-285.429,0,0,4.11793e-12,-3.74346e-12
154,4,zone_2,-64.4441,-285.429,0,0,4.11793e-12,-3.74346e-12
154,0,zone_1,-97.1424,-385.429,0,0,4.11793e-12,-3.74346e-12
154,0,zone_1,-97.1424,-385.429,0,0,4.11793e-12,-3.74346e-12
154,8,zone_3,-15.8729,-85.4288,0,0,4.11793e-12,-3.74346e-12
154,8,zone_3,-15.8729,-85.4288,0,0,4.11793e-12,-3.74346e-12
154,5,zone_2,-47.6187,-285.429,0,0,4.11793e-12,-3.74346e-12
154,5,zone_2,-47.6187,-285.429,0,0,4.11793e-12,-3.74346e-12
154,1,zone_1,-80.317,-385.429,0,0,4.11793e-12,-3.74346e-12
154,1,zone_1,-80.317,-385.429,0,0,4.11793e-12,-3.74346e-12
154,6,zone_3,-49.5237,-85.4288,0,0,4.11793e-12,-3.74346e-12
154,6,zone_3,-49.5237,-85.4288,0,0,4.11793e-12,-3.74346e-12
154,2,zone_1,-63.4916,-385.429,0,0,4.11793e-12,-3.74346e-12
154,2,zone_1,-63.4916,-385.429,0,0,4.11793e-12,-3.74346e-12
154,7,zone_3,-32.6983,-85.4288,0,0,4.11793e-12,-3.74346e-12
154,7,zone_3,-32.6983,-85.4288,0,0,4.11793e-12,-3.74346e-12
154,3,zone_2,-81.2695,-285.429,0,0,4.11793e-12,-3.74346e-12
154,3,zone_2,-81.2695,-285.429,0,0,4.11793e-12,-3.74346e-12
156,4,zone_2,-64.4441,-285.429,0,0,4.11793e-12,-3.74346e-12
156,4,zone_2,-64.4441,-285.429,0,0,4.11793e-12,-3.74346e-12
156,0,zone_1,-97.1424,-385.429,0,0,4.11793e-12,-3.74346e-12
156,0,zone_1,-97.1424,-385.429,0,0,4.11793e-12,-3.74346e-12
156,8,zone_3,-15.8729,-85.4288,0,0,4.11793e-12,-3.74346e-12
156,8,zone_3,-15.8729,-85.4288,0,0,4.11793e-12,-3.74346e-12
156,5,zone_2,-47.6187,-285.429,0,0,4.11793e-12,-3.74346e-12
156,5,zone_2,-47.6187,-285.429,0,0,4.11793e-12,-3.74346e-12
156,1,zone_1,-80.317,-385.429,0,0,4.11793e-12,-3.74346e-12
156,1,zone_1,-80.317,-385.429,0,0,4.11793e-12,-3.74346e-12
156,6,zone_3,-49.5237,-85.4288,0,0,4.11793e-12,-3.74346e-12
156,6,zone_3,-49.5237,-85.4288,0,0,4.11793e-12,-3.74346e-12
156,2,zone_1,-63.4916,-385.429,0,0,4.11793e-12,-3.74346e-12
156,2,zone_1,-63.4916,-385.429,0,0,4.11793e-12,-3.74346e-12
156,7,zone_3,-32.6983,-85.4288,0,0,4.11793e-12,-3.74346e-12
156,3,zone_2,-81.2695,-285.429,0,0,4.11793e-12,-3.74346e-12
156,7,zone_3,-32.6983,-85.4288,0,0,4.11793e-12,-3.74346e-12
156,3,zone_2,-81.2695,-285.429,0,0,4.11793e-12,-3.74346e-12
158,8,zone_3,-15.8729,-85.4288,0,0,4.11793e-12,-3.74346e-12
158,8,zone_3,-15.8729,-85.4288,0,0,4.11793e-12,-3.74346e-12
158,4,zone_2,-64.4441,-285.429,0,0,4.11793e-12,-3.74346e-12
158,4,zone_2,-64.4441,-285.429,0,0,4.11793e-12,-3.74346e-12
158,0,zone_1,-97.1424,-385.429,0,0,4.11793e-12,-3.74346e-12
158,0,zone_1,-97.1424,-385.429,0,0,4.11793e-12,-3.74346e-12
158,5,zone_2,-47.6187,-285.429,0,0,4.11793e-12,-3.74346e-12
158,5,zone_2,-47.6187,-285.429,0,0,4.11793e-12,-3.74346e-12
158,1,zone_1,-80.317,-385.429,0,0,4.11793e-12,-3.74346e-12
158,1,zone_1,-80.317,-385.429,0,0,4.11793e-12,-3.74346e-12
158,6,zone_3,-49.5237,-85.4288,0,0,4.11793e-12,-3.74346e-12
158,6,zone_3,-49.5237,-85.4288,0,0,4.11793e-12,-3.74346e-12
158,2,zone_1,-63.4916,-385.429,0,0,4.11793e-12,-3.74346e-12
158,2,zone_1,-63.4916,-385.429,0,0,4.11793e-12,-3.74346e-12
158,7,zone_3,-32.6983,-85.4288,0,0,4.11793e-12,-3.74346e-12
158,7,zone_3,-32.6983,-85.4288,0,0,4.11793e-12,-3.74346e-12
158,3,zone_2,-81.2695,-285.429,0,0,4.11793e-12,-3.74346e-12
158,3,zone_2,-81.2695,-285.429,0,0,4.11793e-12,-3.74346e-12
160,0,zone_1,-97.1424,-385.429,0,0,4.11793e-12,-3.74346e-12
160,0,zone_1,-97.1424,-385.429,0,0,4.11793e-12,-3.74346e-12
160,8,zone_3,-15.8729,-85.4288,0,0,4.11793e-12,-3.74346e-12
160,8,zone_3,-15.8729,-85.4288,0,0,4.11793e-12,-3.74346e-12
160,4,zone_2,-64.4441,-285.429,0,0,4.11793e-12,-3.74346e-12
160,4,zone_2,-64.4441,-285.429,0,0,4.11793e-12,-3.74346e-12
160,1,zone_1,-80.317,-385.429,0,0,4.11793e-12,-3.74346e-12
160,1,zone_1,-80.317,-385.429,0,0,4.11793e-12,-3.74346e-12
160,2,zone_1,-63.4916,-385.429,0,0,4.11793e-12,-3.74346e-12
160,2,zone_1,-63.4916,-385.429,0,0,4.11793e-12,-3.74346e-12
160,5,zone_2,-47.6187,-285.429,0,0,4.11793e-12,-3.74346e-12
160,5,zone_2,-47.6187,-285.429,0,0,4.11793e-12,-3.74346e-12
160,3,zone_2,-81.2695,-285.429,0,0,4.11793e-12,-3.74346e-12
160,3,zone_2,-81.2695,-285.429,0,0,4.11793e-12,-3.74346e-12
160,6,zone_3,-49.5237,-85.4288,0,0,4.11793e-12,-3.74346e-12
160,6,zone_3,-49.5237,-85.4288,0,0,4.11793e-12,-3.74346e-12
160,7,zone_3,-32.6983,-85.4288,0,0,4.11793e-12,-3.74346e-12
160,7,zone_3,-32.6983,-85.4288,0,0,4.11793e-12,-3.74346e-12
162,0,zone_1,-97.1424,-385.429,0,0,4.11793e-12,-3.74346e-12
162,0,zone_1,-97.1424,-385.429,0,0,4.11793e-12,-3.74346e-12
162,4,zone_2,-64.4441,-285.429,0,0,4.11793e-12,-3.74346e-12
162,4,zone_2,-64.4441,-285.429,0,0,4.11793e-12,-3.74346e-12
162,8,zone_3,-15.8729,-85.4288,0,0,4.11793e-12,-3.74346e-12
162,8,zone_3,-15.8729,-85.4288,0,0,4.11793e-12,-3.74346e-12
162,1,zone_1,-80.317,-385.429,0,0,4.11793e-12,-3.74346e-12
162,1,zone_1,-80.317,-385.429,0,0,4.11793e-12,-3.74346e-12
162,5,zone_2,-47.6187,-285.429,0,0,4.11793e-12,-3.74346e-12
162,5,zone_2,-47.6187,-285.429,0,0,4.11793e-12,-3.74346e-12
162,2,zone_1,-63.4916,-385.429,0,0,4.11793e-12,-3.74346e-12
162,2,zone_1,-63.4916,-385.429,0,0,4.11793e-12,-3.74346e-12
162,3,zone_2,-81.2695,-285.429,0,0,4.11793e-12,-3.74346e-12
162,3,zone_2,-81.2695,-285.429,0,0,4.11793e-12,-3.74346e-12
162,6,zone_3,-49.5237,-85.4288,0,0,4.11793e-12,-3.74346e-12
162,6,zone_3,-49.5237,-85.4288,0,0,4.11793e-12,-3.74346e-12
162,7,zone_3,-32.6983,-85.4288,0,0,4.11793e-12,-3.74346e-12
162,7,zone_3,-32.6983,-85.4288,0,0,4.11793e-12,-3.74346e-12
164,4,zone_2,-64.4441,-285.429,0,0,4.11793e-12,-3.74346e-12
164,4,zone_2,-64.4441,-285.429,0,0,4.11793e-12,-3.74346e-12
164,8,zone_3,-15.8729,-85.4288,0,0,4.11793e-12,-3.74346e-12
164,8,zone_3,-15.8729,-85.4288,0,0,4.11793e-12,-3.74346e-12
164,0,zone_1,-97.1424,-385.429,0,0,4.11793e-12,-3.74346e-12
164,0,zone_1,-97.1424,-385.429,0,0,4.11793e-12,-3.74346e-12
164,5,zone_2,-47.6187,-285.429,0,0,4.11793e-12,-3.74346e-12
164,1,zone_1,-80.317,-385.429,0,0,4.11793e-12,-3.74346e-12
164,1,zone_1,-80.317,-385.429,0,0,4.11793e-12,-3.74346e-12
164,5,zone_2,-47.6187,-285.429,0,0,4.11793e-12,-3.74346e-12
164,2,zone_1,-63.4916,-385.429,0,0,4.11793e-12,-3.74346e-12
164,6,zone_3,-49.5237,-85.4288,0,0,4.11793e-12,-3.74346e-12
164,2,zone_1,-63.4916,-385.429,0,0,4.11793e-12,-3.74346e-12
164,6,zone_3,-49.5237,-85.4288,0,0,4.11793e-12,-3.74346e-12
164,3,zone_2,-81.2695,-285.429,0,0,4.11793e-12,-3.74346e-12
164,3,zone_2,-81.2695,-285.429,0,0,4.11793e-12,-3.74346e-12
164,7,zone_3,-32.6983,-85.4288,0,0,4.11793e-12,-3.74346e-12
164,7,zone_3,-32.6983,-85.4288,0,0,4.11793e-12,-3.74346e-12
166,0,zone_1,-97.1424,-385.429,0,0,4.11793e-12,-3.74346e-12
166,0,zone_1,-97.1424,-385.429,0,0,4.11793e-12,-3.74346e-12
166,4,zone_2,-64.4441,-285.429,0,0,4.11793e-12,-3.74346e-12
166,4,zone_2,-64.4441,-285.429,0,0,4.11793e-12,-3.74346e-12
166,8,zone_3,-15.8729,-85.4288,0,0,4.11793e-12,-3.74346e-12
166,8,zone_3,-15.8729,-85.4288,0,0,4.11793e-12,-3.74346e-12
166,1,zone_1,-80.317,-385.429,0,0,4.11793e-12,-3.74346e-12
166,1,zone_1,-80.317,-385.429,0,0,4.11793e-12,-3.74346e-12
166,5,zone_2,-47.6187,-285.429,0,0,4.11793e-12,-3.74346e-12
166,5,zone_2,-47.6187,-285.429,0,0,4.11793e-12,-3.74346e-12
166,2,zone_1,-63.4916,-385.429,0,0,4.11793e-12,-3.74346e-12
166,2,zone_1,-63.4916,-385.429,0,0,4.11793e-12,-3.74346e-12
166,6,zone_3,-49.5237,-85.4288,0,0,4.11793e-12,-3.74346e-12
166,6,zone_3,-49.5237,-85.4288,0,0,4.11793e-12,-3.74346e-12
166,3,zone_2,-81.2695,-285.429,0,0,4.11793e-12,-3.74346e-12
166,3,zone_2,-81.2695,-285.429,0,0,4.11793e-12,-3.74346e-12
166,7,zone_3,-32.6983,-85.4288,0,0,4.11793e-12,-3.74346e-12
166,7,zone_3,-32.6983,-85.4288,0,0,4.11793e-12,-3.74346e-12
168,8,zone_3,-15.8729,-85.4288,0,0,4.11793e-12,-3.74346e-12
168,8,zone_3,-15.8729,-85.4288,0,0,4.11793e-12,-3.74346e-12
168,0,zone_1,-97.1424,-385.429,0,0,4.11793e-12,-3.74346e-12
168,0,zone_1,-97.1424,-385.429,0,0,4.11793e-12,-3.74346e-12
168,4,zone_2,-64.4441,-285.429,0,0,4.11793e-12,-3.74346e-12
168,4,zone_2,-64.4441,-285.429,0,0,4.11793e-12,-3.74346e-12
168,1,zone_1,-80.317,-385.429,0,0,4.11793e-12,-3.74346e-12
168,1,zone_1,-80.317,-385.429,0,0,4.11793e-12,-3.74346e-12
168,5,zone_2,-47.6187,-285.429,0,0,4.11793e-12,-3.74346e-12
168,5,zone_2,-47.6187,-285.429,0,0,4.11793e-12,-3.74346e-12
168,2,zone_1,-63.4916,-385.429,0,0,4.11793e-12,-3.74346e-12
168,2,zone_1,-63.4916,-385.429,0,0,4.11793e-12,-3.74346e-12
168,6,zone_3,-49.5237,-85.4288,0,0,4.11793e-12,-3.74346e-12
168,6,zone_3,-49.5237,-85.4288,0,0,4.11793e-12,-3.74346e-12
168,3,zone_2,-81.2695,-285.429,0,0,4.11793e-12,-3.74346e-12
168,3,zone_2,-81.2695,-285.429,0,0,4.11793e-12,-3.74346e-12
168,7,zone_3,-32.6983,-85.4288,0,0,4.11793e-12,-3.74346e-12
168,7,zone_3,-32.6983,-85.4288,0,0,4.11793e-12,-3.74346e-12
170,4,zone_2,-64.4441,-285.429,0,0,4.11793e-12,-3.74346e-12
170,4,zone_2,-64.4441,-285.429,0,0,4.11793e-12,-3.74346e-12
170,8,zone_3,-15.8729,-85.4288,0,0,4.11793e-12,-3.74346e-12
170,8,zone_3,-15.8729,-85.4288,0,0,4.11793e-12,-3.74346e-12
170,0,zone_1,-97.1424,-385.429,0,0,4.11793e-12,-3.74346e-12
170,0,zone_1,-97.1424,-385.429,0,0,4.11793e-12,-3.74346e-12
170,5,zone_2,-47.6187,-285.429,0,0,4.11793e-12,-3.74346e-12
170,5,zone_2,-47.6187,-285.429,0,0,4.11793e-12,-3.74346e-12
170,1,zone_1,-80.317,-385.429,0,0,4.11793e-12,-3.74346e-12
170,1,zone_1,-80.317,-385.429,0,0,4.11793e-12,-3.74346e-12
170,6,zone_3,-49.5237,-85.4288,0,0,4.11793e-12,-3.74346e-12
170,6,zone_3,-49.5237,-85.4288,0,0,4.11793e-12,-3.74346e-12
170,7,zone_3,-32.6983,-85.4288,0,0,4.11793e-12,-3.74346e-12
170,7,zone_3,-32.6983,-85.4288,0,0,4.11793e-12,-3.74346e-12
170,2,zone_1,-63.4916,-385.429,0,0,4.11793e-12,-3.74346e-12
170,2,zone_1,-63.4916,-385.429,0,0,4.11793e-12,-3.74346e-12
170,3,zone_2,-81.2695,-285.429,0,0,4.11793e-12,-3.74346e-12
170,3,zone_2,-81.2695,-285.429,0,0,4.11793e-12,-3.74346e-12
172,0,zone_1,-97.1424,-385.429,0,0,4.11793e-12,-3.74346e-12
172,0,zone_1,-97.1424,-385.429,0,0,4.11793e-12,-3.74346e-12
172,8,zone_3,-15.8729,-85.4288,0,0,4.11793e-12,-3.74346e-12
172,8,zone_3,-15.8729,-85.4288,0,0,4.11793e-12,-3.74346e-12
172,4,zone_2,-64.4441,-285.429,0,0,4.11793e-12,-3.74346e-12
172,4,zone_2,-64.4441,-285.429,0,0,4.11793e-12,-3.74346e-12
172,1,zone_1,-80.317,-385.429,0,0,4.11793e-12,-3.74346e-12
172,1,zone_1,-80.317,-385.429,0,0,4.11793e-12,-3.74346e-12
172,5,zone_2,-47.6187,-285.429,0,0,4.11793e-12,-3.74346e-12
172,5,zone_2,-47.6187,-285.429,0,0,4.11793e-12,-3.74346e-12
172,2,zone_1,-63.4916,-385.429,0,0,4.11793e-12,-3.74346e-12
172,2,zone_1,-63.4916,-385.429,0,0,4.11793e-12,-3.74346e-12
172,6,zone_3,-49.5237,-85.4288,0,0,4.11793e-12,-3.74346e-12
172,6,zone_3,-49.5237,-85.4288,0,0,4.11793e-12,-3.74346e-12
172,3,zone_2,-81.2695,-285.429,0,0,4.11793e-12,-3.74346e-12
172,3,zone_2,-81.2695,-285.429,0,0,4.11793e-12,-3.74346e-12
172,7,zone_3,-32.6983,-85.4288,0,0,4.11793e-12,-3.74346e-12
172,7,zone_3,-32.6983,-85.4288,0,0,4.11793e-12,-3.74346e-12
174,0,zone_1,-97.1424,-385.429,0,0,4.11793e-12,-3.74346e-12
174,4,zone_2,-64.4441,-285.429,0,0,4.11793e-12,-3.74346e-12
174,0,zone_1,-97.1424,-385.429,0,0,4.11793e-12,-3.74346e-12
174,4,zone_2,-64.4441,-285.429,0,0,4.11793e-12,-3.74346e-12
174,8,zone_3,-15.8729,-85.4288,0,0,4.11793e-12,-3.74346e-12
174,8,zone_3,-15.8729,-85.4288,0,0,4.11793e-12,-3.74346e-12
174,1,zone_1,-80.317,-385.429,0,0,4.11793e-12,-3.74346e-12
174,1,zone_1,-80.317,-385.429,0,0,4.11793e-12,-3.74346e-12
174,5,zone_2,-47.6187,-285.429,0,0,4.11793e-12,-3.74346e-12
174,5,zone_2,-47.6187,-285.429,0,0,4.11793e-12,-3.74346e-12
174,2,zone_1,-63.4916,-385.429,0,0,4.11793e-12,-3.74346e-12
174,2,zone_1,-63.4916,-385.429,0,0,4.11793e-12,-3.74346e-12
174,6,zone_3,-49.5237,-85.4288,0,0,4.11793e-12,-3.74346e-12
174,6,zone_3,-49.5237,-85.4288,0,0,4.11793e-12,-3.74346e-12
174,7,zone_3,-32.6983,-85.4288,0,0,4.11793e-12,-3.74346e-12
174,3,zone_2,-81.2695,-285.429,0,0,4.11793e-12,-3.74346e-12
174,3,zone_2,-81.2695,-285.429,0,0,4.11793e-12,-3.74346e-12
174,7,zone_3,-32.6983,-85.4288,0,0,4.11793e-12,-3.74346e-12
176,0,zone_1,-97.1424,-385.429,0,0,4.11793e-12,-3.74346e-12
176,0,zone_1,-97.1424,-385.429,0,0,4.11793e-12,-3.74346e-12
176,8,zone_3,-15.8729,-85.4288,0,0,4.11793e-12,-3.74346e-12
176,8,zone_3,-15.8729,-85.4288,0,0,4.11793e-12,-3.74346e-12
176,4,zone_2,-64.4441,-285.429,0,0,4.11793e-12,-3.74346e-12
176,4,zone_2,-64.4441,-285.429,0,0,4.11793e-12,-3.74346e-12
176,1,zone_1,-80.317,-385.429,0,0,4.11793e-12,-3.74346e-12
176,1,zone_1,-80.317,-385.429,0,0,4.11793e-12,-3.74346e-12
176,5,zone_2,-47.6187,-285.429,0,0,4.11793e-12,-3.74346e-12
176,5,zone_2,-47.6187,-285.429,0,0,4.11793e-12,-3.74346e-12
176,2,zone_1,-63.4916,-385.429,0,0,4.11793e-12,-3.74346e-12
176,2,zone_1,-63.4916,-385.429,0,0,4.11793e-12,-3.74346e-12
176,6,zone_3,-49.5237,-85.4288,0,0,4.11793e-12,-3.74346e-12
176,6,zone_3,-49.5237,-85.4288,0,0,4.11793e-12,-3.74346e-12
176,3,zone_2,-81.2695,-285.429,0,0,4.11793e-12,-3.74346e-12
176,3,zone_2,-81.2695,-285.429,0,0,4.11793e-12,-3.74346e-12
176,7,zone_3,-32.6983,-85.4288,0,0,4.11793e-12,-3.74346e-12
176,7,zone_3,-32.6983,-85.4288,0,0,4.11793e-12,-3.74346e-12
178,8,zone_3,-15.8729,-85.4288,0,0,4.11793e-12,-3.74346e-12
178,8,zone_3,-15.8729,-85.4288,0,0,4.11793e-12,-3.74346e-12
178,4,zone_2,-64.4441,-285.429,0,0,4.11793e-12,-3.74346e-12
178,0,zone_1,-97.1424,-385.429,0,0,4.11793e-12,-3.74346e-12
178,4,zone_2,-64.4441,-285.429,0,0,4.11793e-12,-3.74346e-12
178,0,zone_1,-97.1424,-385.429,0,0,4.11793e-12,-3.74346e-12
178,1,zone_1,-80.317,-385.429,0,0,4.11793e-12,-3.74346e-12
178,1,zone_1,-80.317,-385.429,0,0,4.11793e-12,-3.74346e-12
178,5,zone_2,-47.6187,-285.429,0,0,4.11793e-12,-3.74346e-12
178,5,zone_2,-47.6187,-285.429,0,0,4.11793e-12,-3.74346e-12
178,2,zone_1,-63.4916,-385.429,0,0,4.11793e-12,-3.74346e-12
178,2,zone_1,-63.4916,-385.429,0,0,4.11793e-12,-3.74346e-12
178,6,zone_3,-49.5237,-85.4288,0,0,4.11793e-12,-3.74346e-12
178,6,zone_3,-49.5237,-85.4288,0,0,4.11793e-12,-3.74346e-12
178,3,zone_2,-81.2695,-285.429,0,0,4.11793e-12,-3.74346e-12
178,3,zone_2,-81.2695,-285.429,0,0,4.11793e-12,-3.74346e-12
178,7,zone_3,-32.6983,-85.4288,0,0,4.11793e-12,-3.74346e-12
178,7,zone_3,-32.6983,-85.4288,0,0,4.11793e-12,-3.74346e-12
180,4,zone_2,-64.4441,-285.429,0,0,4.11793e-12,-3.74346e-12
180,4,zone_2,-64.4441,-285.429,0,0,4.11793e-12,-3.74346e-12
180,0,zone_1,-97.1424,-385.429,0,0,4.11793e-12,-3.74346e-12
180,0,zone_1,-97.1424,-385.429,0,0,4.11793e-12,-3.74346e-12
180,8,zone_3,-15.8729,-85.4288,0,0,4.11793e-12,-3.74346e-12
180,8,zone_3,-15.8729,-85.4288,0,0,4.11793e-12,-3.74346e-12
180,5,zone_2,-47.6187,-285.429,0,0,4.11793e-12,-3.74346e-12
180,5,zone_2,-47.6187,-285.429,0,0,4.11793e-12,-3.74346e-12
180,1,zone_1,-80.317,-385.429,0,0,4.11793e-12,-3.74346e-12
180,1,zone_1,-80.317,-385.429,0,0,4.11793e-12,-3.74346e-12
180,6,zone_3,-49.5237,-85.4288,0,0,4.11793e-12,-3.74346e-12
180,6,zone_3,-49.5237,-85.4288,0,0,4.11793e-12,-3.74346e-12
180,2,zone_1,-63.4916,-385.429,0,0,4.11793e-12,-3.74346e-12
180,2,zone_1,-63.4916,-385.429,0,0,4.11793e-12,-3.74346e-12
180,7,zone_3,-32.6983,-85.4288,0,0,4.11793e-12,-3.74346e-12
180,7,zone_3,-32.6983,-85.4288,0,0,4.11793e-12,-3.74346e-12
180,3,zone_2,-81.2695,-285.429,0,0,4.11793e-12,-3.74346e-12
180,3,zone_2,-81.2695,-285.429,0,0,4.11793e-12,-3.74346e-12
182,4,zone_2,-64.4441,-285.429,0,0,4.11793e-12,-3.74346e-12
182,0,zone_1,-97.1424,-385.429,0,0,4.11793e-12,-3.74346e-12
182,4,zone_2,-64.4441,-285.429,0,0,4.11793e-12,-3.74346e-12
182,0,zone_1,-97.1424,-385.429,0,0,4.11793e-12,-3.74346e-12
182,8,zone_3,-15.8729,-85.4288,0,0,4.11793e-12,-3.74346e-12
182,8,zone_3,-15.8729,-85.4288,0,0,4.11793e-12,-3.74346e-12
182,1,zone_1,-80.317,-385.429,0,0,4.11793e-12,-3.74346e-12
182,5,zone_2,-47.6187,-285.429,0,0,4.11793e-12,-3.74346e-12
182,1,zone_1,-80.317,-385.429,0,0,4.11793e-12,-3.74346e-12
182,5,zone_2,-47.6187,-285.429,0,0,4.11793e-12,-3.74346e-12
182,2,zone_1,-63.4916,-385.429,0,0,4.11793e-12,-3.74346e-12
182,2,zone_1,-63.4916,-385.429,0,0,4.11793e-12,-3.74346e-12
182,6,zone_3,-49.5237,-85.4288,0,0,4.11793e-12,-3.74346e-12
182,6,zone_3,-49.5237,-85.4288,0,0,4.11793e-12,-3.74346e-12
182,3,zone_2,-81.2695,-285.429,0,0,4.11793e-12,-3.74346e-12
182,3,zone_2,-81.2695,-285.429,0,0,4.11793e-12,-3.74346e-12
182,7,zone_3,-32.6983,-85.4288,0,0,4.11793e-12,-3.74346e-12
182,7,zone_3,-32.6983,-85.4288,0,0,4.11793e-12,-3.74346e-12
184,0,zone_1,-97.1424,-385.429,0,0,4.11793e-12,-3.74346e-12
184,0,zone_1,-97.1424,-385.429,0,0,4.11793e-12,-3.74346e-12
184,4,zone_2,-64.4441,-285.429,0,0,4.11793e-12,-3.74346e-12
184,4,zone_2,-64.4441,-285.429,0,0,4.11793e-12,-3.74346e-12
184,1,zone_1,-80.317,-385.429,0,0,4.11793e-12,-3.74346e-12
184,1,zone_1,-80.317,-385.429,0,0,4.11793e-12,-3.74346e-12
184,8,zone_3,-15.8729,-85.4288,0,0,4.11793e-12,-3.74346e-12
184,8,zone_3,-15.8729,-85.4288,0,0,4.11793e-12,-3.74346e-12
184,5,zone_2,-47.6187,-285.429,0,0,4.11793e-12,-3.74346e-12
184,5,zone_2,-47.6187,-285.429,0,0,4.11793e-12,-3.74346e-12
184,2,zone_1,-63.4916,-385.429,0,0,4.11793e-12,-3.74346e-12
184,2,zone_1,-63.4916,-385.429,0,0,4.11793e-12,-3.74346e-12
184,6,zone_3,-49.5237,-85.4288,0,0,4.11793e-12,-3.74346e-12
184,6,zone_3,-49.5237,-85.4288,0,0,4.11793e-12,-3.74346e-12
184,3,zone_2,-81.2695,-285.429,0,0,4.11793e-12,-3.74346e-12
184,3,zone_2,-81.2695,-285.429,0,0,4.11793e-12,-3.74346e-12
184,7,zone_3,-32.6983,-85.4288,0,0,4.11793e-12,-3.74346e-12
184,7,zone_3,-32.6983,-85.4288,0,0,4.11793e-12,-3.74346e-12
186,0,zone_1,-97.1424,-385.429,0,0,4.11793e-12,-3.74346e-12
186,8,zone_3,-15.8729,-85.4288,0,0,4.11793e-12,-3.74346e-12
186,0,zone_1,-97.1424,-385.429,0,0,4.11793e-12,-3.74346e-12
186,4,zone_2,-64.4441,-285.429,0,0,4.11793e-12,-3.74346e-12
186,8,zone_3,-15.8729,-85.4288,0,0,4.11793e-12,-3.74346e-12
186,4,zone_2,-64.4441,-285.429,0,0,4.11793e-12,-3.74346e-12
186,1,zone_1,-80.317,-385.429,0,0,4.11793e-12,-3.74346e-12
186,1,zone_1,-80.317,-385.429,0,0,4.11793e-12,-3.74346e-12
186,5,zone_2,-47.6187,-285.429,0,0,4.11793e-12,-3.74346e-12
186,5,zone_2,-47.6187,-285.429,0,0,4.11793e-12,-3.74346e-12
186,2,zone_1,-63.4916,-385.429,0,0,4.11793e-12,-3.74346e-12
186,2,zone_1,-63.4916,-385.429,0,0,4.11793e-12,-3.74346e-12
186,6,zone_3,-49.5237,-85.4288,0,0,4.11793e-12,-3.74346e-12
186,6,zone_3,-49.5237,-85.4288,0,0,4.11793e-12,-3.74346e-12
186,3,zone_2,-81.2695,-285.429,0,0,4.11793e-12,-3.74346e-12
186,3,zone_2,-81.2695,-285.429,0,0,4.11793e-12,-3.74346e-12
186,7,zone_3,-32.6983,-85.4288,0,0,4.11793e-12,-3.74346e-12
186,7,zone_3,-32.6983,-85.4288,0,0,4.11793e-12,-3.74346e-12
188,8,zone_3,-15.8729,-85.4288,0,0,4.11793e-12,-3.74346e-12
188,8,zone_3,-15.8729,-85.4288,0,0,4.11793e-12,-3.74346e-12
188,0,zone_1,-97.1424,-385.429,0,0,4.11793e-12,-3.74346e-12
188,0,zone_1,-97.1424,-385.429,0,0,4.11793e-12,-3.74346e-12
188,4,zone_2,-64.4441,-285.429,0,0,4.11793e-12,-3.74346e-12
188,4,zone_2,-64.4441,-285.429,0,0,4.11793e-12,-3.74346e-12
188,1,zone_1,-80.317,-385.429,0,0,4.11793e-12,-3.74346e-12
188,1,zone_1,-80.317,-385.429,0,0,4.11793e-12,-3.74346e-12
188,5,zone_2,-47.6187,-285.429,0,0,4.11793e-12,-3.74346e-12
188,5,zone_2,-47.6187,-285.429,0,0,4.11793e-12,-3.74346e-12
188,2,zone_1,-63.4916,-385.429,0,0,4.11793e-12,-3.74346e-12
188,2,zone_1,-63.4916,-385.429,0,0,4.11793e-12,-3.74346e-12
188,6,zone_3,-49.5237,-85.4288,0,0,4.11793e-12,-3.74346e-12
188,6,zone_3,-49.5237,-85.4288,0,0,4.11793e-12,-3.74346e-12
188,3,zone_2,-81.2695,-285.429,0,0,4.11793e-12,-3.74346e-12
188,3,zone_2,-81.2695,-285.429,0,0,4.11793e-12,-3.74346e-12
188,7,zone_3,-32.6983,-85.4288,0,0,4.11793e-12,-3.74346e-12
188,7,zone_3,-32.6983,-85.4288,0,0,4.11793e-12,-3.74346e-12
190,4,zone_2,-64.4441,-285.429,0,0,4.11793e-12,-3.74346e-12
190,4,zone_2,-64.4441,-285.429,0,0,4.11793e-12,-3.74346e-12
190,0,zone_1,-97.1424,-385.429,0,0,4.11793e-12,-3.74346e-12
190,0,zone_1,-97.1424,-385.429,0,0,4.11793e-12,-3.74346e-12
190,8,zone_3,-15.8729,-85.4288,0,0,4.11793e-12,-3.74346e-12
190,8,zone_3,-15.8729,-85.4288,0,0,4.11793e-12,-3.74346e-12
190,5,zone_2,-47.6187,-285.429,0,0,4.11793e-12,-3.74346e-12
190,5,zone_2,-47.6187,-285.429,0,0,4.11793e-12,-3.74346e-12
190,1,zone_1,-80.317,-385.429,0,0,4.11793e-12,-3.74346e-12
190,1,zone_1,-80.317,-385.429,0,0,4.11793e-12,-3.74346e-12
190,2,zone_1,-63.4916,-385.429,0,0,4.11793e-12,-3.74346e-12
190,2,zone_1,-63.4916,-385.429,0,0,4.11793e-12,-3.74346e-12
190,6,zone_3,-49.5237,-85.4288,0,0,4.11793e-12,-3.74346e-12
190,6,zone_3,-49.5237,-85.4288,0,0,4.11793e-12,-3.74346e-12
190,3,zone_2,-81.2695,-285.429,0,0,4.11793e-12,-3.74346e-12
190,3,zone_2,-81.2695,-285.429,0,0,4.11793e-12,-3.74346e-12
190,7,zone_3,-32.6983,-85.4288,0,0,4.11793e-12,-3.74346e-12
190,7,zone_3,-32.6983,-85.4288,0,0,4.11793e-12,-3.74346e-12
192,8,zone_3,-15.8729,-85.4288,0,0,4.11793e-12,-3.74346e-12
192,0,zone_1,-97.1424,-385.429,0,0,4.11793e-12,-3.74346e-12
192,0,zone_1,-97.1424,-385.429,0,0,4.11793e-12,-3.74346e-12
192,8,zone_3,-15.8729,-85.4288,0,0,4.11793e-12,-3.74346e-12
192,4,zone_2,-64.4441,-285.429,0,0,4.11793e-12,-3.74346e-12
192,4,zone_2,-64.4441,-285.429,0,0,4.11793e-12,-3.74346e-12
192,1,zone_1,-80.317,-385.429,0,0,4.11793e-12,-3.74346e-12
192,1,zone_1,-80.317,-385.429,0,0,4.11793e-12,-3.74346e-12
192,5,zone_2,-47.6187,-285.429,0,0,4.11793e-12,-3.74346e-12
192,5,zone_2,-47.6187,-285.429,0,0,4.11793e-12,-3.74346e-12
192,2,zone_1,-63.4916,-385.429,0,0,4.11793e-12,-3.74346e-12
192,2,zone_1,-63.4916,-385.429,0,0,4.11793e-12,-3.74346e-12
192,6,zone_3,-49.5237,-85.4288,0,0,4.11793e-12,-3.74346e-12
192,6,zone_3,-49.5237,-85.4288,0,0,4.11793e-12,-3.74346e-12
192,3,zone_2,-81.2695,-285.429,0,0,4.11793e-12,-3.74346e-12
192,3,zone_2,-81.2695,-285.429,0,0,4.11793e-12,-3.74346e-12
192,7,zone_3,-32.6983,-85.4288,0,0,4.11793e-12,-3.74346e-12
192,7,zone_3,-32.6983,-85.4288,0,0,4.11793e-12,-3.74346e-12
194,0,zone_1,-97.1424,-385.429,0,0,4.11793e-12,-3.74346e-12
194,0,zone_1,-97.1424,-385.429,0,0,4.11793e-12,-3.74346e-12
194,4,zone_2,-64.4441,-285.429,0,0,4.11793e-12,-3.74346e-12
194,8,zone_3,-15.8729,-85.4288,0,0,4.11793e-12,-3.74346e-12
194,8,zone_3,-15.8729,-85.4288,0,0,4.11793e-12,-3.74346e-12
194,4,zone_2,-64.4441,-285.429,0,0,4.11793e-12,-3.74346e-12
194,1,zone_1,-80.317,-385.429,0,0,4.11793e-12,-3.74346e-12
194,1,zone_1,-80.317,-385.429,0,0,4.11793e-12,-3.74346e-12
194,5,zone_2,-47.6187,-285.429,0,0,4.11793e-12,-3.74346e-12
194,5,zone_2,-47.6187,-285.429,0,0,4.11793e-12,-3.74346e-12
194,2,zone_1,-63.4916,-385.429,0,0,4.11793e-12,-3.74346e-12
194,2,zone_1,-63.4916,-385.429,0,0,4.11793e-12,-3.74346e-12
194,6,zone_3,-49.5237,-85.4288,0,0,4.11793e-12,-3.74346e-12
194,6,zone_3,-49.5237,-85.4288,0,0,4.11793e-12,-3.74346e-12
194,3,zone_2,-81.2695,-285.429,0,0,4.11793e-12,-3.74346e-12
194,3,zone_2,-81.2695,-285.429,0,0,4.11793e-12,-3.74346e-12
194,7,zone_3,-32.6983,-85.4288,0,0,4.11793e-12,-3.74346e-12
194,7,zone_3,-32.6983,-85.4288,0,0,4.11793e-12,-3.74346e-12
196,4,zone_2,-64.4441,-285.429,0,0,4.11793e-12,-3.74346e-12
196,0,zone_1,-97.1424,-385.429,0,0,4.11793e-12,-3.74346e-12
196,4,zone_2,-64.4441,-285.429,0,0,4.11793e-12,-3.74346e-12
196,0,zone_1,-97.1424,-385.429,0,0,4.11793e-12,-3.74346e-12
196,8,zone_3,-15.8729,-85.4288,0,0,4.11793e-12,-3.74346e-12
196,8,zone_3,-15.8729,-85.4288,0,0,4.11793e-12,-3.74346e-12
196,1,zone_1,-80.317,-385.429,0,0,4.11793e-12,-3.74346e-12
196,1,zone_1,-80.317,-385.429,0,0,4.11793e-12,-3.74346e-12
196,5,zone_2,-47.6187,-285.429,0,0,4.11793e-12,-3.74346e-12
196,5,zone_2,-47.6187,-285.429,0,0,4.11793e-12,-3.74346e-12
196,2,zone_1,-63.4916,-385.429,0,0,4.11793e-12,-3.74346e-12
196,2,zone_1,-63.4916,-385.429,0,0,4.11793e-12,-3.74346e-12
196,6,zone_3,-49.5237,-85.4288,0,0,4.11793e-12,-3.74346e-12
196,6,zone_3,-49.5237,-85.4288,0,0,4.11793e-12,-3.74346e-12
196,3,zone_2,-81.2695,-285.429,0,0,4.11793e-12,-3.74346e-12
196,3,zone_2,-81.2695,-285.429,0,0,4.11793e-12,-3.74346e-12
196,7,zone_3,-32.6983,-85.4288,0,0,4.11793e-12,-3.74346e-12
196,7,zone_3,-32.6983,-85.4288,0,0,4.11793e-12,-3.74346e-12
198,0,zone_1,-97.1424,-385.429,0,0,4.11793e-12,-3.74346e-12
198,0,zone_1,-97.1424,-385.429,0,0,4.11793e-12,-3.74346e-12
198,8,zone_3,-15.8729,-85.4288,0,0,4.11793e-12,-3.74346e-12
198,8,zone_3,-15.8729,-85.4288,0,0,4.11793e-12,-3.74346e-12
198,4,zone_2,-64.4441,-285.429,0,0,4.11793e-12,-3.74346e-12
198,4,zone_2,-64.4441,-285.429,0,0,4.11793e-12,-3.74346e-12
198,5,zone_2,-47.6187,-285.429,0,0,4.11793e-12,-3.74346e-12
198,5,zone_2,-47.6187,-285.429,0,0,4.11793e-12,-3.74346e-12
198,1,zone_1,-80.317,-385.429,0,0,4.11793e-12,-3.74346e-12
198,1,zone_1,-80.317,-385.429,0,0,4.11793e-12,-3.74346e-12
198,6,zone_3,-49.5237,-85.4288,0,0,4.11793e-12,-3.74346e-12
198,6,zone_3,-49.5237,-85.4288,0,0,4.11793e-12,-3.74346e-12
198,2,zone_1,-63.4916,-385.429,0,0,4.11793e-12,-3.74346e-12
198,2,zone_1,-63.4916,-385.429,0,0,4.11793e-12,-3.74346e-12
198,7,zone_3,-32.6983,-85.4288,0,0,4.11793e-12,-3.74346e-12
198,7,zone_3,-32.6983,-85.4288,0,0,4.11793e-12,-3.74346e-12
198,3,zone_2,-81.2695,-285.429,0,0,4.11793e-12,-3.74346e-12
198,3,zone_2,-81.2695,-285.429,0,0,4.11793e-12,-3.74346e-12
200,8,zone_3,-15.8729,-85.4288,0,0,4.11793e-12,-3.74346e-12
200,8,zone_3,-15.8729,-85.4288,0,0,4.11793e-12,-3.74346e-12
200,0,zone_1,-97.1424,-385.429,0,0,4.11793e-12,-3.74346e-12
200,4,zone_2,-64.4441,-285.429,0,0,4.11793e-12,-3.74346e-12
200,0,zone_1,-97.1424,-385.429,0,0,4.11793e-12,-3.74346e-12
200,4,zone_2,-64.4441,-285.429,0,0,4.11793e-12,-3.74346e-12
200,1,zone_1,-80.317,-385.429,0,0,4.11793e-12,-3.74346e-12
200,1,zone_1,-80.317,-385.429,0,0,4.11793e-12,-3.74346e-12
200,5,zone_2,-47.6187,-285.429,0,0,4.11793e-12,-3.74346e-12
200,5,zone_2,-47.6187,-285.429,0,0,4.11793e-12,-3.74346e-12
200,2,zone_1,-63.4916,-385.429,0,0,4.11793e-12,-3.74346e-12
200,2,zone_1,-63.4916,-385.429,0,0,4.11793e-12,-3.74346e-12
200,6,zone_3,-49.5237,-85.4288,0,0,4.11793e-12,-3.74346e-12
200,6,zone_3,-49.5237,-85.4288,0,0,4.11793e-12,-3.74346e-12
200,3,zone_2,-81.2695,-285.429,0,0,4.11793e-12,-3.74346e-12
200,3,zone_2,-81.2695,-285.429,0,0,4.11793e-12,-3.74346e-12
200,7,zone_3,-32.6983,-85.4288,0,0,4.11793e-12,-3.74346e-12
200,7,zone_3,-32.6983,-85.4288,0,0,4.11793e-12,-3.74346e-12
202,4,zone_2,-64.4441,-285.429,0,0,4.11793e-12,-3.74346e-12
202,0,zone_1,-97.1424,-385.429,0,0,4.11793e-12,-3.74346e-12
202,0,zone_1,-97.1424,-385.429,0,0,4.11793e-12,-3.74346e-12
202,4,zone_2,-64.4441,-285.429,0,0,4.11793e-12,-3.74346e-12
202,8,zone_3,-15.8729,-85.4288,0,0,4.11793e-12,-3.74346e-12
202,8,zone_3,-15.8729,-85.4288,0,0,4.11793e-12,-3.74346e-12
202,1,zone_1,-80.317,-385.429,0,0,4.11793e-12,-3.74346e-12
202,1,zone_1,-80.317,-385.429,0,0,4.11793e-12,-3.74346e-12
202,5,zone_2,-47.6187,-285.429,0,0,4.11793e-12,-3.74346e-12
202,5,zone_2,-47.6187,-285.429,0,0,4.11793e-12,-3.74346e-12
202,6,zone_3,-49.5237,-85.4288,0,0,4.11793e-12,-3.74346e-12
202,2,zone_1,-63.4916,-385.429,0,0,4.11793e-12,-3.74346e-12
202,6,zone_3,-49.5237,-85.4288,0,0,4.11793e-12,-3.74346e-12
202,2,zone_1,-63.4916,-385.429,0,0,4.11793e-12,-3.74346e-12
202,3,zone_2,-81.2695,-285.429,0,0,4.11793e-12,-3.74346e-12
202,3,zone_2,-81.2695,-285.429,0,0,4.11793e-12,-3.74346e-12
202,7,zone_3,-32.6983,-85.4288,0,0,4.11793e-12,-3.74346e-12
202,7,zone_3,-32.6983,-85.4288,0,0,4.11793e-12,-3.74346e-12
204,0,zone_1,-97.1424,-385.429,0,0,4.11793e-12,-3.74346e-12
204,0,zone_1,-97.1424,-385.429,0,0,4.11793e-12,-3.74346e-12
204,4,zone_2,-64.4441,-285.429,0,0,4.11793e-12,-3.74346e-12
204,4,zone_2,-64.4441,-285.429,0,0,4.11793e-12,-3.74346e-12
204,8,zone_3,-15.8729,-85.4288,0,0,4.11793e-12,-3.74346e-12
204,8,zone_3,-15.8729,-85.4288,0,0,4.11793e-12,-3.74346e-12
204,1,zone_1,-80.317,-385.429,0,0,4.11793e-12,-3.74346e-12
204,1,zone_1,-80.317,-385.429,0,0,4.11793e-12,-3.74346e-12
204,5,zone_2,-47.6187,-285.429,0,0,4.11793e-12,-3.74346e-12
204,5,zone_2,-47.6187,-285.429,0,0,4.11793e-12,-3.74346e-12
204,2,zone_1,-63.4916,-385.429,0,0,4.11793e-12,-3.74346e-12
204,2,zone_1,-63.4916,-385.429,0,0,4.11793e-12,-3.74346e-12
204,6,zone_3,-49.5237,-85.4288,0,0,4.11793e-12,-3.74346e-12
204,6,zone_3,-49.5237,-85.4288,0,0,4.11793e-12,-3.74346e-12
204,3,zone_2,-81.2695,-285.429,0,0,4.11793e-12,-3.74346e-12
204,3,zone_2,-81.2695,-285.429,0,0,4.11793e-12,-3.74346e-12
204,7,zone_3,-32.6983,-85.4288,0,0,4.11793e-12,-3.74346e-12
204,7,zone_3,-32.6983,-85.4288,0,0,4.11793e-12,-3.74346e-12
206,4,zone_2,-64.4441,-285.429,0,0,4.11793e-12,-3.74346e-12
206,4,zone_2,-64.4441,-285.429,0,0,4.11793e-12,-3.74346e-12
206,0,zone_1,-97.1424,-385.429,0,0,4.11793e-12,-3.74346e-12
206,0,zone_1,-97.1424,-385.429,0,0,4.11793e-12,-3.74346e-12
206,8,zone_3,-15.8729,-85.4288,0,0,4.11793e-12,-3.74346e-12
206,8,zone_3,-15.8729,-85.4288,0,0,4.11793e-12,-3.74346e-12
206,5,zone_2,-47.6187,-285.429,0,0,4.11793e-12,-3.74346e-12
206,5,zone_2,-47.6187,-285.429,0,0,4.11793e-12,-3.74346e-12
206,1,zone_1,-80.317,-385.429,0,0,4.11793e-12,-3.74346e-12
206,1,zone_1,-80.317,-385.429,0,0,4.11793e-12,-3.74346e-12
206,2,zone_1,-63.4916,-385.429,0,0,4.11793e-12,-3.74346e-12
206,2,zone_1,-63.4916,-385.429,0,0,4.11793e-12,-3.74346e-12
206,6,zone_3,-49.5237,-85.4288,0,0,4.11793e-12,-3.74346e-12
206,6,zone_3,-49.5237,-85.4288,0,0,4.11793e-12,-3.74346e-12
206,3,zone_2,-81.2695,-285.429,0,0,4.11793e-12,-3.74346e-12
206,3,zone_2,-81.2695,-285.429,0,0,4.11793e-12,-3.74346e-12
206,7,zone_3,-32.6983,-85.4288,0,0,4.11793e-12,-3.74346e-12
206,7,zone_3,-32.6983,-85.4288,0,0,4.11793e-12,-3.74346e-12
208,0,zone_1,-97.1424,-385.429,0,0,4.11793e-12,-3.74346e-12
208,0,zone_1,-97.1424,-385.429,0,0,4.11793e-12,-3.74346e-12
208,8,zone_3,-15.8729,-85.4288,0,0,4.11793e-12,-3.74346e-12
208,8,zone_3,-15.8729,-85.4288,0,0,4.11793e-12,-3.74346e-12
208,4,zone_2,-64.4441,-285.429,0,0,4.11793e-12,-3.74346e-12
208,4,zone_2,-64.4441,-285.429,0,0,4.11793e-12,-3.74346e-12
208,1,zone_1,-80.317,-385.429,0,0,4.11793e-12,-3.74346e-12
208,1,zone_1,-80.317,-385.429,0,0,4.11793e-12,-3.74346e-12
208,5,zone_2,-47.6187,-285.429,0,0,4.11793e-12,-3.74346e-12
208,5,zone_2,-47.6187,-285.429,0,0,4.11793e-12,-3.74346e-12
208,2,zone_1,-63.4916,-385.429,0,0,4.11793e-12,-3.74346e-12
208,2,zone_1,-63.4916,-385.429,0,0,4.11793e-12,-3.74346e-12
208,3,zone_2,-81.2695,-285.429,0,0,4.11793e-12,-3.74346e-12
208,3,zone_2,-81.2695,-285.429,0,0,4.11793e-12,-3.74346e-12
208,6,zone_3,-49.5237,-85.4288,0,0,4.11793e-12,-3.74346e-12
208,6,zone_3,-49.5237,-85.4288,0,0,4.11793e-12,-3.74346e-12
208,7,zone_3,-32.6983,-85.4288,0,0,4.11793e-12,-3.74346e-12
208,7,zone_3,-32.6983,-85.4288,0,0,4.11793e-12,-3.74346e-12
210,4,zone_2,-64.4441,-285.429,0,0,4.11793e-12,-3.74346e-12
210,4,zone_2,-64.4441,-285.429,0,0,4.11793e-12,-3.74346e-12
210,0,zone_1,-97.1424,-385.429,0,0,4.11793e-12,-3.74346e-12
210,0,zone_1,-97.1424,-385.429,0,0,4.11793e-12,-3.74346e-12
210,8,zone_3,-15.8729,-85.4288,0,0,4.11793e-12,-3.74346e-12
210,8,zone_3,-15.8729,-85.4288,0,0,4.11793e-12,-3.74346e-12
210,1,zone_1,-80.317,-385.429,0,0,4.11793e-12,-3.74346e-12
210,1,zone_1,-80.317,-385.429,0,0,4.11793e-12,-3.74346e-12
210,5,zone_2,-47.6187,-285.429,0,0,4.11793e-12,-3.74346e-12
210,5,zone_2,-47.6187,-285.429,0,0,4.11793e-12,-3.74346e-12
210,2,zone_1,-63.4916,-385.429,0,0,4.11793e-12,-3.74346e-12
210,2,zone_1,-63.4916,-385.429,0,0,4.11793e-12,-3.74346e-12
210,6,zone_3,-49.5237,-85.4288,0,0,4.11793e-12,-3.74346e-12
210,6,zone_3,-49.5237,-85.4288,0,0,4.11793e-12,-3.74346e-12
210,3,zone_2,-81.2695,-285.429,0,0,4.11793e-12,-3.74346e-12
210,3,zone_2,-81.2695,-285.429,0,0,4.11793e-12,-3.74346e-12
210,7,zone_3,-32.6983,-85.4288,0,0,4.11793e-12,-3.74346e-12
210,7,zone_3,-32.6983,-85.4288,0,0,4.11793e-12,-3.74346e-12
212,0,zone_1,-97.1424,-385.429,0,0,4.11793e-12,-3.74346e-12
212,0,zone_1,-97.1424,-385.429,0,0,4.11793e-12,-3.74346e-12
212,8,zone_3,-15.8729,-85.4288,0,0,4.11793e-12,-3.74346e-12
212,4,zone_2,-64.4441,-285.429,0,0,4.11793e-12,-3.74346e-12
212,8,zone_3,-15.8729,-85.4288,0,0,4.11793e-12,-3.74346e-12
212,4,zone_2,-64.4441,-285.429,0,0,4.11793e-12,-3.74346e-12
212,1,zone_1,-80.317,-385.429,0,0,4.11793e-12,-3.74346e-12
212,1,zone_1,-80.317,-385.429,0,0,4.11793e-12,-3.74346e-12
212,5,zone_2,-47.6187,-285.429,0,0,4.11793e-12,-3.74346e-12
212,5,zone_2,-47.6187,-285.429,0,0,4.11793e-12,-3.74346e-12
212,2,zone_1,-63.4916,-385.429,0,0,4.11793e-12,-3.74346e-12
212,2,zone_1,-63.4916,-385.429,0,0,4.11793e-12,-3.74346e-12
212,6,zone_3,-49.5237,-85.4288,0,0,4.11793e-12,-3.74346e-12
212,6,zone_3,-49.5237,-85.4288,0,0,4.11793e-12,-3.74346e-12
212,3,zone_2,-81.2695,-285.429,0,0,4.11793e-12,-3.74346e-12
212,3,zone_2,-81.2695,-285.429,0,0,4.11793e-12,-3.74346e-12
212,7,zone_3,-32.6983,-85.4288,0,0,4.11793e-12,-3.74346e-12
212,7,zone_3,-32.6983,-85.4288,0,0,4.11793e-12,-3.74346e-12
214,4,zone_2,-64.4441,-285.429,0,0,4.11793e-12,-3.74346e-12
214,8,zone_3,-15.8729,-85.4288,0,0,4.11793e-12,-3.74346e-12
214,4,zone_2,-64.4441,-285.429,0,0,4.11793e-12,-3.74346e-12
214,8,zone_3,-15.8729,-85.4288,0,0,4.11793e-12,-3.74346e-12
214,0,zone_1,-97.1424,-385.429,0,0,4.11793e-12,-3.74346e-12
214,0,zone_1,-97.1424,-385.429,0,0,4.11793e-12,-3.74346e-12
214,1,zone_1,-80.317,-385.429,0,0,4.11793e-12,-3.74346e-12
214,1,zone_1,-80.317,-385.429,0,0,4.11793e-12,-3.74346e-12
214,5,zone_2,-47.6187,-285.429,0,0,4.11793e-12,-3.74346e-12
214,5,zone_2,-47.6187,-285.429,0,0,4.11793e-12,-3.74346e-12
214,2,zone_1,-63.4916,-385.429,0,0,4.11793e-12,-3.74346e-12
214,2,zone_1,-63.4916,-385.429,0,0,4.11793e-12,-3.74346e-12
214,6,zone_3,-49.5237,-85.4288,0,0,4.11793e-12,-3.74346e-12
214,6,zone_3,-49.5237,-85.4288,0,0,4.11793e-12,-3.74346e-12
214,3,zone_2,-81.2695,-285.429,0,0,4.11793e-12,-3.74346e-12
214,3,zone_2,-81.2695,-285.429,0,0,4.11793e-12,-3.74346e-12
214,7,zone_3,-32.6983,-85.4288,0,0,4.11793e-12,-3.74346e-12
214,7,zone_3,-32.6983,-85.4288,0,0,4.11793e-12,-3.74346e-12
216,4,zone_2,-64.4441,-285.429,0,0,4.11793e-12,-3.74346e-12
216,8,zone_3,-15.8729,-85.4288,0,0,4.11793e-12,-3.74346e-12
216,4,zone_2,-64.4441,-285.429,0,0,4.11793e-12,-3.74346e-12
216,8,zone_3,-15.8729,-85.4288,0,0,4.11793e-12,-3.74346e-12
216,0,zone_1,-97.1424,-385.429,0,0,4.11793e-12,-3.74346e-12
216,0,zone_1,-97.1424,-385.429,0,0,4.11793e-12,-3.74346e-12
216,5,zone_2,-47.6187,-285.429,0,0,4.11793e-12,-3.74346e-12
216,5,zone_2,-47.6187,-285.429,0,0,4.11793e-12,-3.74346e-12
216,1,zone_1,-80.317,-385.429,0,0,4.11793e-12,-3.74346e-12
216,1,zone_1,-80.317,-385.429,0,0,4.11793e-12,-3.74346e-12
216,6,zone_3,-49.5237,-85.4288,0,0,4.11793e-12,-3.74346e-12
216,6,zone_3,-49.5237,-85.4288,0,0,4.11793e-12,-3.74346e-12
216,2,zone_1,-63.4916,-385.429,0,0,4.11793e-12,-3.74346e-12
216,2,zone_1,-63.4916,-385.429,0,0,4.11793e-12,-3.74346e-12
216,3,zone_2,-81.2695,-285.429,0,0,4.11793e-12,-3.74346e-12
216,3,zone_2,-81.2695,-285.429,0,0,4.11793e-12,-3.74346e-12
216,7,zone_3,-32.6983,-85.4288,0,0,4.11793e-12,-3.74346e-12
216,7,zone_3,-32.6983,-85.4288,0,0,4.11793e-12,-3.74346e-12
218,0,zone_1,-97.1424,-385.429,0,0,4.11793e-12,-3.74346e-12
218,0,zone_1,-97.1424,-385.429,0,0,4.11793e-12,-3.74346e-12
218,4,zone_2,-64.4441,-285.429,0,0,4.11793e-12,-3.74346e-12
218,4,zone_2,-64.4441,-285.429,0,0,4.11793e-12,-3.74346e-12
218,8,zone_3,-15.8729,-85.4288,0,0,4.11793e-12,-3.74346e-12
218,8,zone_3,-15.8729,-85.4288,0,0,4.11793e-12,-3.74346e-12
218,1,zone_1,-80.317,-385.429,0,0,4.11793e-12,-3.74346e-12
218,1,zone_1,-80.317,-385.429,0,0,4.11793e-12,-3.74346e-12
218,5,zone_2,-47.6187,-285.429,0,0,4.11793e-12,-3.74346e-12
218,5,zone_2,-47.6187,-285.429,0,0,4.11793e-12,-3.74346e-12
218,2,zone_1,-63.4916,-385.429,0,0,4.11793e-12,-3.74346e-12
218,2,zone_1,-63.4916,-385.429,0,0,4.11793e-12,-3.74346e-12
218,3,zone_2,-81.2695,-285.429,0,0,4.11793e-12,-3.74346e-12
218,3,zone_2,-81.2695,-285.429,0,0,4.11793e-12,-3.74346e-12
218,6,zone_3,-49.5237,-85.4288,0,0,4.11793e-12,-3.74346e-12
218,6,zone_3,-49.5237,-85.4288,0,0,4.11793e-12,-3.74346e-12
218,7,zone_3,-32.6983,-85.4288,0,0,4.11793e-12,-3.74346e-12
218,7,zone_3,-32.6983,-85.4288,0,0,4.11793e-12,-3.74346e-12
220,4,zone_2,-64.4441,-285.429,0,0,4.11793e-12,-3.74346e-12
220,8,zone_3,-15.8729,-85.4288,0,0,4.11793e-12,-3.74346e-12
220,4,zone_2,-64.4441,-285.429,0,0,4.11793e-12,-3.74346e-12
220,8,zone_3,-15.8729,-85.4288,0,0,4.11793e-12,-3.74346e-12
220,0,zone_1,-97.1424,-385.429,0,0,4.11793e-12,-3.74346e-12
220,0,zone_1,-97.1424,-385.429,0,0,4.11793e-12,-3.74346e-12
220,1,zone_1,-80.317,-385.429,0,0,4.11793e-12,-3.74346e-12
220,1,zone_1,-80.317,-385.429,0,0,4.11793e-12,-3.74346e-12
220,5,zone_2,-47.6187,-285.429,0,0,4.11793e-12,-3.74346e-12
220,5,zone_2,-47.6187,-285.429,0,0,4.11793e-12,-3.74346e-12
220,2,zone_1,-63.4916,-385.429,0,0,4.11793e-12,-3.74346e-12
220,2,zone_1,-63.4916,-385.429,0,0,4.11793e-12,-3.74346e-12
220,6,zone_3,-49.5237,-85.4288,0,0,4.11793e-12,-3.74346e-12
220,6,zone_3,-49.5237,-85.4288,0,0,4.11793e-12,-3.74346e-12
220,3,zone_2,-81.2695,-285.429,0,0,4.11793e-12,-3.74346e-12
220,3,zone_2,-81.2695,-285.429,0,0,4.11793e-12,-3.74346e-12
220,7,zone_3,-32.6983,-85.4288,0,0,4.11793e-12,-3.74346e-12
220,7,zone_3,-32.6983,-85.4288,0,0,4.11793e-12,-3.74346e-12
222,8,zone_3,-15.8729,-85.4288,0,0,4.11793e-12,-3.74346e-12
222,8,zone_3,-15.8729,-85.4288,0,0,4.11793e-12,-3.74346e-12
222,0,zone_1,-97.1424,-385.429,0,0,4.11793e-12,-3.74346e-12
222,0,zone_1,-97.1424,-385.429,0,0,4.11793e-12,-3.74346e-12
222,4,zone_2,-64.4441,-285.429,0,0,4.11793e-12,-3.74346e-12
222,4,zone_2,-64.4441,-285.429,0,0,4.11793e-12,-3.74346e-12
222,1,zone_1,-80.317,-385.429,0,0,4.11793e-12,-3.74346e-12
222,1,zone_1,-80.317,-385.429,0,0,4.11793e-12,-3.74346e-12
222,5,zone_2,-47.6187,-285.429,0,0,4.11793e-12,-3.74346e-12
222,5,zone_2,-47.6187,-285.429,0,0,4.11793e-12,-3.74346e-12
222,2,zone_1,-63.4916,-385.429,0,0,4.11793e-12,-3.74346e-12
222,2,zone_1,-63.4916,-385.429,0,0,4.11793e-12,-3.74346e-12
222,6,zone_3,-49.5237,-85.4288,0,0,4.11793e-12,-3.74346e-12
222,6,zone_3,-49.5237,-85.4288,0,0,4.11793e-12,-3.74346e-12
222,3,zone_2,-81.2695,-285.429,0,0,4.11793e-12,-3.74346e-12
222,3,zone_2,-81.2695,-285.429,0,0,4.11793e-12,-3.74346e-12
222,7,zone_3,-32.6983,-85.4288,0,0,4.11793e-12,-3.74346e-12
222,7,zone_3,-32.6983,-85.4288,0,0,4.11793e-12,-3.74346e-12
224,4,zone_2,-64.4441,-285.429,0,0,4.11793e-12,-3.74346e-12
224,4,zone_2,-64.4441,-285.429,0,0,4.11793e-12,-3.74346e-12
224,8,zone_3,-15.8729,-85.4288,0,0,4.11793e-12,-3.74346e-12
224,0,zone_1,-97.1424,-385.429,0,0,4.11793e-12,-3.74346e-12
224,8,zone_3,-15.8729,-85.4288,0,0,4.11793e-12,-3.74346e-12
224,0,zone_1,-97.1424,-385.429,0,0,4.11793e-12,-3.74346e-12
224,5,zone_2,-47.6187,-285.429,0,0,4.11793e-12,-3.74346e-12
224,5,zone_2,-47.6187,-285.429,0,0,4.11793e-12,-3.74346e-12
224,1,zone_1,-80.317,-385.429,0,0,4.11793e-12,-3.74346e-12
224,1,zone_1,-80.317,-385.429,0,0,4.11793e-12,-3.74346e-12
224,2,zone_1,-63.4916,-385.429,0,0,4.11793e-12,-3.74346e-12
224,2,zone_1,-63.4916,-385.429,0,0,4.11793e-12,-3.74346e-12
224,6,zone_3,-49.5237,-85.4288,0,0,4.11793e-12,-3.74346e-12
224,6,zone_3,-49.5237,-85.4288,0,0,4.11793e-12,-3.74346e-12
224,7,zone_3,-32.6983,-85.4288,0,0,4.11793e-12,-3.74346e-12
224,7,zone_3,-32.6983,-85.4288,0,0,4.11793e-12,-3.74346e-12
224,3,zone_2,-81.2695,-285.429,0,0,4.11793e-12,-3.74346e-12
224,3,zone_2,-81.2695,-285.429,0,0,4.11793e-12,-3.74346e-12
226,8,zone_3,-15.8729,-85.4288,0,0,4.11793e-12,-3.74346e-12
226,8,zone_3,-15.8729,-85.4288,0,0,4.11793e-12,-3.74346e-12
226,0,zone_1,-97.1424,-385.429,0,0,4.11793e-12,-3.74346e-12
226,0,zone_1,-97.1424,-385.429,0,0,4.11793e-12,-3.74346e-12
226,4,zone_2,-64.4441,-285.429,0,0,4.11793e-12,-3.74346e-12
226,4,zone_2,-64.4441,-285.429,0,0,4.11793e-12,-3.74346e-12
226,1,zone_1,-80.317,-385.429,0,0,4.11793e-12,-3.74346e-12
226,1,zone_1,-80.317,-385.429,0,0,4.11793e-12,-3.74346e-12
226,5,zone_2,-47.6187,-285.429,0,0,4.11793e-12,-3.74346e-12
226,5,zone_2,-47.6187,-285.429,0,0,4.11793e-12,-3.74346e-12
226,2,zone_1,-63.4916,-385.429,0,0,4.11793e-12,-3.74346e-12
226,2,zone_1,-63.4916,-385.429,0,0,4.11793e-12,-3.74346e-12
226,6,zone_3,-49.5237,-85.4288,0,0,4.11793e-12,-3.74346e-12
226,6,zone_3,-49.5237,-85.4288,0,0,4.11793e-12,-3.74346e-12
226,3,zone_2,-81.2695,-285.429,0,0,4.11793e-12,-3.74346e-12
226,3,zone_2,-81.2695,-285.429,0,0,4.11793e-12,-3.74346e-12
226,7,zone_3,-32.6983,-85.4288,0,0,4.11793e-12,-3.74346e-12
226,7,zone_3,-32.6983,-85.4288,0,0,4.11793e-12,-3.74346e-12
228,4,zone_2,-64.4441,-285.429,0,0,4.11793e-12,-3.74346e-12
228,0,zone_1,-97.1424,-385.429,0,0,4.11793e-12,-3.74346e-12
228,0,zone_1,-97.1424,-385.429,0,0,4.11793e-12,-3.74346e-12
228,4,zone_2,-64.4441,-285.429,0,0,4.11793e-12,-3.74346e-12
228,8,zone_3,-15.8729,-85.4288,0,0,4.11793e-12,-3.74346e-12
228,8,zone_3,-15.8729,-85.4288,0,0,4.11793e-12,-3.74346e-12
228,1,zone_1,-80.317,-385.429,0,0,4.11793e-12,-3.74346e-12
228,5,zone_2,-47.6187,-285.429,0,0,4.11793e-12,-3.74346e-12
228,1,zone_1,-80.317,-385.429,0,0,4.11793e-12,-3.74346e-12
228,5,zone_2,-47.6187,-285.429,0,0,4.11793e-12,-3.74346e-12
228,2,zone_1,-63.4916,-385.429,0,0,4.11793e-12,-3.74346e-12
228,2,zone_1,-63.4916,-385.429,0,0,4.11793e-12,-3.74346e-12
228,6,zone_3,-49.5237,-85.4288,0,0,4.11793e-12,-3.74346e-12
228,6,zone_3,-49.5237,-85.4288,0,0,4.11793e-12,-3.74346e-12
228,3,zone_2,-81.2695,-285.429,0,0,4.11793e-12,-3.74346e-12
228,3,zone_2,-81.2695,-285.429,0,0,4.11793e-12,-3.74346e-12
228,7,zone_3,-32.6983,-85.4288,0,0,4.11793e-12,-3.74346e-12
228,7,zone_3,-32.6983,-85.4288,0,0,4.11793e-12,-3.74346e-12
230,8,zone_3,-15.8729,-85.4288,0,0,4.11793e-12,-3.74346e-12
230,8,zone_3,-15.8729,-85.4288,0,0,4.11793e-12,-3.74346e-12
230,0,zone_1,-97.1424,-385.429,0,0,4.11793e-12,-3.74346e-12
230,0,zone_1,-97.1424,-385.429,0,0,4.11793e-12,-3.74346e-12
230,4,zone_2,-64.4441,-285.429,0,0,4.11793e-12,-3.74346e-12
230,4,zone_2,-64.4441,-285.429,0,0,4.11793e-12,-3.74346e-12
230,5,zone_2,-47.6187,-285.429,0,0,4.11793e-12,-3.74346e-12
230,5,zone_2,-47.6187,-285.429,0,0,4.11793e-12,-3.74346e-12
230,1,zone_1,-80.317,-385.429,0,0,4.11793e-12,-3.74346e-12
230,1,zone_1,-80.317,-385.429,0,0,4.11793e-12,-3.74346e-12
230,6,zone_3,-49.5237,-85.4288,0,0,4.11793e-12,-3.74346e-12
230,6,zone_3,-49.5237,-85.4288,0,0,4.11793e-12,-3.74346e-12
230,2,zone_1,-63.4916,-385.429,0,0,4.11793e-12,-3.74346e-12
230,2,zone_1,-63.4916,-385.429,0,0,4.11793e-12,-3.74346e-12
230,3,zone_2,-81.2695,-285.429,0,0,4.11793e-12,-3.74346e-12
230,3,zone_2,-81.2695,-285.429,0,0,4.11793e-12,-3.74346e-12
230,7,zone_3,-32.6983,-85.4288,0,0,4.11793e-12,-3.74346e-12
230,7,zone_3,-32.6983,-85.4288,0,0,4.11793e-12,-3.74346e-12
232,4,zone_2,-64.4441,-285.429,0,0,4.11793e-12,-3.74346e-12
232,4,zone_2,-64.4441,-285.429,0,0,4.11793e-12,-3.74346e-12
232,0,zone_1,-97.1424,-385.429,0,0,4.11793e-12,-3.74346e-12
232,0,zone_1,-97.1424,-385.429,0,0,4.11793e-12,-3.74346e-12
232,8,zone_3,-15.8729,-85.4288,0,0,4.11793e-12,-3.74346e-12
232,8,zone_3,-15.8729,-85.4288,0,0,4.11793e-12,-3.74346e-12
232,5,zone_2,-47.6187,-285.429,0,0,4.11793e-12,-3.74346e-12
232,5,zone_2,-47.6187,-285.429,0,0,4.11793e-12,-3.74346e-12
232,1,zone_1,-80.317,-385.429,0,0,4.11793e-12,-3.74346e-12
232,1,zone_1,-80.317,-385.429,0,0,4.11793e-12,-3.74346e-12
232,2,zone_1,-63.4916,-385.429,0,0,4.11793e-12,-3.74346e-12
232,2,zone_1,-63.4916,-385.429,0,0,4.11793e-12,-3.74346e-12
232,6,zone_3,-49.5237,-85.4288,0,0,4.11793e-12,-3.74346e-12
232,6,zone_3,-49.5237,-85.4288,0,0,4.11793e-12,-3.74346e-12
232,3,zone_2,-81.2695,-285.429,0,0,4.11793e-12,-3.74346e-12
232,3,zone_2,-81.2695,-285.429,0,0,4.11793e-12,-3.74346e-12
232,7,zone_3,-32.6983,-85.4288,0,0,4.11793e-12,-3.74346e-12
232,7,zone_3,-32.6983,-85.4288,0,0,4.11793e-12,-3.74346e-12
234,0,zone_1,-97.1424,-385.429,0,0,4.11793e-12,-3.74346e-12
234,8,zone_3,-15.8729,-85.4288,0,0,4.11793e-12,-3.74346e-12
234,0,zone_1,-97.1424,-385.429,0,0,4.11793e-12,-3.74346e-12
234,8,zone_3,-15.8729,-85.4288,0,0,4.11793e-12,-3.74346e-12
234,4,zone_2,-64.4441,-285.429,0,0,4.11793e-12,-3.74346e-12
234,4,zone_2,-64.4441,-285.429,0,0,4.11793e-12,-3.74346e-12
234,1,zone_1,-80.317,-385.429,0,0,4.11793e-12,-3.74346e-12
234,1,zone_1,-80.317,-385.429,0,0,4.11793e-12,-3.74346e-12
234,5,zone_2,-47.6187,-285.429,0,0,4.11793e-12,-3.74346e-12
234,5,zone_2,-47.6187,-285.429,0,0,4.11793e-12,-3.74346e-12
234,2,zone_1,-63.4916,-385.429,0,0,4.11793e-12,-3.74346e-12
234,2,zone_1,-63.4916,-385.429,0,0,4.11793e-12,-3.74346e-12
234,6,zone_3,-49.5237,-85.4288,0,0,4.11793e-12,-3.74346e-12
234,6,zone_3,-49.5237,-85.4288,0,0,4.11793e-12,-3.74346e-12
234,3,zone_2,-81.2695,-285.429,0,0,4.11793e-12,-3.74346e-12
234,3,zone_2,-81.2695,-285.429,0,0,4.11793e-12,-3.74346e-12
234,7,zone_3,-32.6983,-85.4288,0,0,4.11793e-12,-3.74346e-12
234,7,zone_3,-32.6983,-85.4288,0,0,4.11793e-12,-3.74346e-12
236,0,zone_1,-97.1424,-385.429,0,0,4.11793e-12,-3.74346e-12
236,0,zone_1,-97.1424,-385.429,0,0,4.11793e-12,-3.74346e-12
236,8,zone_3,-15.8729,-85.4288,0,0,4.11793e-12,-3.74346e-12
236,8,zone_3,-15.8729,-85.4288,0,0,4.11793e-12,-3.74346e-12
236,4,zone_2,-64.4441,-285.429,0,0,4.11793e-12,-3.74346e-12
236,4,zone_2,-64.4441,-285.429,0,0,4.11793e-12,-3.74346e-12
236,1,zone_1,-80.317,-385.429,0,0,4.11793e-12,-3.74346e-12
236,1,zone_1,-80.317,-385.429,0,0,4.11793e-12,-3.74346e-12
236,5,zone_2,-47.6187,-285.429,0,0,4.11793e-12,-3.74346e-12
236,5,zone_2,-47.6187,-285.429,0,0,4.11793e-12,-3.74346e-12
236,2,zone_1,-63.4916,-385.429,0,0,4.11793e-12,-3.74346e-12
236,2,zone_1,-63.4916,-385.429,0,0,4.11793e-12,-3.74346e-12
236,6,zone_3,-49.5237,-85.4288,0,0,4.11793e-12,-3.74346e-12
236,6,zone_3,-49.5237,-85.4288,0,0,4.11793e-12,-3.74346e-12
236,3,zone_2,-81.2695,-285.429,0,0,4.11793e-12,-3.74346e-12
236,3,zone_2,-81.2695,-285.429,0,0,4.11793e-12,-3.74346e-12
236,7,zone_3,-32.6983,-85.4288,0,0,4.11793e-12,-3.74346e-12
236,7,zone_3,-32.6983,-85.4288,0,0,4.11793e-12,-3.74346e-12
238,0,zone_1,-97.1424,-385.429,0,0,4.11793e-12,-3.74346e-12
238,0,zone_1,-97.1424,-385.429,0,0,4.11793e-12,-3.74346e-12
238,8,zone_3,-15.8729,-85.4288,0,0,4.11793e-12,-3.74346e-12
238,8,zone_3,-15.8729,-85.4288,0,0,4.11793e-12,-3.74346e-12
238,4,zone_2,-64.4441,-285.429,0,0,4.11793e-12,-3.74346e-12
238,4,zone_2,-64.4441,-285.429,0,0,4.11793e-12,-3.74346e-12
238,1,zone_1,-80.317,-385.429,0,0,4.11793e-12,-3.74346e-12
238,1,zone_1,-80.317,-385.429,0,0,4.11793e-12,-3.74346e-12
238,5,zone_2,-47.6187,-285.429,0,0,4.11793e-12,-3.74346e-12
238,5,zone_2,-47.6187,-285.429,0,0,4.11793e-12,-3.74346e-12
238,2,zone_1,-63.4916,-385.429,0,0,4.11793e-12,-3.74346e-12
238,2,zone_1,-63.4916,-385.429,0,0,4.11793e-12,-3.74346e-12
238,3,zone_2,-81.2695,-285.429,0,0,4.11793e-12,-3.74346e-12
238,6,zone_3,-49.5237,-85.4288,0,0,4.11793e-12,-3.74346e-12
238,3,zone_2,-81.2695,-285.429,0,0,4.11793e-12,-3.74346e-12
238,6,zone_3,-49.5237,-85.4288,0,0,4.11793e-12,-3.74346e-12
238,7,zone_3,-32.6983,-85.4288,0,0,4.11793e-12,-3.74346e-12
238,7,zone_3,-32.6983,-85.4288,0,0,4.11793e-12,-3.74346e-12
240,8,zone_3,-15.8729,-85.4288,0,0,4.11793e-12,-3.74346e-12
240,0,zone_1,-97.1424,-385.429,0,0,4.11793e-12,-3.74346e-12
240,0,zone_1,-97.1424,-385.429,0,0,4.11793e-12,-3.74346e-12
240,8,zone_3,-15.8729,-85.4288,0,0,4.11793e-12,-3.74346e-12
240,4,zone_2,-64.4441,-285.429,0,0,4.11793e-12,-3.74346e-12
240,4,zone_2,-64.4441,-285.429,0,0,4.11793e-12,-3.74346e-12
240,5,zone_2,-47.6187,-285.429,0,0,4.11793e-12,-3.74346e-12
240,1,zone_1,-80.317,-385.429,0,0,4.11793e-12,-3.74346e-12
240,5,zone_2,-47.6187,-285.429,0,0,4.11793e-12,-3.74346e-12
240,1,zone_1,-80.317,-385.429,0,0,4.11793e-12,-3.74346e-12
240,2,zone_1,-63.4916,-385.429,0,0,4.11793e-12,-3.74346e-12
240,2,zone_1,-63.4916,-385.429,0,0,4.11793e-12,-3.74346e-12
240,6,zone_3,-49.5237,-85.4288,0,0,4.11793e-12,-3.74346e-12
240,6,zone_3,-49.5237,-85.4288,0,0,4.11793e-12,-3.74346e-12
240,3,zone_2,-81.2695,-285.429,0,0,4.11793e-12,-3.74346e-12
240,3,zone_2,-81.2695,-285.429,0,0,4.11793e-12,-3.74346e-12
240,7,zone_3,-32.6983,-85.4288,0,0,4.11793e-12,-3.74346e-12
240,7,zone_3,-32.6983,-85.4288,0,0,4.11793e-12,-3.74346e-12
242,0,zone_1,-97.1424,-385.429,0,0,4.11793e-12,-3.74346e-12
242,0,zone_1,-97.1424,-385.429,0,0,4.11793e-12,-3.74346e-12
242,8,zone_3,-15.8729,-85.4288,0,0,4.11793e-12,-3.74346e-12
242,4,zone_2,-64.4441,-285.429,0,0,4.11793e-12,-3.74346e-12
242,8,zone_3,-15.8729,-85.4288,0,0,4.11793e-12,-3.74346e-12
242,4,zone_2,-64.4441,-285.429,0,0,4.11793e-12,-3.74346e-12
242,1,zone_1,-80.317,-385.429,0,0,4.11793e-12,-3.74346e-12
242,1,zone_1,-80.317,-385.429,0,0,4.11793e-12,-3.74346e-12
242,2,zone_1,-63.4916,-385.429,0,0,4.11793e-12,-3.74346e-12
242,5,zone_2,-47.6187,-285.429,0,0,4.11793e-12,-3.74346e-12
242,2,zone_1,-63.4916,-385.429,0,0,4.11793e-12,-3.74346e-12
242,5,zone_2,-47.6187,-285.429,0,0,4.11793e-12,-3.74346e-12
242,3,zone_2,-81.2695,-285.429,0,0,4.11793e-12,-3.74346e-12
242,3,zone_2,-81.2695,-285.429,0,0,4.11793e-12,-3.74346e-12
242,6,zone_3,-49.5237,-85.4288,0,0,4.11793e-12,-3.74346e-12
242,6,zone_3,-49.5237,-85.4288,0,0,4.11793e-12,-3.74346e-12
242,7,zone_3,-32.6983,-85.4288,0,0,4.11793e-12,-3.74346e-12
242,7,zone_3,-32.6983,-85.4288,0,0,4.11793e-12,-3.74346e-12
244,4,zone_2,-64.4441,-285.429,0,0,4.11793e-12,-3.74346e-12
244,4,zone_2,-64.4441,-285.429,0,0,4.11793e-12,-3.74346e-12
244,0,zone_1,-97.1424,-385.429,0,0,4.11793e-12,-3.74346e-12
244,0,zone_1,-97.1424,-385.429,0,0,4.11793e-12,-3.74346e-12
244,8,zone_3,-15.8729,-85.4288,0,0,4.11793e-12,-3.74346e-12
244,8,zone_3,-15.8729,-85.4288,0,0,4.11793e-12,-3.74346e-12
244,1,zone_1,-80.317,-385.429,0,0,4.11793e-12,-3.74346e-12
244,1,zone_1,-80.317,-385.429,0,0,4.11793e-12,-3.74346e-12
244,5,zone_2,-47.6187,-285.429,0,0,4.11793e-12,-3.74346e-12
244,5,zone_2,-47.6187,-285.429,0,0,4.11793e-12,-3.74346e-12
244,2,zone_1,-63.4916,-385.429,0,0,4.11793e-12,-3.74346e-12
244,2,zone_1,-63.4916,-385.429,0,0,4.11793e-12,-3.74346e-12
244,6,zone_3,-49.5237,-85.4288,0,0,4.11793e-12,-3.74346e-12
244,6,zone_3,-49.5237,-85.4288,0,0,4.11793e-12,-3.74346e-12
244,3,zone_2,-81.2695,-285.429,0,0,4.11793e-12,-3.74346e-12
244,3,zone_2,-81.2695,-285.429,0,0,4.11793e-12,-3.74346e-12
244,7,zone_3,-32.6983,-85.4288,0,0,4.11793e-12,-3.74346e-12
244,7,zone_3,-32.6983,-85.4288,0,0,4.11793e-12,-3.74346e-12
246,0,zone_1,-97.1424,-385.429,0,0,4.11793e-12,-3.74346e-12
246,0,zone_1,-97.1424,-385.429,0,0,4.11793e-12,-3.74346e-12
246,8,zone_3,-15.8729,-85.4288,0,0,4.11793e-12,-3.74346e-12
246,8,zone_3,-15.8729,-85.4288,0,0,4.11793e-12,-3.74346e-12
246,4,zone_2,-64.4441,-285.429,0,0,4.11793e-12,-3.74346e-12
246,4,zone_2,-64.4441,-285.429,0,0,4.11793e-12,-3.74346e-12
246,1,zone_1,-80.317,-385.429,0,0,4.11793e-12,-3.74346e-12
246,1,zone_1,-80.317,-385.429,0,0,4.11793e-12,-3.74346e-12
246,2,zone_1,-63.4916,-385.429,0,0,4.11793e-12,-3.74346e-12
246,2,zone_1,-63.4916,-385.429,0,0,4.11793e-12,-3.74346e-12
246,5,zone_2,-47.6187,-285.429,0,0,4.11793e-12,-3.74346e-12
246,5,zone_2,-47.6187,-285.429,0,0,4.11793e-12,-3.74346e-12
246,3,zone_2,-81.2695,-285.429,0,0,4.11793e-12,-3.74346e-12
246,3,zone_2,-81.2695,-285.429,0,0,4.11793e-12,-3.74346e-12
246,6,zone_3,-49.5237,-85.4288,0,0,4.11793e-12,-3.74346e-12
246,6,zone_3,-49.5237,-85.4288,0,0,4.11793e-12,-3.74346e-12
246,7,zone_3,-32.6983,-85.4288,0,0,4.11793e-12,-3.74346e-12
246,7,zone_3,-32.6983,-85.4288,0,0,4.11793e-12,-3.74346e-12
248,0,zone_1,-97.1424,-385.429,0,0,4.11793e-12,-3.74346e-12
248,0,zone_1,-97.1424,-385.429,0,0,4.11793e-12,-3.74346e-12
248,8,zone_3,-15.8729,-85.4288,0,0,4.11793e-12,-3.74346e-12
248,8,zone_3,-15.8729,-85.4288,0,0,4.11793e-12,-3.74346e-12
248,4,zone_2,-64.4441,-285.429,0,0,4.11793e-12,-3.74346e-12
248,4,zone_2,-64.4441,-285.429,0,0,4.11793e-12,-3.74346e-12
248,1,zone_1,-80.317,-385.429,0,0,4.11793e-12,-3.74346e-12
248,1,zone_1,-80.317,-385.429,0,0,4.11793e-12,-3.74346e-12
248,5,zone_2,-47.6187,-285.429,0,0,4.11793e-12,-3.74346e-12
248,2,zone_1,-63.4916,-385.429,0,0,4.11793e-12,-3.74346e-12
248,2,zone_1,-63.4916,-385.429,0,0,4.11793e-12,-3.74346e-12
248,5,zone_2,-47.6187,-285.429,0,0,4.11793e-12,-3.74346e-12
248,6,zone_3,-49.5237,-85.4288,0,0,4.11793e-12,-3.74346e-12
248,6,zone_3,-49.5237,-85.4288,0,0,4.11793e-12,-3.74346e-12
248,3,zone_2,-81.2695,-285.429,0,0,4.11793e-12,-3.74346e-12
248,3,zone_2,-81.2695,-285.429,0,0,4.11793e-12,-3.74346e-12
248,7,zone_3,-32.6983,-85.4288,0,0,4.11793e-12,-3.74346e-12
248,7,zone_3,-32.6983,-85.4288,0,0,4.11793e-12,-3.74346e-12
250,4,zone_2,-64.4441,-285.429,0,0,4.11793e-12,-3.74346e-12
250,4,zone_2,-64.4441,-285.429,0,0,4.11793e-12,-3.74346e-12
250,8,zone_3,-15.8729,-85.4288,0,0,4.11793e-12,-3.74346e-12
250,8,zone_3,-15.8729,-85.4288,0,0,4.11793e-12,-3.74346e-12
250,0,zone_1,-97.1424,-385.429,0,0,4.11793e-12,-3.74346e-12
250,0,zone_1,-97.1424,-385.429,0,0,4.11793e-12,-3.74346e-12
250,1,zone_1,-80.317,-385.429,0,0,4.11793e-12,-3.74346e-12
250,1,zone_1,-80.317,-385.429,0,0,4.11793e-12,-3.74346e-12
250,5,zone_2,-47.6187,-285.429,0,0,4.11793e-12,-3.74346e-12
250,5,zone_2,-47.6187,-285.429,0,0,4.11793e-12,-3.74346e-12
250,2,zone_1,-63.4916,-385.429,0,0,4.11793e-12,-3.74346e-12
250,2,zone_1,-63.4916,-385.429,0,0,4.11793e-12,-3.74346e-12
250,6,zone_3,-49.5237,-85.4288,0,0,4.11793e-12,-3.74346e-12
250,6,zone_3,-49.5237,-85.4288,0,0,4.11793e-12,-3.74346e-12
250,3,zone_2,-81.2695,-285.429,0,0,4.11793e-12,-3.74346e-12
250,3,zone_2,-81.2695,-285.429,0,0,4.11793e-12,-3.74346e-12
250,7,zone_3,-32.6983,-85.4288,0,0,4.11793e-12,-3.74346e-12
250,7,zone_3,-32.6983,-85.4288,0,0,4.11793e-12,-3.74346e-12
252,0,zone_1,-97.1424,-385.429,0,0,4.11793e-12,-3.74346e-12
252,0,zone_1,-97.1424,-385.429,0,0,4.11793e-12,-3.74346e-12
252,8,zone_3,-15.8729,-85.4288,0,0,4.11793e-12,-3.74346e-12
252,8,zone_3,-15.8729,-85.4288,0,0,4.11793e-12,-3.74346e-12
252,4,zone_2,-64.4441,-285.429,0,0,4.11793e-12,-3.74346e-12
252,4,zone_2,-64.4441,-285.429,0,0,4.11793e-12,-3.74346e-12
252,1,zone_1,-80.317,-385.429,0,0,4.11793e-12,-3.74346e-12
252,1,zone_1,-80.317,-385.429,0,0,4.11793e-12,-3.74346e-12
252,5,zone_2,-47.6187,-285.429,0,0,4.11793e-12,-3.74346e-12
252,5,zone_2,-47.6187,-285.429,0,0,4.11793e-12,-3.74346e-12
252,2,zone_1,-63.4916,-385.429,0,0,4.11793e-12,-3.74346e-12
252,2,zone_1,-63.4916,-385.429,0,0,4.11793e-12,-3.74346e-12
252,3,zone_2,-81.2695,-285.429,0,0,4.11793e-12,-3.74346e-12
252,3,zone_2,-81.2695,-285.429,0,0,4.11793e-12,-3.74346e-12
252,6,zone_3,-49.5237,-85.4288,0,0,4.11793e-12,-3.74346e-12
252,6,zone_3,-49.5237,-85.4288,0,0,4.11793e-12,-3.74346e-12
252,7,zone_3,-32.6983,-85.4288,0,0,4.11793e-12,-3.74346e-12
252,7,zone_3,-32.6983,-85.4288,0,0,4.11793e-12,-3.74346e-12
254,0,zone_1,-97.1424,-385.429,0,0,4.11793e-12,-3.74346e-12
254,0,zone_1,-97.1424,-385.429,0,0,4.11793e-12,-3.74346e-12
254,8,zone_3,-15.8729,-85.4288,0,0,4.11793e-12,-3.74346e-12
254,8,zone_3,-15.8729,-85.4288,0,0,4.11793e-12,-3.74346e-12
254,4,zone_2,-64.4441,-285.429,0,0,4.11793e-12,-3.74346e-12
254,4,zone_2,-64.4441,-285.429,0,0,4.11793e-12,-3.74346e-12
254,1,zone_1,-80.317,-385.429,0,0,4.11793e-12,-3.74346e-12
254,1,zone_1,-80.317,-385.429,0,0,4.11793e-12,-3.74346e-12
254,5,zone_2,-47.6187,-285.429,0,0,4.11793e-12,-3.74346e-12
254,5,zone_2,-47.6187,-285.429,0,0,4.11793e-12,-3.74346e-12
254,2,zone_1,-63.4916,-385.429,0,0,4.11793e-12,-3.74346e-12
254,2,zone_1,-63.4916,-385.429,0,0,4.11793e-12,-3.74346e-12
254,6,zone_3,-49.5237,-85.4288,0,0,4.11793e-12,-3.74346e-12
254,6,zone_3,-49.5237,-85.4288,0,0,4.11793e-12,-3.74346e-12
254,3,zone_2,-81.2695,-285.429,0,0,4.11793e-12,-3.74346e-12
254,3,zone_2,-81.2695,-285.429,0,0,4.11793e-12,-3.74346e-12
254,7,zone_3,-32.6983,-85.4288,0,0,4.11793e-12,-3.74346e-12
254,7,zone_3,-32.6983,-85.4288,0,0,4.11793e-12,-3.74346e-12
256,4,zone_2,-64.4441,-285.429,0,0,4.11793e-12,-3.74346e-12
256,4,zone_2,-64.4441,-285.429,0,0,4.11793e-12,-3.74346e-12
256,0,zone_1,-97.1424,-385.429,0,0,4.11793e-12,-3.74346e-12
256,0,zone_1,-97.1424,-385.429,0,0,4.11793e-12,-3.74346e-12
256,8,zone_3,-15.8729,-85.4288,0,0,4.11793e-12,-3.74346e-12
256,8,zone_3,-15.8729,-85.4288,0,0,4.11793e-12,-3.74346e-12
256,1,zone_1,-80.317,-385.429,0,0,4.11793e-12,-3.74346e-12
256,1,zone_1,-80.317,-385.429,0,0,4.11793e-12,-3.74346e-12
256,5,zone_2,-47.6187,-285.429,0,0,4.11793e-12,-3.74346e-12
256,5,zone_2,-47.6187,-285.429,0,0,4.11793e-12,-3.74346e-12
256,2,zone_1,-63.4916,-385.429,0,0,4.11793e-12,-3.74346e-12
256,2,zone_1,-63.4916,-385.429,0,0,4.11793e-12,-3.74346e-12
256,6,zone_3,-49.5237,-85.4288,0,0,4.11793e-12,-3.74346e-12
256,6,zone_3,-49.5237,-85.4288,0,0,4.11793e-12,-3.74346e-12
256,3,zone_2,-81.2695,-285.429,0,0,4.11793e-12,-3.74346e-12
256,3,zone_2,-81.2695,-285.429,0,0,4.11793e-12,-3.74346e-12
256,7,zone_3,-32.6983,-85.4288,0,0,4.11793e-12,-3.74346e-12
256,7,zone_3,-32.6983,-85.4288,0,0,4.11793e-12,-3.74346e-12
258,8,zone_3,-15.8729,-85.4288,0,0,4.11793e-12,-3.74346e-12
258,8,zone_3,-15.8729,-85.4288,0,0,4.11793e-12,-3.74346e-12
258,0,zone_1,-97.1424,-385.429,0,0,4.11793e-12,-3.74346e-12
258,0,zone_1,-97.1424,-385.429,0,0,4.11793e-12,-3.74346e-12
258,4,zone_2,-64.4441,-285.429,0,0,4.11793e-12,-3.74346e-12
258,4,zone_2,-64.4441,-285.429,0,0,4.11793e-12,-3.74346e-12
258,1,zone_1,-80.317,-385.429,0,0,4.11793e-12,-3.74346e-12
258,1,zone_1,-80.317,-385.429,0,0,4.11793e-12,-3.74346e-12
258,5,zone_2,-47.6187,-285.429,0,0,4.11793e-12,-3.74346e-12
258,5,zone_2,-47.6187,-285.429,0,0,4.11793e-12,-3.74346e-12
258,2,zone_1,-63.4916,-385.429,0,0,4.11793e-12,-3.74346e-12
258,2,zone_1,-63.4916,-385.429,0,0,4.11793e-12,-3.74346e-12
258,6,zone_3,-49.5237,-85.4288,0,0,4.11793e-12,-3.74346e-12
258,6,zone_3,-49.5237,-85.4288,0,0,4.11793e-12,-3.74346e-12
258,3,zone_2,-81.2695,-285.429,0,0,4.11793e-12,-3.74346e-12
258,3,zone_2,-81.2695,-285.429,0,0,4.11793e-12,-3.74346e-12
258,7,zone_3,-32.6983,-85.4288,0,0,4.11793e-12,-3.74346e-12
258,7,zone_3,-32.6983,-85.4288,0,0,4.11793e-12,-3.74346e-12
260,0,zone_1,-97.1424,-385.429,0,0,4.11793e-12,-3.74346e-12
260,0,zone_1,-97.1424,-385.429,0,0,4.11793e-12,-3.74346e-12
260,4,zone_2,-64.4441,-285.429,0,0,4.11793e-12,-3.74346e-12
260,4,zone_2,-64.4441,-285.429,0,0,4.11793e-12,-3.74346e-12
260,8,zone_3,-15.8729,-85.4288,0,0,4.11793e-12,-3.74346e-12
260,8,zone_3,-15.8729,-85.4288,0,0,4.11793e-12,-3.74346e-12
260,1,zone_1,-80.317,-385.429,0,0,4.11793e-12,-3.74346e-12
260,1,zone_1,-80.317,-385.429,0,0,4.11793e-12,-3.74346e-12
260,5,zone_2,-47.6187,-285.429,0,0,4.11793e-12,-3.74346e-12
260,5,zone_2,-47.6187,-285.429,0,0,4.11793e-12,-3.74346e-12
260,2,zone_1,-63.4916,-385.429,0,0,4.11793e-12,-3.74346e-12
260,2,zone_1,-63.4916,-385.429,0,0,4.11793e-12,-3.74346e-12
260,6,zone_3,-49.5237,-85.4288,0,0,4.11793e-12,-3.74346e-12
260,6,zone_3,-49.5237,-85.4288,0,0,4.11793e-12,-3.74346e-12
260,3,zone_2,-81.2695,-285.429,0,0,4.11793e-12,-3.74346e-12
260,3,zone_2,-81.2695,-285.429,0,0,4.11793e-12,-3.74346e-12
260,7,zone_3,-32.6983,-85.4288,0,0,4.11793e-12,-3.74346e-12
260,7,zone_3,-32.6983,-85.4288,0,0,4.11793e-12,-3.74346e-12
262,0,zone_1,-97.1424,-385.429,0,0,4.11793e-12,-3.74346e-12
262,0,zone_1,-97.1424,-385.429,0,0,4.11793e-12,-3.74346e-12
262,8,zone_3,-15.8729,-85.4288,0,0,4.11793e-12,-3.74346e-12
262,8,zone_3,-15.8729,-85.4288,0,0,4.11793e-12,-3.74346e-12
262,4,zone_2,-64.4441,-285.429,0,0,4.11793e-12,-3.74346e-12
262,4,zone_2,-64.4441,-285.429,0,0,4.11793e-12,-3.74346e-12
262,1,zone_1,-80.317,-385.429,0,0,4.11793e-12,-3.74346e-12
262,1,zone_1,-80.317,-385.429,0,0,4.11793e-12,-3.74346e-12
262,5,zone_2,-47.6187,-285.429,0,0,4.11793e-12,-3.74346e-12
262,5,zone_2,-47.6187,-285.429,0,0,4.11793e-12,-3.74346e-12
262,2,zone_1,-63.4916,-385.429,0,0,4.11793e-12,-3.74346e-12
262,2,zone_1,-63.4916,-385.429,0,0,4.11793e-12,-3.74346e-12
262,6,zone_3,-49.5237,-85.4288,0,0,4.11793e-12,-3.74346e-12
262,6,zone_3,-49.5237,-85.4288,0,0,4.11793e-12,-3.74346e-12
262,3,zone_2,-81.2695,-285.429,0,0,4.11793e-12,-3.74346e-12
262,3,zone_2,-81.2695,-285.429,0,0,4.11793e-12,-3.74346e-12
262,7,zone_3,-32.6983,-85.4288,0,0,4.11793e-12,-3.74346e-12
262,7,zone_3,-32.6983,-85.4288,0,0,4.11793e-12,-3.74346e-12
264,8,zone_3,-15.8729,-85.4288,0,0,4.11793e-12,-3.74346e-12
264,8,zone_3,-15.8729,-85.4288,0,0,4.11793e-12,-3.74346e-12
264,0,zone_1,-97.1424,-385.429,0,0,4.11793e-12,-3.74346e-12
264,0,zone_1,-97.1424,-385.429,0,0,4.11793e-12,-3.74346e-12
264,4,zone_2,-64.4441,-285.429,0,0,4.11793e-12,-3.74346e-12
264,4,zone_2,-64.4441,-285.429,0,0,4.11793e-12,-3.74346e-12
264,1,zone_1,-80.317,-385.429,0,0,4.11793e-12,-3.74346e-12
264,1,zone_1,-80.317,-385.429,0,0,4.11793e-12,-3.74346e-12
264,5,zone_2,-47.6187,-285.429,0,0,4.11793e-12,-3.74346e-12
264,5,zone_2,-47.6187,-285.429,0,0,4.11793e-12,-3.74346e-12
264,2,zone_1,-63.4916,-385.429,0,0,4.11793e-12,-3.74346e-12
264,2,zone_1,-63.4916,-385.429,0,0,4.11793e-12,-3.74346e-12
264,6,zone_3,-49.5237,-85.4288,0,0,4.11793e-12,-3.74346e-12
264,6,zone_3,-49.5237,-85.4288,0,0,4.11793e-12,-3.74346e-12
264,3,zone_2,-81.2695,-285.429,0,0,4.11793e-12,-3.74346e-12
264,3,zone_2,-81.2695,-285.429,0,0,4.11793e-12,-3.74346e-12
264,7,zone_3,-32.6983,-85.4288,0,0,4.11793e-12,-3.74346e-12
264,7,zone_3,-32.6983,-85.4288,0,0,4.11793e-12,-3.74346e-12
266,0,zone_1,-97.1424,-385.429,0,0,4.11793e-12,-3.74346e-12
266,0,zone_1,-97.1424,-385.429,0,0,4.11793e-12,-3.74346e-12
266,8,zone_3,-15.8729,-85.4288,0,0,4.11793e-12,-3.74346e-12
266,8,zone_3,-15.8729,-85.4288,0,0,4.11793e-12,-3.74346e-12
266,4,zone_2,-64.4441,-285.429,0,0,4.11793e-12,-3.74346e-12
266,4,zone_2,-64.4441,-285.429,0,0,4.11793e-12,-3.74346e-12
266,1,zone_1,-80.317,-385.429,0,0,4.11793e-12,-3.74346e-12
266,1,zone_1,-80.317,-385.429,0,0,4.11793e-12,-3.74346e-12
266,5,zone_2,-47.6187,-285.429,0,0,4.11793e-12,-3.74346e-12
266,5,zone_2,-47.6187,-285.429,0,0,4.11793e-12,-3.74346e-12
266,2,zone_1,-63.4916,-385.429,0,0,4.11793e-12,-3.74346e-12
266,2,zone_1,-63.4916,-385.429,0,0,4.11793e-12,-3.74346e-12
266,6,zone_3,-49.5237,-85.4288,0,0,4.11793e-12,-3.74346e-12
266,3,zone_2,-81.2695,-285.429,0,0,4.11793e-12,-3.74346e-12
266,3,zone_2,-81.2695,-285.429,0,0,4.11793e-12,-3.74346e-12
266,6,zone_3,-49.5237,-85.4288,0,0,4.11793e-12,-3.74346e-12
266,7,zone_3,-32.6983,-85.4288,0,0,4.11793e-12,-3.74346e-12
266,7,zone_3,-32.6983,-85.4288,0,0,4.11793e-12,-3.74346e-12
268,8,zone_3,-15.8729,-85.4288,0,0,4.11793e-12,-3.74346e-12
268,4,zone_2,-64.4441,-285.429,0,0,4.11793e-12,-3.74346e-12
268,8,zone_3,-15.8729,-85.4288,0,0,4.11793e-12,-3.74346e-12
268,4,zone_2,-64.4441,-285.429,0,0,4.11793e-12,-3.74346e-12
268,0,zone_1,-97.1424,-385.429,0,0,4.11793e-12,-3.74346e-12
268,0,zone_1,-97.1424,-385.429,0,0,4.11793e-12,-3.74346e-12
268,5,zone_2,-47.6187,-285.429,0,0,4.11793e-12,-3.74346e-12
268,5,zone_2,-47.6187,-285.429,0,0,4.11793e-12,-3.74346e-12
268,1,zone_1,-80.317,-385.429,0,0,4.11793e-12,-3.74346e-12
268,1,zone_1,-80.317,-385.429,0,0,4.11793e-12,-3.74346e-12
268,6,zone_3,-49.5237,-85.4288,0,0,4.11793e-12,-3.74346e-12
268,6,zone_3,-49.5237,-85.4288,0,0,4.11793e-12,-3.74346e-12
268,2,zone_1,-63.4916,-385.429,0,0,4.11793e-12,-3.74346e-12
268,2,zone_1,-63.4916,-385.429,0,0,4.11793e-12,-3.74346e-12
268,3,zone_2,-81.2695,-285.429,0,0,4.11793e-12,-3.74346e-12
268,3,zone_2,-81.2695,-285.429,0,0,4.11793e-12,-3.74346e-12
268,7,zone_3,-32.6983,-85.4288,0,0,4.11793e-12,-3.74346e-12
268,7,zone_3,-32.6983,-85.4288,0,0,4.11793e-12,-3.74346e-12
270,8,zone_3,-15.8729,-85.4288,0,0,4.11793e-12,-3.74346e-12
270,8,zone_3,-15.8729,-85.4288,0,0,4.11793e-12,-3.74346e-12
270,0,zone_1,-97.1424,-385.429,0,0,4.11793e-12,-3.74346e-12
270,0,zone_1,-97.1424,-385.429,0,0,4.11793e-12,-3.74346e-12
270,4,zone_2,-64.4441,-285.429,0,0,4.11793e-12,-3.74346e-12
270,4,zone_2,-64.4441,-285.429,0,0,4.11793e-12,-3.74346e-12
270,1,zone_1,-80.317,-385.429,0,0,4.11793e-12,-3.74346e-12
270,1,zone_1,-80.317,-385.429,0,0,4.11793e-12,-3.74346e-12
270,5,zone_2,-47.6187,-285.429,0,0,4.11793e-12,-3.74346e-12
270,5,zone_2,-47.6187,-285.429,0,0,4.11793e-12,-3.74346e-12
270,2,zone_1,-63.4916,-385.429,0,0,4.11793e-12,-3.74346e-12
270,2,zone_1,-63.4916,-385.429,0,0,4.11793e-12,-3.74346e-12
270,6,zone_3,-49.5237,-85.4288,0,0,4.11793e-12,-3.74346e-12
270,6,zone_3,-49.5237,-85.4288,0,0,4.11793e-12,-3.74346e-12
270,3,zone_2,-81.2695,-285.429,0,0,4.11793e-12,-3.74346e-12
270,3,zone_2,-81.2695,-285.429,0,0,4.11793e-12,-3.74346e-12
270,7,zone_3,-32.6983,-85.4288,0,0,4.11793e-12,-3.74346e-12
270,7,zone_3,-32.6983,-85.4288,0,0,4.11793e-12,-3.74346e-12
272,8,zone_3,-15.8729,-85.4288,0,0,4.11793e-12,-3.74346e-12
272,8,zone_3,-15.8729,-85.4288,0,0,4.11793e-12,-3.74346e-12
272,0,zone_1,-97.1424,-385.429,0,0,4.11793e-12,-3.74346e-12
272,0,zone_1,-97.1424,-385.429,0,0,4.11793e-12,-3.74346e-12
272,4,zone_2,-64.4441,-285.429,0,0,4.11793e-12,-3.74346e-12
272,4,zone_2,-64.4441,-285.429,0,0,4.11793e-12,-3.74346e-12
272,1,zone_1,-80.317,-385.429,0,0,4.11793e-12,-3.74346e-12
272,1,zone_1,-80.317,-385.429,0,0,4.11793e-12,-3.74346e-12
272,5,zone_2,-47.6187,-285.429,0,0,4.11793e-12,-3.74346e-12
272,5,zone_2,-47.6187,-285.429,0,0,4.11793e-12,-3.74346e-12
272,2,zone_1,-63.4916,-385.429,0,0,4.11793e-12,-3.74346e-12
272,2,zone_1,-63.4916,-385.429,0,0,4.11793e-12,-3.74346e-12
272,6,zone_3,-49.5237,-85.4288,0,0,4.11793e-12,-3.74346e-12
272,6,zone_3,-49.5237,-85.4288,0,0,4.11793e-12,-3.74346e-12
272,3,zone_2,-81.2695,-285.429,0,0,4.11793e-12,-3.74346e-12
272,3,zone_2,-81.2695,-285.429,0,0,4.11793e-12,-3.74346e-12
272,7,zone_3,-32.6983,-85.4288,0,0,4.11793e-12,-3.74346e-12
272,7,zone_3,-32.6983,-85.4288,0,0,4.11793e-12,-3.74346e-12
274,8,zone_3,-15.8729,-85.4288,0,0,4.11793e-12,-3.74346e-12
274,4,zone_2,-64.4441,-285.429,0,0,4.11793e-12,-3.74346e-12
274,4,zone_2,-64.4441,-285.429,0,0,4.11793e-12,-3.74346e-12
274,8,zone_3,-15.8729,-85.4288,0,0,4.11793e-12,-3.74346e-12
274,0,zone_1,-97.1424,-385.429,0,0,4.11793e-12,-3.74346e-12
274,0,zone_1,-97.1424,-385.429,0,0,4.11793e-12,-3.74346e-12
274,1,zone_1,-80.317,-385.429,0,0,4.11793e-12,-3.74346e-12
274,1,zone_1,-80.317,-385.429,0,0,4.11793e-12,-3.74346e-12
274,5,zone_2,-47.6187,-285.429,0,0,4.11793e-12,-3.74346e-12
274,5,zone_2,-47.6187,-285.429,0,0,4.11793e-12,-3.74346e-12
274,2,zone_1,-63.4916,-385.429,0,0,4.11793e-12,-3.74346e-12
274,2,zone_1,-63.4916,-385.429,0,0,4.11793e-12,-3.74346e-12
274,6,zone_3,-49.5237,-85.4288,0,0,4.11793e-12,-3.74346e-12
274,6,zone_3,-49.5237,-85.4288,0,0,4.11793e-12,-3.74346e-12
274,3,zone_2,-81.2695,-285.429,0,0,4.11793e-12,-3.74346e-12
274,3,zone_2,-81.2695,-285.429,0,0,4.11793e-12,-3.74346e-12
274,7,zone_3,-32.6983,-85.4288,0,0,4.11793e-12,-3.74346e-12
274,7,zone_3,-32.6983,-85.4288,0,0,4.11793e-12,-3.74346e-12
276,0,zone_1,-97.1424,-385.429,0,0,4.11793e-12,-3.74346e-12
276,0,zone_1,-97.1424,-385.429,0,0,4.11793e-12,-3.74346e-12
276,4,zone_2,-64.4441,-285.429,0,0,4.11793e-12,-3.74346e-12
276,4,zone_2,-64.4441,-285.429,0,0,4.11793e-12,-3.74346e-12
276,1,zone_1,-80.317,-385.429,0,0,4.11793e-12,-3.74346e-12
276,1,zone_1,-80.317,-385.429,0,0,4.11793e-12,-3.74346e-12
276,8,zone_3,-15.8729,-85.4288,0,0,4.11793e-12,-3.74346e-12
276,8,zone_3,-15.8729,-85.4288,0,0,4.11793e-12,-3.74346e-12
276,5,zone_2,-47.6187,-285.429,0,0,4.11793e-12,-3.74346e-12
276,5,zone_2,-47.6187,-285.429,0,0,4.11793e-12,-3.74346e-12
276,2,zone_1,-63.4916,-385.429,0,0,4.11793e-12,-3.74346e-12
276,2,zone_1,-63.4916,-385.429,0,0,4.11793e-12,-3.74346e-12
276,6,zone_3,-49.5237,-85.4288,0,0,4.11793e-12,-3.74346e-12
276,6,zone_3,-49.5237,-85.4288,0,0,4.11793e-12,-3.74346e-12
276,3,zone_2,-81.2695,-285.429,0,0,4.11793e-12,-3.74346e-12
276,3,zone_2,-81.2695,-285.429,0,0,4.11793e-12,-3.74346e-12
276,7,zone_3,-32.6983,-85.4288,0,0,4.11793e-12,-3.74346e-12
276,7,zone_3,-32.6983,-85.4288,0,0,4.11793e-12,-3.74346e-12
278,4,zone_2,-64.4441,-285.429,0,0,4.11793e-12,-3.74346e-12
278,4,zone_2,-64.4441,-285.429,0,0,4.11793e-12,-3.74346e-12
278,8,zone_3,-15.8729,-85.4288,0,0,4.11793e-12,-3.74346e-12
278,8,zone_3,-15.8729,-85.4288,0,0,4.11793e-12,-3.74346e-12
278,0,zone_1,-97.1424,-385.429,0,0,4.11793e-12,-3.74346e-12
278,0,zone_1,-97.1424,-385.429,0,0,4.11793e-12,-3.74346e-12
278,5,zone_2,-47.6187,-285.429,0,0,4.11793e-12,-3.74346e-12
278,5,zone_2,-47.6187,-285.429,0,0,4.11793e-12,-3.74346e-12
278,1,zone_1,-80.317,-385.429,0,0,4.11793e-12,-3.74346e-12
278,1,zone_1,-80.317,-385.429,0,0,4.11793e-12,-3.74346e-12
278,6,zone_3,-49.5237,-85.4288,0,0,4.11793e-12,-3.74346e-12
278,6,zone_3,-49.5237,-85.4288,0,0,4.11793e-12,-3.74346e-12
278,2,zone_1,-63.4916,-385.429,0,0,4.11793e-12,-3.74346e-12
278,2,zone_1,-63.4916,-385.429,0,0,4.11793e-12,-3.74346e-12
278,7,zone_3,-32.6983,-85.4288,0,0,4.11793e-12,-3.74346e-12
278,7,zone_3,-32.6983,-85.4288,0,0,4.11793e-12,-3.74346e-12
278,3,zone_2,-81.2695,-285.429,0,0,4.11793e-12,-3.74346e-12
278,3,zone_2,-81.2695,-285.429,0,0,4.11793e-12,-3.74346e-12
280,4,zone_2,-64.4441,-285.429,0,0,4.11793e-12,-3.74346e-12
280,4,zone_2,-64.4441,-285.429,0,0,4.11793e-12,-3.74346e-12
280,0,zone_1,-97.1424,-385.429,0,0,4.11793e-12,-3.74346e-12
280,0,zone_1,-97.1424,-385.429,0,0,4.11793e-12,-3.74346e-12
280,8,zone_3,-15.8729,-85.4288,0,0,4.11793e-12,-3.74346e-12
280,8,zone_3,-15.8729,-85.4288,0,0,4.11793e-12,-3.74346e-12
280,5,zone_2,-47.6187,-285.429,0,0,4.11793e-12,-3.74346e-12
280,5,zone_2,-47.6187,-285.429,0,0,4.11793e-12,-3.74346e-12
280,1,zone_1,-80.317,-385.429,0,0,4.11793e-12,-3.74346e-12
280,1,zone_1,-80.317,-385.429,0,0,4.11793e-12,-3.74346e-12
280,2,zone_1,-63.4916,-385.429,0,0,4.11793e-12,-3.74346e-12
280,6,zone_3,-49.5237,-85.4288,0,0,4.11793e-12,-3.74346e-12
280,2,zone_1,-63.4916,-385.429,0,0,4.11793e-12,-3.74346e-12
280,6,zone_3,-49.5237,-85.4288,0,0,4.11793e-12,-3.74346e-12
280,3,zone_2,-81.2695,-285.429,0,0,4.11793e-12,-3.74346e-12
280,3,zone_2,-81.2695,-285.429,0,0,4.11793e-12,-3.74346e-12
280,7,zone_3,-32.6983,-85.4288,0,0,4.11793e-12,-3.74346e-12
280,7,zone_3,-32.6983,-85.4288,0,0,4.11793e-12,-3.74346e-12
282,8,zone_3,-15.8729,-85.4288,0,0,4.11793e-12,-3.74346e-12
282,4,zone_2,-64.4441,-285.429,0,0,4.11793e-12,-3.74346e-12
282,8,zone_3,-15.8729,-85.4288,0,0,4.11793e-12,-3.74346e-12
282,4,zone_2,-64.4441,-285.429,0,0,4.11793e-12,-3.74346e-12
282,0,zone_1,-97.1424,-385.429,0,0,4.11793e-12,-3.74346e-12
282,0,zone_1,-97.1424,-385.429,0,0,4.11793e-12,-3.74346e-12
282,5,zone_2,-47.6187,-285.429,0,0,4.11793e-12,-3.74346e-12
282,5,zone_2,-47.6187,-285.429,0,0,4.11793e-12,-3.74346e-12
282,1,zone_1,-80.317,-385.429,0,0,4.11793e-12,-3.74346e-12
282,1,zone_1,-80.317,-385.429,0,0,4.11793e-12,-3.74346e-12
282,2,zone_1,-63.4916,-385.429,0,0,4.11793e-12,-3.74346e-12
282,2,zone_1,-63.4916,-385.429,0,0,4.11793e-12,-3.74346e-12
282,6,zone_3,-49.5237,-85.4288,0,0,4.11793e-12,-3.74346e-12
282,6,zone_3,-49.5237,-85.4288,0,0,4.11793e-12,-3.74346e-12
282,7,zone_3,-32.6983,-85.4288,0,0,4.11793e-12,-3.74346e-12
282,7,zone_3,-32.6983,-85.4288,0,0,4.11793e-12,-3.74346e-12
282,3,zone_2,-81.2695,-285.429,0,0,4.11793e-12,-3.74346e-12
282,3,zone_2,-81.2695,-285.429,0,0,4.11793e-12,-3.74346e-12
284,0,zone_1,-97.1424,-385.429,0,0,4.11793e-12,-3.74346e-12
284,0,zone_1,-97.1424,-385.429,0,0,4.11793e-12,-3.74346e-12
284,8,zone_3,-15.8729,-85.4288,0,0,4.11793e-12,-3.74346e-12
284,8,zone_3,-15.8729,-85.4288,0,0,4.11793e-12,-3.74346e-12
284,4,zone_2,-64.4441,-285.429,0,0,4.11793e-12,-3.74346e-12
284,4,zone_2,-64.4441,-285.429,0,0,4.11793e-12,-3.74346e-12
284,1,zone_1,-80.317,-385.429,0,0,4.11793e-12,-3.74346e-12
284,1,zone_1,-80.317,-385.429,0,0,4.11793e-12,-3.74346e-12
284,5,zone_2,-47.6187,-285.429,0,0,4.11793e-12,-3.74346e-12
284,5,zone_2,-47.6187,-285.429,0,0,4.11793e-12,-3.74346e-12
284,2,zone_1,-63.4916,-385.429,0,0,4.11793e-12,-3.74346e-12
284,2,zone_1,-63.4916,-385.429,0,0,4.11793e-12,-3.74346e-12
284,6,zone_3,-49.5237,-85.4288,0,0,4.11793e-12,-3.74346e-12
284,6,zone_3,-49.5237,-85.4288,0,0,4.11793e-12,-3.74346e-12
284,3,zone_2,-81.2695,-285.429,0,0,4.11793e-12,-3.74346e-12
284,3,zone_2,-81.2695,-285.429,0,0,4.11793e-12,-3.74346e-12
284,7,zone_3,-32.6983,-85.4288,0,0,4.11793e-12,-3.74346e-12
284,7,zone_3,-32.6983,-85.4288,0,0,4.11793e-12,-3.74346e-12
286,0,zone_1,-97.1424,-385.429,0,0,4.11793e-12,-3.74346e-12
286,0,zone_1,-97.1424,-385.429,0,0,4.11793e-12,-3.74346e-12
286,8,zone_3,-15.8729,-85.4288,0,0,4.11793e-12,-3.74346e-12
286,8,zone_3,-15.8729,-85.4288,0,0,4.11793e-12,-3.74346e-12
286,4,zone_2,-64.4441,-285.429,0,0,4.11793e-12,-3.74346e-12
286,4,zone_2,-64.4441,-285.429,0,0,4.11793e-12,-3.74346e-12
286,5,zone_2,-47.6187,-285.429,0,0,4.11793e-12,-3.74346e-12
286,5,zone_2,-47.6187,-285.429,0,0,4.11793e-12,-3.74346e-12
286,1,zone_1,-80.317,-385.429,0,0,4.11793e-12,-3.74346e-12
286,1,zone_1,-80.317,-385.429,0,0,4.11793e-12,-3.74346e-12
286,2,zone_1,-63.4916,-385.429,0,0,4.11793e-12,-3.74346e-12
286,2,zone_1,-63.4916,-385.429,0,0,4.11793e-12,-3.74346e-12
286,6,zone_3,-49.5237,-85.4288,0,0,4.11793e-12,-3.74346e-12
286,6,zone_3,-49.5237,-85.4288,0,0,4.11793e-12,-3.74346e-12
286,3,zone_2,-81.2695,-285.429,0,0,4.11793e-12,-3.74346e-12
286,3,zone_2,-81.2695,-285.429,0,0,4.11793e-12,-3.74346e-12
286,7,zone_3,-32.6983,-85.4288,0,0,4.11793e-12,-3.74346e-12
286,7,zone_3,-32.6983,-85.4288,0,0,4.11793e-12,-3.74346e-12
288,0,zone_1,-97.1424,-385.429,0,0,4.11793e-12,-3.74346e-12
288,0,zone_1,-97.1424,-385.429,0,0,4.11793e-12,-3.74346e-12
288,8,zone_3,-15.8729,-85.4288,0,0,4.11793e-12,-3.74346e-12
288,8,zone_3,-15.8729,-85.4288,0,0,4.11793e-12,-3.74346e-12
288,4,zone_2,-64.4441,-285.429,0,0,4.11793e-12,-3.74346e-12
288,4,zone_2,-64.4441,-285.429,0,0,4.11793e-12,-3.74346e-12
288,1,zone_1,-80.317,-385.429,0,0,4.11793e-12,-3.74346e-12
288,1,zone_1,-80.317,-385.429,0,0,4.11793e-12,-3.74346e-12
288,5,zone_2,-47.6187,-285.429,0,0,4.11793e-12,-3.74346e-12
288,5,zone_2,-47.6187,-285.429,0,0,4.11793e-12,-3.74346e-12
288,2,zone_1,-63.4916,-385.429,0,0,4.11793e-12,-3.74346e-12
288,2,zone_1,-63.4916,-385.429,0,0,4.11793e-12,-3.74346e-12
288,6,zone_3,-49.5237,-85.4288,0,0,4.11793e-12,-3.74346e-12
288,6,zone_3,-49.5237,-85.4288,0,0,4.11793e-12,-3.74346e-12
288,3,zone_2,-81.2695,-285.429,0,0,4.11793e-12,-3.74346e-12
288,3,zone_2,-81.2695,-285.429,0,0,4.11793e-12,-3.74346e-12
288,7,zone_3,-32.6983,-85.4288,0,0,4.11793e-12,-3.74346e-12
288,7,zone_3,-32.6983,-85.4288,0,0,4.11793e-12,-3.74346e-12
290,8,zone_3,-15.8729,-85.4288,0,0,4.11793e-12,-3.74346e-12
290,8,zone_3,-15.8729,-85.4288,0,0,4.11793e-12,-3.74346e-12
290,4,zone_2,-64.4441,-285.429,0,0,4.11793e-12,-3.74346e-12
290,4,zone_2,-64.4441,-285.429,0,0,4.11793e-12,-3.74346e-12
290,0,zone_1,-97.1424,-385.429,0,0,4.11793e-12,-3.74346e-12
290,0,zone_1,-97.1424,-385.429,0,0,4.11793e-12,-3.74346e-12
290,5,zone_2,-47.6187,-285.429,0,0,4.11793e-12,-3.74346e-12
290,5,zone_2,-47.6187,-285.429,0,0,4.11793e-12,-3.74346e-12
290,1,zone_1,-80.317,-385.429,0,0,4.11793e-12,-3.74346e-12
290,1,zone_1,-80.317,-385.429,0,0,4.11793e-12,-3.74346e-12
290,6,zone_3,-49.5237,-85.4288,0,0,4.11793e-12,-3.74346e-12
290,6,zone_3,-49.5237,-85.4288,0,0,4.11793e-12,-3.74346e-12
290,2,zone_1,-63.4916,-385.429,0,0,4.11793e-12,-3.74346e-12
290,7,zone_3,-32.6983,-85.4288,0,0,4.11793e-12,-3.74346e-12
290,2,zone_1,-63.4916,-385.429,0,0,4.11793e-12,-3.74346e-12
290,7,zone_3,-32.6983,-85.4288,0,0,4.11793e-12,-3.74346e-12
290,3,zone_2,-81.2695,-285.429,0,0,4.11793e-12,-3.74346e-12
290,3,zone_2,-81.2695,-285.429,0,0,4.11793e-12,-3.74346e-12
292,4,zone_2,-64.4441,-285.429,0,0,4.11793e-12,-3.74346e-12
292,4,zone_2,-64.4441,-285.429,0,0,4.11793e-12,-3.74346e-12
292,0,zone_1,-97.1424,-385.429,0,0,4.11793e-12,-3.74346e-12
292,0,zone_1,-97.1424,-385.429,0,0,4.11793e-12,-3.74346e-12
292,8,zone_3,-15.8729,-85.4288,0,0,4.11793e-12,-3.74346e-12
292,8,zone_3,-15.8729,-85.4288,0,0,4.11793e-12,-3.74346e-12
292,1,zone_1,-80.317,-385.429,0,0,4.11793e-12,-3.74346e-12
292,1,zone_1,-80.317,-385.429,0,0,4.11793e-12,-3.74346e-12
292,5,zone_2,-47.6187,-285.429,0,0,4.11793e-12,-3.74346e-12
292,5,zone_2,-47.6187,-285.429,0,0,4.11793e-12,-3.74346e-12
292,2,zone_1,-63.4916,-385.429,0,0,4.11793e-12,-3.74346e-12
292,2,zone_1,-63.4916,-385.429,0,0,4.11793e-12,-3.74346e-12
292,6,zone_3,-49.5237,-85.4288,0,0,4.11793e-12,-3.74346e-12
292,6,zone_3,-49.5237,-85.4288,0,0,4.11793e-12,-3.74346e-12
292,7,zone_3,-32.6983,-85.4288,0,0,4.11793e-12,-3.74346e-12
292,7,zone_3,-32.6983,-85.4288,0,0,4.11793e-12,-3.74346e-12
292,3,zone_2,-81.2695,-285.429,0,0,4.11793e-12,-3.74346e-12
292,3,zone_2,-81.2695,-285.429,0,0,4.11793e-12,-3.74346e-12
294,4,zone_2,-64.4441,-285.429,0,0,4.11793e-12,-3.74346e-12
294,4,zone_2,-64.4441,-285.429,0,0,4.11793e-12,-3.74346e-12
294,0,zone_1,-97.1424,-385.429,0,0,4.11793e-12,-3.74346e-12
294,0,zone_1,-97.1424,-385.429,0,0,4.11793e-12,-3.74346e-12
294,8,zone_3,-15.8729,-85.4288,0,0,4.11793e-12,-3.74346e-12
294,8,zone_3,-15.8729,-85.4288,0,0,4.11793e-12,-3.74346e-12
294,5,zone_2,-47.6187,-285.429,0,0,4.11793e-12,-3.74346e-12
294,5,zone_2,-47.6187,-285.429,0,0,4.11793e-12,-3.74346e-12
294,1,zone_1,-80.317,-385.429,0,0,4.11793e-12,-3.74346e-12
294,1,zone_1,-80.317,-385.429,0,0,4.11793e-12,-3.74346e-12
294,6,zone_3,-49.5237,-85.4288,0,0,4.11793e-12,-3.74346e-12
294,6,zone_3,-49.5237,-85.4288,0,0,4.11793e-12,-3.74346e-12
294,2,zone_1,-63.4916,-385.429,0,0,4.11793e-12,-3.74346e-12
294,2,zone_1,-63.4916,-385.429,0,0,4.11793e-12,-3.74346e-12
294,3,zone_2,-81.2695,-285.429,0,0,4.11793e-12,-3.74346e-12
294,3,zone_2,-81.2695,-285.429,0,0,4.11793e-12,-3.74346e-12
294,7,zone_3,-32.6983,-85.4288,0,0,4.11793e-12,-3.74346e-12
294,7,zone_3,-32.6983,-85.4288,0,0,4.11793e-12,-3.74346e-12
296,0,zone_1,-97.1424,-385.429,0,0,4.11793e-12,-3.74346e-12
296,0,zone_1,-97.1424,-385.429,0,0,4.11793e-12,-3.74346e-12
296,8,zone_3,-15.8729,-85.4288,0,0,4.11793e-12,-3.74346e-12
296,8,zone_3,-15.8729,-85.4288,0,0,4.11793e-12,-3.74346e-12
296,4,zone_2,-64.4441,-285.429,0,0,4.11793e-12,-3.74346e-12
296,4,zone_2,-64.4441,-285.429,0,0,4.11793e-12,-3.74346e-12
296,1,zone_1,-80.317,-385.429,0,0,4.11793e-12,-3.74346e-12
296,1,zone_1,-80.317,-385.429,0,0,4.11793e-12,-3.74346e-12
296,5,zone_2,-47.6187,-285.429,0,0,4.11793e-12,-3.74346e-12
296,5,zone_2,-47.6187,-285.429,0,0,4.11793e-12,-3.74346e-12
296,2,zone_1,-63.4916,-385.429,0,0,4.11793e-12,-3.74346e-12
296,2,zone_1,-63.4916,-385.429,0,0,4.11793e-12,-3.74346e-12
296,6,zone_3,-49.5237,-85.4288,0,0,4.11793e-12,-3.74346e-12
296,6,zone_3,-49.5237,-85.4288,0,0,4.11793e-12,-3.74346e-12
296,3,zone_2,-81.2695,-285.429,0,0,4.11793e-12,-3.74346e-12
296,3,zone_2,-81.2695,-285.429,0,0,4.11793e-12,-3.74346e-12
296,7,zone_3,-32.6983,-85.4288,0,0,4.11793e-12,-3.74346e-12
296,7,zone_3,-32.6983,-85.4288,0,0,4.11793e-12,-3.74346e-12
298,4,zone_2,-64.4441,-285.429,0,0,4.11793e-12,-3.74346e-12
298,0,zone_1,-97.1424,-385.429,0,0,4.11793e-12,-3.74346e-12
298,8,zone_3,-15.8729,-85.4288,0,0,4.11793e-12,-3.74346e-12
298,4,zone_2,-64.4441,-285.429,0,0,4.11793e-12,-3.74346e-12
298,0,zone_1,-97.1424,-385.429,0,0,4.11793e-12,-3.74346e-12
298,8,zone_3,-15.8729,-85.4288,0,0,4.11793e-12,-3.74346e-12
298,5,zone_2,-47.6187,-285.429,0,0,4.11793e-12,-3.74346e-12
298,5,zone_2,-47.6187,-285.429,0,0,4.11793e-12,-3.74346e-12
298,1,zone_1,-80.317,-385.429,0,0,4.11793e-12,-3.74346e-12
298,1,zone_1,-80.317,-385.429,0,0,4.11793e-12,-3.74346e-12
298,2,zone_1,-63.4916,-385.429,0,0,4.11793e-12,-3.74346e-12
298,2,zone_1,-63.4916,-385.429,0,0,4.11793e-12,-3.74346e-12
298,6,zone_3,-49.5237,-85.4288,0,0,4.11793e-12,-3.74346e-12
298,6,zone_3,-49.5237,-85.4288,0,0,4.11793e-12,-3.74346e-12
298,3,zone_2,-81.2695,-285.429,0,0,4.11793e-12,-3.74346e-12
298,3,zone_2,-81.2695,-285.429,0,0,4.11793e-12,-3.74346e-12
298,7,zone_3,-32.6983,-85.4288,0,0,4.11793e-12,-3.74346e-12
298,7,zone_3,-32.6983,-85.4288,0,0,4.11793e-12,-3.74346e-12
300,4,zone_2,-64.4441,-285.429,0,0,4.11793e-12,-3.74346e-12
300,4,zone_2,-64.4441,-285.429,0,0,4.11793e-12,-3.74346e-12
300,0,zone_1,-97.1424,-385.429,0,0,4.11793e-12,-3.74346e-12
300,0,zone_1,-97.1424,-385.429,0,0,4.11793e-12,-3.74346e-12
300,8,zone_3,-15.8729,-85.4288,0,0,4.11793e-12,-3.74346e-12
300,8,zone_3,-15.8729,-85.4288,0,0,4.11793e-12,-3.74346e-12
300,5,zone_2,-47.6187,-285.429,0,0,4.11793e-12,-3.74346e-12
300,5,zone_2,-47.6187,-285.429,0,0,4.11793e-12,-3.74346e-12
300,1,zone_1,-80.317,-385.429,0,0,4.11793e-12,-3.74346e-12
300,1,zone_1,-80.317,-385.429,0,0,4.11793e-12,-3.74346e-12
300,6,zone_3,-49.5237,-85.4288,0,0,4.11793e-12,-3.74346e-12
300,6,zone_3,-49.5237,-85.4288,0,0,4.11793e-12,-3.74346e-12
300,2,zone_1,-63.4916,-385.429,0,0,4.11793e-12,-3.74346e-12
300,2,zone_1,-63.4916,-385.429,0,0,4.11793e-12,-3.74346e-12
300,3,zone_2,-81.2695,-285.429,0,0,4.11793e-12,-3.74346e-12
300,3,zone_2,-81.2695,-285.429,0,0,4.11793e-12,-3.74346e-12
300,7,zone_3,-32.6983,-85.4288,0,0,4.11793e-12,-3.74346e-12
300,7,zone_3,-32.6983,-85.4288,0,0,4.11793e-12,-3.74346e-12
302,0,zone_1,-97.1424,-385.429,0,0,4.11793e-12,-3.74346e-12
302,0,zone_1,-97.1424,-385.429,0,0,4.11793e-12,-3.74346e-12
302,8,zone_3,-15.8729,-85.4288,0,0,4.11793e-12,-3.74346e-12
302,8,zone_3,-15.8729,-85.4288,0,0,4.11793e-12,-3.74346e-12
302,4,zone_2,-64.4441,-285.429,0,0,4.11793e-12,-3.74346e-12
302,4,zone_2,-64.4441,-285.429,0,0,4.11793e-12,-3.74346e-12
302,1,zone_1,-80.317,-385.429,0,0,4.11793e-12,-3.74346e-12
302,1,zone_1,-80.317,-385.429,0,0,4.11793e-12,-3.74346e-12
302,5,zone_2,-47.6187,-285.429,0,0,4.11793e-12,-3.74346e-12
302,5,zone_2,-47.6187,-285.429,0,0,4.11793e-12,-3.74346e-12
302,2,zone_1,-63.4916,-385.429,0,0,4.11793e-12,-3.74346e-12
302,2,zone_1,-63.4916,-385.429,0,0,4.11793e-12,-3.74346e-12
302,6,zone_3,-49.5237,-85.4288,0,0,4.11793e-12,-3.74346e-12
302,6,zone_3,-49.5237,-85.4288,0,0,4.11793e-12,-3.74346e-12
302,3,zone_2,-81.2695,-285.429,0,0,4.11793e-12,-3.74346e-12
302,3,zone_2,-81.2695,-285.429,0,0,4.11793e-12,-3.74346e-12
302,7,zone_3,-32.6983,-85.4288,0,0,4.11793e-12,-3.74346e-12
302,7,zone_3,-32.6983,-85.4288,0,0,4.11793e-12,-3.74346e-12
304,0,zone_1,-97.1424,-385.429,0,0,4.11793e-12,-3.74346e-12
304,0,zone_1,-97.1424,-385.429,0,0,4.11793e-12,-3.74346e-12
304,8,zone_3,-15.8729,-85.4288,0,0,4.11793e-12,-3.74346e-12
304,8,zone_3,-15.8729,-85.4288,0,0,4.11793e-12,-3.74346e-12
304,4,zone_2,-64.4441,-285.429,0,0,4.11793e-12,-3.74346e-12
304,4,zone_2,-64.4441,-285.429,0,0,4.11793e-12,-3.74346e-12
304,1,zone_1,-80.317,-385.429,0,0,4.11793e-12,-3.74346e-12
304,1,zone_1,-80.317,-385.429,0,0,4.11793e-12,-3.74346e-12
304,5,zone_2,-47.6187,-285.429,0,0,4.11793e-12,-3.74346e-12
304,5,zone_2,-47.6187,-285.429,0,0,4.11793e-12,-3.74346e-12
304,2,zone_1,-63.4916,-385.429,0,0,4.11793e-12,-3.74346e-12
304,2,zone_1,-63.4916,-385.429,0,0,4.11793e-12,-3.74346e-12
304,6,zone_3,-49.5237,-85.4288,0,0,4.11793e-12,-3.74346e-12
304,6,zone_3,-49.5237,-85.4288,0,0,4.11793e-12,-3.74346e-12
304,3,zone_2,-81.2695,-285.429,0,0,4.11793e-12,-3.74346e-12
304,3,zone_2,-81.2695,-285.429,0,0,4.11793e-12,-3.74346e-12
304,7,zone_3,-32.6983,-85.4288,0,0,4.11793e-12,-3.74346e-12
304,7,zone_3,-32.6983,-85.4288,0,0,4.11793e-12,-3.74346e-12
306,8,zone_3,-15.8729,-85.4288,0,0,4.11793e-12,-3.74346e-12
306,8,zone_3,-15.8729,-85.4288,0,0,4.11793e-12,-3.74346e-12
306,0,zone_1,-97.1424,-385.429,0,0,4.11793e-12,-3.74346e-12
306,0,zone_1,-97.1424,-385.429,0,0,4.11793e-12,-3.74346e-12
306,4,zone_2,-64.4441,-285.429,0,0,4.11793e-12,-3.74346e-12
306,4,zone_2,-64.4441,-285.429,0,0,4.11793e-12,-3.74346e-12
306,1,zone_1,-80.317,-385.429,0,0,4.11793e-12,-3.74346e-12
306,1,zone_1,-80.317,-385.429,0,0,4.11793e-12,-3.74346e-12
306,5,zone_2,-47.6187,-285.429,0,0,4.11793e-12,-3.74346e-12
306,5,zone_2,-47.6187,-285.429,0,0,4.11793e-12,-3.74346e-12
306,2,zone_1,-63.4916,-385.429,0,0,4.11793e-12,-3.74346e-12
306,2,zone_1,-63.4916,-385.429,0,0,4.11793e-12,-3.74346e-12
306,6,zone_3,-49.5237,-85.4288,0,0,4.11793e-12,-3.74346e-12
306,6,zone_3,-49.5237,-85.4288,0,0,4.11793e-12,-3.74346e-12
306,3,zone_2,-81.2695,-285.429,0,0,4.11793e-12,-3.74346e-12
306,3,zone_2,-81.2695,-285.429,0,0,4.11793e-12,-3.74346e-12
306,7,zone_3,-32.6983,-85.4288,0,0,4.11793e-12,-3.74346e-12
306,7,zone_3,-32.6983,-85.4288,0,0,4.11793e-12,-3.74346e-12
308,0,zone_1,-97.1424,-385.429,0,0,4.11793e-12,-3.74346e-12
308,0,zone_1,-97.1424,-385.429,0,0,4.11793e-12,-3.74346e-12
308,8,zone_3,-15.8729,-85.4288,0,0,4.11793e-12,-3.74346e-12
308,4,zone_2,-64.4441,-285.429,0,0,4.11793e-12,-3.74346e-12
308,8,zone_3,-15.8729,-85.4288,0,0,4.11793e-12,-3.74346e-12
308,4,zone_2,-64.4441,-285.429,0,0,4.11793e-12,-3.74346e-12
308,1,zone_1,-80.317,-385.429,0,0,4.11793e-12,-3.74346e-12
308,1,zone_1,-80.317,-385.429,0,0,4.11793e-12,-3.74346e-12
308,5,zone_2,-47.6187,-285.429,0,0,4.11793e-12,-3.74346e-12
308,5,zone_2,-47.6187,-285.429,0,0,4.11793e-12,-3.74346e-12
308,2,zone_1,-63.4916,-385.429,0,0,4.11793e-12,-3.74346e-12
308,2,zone_1,-63.4916,-385.429,0,0,4.11793e-12,-3.74346e-12
308,6,zone_3,-49.5237,-85.4288,0,0,4.11793e-12,-3.74346e-12
308,6,zone_3,-49.5237,-85.4288,0,0,4.11793e-12,-3.74346e-12
308,3,zone_2,-81.2695,-285.429,0,0,4.11793e-12,-3.74346e-12
308,3,zone_2,-81.2695,-285.429,0,0,4.11793e-12,-3.74346e-12
308,7,zone_3,-32.6983,-85.4288,0,0,4.11793e-12,-3.74346e-12
308,7,zone_3,-32.6983,-85.4288,0,0,4.11793e-12,-3.74346e-12
310,0,zone_1,-97.1424,-385.429,0,0,4.11793e-12,-3.74346e-12
310,0,zone_1,-97.1424,-385.429,0,0,4.11793e-12,-3.74346e-12
310,8,zone_3,-15.8729,-85.4288,0,0,4.11793e-12,-3.74346e-12
310,8,zone_3,-15.8729,-85.4288,0,0,4.11793e-12,-3.74346e-12
310,4,zone_2,-64.4441,-285.429,0,0,4.11793e-12,-3.74346e-12
310,4,zone_2,-64.4441,-285.429,0,0,4.11793e-12,-3.74346e-12
310,1,zone_1,-80.317,-385.429,0,0,4.11793e-12,-3.74346e-12
310,1,zone_1,-80.317,-385.429,0,0,4.11793e-12,-3.74346e-12
310,5,zone_2,-47.6187,-285.429,0,0,4.11793e-12,-3.74346e-12
310,5,zone_2,-47.6187,-285.429,0,0,4.11793e-12,-3.74346e-12
310,2,zone_1,-63.4916,-385.429,0,0,4.11793e-12,-3.74346e-12
310,2,zone_1,-63.4916,-385.429,0,0,4.11793e-12,-3.74346e-12
310,6,zone_3,-49.5237,-85.4288,0,0,4.11793e-12,-3.74346e-12
310,6,zone_3,-49.5237,-85.4288,0,0,4.11793e-12,-3.74346e-12
310,3,zone_2,-81.2695,-285.429,0,0,4.11793e-12,-3.74346e-12
310,3,zone_2,-81.2695,-285.429,0,0,4.11793e-12,-3.74346e-12
310,7,zone_3,-32.6983,-85.4288,0,0,4.11793e-12,-3.74346e-12
310,7,zone_3,-32.6983,-85.4288,0,0,4.11793e-12,-3.74346e-12
312,0,zone_1,-97.1424,-385.429,0,0,4.11793e-12,-3.74346e-12
312,0,zone_1,-97.1424,-385.429,0,0,4.11793e-12,-3.74346e-12
312,8,zone_3,-15.8729,-85.4288,0,0,4.11793e-12,-3.74346e-12
312,8,zone_3,-15.8729,-85.4288,0,0,4.11793e-12,-3.74346e-12
312,4,zone_2,-64.4441,-285.429,0,0,4.11793e-12,-3.74346e-12
312,4,zone_2,-64.4441,-285.429,0,0,4.11793e-12,-3.74346e-12
312,1,zone_1,-80.317,-385.429,0,0,4.11793e-12,-3.74346e-12
312,1,zone_1,-80.317,-385.429,0,0,4.11793e-12,-3.74346e-12
312,5,zone_2,-47.6187,-285.429,0,0,4.11793e-12,-3.74346e-12
312,5,zone_2,-47.6187,-285.429,0,0,4.11793e-12,-3.74346e-12
312,2,zone_1,-63.4916,-385.429,0,0,4.11793e-12,-3.74346e-12
312,2,zone_1,-63.4916,-385.429,0,0,4.11793e-12,-3.74346e-12
312,6,zone_3,-49.5237,-85.4288,0,0,4.11793e-12,-3.74346e-12
312,6,zone_3,-49.5237,-85.4288,0,0,4.11793e-12,-3.74346e-12
312,3,zone_2,-81.2695,-285.429,0,0,4.11793e-12,-3.74346e-12
312,3,zone_2,-81.2695,-285.429,0,0,4.11793e-12,-3.74346e-12
312,7,zone_3,-32.6983,-85.4288,0,0,4.11793e-12,-3.74346e-12
312,7,zone_3,-32.6983,-85.4288,0,0,4.11793e-12,-3.74346e-12
314,0,zone_1,-97.1424,-385.429,0,0,4.11793e-12,-3.74346e-12
314,0,zone_1,-97.1424,-385.429,0,0,4.11793e-12,-3.74346e-12
314,4,zone_2,-64.4441,-285.429,0,0,4.11793e-12,-3.74346e-12
314,4,zone_2,-64.4441,-285.429,0,0,4.11793e-12,-3.74346e-12
314,8,zone_3,-15.8729,-85.4288,0,0,4.11793e-12,-3.74346e-12
314,8,zone_3,-15.8729,-85.4288,0,0,4.11793e-12,-3.74346e-12
314,1,zone_1,-80.317,-385.429,0,0,4.11793e-12,-3.74346e-12
314,1,zone_1,-80.317,-385.429,0,0,4.11793e-12,-3.74346e-12
314,5,zone_2,-47.6187,-285.429,0,0,4.11793e-12,-3.74346e-12
314,5,zone_2,-47.6187,-285.429,0,0,4.11793e-12,-3.74346e-12
314,2,zone_1,-63.4916,-385.429,0,0,4.11793e-12,-3.74346e-12
314,2,zone_1,-63.4916,-385.429,0,0,4.11793e-12,-3.74346e-12
314,6,zone_3,-49.5237,-85.4288,0,0,4.11793e-12,-3.74346e-12
314,6,zone_3,-49.5237,-85.4288,0,0,4.11793e-12,-3.74346e-12
314,3,zone_2,-81.2695,-285.429,0,0,4.11793e-12,-3.74346e-12
314,3,zone_2,-81.2695,-285.429,0,0,4.11793e-12,-3.74346e-12
314,7,zone_3,-32.6983,-85.4288,0,0,4.11793e-12,-3.74346e-12
314,7,zone_3,-32.6983,-85.4288,0,0,4.11793e-12,-3.74346e-12
316,8,zone_3,-15.8729,-85.4288,0,0,4.11793e-12,-3.74346e-12
316,0,zone_1,-97.1424,-385.429,0,0,4.11793e-12,-3.74346e-12
316,8,zone_3,-15.8729,-85.4288,0,0,4.11793e-12,-3.74346e-12
316,0,zone_1,-97.1424,-385.429,0,0,4.11793e-12,-3.74346e-12
316,4,zone_2,-64.4441,-285.429,0,0,4.11793e-12,-3.74346e-12
316,4,zone_2,-64.4441,-285.429,0,0,4.11793e-12,-3.74346e-12
316,1,zone_1,-80.317,-385.429,0,0,4.11793e-12,-3.74346e-12
316,1,zone_1,-80.317,-385.429,0,0,4.11793e-12,-3.74346e-12
316,5,zone_2,-47.6187,-285.429,0,0,4.11793e-12,-3.74346e-12
316,5,zone_2,-47.6187,-285.429,0,0,4.11793e-12,-3.74346e-12
316,2,zone_1,-63.4916,-385.429,0,0,4.11793e-12,-3.74346e-12
316,2,zone_1,-63.4916,-385.429,0,0,4.11793e-12,-3.74346e-12
316,6,zone_3,-49.5237,-85.4288,0,0,4.11793e-12,-3.74346e-12
316,6,zone_3,-49.5237,-85.4288,0,0,4.11793e-12,-3.74346e-12
316,3,zone_2,-81.2695,-285.429,0,0,4.11793e-12,-3.74346e-12
316,3,zone_2,-81.2695,-285.429,0,0,4.11793e-12,-3.74346e-12
316,7,zone_3,-32.6983,-85.4288,0,0,4.11793e-12,-3.74346e-12
316,7,zone_3,-32.6983,-85.4288,0,0,4.11793e-12,-3.74346e-12
318,8,zone_3,-15.8729,-85.4288,0,0,4.11793e-12,-3.74346e-12
318,8,zone_3,-15.8729,-85.4288,0,0,4.11793e-12,-3.74346e-12
318,0,zone_1,-97.1424,-385.429,0,0,4.11793e-12,-3.74346e-12
318,0,zone_1,-97.1424,-385.429,0,0,4.11793e-12,-3.74346e-12
318,4,zone_2,-64.4441,-285.429,0,0,4.11793e-12,-3.74346e-12
318,4,zone_2,-64.4441,-285.429,0,0,4.11793e-12,-3.74346e-12
318,1,zone_1,-80.317,-385.429,0,0,4.11793e-12,-3.74346e-12
318,1,zone_1,-80.317,-385.429,0,0,4.11793e-12,-3.74346e-12
318,5,zone_2,-47.6187,-285.429,0,0,4.11793e-12,-3.74346e-12
318,5,zone_2,-47.6187,-285.429,0,0,4.11793e-12,-3.74346e-12
318,2,zone_1,-63.4916,-385.429,0,0,4.11793e-12,-3.74346e-12
318,2,zone_1,-63.4916,-385.429,0,0,4.11793e-12,-3.74346e-12
318,6,zone_3,-49.5237,-85.4288,0,0,4.11793e-12,-3.74346e-12
318,6,zone_3,-49.5237,-85.4288,0,0,4.11793e-12,-3.74346e-12
318,3,zone_2,-81.2695,-285.429,0,0,4.11793e-12,-3.74346e-12
318,3,zone_2,-81.2695,-285.429,0,0,4.11793e-12,-3.74346e-12
318,7,zone_3,-32.6983,-85.4288,0,0,4.11793e-12,-3.74346e-12
318,7,zone_3,-32.6983,-85.4288,0,0,4.11793e-12,-3.74346e-12
320,0,zone_1,-97.1424,-385.429,0,0,4.11793e-12,-3.74346e-12
320,0,zone_1,-97.1424,-385.429,0,0,4.11793e-12,-3.74346e-12
320,4,zone_2,-64.4441,-285.429,0,0,4.11793e-12,-3.74346e-12
320,4,zone_2,-64.4441,-285.429,0,0,4.11793e-12,-3.74346e-12
320,1,zone_1,-80.317,-385.429,0,0,4.11793e-12,-3.74346e-12
320,1,zone_1,-80.317,-385.429,0,0,4.11793e-12,-3.74346e-12
320,8,zone_3,-15.8729,-85.4288,0,0,4.11793e-12,-3.74346e-12
320,8,zone_3,-15.8729,-85.4288,0,0,4.11793e-12,-3.74346e-12
320,5,zone_2,-47.6187,-285.429,0,0,4.11793e-12,-3.74346e-12
320,2,zone_1,-63.4916,-385.429,0,0,4.11793e-12,-3.74346e-12
320,5,zone_2,-47.6187,-285.429,0,0,4.11793e-12,-3.74346e-12
320,2,zone_1,-63.4916,-385.429,0,0,4.11793e-12,-3.74346e-12
320,3,zone_2,-81.2695,-285.429,0,0,4.11793e-12,-3.74346e-12
320,3,zone_2,-81.2695,-285.429,0,0,4.11793e-12,-3.74346e-12
320,6,zone_3,-49.5237,-85.4288,0,0,4.11793e-12,-3.74346e-12
320,6,zone_3,-49.5237,-85.4288,0,0,4.11793e-12,-3.74346e-12
320,7,zone_3,-32.6983,-85.4288,0,0,4.11793e-12,-3.74346e-12
320,7,zone_3,-32.6983,-85.4288,0,0,4.11793e-12,-3.74346e-12
322,4,zone_2,-64.4441,-285.429,0,0,4.11793e-12,-3.74346e-12
322,0,zone_1,-97.1424,-385.429,0,0,4.11793e-12,-3.74346e-12
322,4,zone_2,-64.4441,-285.429,0,0,4.11793e-12,-3.74346e-12
322,0,zone_1,-97.1424,-385.429,0,0,4.11793e-12,-3.74346e-12
322,8,zone_3,-15.8729,-85.4288,0,0,4.11793e-12,-3.74346e-12
322,8,zone_3,-15.8729,-85.4288,0,0,4.11793e-12,-3.74346e-12
322,1,zone_1,-80.317,-385.429,0,0,4.11793e-12,-3.74346e-12
322,1,zone_1,-80.317,-385.429,0,0,4.11793e-12,-3.74346e-12
322,5,zone_2,-47.6187,-285.429,0,0,4.11793e-12,-3.74346e-12
322,5,zone_2,-47.6187,-285.429,0,0,4.11793e-12,-3.74346e-12
322,2,zone_1,-63.4916,-385.429,0,0,4.11793e-12,-3.74346e-12
322,2,zone_1,-63.4916,-385.429,0,0,4.11793e-12,-3.74346e-12
322,6,zone_3,-49.5237,-85.4288,0,0,4.11793e-12,-3.74346e-12
322,6,zone_3,-49.5237,-85.4288,0,0,4.11793e-12,-3.74346e-12
322,3,zone_2,-81.2695,-285.429,0,0,4.11793e-12,-3.74346e-12
322,3,zone_2,-81.2695,-285.429,0,0,4.11793e-12,-3.74346e-12
322,7,zone_3,-32.6983,-85.4288,0,0,4.11793e-12,-3.74346e-12
322,7,zone_3,-32.6983,-85.4288,0,0,4.11793e-12,-3.74346e-12
324,4,zone_2,-64.4441,-285.429,0,0,4.11793e-12,-3.74346e-12
324,4,zone_2,-64.4441,-285.429,0,0,4.11793e-12,-3.74346e-12
324,0,zone_1,-97.1424,-385.429,0,0,4.11793e-12,-3.74346e-12
324,0,zone_1,-97.1424,-385.429,0,0,4.11793e-12,-3.74346e-12
324,8,zone_3,-15.8729,-85.4288,0,0,4.11793e-12,-3.74346e-12
324,8,zone_3,-15.8729,-85.4288,0,0,4.11793e-12,-3.74346e-12
324,1,zone_1,-80.317,-385.429,0,0,4.11793e-12,-3.74346e-12
324,1,zone_1,-80.317,-385.429,0,0,4.11793e-12,-3.74346e-12
324,5,zone_2,-47.6187,-285.429,0,0,4.11793e-12,-3.74346e-12
324,5,zone_2,-47.6187,-285.429,0,0,4.11793e-12,-3.74346e-12
324,2,zone_1,-63.4916,-385.429,0,0,4.11793e-12,-3.74346e-12
324,2,zone_1,-63.4916,-385.429,0,0,4.11793e-12,-3.74346e-12
324,6,zone_3,-49.5237,-85.4288,0,0,4.11793e-12,-3.74346e-12
324,6,zone_3,-49.5237,-85.4288,0,0,4.11793e-12,-3.74346e-12
324,3,zone_2,-81.2695,-285.429,0,0,4.11793e-12,-3.74346e-12
324,3,zone_2,-81.2695,-285.429,0,0,4.11793e-12,-3.74346e-12
324,7,zone_3,-32.6983,-85.4288,0,0,4.11793e-12,-3.74346e-12
324,7,zone_3,-32.6983,-85.4288,0,0,4.11793e-12,-3.74346e-12
326,8,zone_3,-15.8729,-85.4288,0,0,4.11793e-12,-3.74346e-12
326,8,zone_3,-15.8729,-85.4288,0,0,4.11793e-12,-3.74346e-12
326,0,zone_1,-97.1424,-385.429,0,0,4.11793e-12,-3.74346e-12
326,0,zone_1,-97.1424,-385.429,0,0,4.11793e-12,-3.74346e-12
326,4,zone_2,-64.4441,-285.429,0,0,4.11793e-12,-3.74346e-12
326,4,zone_2,-64.4441,-285.429,0,0,4.11793e-12,-3.74346e-12
326,1,zone_1,-80.317,-385.429,0,0,4.11793e-12,-3.74346e-12
326,1,zone_1,-80.317,-385.429,0,0,4.11793e-12,-3.74346e-12
326,5,zone_2,-47.6187,-285.429,0,0,4.11793e-12,-3.74346e-12
326,5,zone_2,-47.6187,-285.429,0,0,4.11793e-12,-3.74346e-12
326,2,zone_1,-63.4916,-385.429,0,0,4.11793e-12,-3.74346e-12
326,2,zone_1,-63.4916,-385.429,0,0,4.11793e-12,-3.74346e-12
326,6,zone_3,-49.5237,-85.4288,0,0,4.11793e-12,-3.74346e-12
326,6,zone_3,-49.5237,-85.4288,0,0,4.11793e-12,-3.74346e-12
326,3,zone_2,-81.2695,-285.429,0,0,4.11793e-12,-3.74346e-12
326,3,zone_2,-81.2695,-285.429,0,0,4.11793e-12,-3.74346e-12
326,7,zone_3,-32.6983,-85.4288,0,0,4.11793e-12,-3.74346e-12
326,7,zone_3,-32.6983,-85.4288,0,0,4.11793e-12,-3.74346e-12
328,8,zone_3,-15.8729,-85.4288,0,0,4.11793e-12,-3.74346e-12
328,8,zone_3,-15.8729,-85.4288,0,0,4.11793e-12,-3.74346e-12
328,4,zone_2,-64.4441,-285.429,0,0,4.11793e-12,-3.74346e-12
328,4,zone_2,-64.4441,-285.429,0,0,4.11793e-12,-3.74346e-12
328,0,zone_1,-97.1424,-385.429,0,0,4.11793e-12,-3.74346e-12
328,0,zone_1,-97.1424,-385.429,0,0,4.11793e-12,-3.74346e-12
328,5,zone_2,-47.6187,-285.429,0,0,4.11793e-12,-3.74346e-12
328,5,zone_2,-47.6187,-285.429,0,0,4.11793e-12,-3.74346e-12
328,1,zone_1,-80.317,-385.429,0,0,4.11793e-12,-3.74346e-12
328,1,zone_1,-80.317,-385.429,0,0,4.11793e-12,-3.74346e-12
328,2,zone_1,-63.4916,-385.429,0,0,4.11793e-12,-3.74346e-12
328,2,zone_1,-63.4916,-385.429,0,0,4.11793e-12,-3.74346e-12
328,6,zone_3,-49.5237,-85.4288,0,0,4.11793e-12,-3.74346e-12
328,6,zone_3,-49.5237,-85.4288,0,0,4.11793e-12,-3.74346e-12
328,3,zone_2,-81.2695,-285.429,0,0,4.11793e-12,-3.74346e-12
328,3,zone_2,-81.2695,-285.429,0,0,4.11793e-12,-3.74346e-12
328,7,zone_3,-32.6983,-85.4288,0,0,4.11793e-12,-3.74346e-12
328,7,zone_3,-32.6983,-85.4288,0,0,4.11793e-12,-3.74346e-12
330,0,zone_1,-97.1424,-385.429,0,0,4.11793e-12,-3.74346e-12
330,0,zone_1,-97.1424,-385.429,0,0,4.11793e-12,-3.74346e-12
330,4,zone_2,-64.4441,-285.429,0,0,4.11793e-12,-3.74346e-12
330,4,zone_2,-64.4441,-285.429,0,0,4.11793e-12,-3.74346e-12
330,8,zone_3,-15.8729,-85.4288,0,0,4.11793e-12,-3.74346e-12
330,8,zone_3,-15.8729,-85.4288,0,0,4.11793e-12,-3.74346e-12
330,1,zone_1,-80.317,-385.429,0,0,4.11793e-12,-3.74346e-12
330,1,zone_1,-80.317,-385.429,0,0,4.11793e-12,-3.74346e-12
330,5,zone_2,-47.6187,-285.429,0,0,4.11793e-12,-3.74346e-12
330,5,zone_2,-47.6187,-285.429,0,0,4.11793e-12,-3.74346e-12
330,2,zone_1,-63.4916,-385.429,0,0,4.11793e-12,-3.74346e-12
330,2,zone_1,-63.4916,-385.429,0,0,4.11793e-12,-3.74346e-12
330,6,zone_3,-49.5237,-85.4288,0,0,4.11793e-12,-3.74346e-12
330,6,zone_3,-49.5237,-85.4288,0,0,4.11793e-12,-3.74346e-12
330,3,zone_2,-81.2695,-285.429,0,0,4.11793e-12,-3.74346e-12
330,3,zone_2,-81.2695,-285.429,0,0,4.11793e-12,-3.74346e-12
330,7,zone_3,-32.6983,-85.4288,0,0,4.11793e-12,-3.74346e-12
330,7,zone_3,-32.6983,-85.4288,0,0,4.11793e-12,-3.74346e-12
332,0,zone_1,-97.1424,-385.429,0,0,4.11793e-12,-3.74346e-12
332,0,zone_1,-97.1424,-385.429,0,0,4.11793e-12,-3.74346e-12
332,4,zone_2,-64.4441,-285.429,0,0,4.11793e-12,-3.74346e-12
332,4,zone_2,-64.4441,-285.429,0,0,4.11793e-12,-3.74346e-12
332,8,zone_3,-15.8729,-85.4288,0,0,4.11793e-12,-3.74346e-12
332,8,zone_3,-15.8729,-85.4288,0,0,4.11793e-12,-3.74346e-12
332,1,zone_1,-80.317,-385.429,0,0,4.11793e-12,-3.74346e-12
332,1,zone_1,-80.317,-385.429,0,0,4.11793e-12,-3.74346e-12
332,5,zone_2,-47.6187,-285.429,0,0,4.11793e-12,-3.74346e-12
332,5,zone_2,-47.6187,-285.429,0,0,4.11793e-12,-3.74346e-12
332,2,zone_1,-63.4916,-385.429,0,0,4.11793e-12,-3.74346e-12
332,2,zone_1,-63.4916,-385.429,0,0,4.11793e-12,-3.74346e-12
332,6,zone_3,-49.5237,-85.4288,0,0,4.11793e-12,-3.74346e-12
332,6,zone_3,-49.5237,-85.4288,0,0,4.11793e-12,-3.74346e-12
332,3,zone_2,-81.2695,-285.429,0,0,4.11793e-12,-3.74346e-12
332,3,zone_2,-81.2695,-285.429,0,0,4.11793e-12,-3.74346e-12
332,7,zone_3,-32.6983,-85.4288,0,0,4.11793e-12,-3.74346e-12
332,7,zone_3,-32.6983,-85.4288,0,0,4.11793e-12,-3.74346e-12
334,4,zone_2,-64.4441,-285.429,0,0,4.11793e-12,-3.74346e-12
334,0,zone_1,-97.1424,-385.429,0,0,4.11793e-12,-3.74346e-12
334,4,zone_2,-64.4441,-285.429,0,0,4.11793e-12,-3.74346e-12
334,0,zone_1,-97.1424,-385.429,0,0,4.11793e-12,-3.74346e-12
334,8,zone_3,-15.8729,-85.4288,0,0,4.11793e-12,-3.74346e-12
334,8,zone_3,-15.8729,-85.4288,0,0,4.11793e-12,-3.74346e-12
334,5,zone_2,-47.6187,-285.429,0,0,4.11793e-12,-3.74346e-12
334,1,zone_1,-80.317,-385.429,0,0,4.11793e-12,-3.74346e-12
334,5,zone_2,-47.6187,-285.429,0,0,4.11793e-12,-3.74346e-12
334,1,zone_1,-80.317,-385.429,0,0,4.11793e-12,-3.74346e-12
334,2,zone_1,-63.4916,-385.429,0,0,4.11793e-12,-3.74346e-12
334,2,zone_1,-63.4916,-385.429,0,0,4.11793e-12,-3.74346e-12
334,6,zone_3,-49.5237,-85.4288,0,0,4.11793e-12,-3.74346e-12
334,6,zone_3,-49.5237,-85.4288,0,0,4.11793e-12,-3.74346e-12
334,3,zone_2,-81.2695,-285.429,0,0,4.11793e-12,-3.74346e-12
334,3,zone_2,-81.2695,-285.429,0,0,4.11793e-12,-3.74346e-12
334,7,zone_3,-32.6983,-85.4288,0,0,4.11793e-12,-3.74346e-12
334,7,zone_3,-32.6983,-85.4288,0,0,4.11793e-12,-3.74346e-12
336,0,zone_1,-97.1424,-385.429,0,0,4.11793e-12,-3.74346e-12
336,0,zone_1,-97.1424,-385.429,0,0,4.11793e-12,-3.74346e-12
336,4,zone_2,-64.4441,-285.429,0,0,4.11793e-12,-3.74346e-12
336,4,zone_2,-64.4441,-285.429,0,0,4.11793e-12,-3.74346e-12
336,8,zone_3,-15.8729,-85.4288,0,0,4.11793e-12,-3.74346e-12
336,8,zone_3,-15.8729,-85.4288,0,0,4.11793e-12,-3.74346e-12
336,5,zone_2,-47.6187,-285.429,0,0,4.11793e-12,-3.74346e-12
336,5,zone_2,-47.6187,-285.429,0,0,4.11793e-12,-3.74346e-12
336,1,zone_1,-80.317,-385.429,0,0,4.11793e-12,-3.74346e-12
336,1,zone_1,-80.317,-385.429,0,0,4.11793e-12,-3.74346e-12
336,6,zone_3,-49.5237,-85.4288,0,0,4.11793e-12,-3.74346e-12
336,2,zone_1,-63.4916,-385.429,0,0,4.11793e-12,-3.74346e-12
336,6,zone_3,-49.5237,-85.4288,0,0,4.11793e-12,-3.74346e-12
336,2,zone_1,-63.4916,-385.429,0,0,4.11793e-12,-3.74346e-12
336,3,zone_2,-81.2695,-285.429,0,0,4.11793e-12,-3.74346e-12
336,3,zone_2,-81.2695,-285.429,0,0,4.11793e-12,-3.74346e-12
336,7,zone_3,-32.6983,-85.4288,0,0,4.11793e-12,-3.74346e-12
336,7,zone_3,-32.6983,-85.4288,0,0,4.11793e-12,-3.74346e-12
338,4,zone_2,-64.4441,-285.429,0,0,4.11793e-12,-3.74346e-12
338,4,zone_2,-64.4441,-285.429,0,0,4.11793e-12,-3.74346e-12
338,0,zone_1,-97.1424,-385.429,0,0,4.11793e-12,-3.74346e-12
338,0,zone_1,-97.1424,-385.429,0,0,4.11793e-12,-3.74346e-12
338,8,zone_3,-15.8729,-85.4288,0,0,4.11793e-12,-3.74346e-12
338,8,zone_3,-15.8729,-85.4288,0,0,4.11793e-12,-3.74346e-12
338,5,zone_2,-47.6187,-285.429,0,0,4.11793e-12,-3.74346e-12
338,5,zone_2,-47.6187,-285.429,0,0,4.11793e-12,-3.74346e-12
338,1,zone_1,-80.317,-385.429,0,0,4.11793e-12,-3.74346e-12
338,1,zone_1,-80.317,-385.429,0,0,4.11793e-12,-3.74346e-12
338,2,zone_1,-63.4916,-385.429,0,0,4.11793e-12,-3.74346e-12
338,2,zone_1,-63.4916,-385.429,0,0,4.11793e-12,-3.74346e-12
338,6,zone_3,-49.5237,-85.4288,0,0,4.11793e-12,-3.74346e-12
338,6,zone_3,-49.5237,-85.4288,0,0,4.11793e-12,-3.74346e-12
338,3,zone_2,-81.2695,-285.429,0,0,4.11793e-12,-3.74346e-12
338,3,zone_2,-81.2695,-285.429,0,0,4.11793e-12,-3.74346e-12
338,7,zone_3,-32.6983,-85.4288,0,0,4.11793e-12,-3.74346e-12
338,7,zone_3,-32.6983,-85.4288,0,0,4.11793e-12,-3.74346e-12
340,4,zone_2,-64.4441,-285.429,0,0,4.11793e-12,-3.74346e-12
340,0,zone_1,-97.1424,-385.429,0,0,4.11793e-12,-3.74346e-12
340,4,zone_2,-64.4441,-285.429,0,0,4.11793e-12,-3.74346e-12
340,0,zone_1,-97.1424,-385.429,0,0,4.11793e-12,-3.74346e-12
340,8,zone_3,-15.8729,-85.4288,0,0,4.11793e-12,-3.74346e-12
340,8,zone_3,-15.8729,-85.4288,0,0,4.11793e-12,-3.74346e-12
340,1,zone_1,-80.317,-385.429,0,0,4.11793e-12,-3.74346e-12
340,1,zone_1,-80.317,-385.429,0,0,4.11793e-12,-3.74346e-12
340,5,zone_2,-47.6187,-285.429,0,0,4.11793e-12,-3.74346e-12
340,5,zone_2,-47.6187,-285.429,0,0,4.11793e-12,-3.74346e-12
340,2,zone_1,-63.4916,-385.429,0,0,4.11793e-12,-3.74346e-12
340,2,zone_1,-63.4916,-385.429,0,0,4.11793e-12,-3.74346e-12
340,6,zone_3,-49.5237,-85.4288,0,0,4.11793e-12,-3.74346e-12
340,6,zone_3,-49.5237,-85.4288,0,0,4.11793e-12,-3.74346e-12
340,3,zone_2,-81.2695,-285.429,0,0,4.11793e-12,-3.74346e-12
340,3,zone_2,-81.2695,-285.429,0,0,4.11793e-12,-3.74346e-12
340,7,zone_3,-32.6983,-85.4288,0,0,4.11793e-12,-3.74346e-12
340,7,zone_3,-32.6983,-85.4288,0,0,4.11793e-12,-3.74346e-12
342,0,zone_1,-97.1424,-385.429,0,0,4.11793e-12,-3.74346e-12
342,0,zone_1,-97.1424,-385.429,0,0,4.11793e-12,-3.74346e-12
342,8,zone_3,-15.8729,-85.4288,0,0,4.11793e-12,-3.74346e-12
342,4,zone_2,-64.4441,-285.429,0,0,4.11793e-12,-3.74346e-12
342,8,zone_3,-15.8729,-85.4288,0,0,4.11793e-12,-3.74346e-12
342,4,zone_2,-64.4441,-285.429,0,0,4.11793e-12,-3.74346e-12
342,1,zone_1,-80.317,-385.429,0,0,4.11793e-12,-3.74346e-12
342,1,zone_1,-80.317,-385.429,0,0,4.11793e-12,-3.74346e-12
342,5,zone_2,-47.6187,-285.429,0,0,4.11793e-12,-3.74346e-12
342,5,zone_2,-47.6187,-285.429,0,0,4.11793e-12,-3.74346e-12
342,2,zone_1,-63.4916,-385.429,0,0,4.11793e-12,-3.74346e-12
342,2,zone_1,-63.4916,-385.429,0,0,4.11793e-12,-3.74346e-12
342,6,zone_3,-49.5237,-85.4288,0,0,4.11793e-12,-3.74346e-12
342,6,zone_3,-49.5237,-85.4288,0,0,4.11793e-12,-3.74346e-12
342,3,zone_2,-81.2695,-285.429,0,0,4.11793e-12,-3.74346e-12
342,3,zone_2,-81.2695,-285.429,0,0,4.11793e-12,-3.74346e-12
342,7,zone_3,-32.6983,-85.4288,0,0,4.11793e-12,-3.74346e-12
342,7,zone_3,-32.6983,-85.4288,0,0,4.11793e-12,-3.74346e-12
344,4,zone_2,-64.4441,-285.429,0,0,4.11793e-12,-3.74346e-12
344,4,zone_2,-64.4441,-285.429,0,0,4.11793e-12,-3.74346e-12
344,0,zone_1,-97.1424,-385.429,0,0,4.11793e-12,-3.74346e-12
344,0,zone_1,-97.1424,-385.429,0,0,4.11793e-12,-3.74346e-12
344,8,zone_3,-15.8729,-85.4288,0,0,4.11793e-12,-3.74346e-12
344,8,zone_3,-15.8729,-85.4288,0,0,4.11793e-12,-3.74346e-12
344,5,zone_2,-47.6187,-285.429,0,0,4.11793e-12,-3.74346e-12
344,5,zone_2,-47.6187,-285.429,0,0,4.11793e-12,-3.74346e-12
344,1,zone_1,-80.317,-385.429,0,0,4.11793e-12,-3.74346e-12
344,1,zone_1,-80.317,-385.429,0,0,4.11793e-12,-3.74346e-12
344,2,zone_1,-63.4916,-385.429,0,0,4.11793e-12,-3.74346e-12
344,2,zone_1,-63.4916,-385.429,0,0,4.11793e-12,-3.74346e-12
344,6,zone_3,-49.5237,-85.4288,0,0,4.11793e-12,-3.74346e-12
344,6,zone_3,-49.5237,-85.4288,0,0,4.11793e-12,-3.74346e-12
344,3,zone_2,-81.2695,-285.429,0,0,4.11793e-12,-3.74346e-12
344,3,zone_2,-81.2695,-285.429,0,0,4.11793e-12,-3.74346e-12
344,7,zone_3,-32.6983,-85.4288,0,0,4.11793e-12,-3.74346e-12
344,7,zone_3,-32.6983,-85.4288,0,0,4.11793e-12,-3.74346e-12
346,0,zone_1,-97.1424,-385.429,0,0,4.11793e-12,-3.74346e-12
346,0,zone_1,-97.1424,-385.429,0,0,4.11793e-12,-3.74346e-12
346,8,zone_3,-15.8729,-85.4288,0,0,4.11793e-12,-3.74346e-12
346,8,zone_3,-15.8729,-85.4288,0,0,4.11793e-12,-3.74346e-12
346,4,zone_2,-64.4441,-285.429,0,0,4.11793e-12,-3.74346e-12
346,4,zone_2,-64.4441,-285.429,0,0,4.11793e-12,-3.74346e-12
346,1,zone_1,-80.317,-385.429,0,0,4.11793e-12,-3.74346e-12
346,1,zone_1,-80.317,-385.429,0,0,4.11793e-12,-3.74346e-12
346,5,zone_2,-47.6187,-285.429,0,0,4.11793e-12,-3.74346e-12
346,5,zone_2,-47.6187,-285.429,0,0,4.11793e-12,-3.74346e-12
346,2,zone_1,-63.4916,-385.429,0,0,4.11793e-12,-3.74346e-12
346,2,zone_1,-63.4916,-385.429,0,0,4.11793e-12,-3.74346e-12
346,6,zone_3,-49.5237,-85.4288,0,0,4.11793e-12,-3.74346e-12
346,6,zone_3,-49.5237,-85.4288,0,0,4.11793e-12,-3.74346e-12
346,3,zone_2,-81.2695,-285.429,0,0,4.11793e-12,-3.74346e-12
346,3,zone_2,-81.2695,-285.429,0,0,4.11793e-12,-3.74346e-12
346,7,zone_3,-32.6983,-85.4288,0,0,4.11793e-12,-3.74346e-12
346,7,zone_3,-32.6983,-85.4288,0,0,4.11793e-12,-3.74346e-12
348,0,zone_1,-97.1424,-385.429,0,0,4.11793e-12,-3.74346e-12
348,0,zone_1,-97.1424,-385.429,0,0,4.11793e-12,-3.74346e-12
348,4,zone_2,-64.4441,-285.429,0,0,4.11793e-12,-3.74346e-12
348,4,zone_2,-64.4441,-285.429,0,0,4.11793e-12,-3.74346e-12
348,8,zone_3,-15.8729,-85.4288,0,0,4.11793e-12,-3.74346e-12
348,8,zone_3,-15.8729,-85.4288,0,0,4.11793e-12,-3.74346e-12
348,1,zone_1,-80.317,-385.429,0,0,4.11793e-12,-3.74346e-12
348,1,zone_1,-80.317,-385.429,0,0,4.11793e-12,-3.74346e-12
348,5,zone_2,-47.6187,-285.429,0,0,4.11793e-12,-3.74346e-12
348,5,zone_2,-47.6187,-285.429,0,0,4.11793e-12,-3.74346e-12
348,2,zone_1,-63.4916,-385.429,0,0,4.11793e-12,-3.74346e-12
348,2,zone_1,-63.4916,-385.429,0,0,4.11793e-12,-3.74346e-12
348,6,zone_3,-49.5237,-85.4288,0,0,4.11793e-12,-3.74346e-12
348,6,zone_3,-49.5237,-85.4288,0,0,4.11793e-12,-3.74346e-12
348,3,zone_2,-81.2695,-285.429,0,0,4.11793e-12,-3.74346e-12
348,3,zone_2,-81.2695,-285.429,0,0,4.11793e-12,-3.74346e-12
348,7,zone_3,-32.6983,-85.4288,0,0,4.11793e-12,-3.74346e-12
348,7,zone_3,-32.6983,-85.4288,0,0,4.11793e-12,-3.74346e-12
350,0,zone_1,-97.1424,-385.429,0,0,4.11793e-12,-3.74346e-12
350,0,zone_1,-97.1424,-385.429,0,0,4.11793e-12,-3.74346e-12
350,8,zone_3,-15.8729,-85.4288,0,0,4.11793e-12,-3.74346e-12
350,8,zone_3,-15.8729,-85.4288,0,0,4.11793e-12,-3.74346e-12
350,4,zone_2,-64.4441,-285.429,0,0,4.11793e-12,-3.74346e-12
350,4,zone_2,-64.4441,-285.429,0,0,4.11793e-12,-3.74346e-12
350,5,zone_2,-47.6187,-285.429,0,0,4.11793e-12,-3.74346e-12
350,5,zone_2,-47.6187,-285.429,0,0,4.11793e-12,-3.74346e-12
350,1,zone_1,-80.317,-385.429,0,0,4.11793e-12,-3.74346e-12
350,1,zone_1,-80.317,-385.429,0,0,4.11793e-12,-3.74346e-12
350,2,zone_1,-63.4916,-385.429,0,0,4.11793e-12,-3.74346e-12
350,2,zone_1,-63.4916,-385.429,0,0,4.11793e-12,-3.74346e-12
350,6,zone_3,-49.5237,-85.4288,0,0,4.11793e-12,-3.74346e-12
350,6,zone_3,-49.5237,-85.4288,0,0,4.11793e-12,-3.74346e-12
350,3,zone_2,-81.2695,-285.429,0,0,4.11793e-12,-3.74346e-12
350,3,zone_2,-81.2695,-285.429,0,0,4.11793e-12,-3.74346e-12
350,7,zone_3,-32.6983,-85.4288,0,0,4.11793e-12,-3.74346e-12
350,7,zone_3,-32.6983,-85.4288,0,0,4.11793e-12,-3.74346e-12
352,4,zone_2,-64.4441,-285.429,0,0,4.11793e-12,-3.74346e-12
352,4,zone_2,-64.4441,-285.429,0,0,4.11793e-12,-3.74346e-12
352,8,zone_3,-15.8729,-85.4288,0,0,4.11793e-12,-3.74346e-12
352,8,zone_3,-15.8729,-85.4288,0,0,4.11793e-12,-3.74346e-12
352,0,zone_1,-97.1424,-385.429,0,0,4.11793e-12,-3.74346e-12
352,0,zone_1,-97.1424,-385.429,0,0,4.11793e-12,-3.74346e-12
352,5,zone_2,-47.6187,-285.429,0,0,4.11793e-12,-3.74346e-12
352,5,zone_2,-47.6187,-285.429,0,0,4.11793e-12,-3.74346e-12
352,1,zone_1,-80.317,-385.429,0,0,4.11793e-12,-3.74346e-12
352,1,zone_1,-80.317,-385.429,0,0,4.11793e-12,-3.74346e-12
352,6,zone_3,-49.5237,-85.4288,0,0,4.11793e-12,-3.74346e-12
352,6,zone_3,-49.5237,-85.4288,0,0,4.11793e-12,-3.74346e-12
352,2,zone_1,-63.4916,-385.429,0,0,4.11793e-12,-3.74346e-12
352,2,zone_1,-63.4916,-385.429,0,0,4.11793e-12,-3.74346e-12
352,7,zone_3,-32.6983,-85.4288,0,0,4.11793e-12,-3.74346e-12
352,7,zone_3,-32.6983,-85.4288,0,0,4.11793e-12,-3.74346e-12
352,3,zone_2,-81.2695,-285.429,0,0,4.11793e-12,-3.74346e-12
352,3,zone_2,-81.2695,-285.429,0,0,4.11793e-12,-3.74346e-12
354,4,zone_2,-64.4441,-285.429,0,0,4.11793e-12,-3.74346e-12
354,4,zone_2,-64.4441,-285.429,0,0,4.11793e-12,-3.74346e-12
354,8,zone_3,-15.8729,-85.4288,0,0,4.11793e-12,-3.74346e-12
354,0,zone_1,-97.1424,-385.429,0,0,4.11793e-12,-3.74346e-12
354,8,zone_3,-15.8729,-85.4288,0,0,4.11793e-12,-3.74346e-12
354,0,zone_1,-97.1424,-385.429,0,0,4.11793e-12,-3.74346e-12
354,1,zone_1,-80.317,-385.429,0,0,4.11793e-12,-3.74346e-12
354,1,zone_1,-80.317,-385.429,0,0,4.11793e-12,-3.74346e-12
354,5,zone_2,-47.6187,-285.429,0,0,4.11793e-12,-3.74346e-12
354,5,zone_2,-47.6187,-285.429,0,0,4.11793e-12,-3.74346e-12
354,6,zone_3,-49.5237,-85.4288,0,0,4.11793e-12,-3.74346e-12
354,6,zone_3,-49.5237,-85.4288,0,0,4.11793e-12,-3.74346e-12
354,2,zone_1,-63.4916,-385.429,0,0,4.11793e-12,-3.74346e-12
354,2,zone_1,-63.4916,-385.429,0,0,4.11793e-12,-3.74346e-12
354,3,zone_2,-81.2695,-285.429,0,0,4.11793e-12,-3.74346e-12
354,3,zone_2,-81.2695,-285.429,0,0,4.11793e-12,-3.74346e-12
354,7,zone_3,-32.6983,-85.4288,0,0,4.11793e-12,-3.74346e-12
354,7,zone_3,-32.6983,-85.4288,0,0,4.11793e-12,-3.74346e-12
356,8,zone_3,-15.8729,-85.4288,0,0,4.11793e-12,-3.74346e-12
356,8,zone_3,-15.8729,-85.4288,0,0,4.11793e-12,-3.74346e-12
356,4,zone_2,-64.4441,-285.429,0,0,4.11793e-12,-3.74346e-12
356,4,zone_2,-64.4441,-285.429,0,0,4.11793e-12,-3.74346e-12
356,0,zone_1,-97.1424,-385.429,0,0,4.11793e-12,-3.74346e-12
356,0,zone_1,-97.1424,-385.429,0,0,4.11793e-12,-3.74346e-12
356,5,zone_2,-47.6187,-285.429,0,0,4.11793e-12,-3.74346e-12
356,5,zone_2,-47.6187,-285.429,0,0,4.11793e-12,-3.74346e-12
356,1,zone_1,-80.317,-385.429,0,0,4.11793e-12,-3.74346e-12
356,1,zone_1,-80.317,-385.429,0,0,4.11793e-12,-3.74346e-12
356,6,zone_3,-49.5237,-85.4288,0,0,4.11793e-12,-3.74346e-12
356,6,zone_3,-49.5237,-85.4288,0,0,4.11793e-12,-3.74346e-12
356,2,zone_1,-63.4916,-385.429,0,0,4.11793e-12,-3.74346e-12
356,2,zone_1,-63.4916,-385.429,0,0,4.11793e-12,-3.74346e-12
356,7,zone_3,-32.6983,-85.4288,0,0,4.11793e-12,-3.74346e-12
356,3,zone_2,-81.2695,-285.429,0,0,4.11793e-12,-3.74346e-12
356,7,zone_3,-32.6983,-85.4288,0,0,4.11793e-12,-3.74346e-12
356,3,zone_2,-81.2695,-285.429,0,0,4.11793e-12,-3.74346e-12
358,0,zone_1,-97.1424,-385.429,0,0,4.11793e-12,-3.74346e-12
358,0,zone_1,-97.1424,-385.429,0,0,4.11793e-12,-3.74346e-12
358,4,zone_2,-64.4441,-285.429,0,0,4.11793e-12,-3.74346e-12
358,4,zone_2,-64.4441,-285.429,0,0,4.11793e-12,-3.74346e-12
358,1,zone_1,-80.317,-385.429,0,0,4.11793e-12,-3.74346e-12
358,1,zone_1,-80.317,-385.429,0,0,4.11793e-12,-3.74346e-12
358,8,zone_3,-15.8729,-85.4288,0,0,4.11793e-12,-3.74346e-12
358,8,zone_3,-15.8729,-85.4288,0,0,4.11793e-12,-3.74346e-12
358,5,zone_2,-47.6187,-285.429,0,0,4.11793e-12,-3.74346e-12
358,5,zone_2,-47.6187,-285.429,0,0,4.11793e-12,-3.74346e-12
358,2,zone_1,-63.4916,-385.429,0,0,4.11793e-12,-3.74346e-12
358,2,zone_1,-63.4916,-385.429,0,0,4.11793e-12,-3.74346e-12
358,6,zone_3,-49.5237,-85.4288,0,0,4.11793e-12,-3.74346e-12
358,6,zone_3,-49.5237,-85.4288,0,0,4.11793e-12,-3.74346e-12
358,3,zone_2,-81.2695,-285.429,0,0,4.11793e-12,-3.74346e-12
358,3,zone_2,-81.2695,-285.429,0,0,4.11793e-12,-3.74346e-12
358,7,zone_3,-32.6983,-85.4288,0,0,4.11793e-12,-3.74346e-12
358,7,zone_3,-32.6983,-85.4288,0,0,4.11793e-12,-3.74346e-12
360,8,zone_3,-15.8729,-85.4288,0,0,4.11793e-12,-3.74346e-12
360,4,zone_2,-64.4441,-285.429,0,0,4.11793e-12,-3.74346e-12
360,8,zone_3,-15.8729,-85.4288,0,0,4.11793e-12,-3.74346e-12
360,4,zone_2,-64.4441,-285.429,0,0,4.11793e-12,-3.74346e-12
360,0,zone_1,-97.1424,-385.429,0,0,4.11793e-12,-3.74346e-12
360,0,zone_1,-97.1424,-385.429,0,0,4.11793e-12,-3.74346e-12
360,5,zone_2,-47.6187,-285.429,0,0,4.11793e-12,-3.74346e-12
360,5,zone_2,-47.6187,-285.429,0,0,4.11793e-12,-3.74346e-12
360,1,zone_1,-80.317,-385.429,0,0,4.11793e-12,-3.74346e-12
360,1,zone_1,-80.317,-385.429,0,0,4.11793e-12,-3.74346e-12
360,6,zone_3,-49.5237,-85.4288,0,0,4.11793e-12,-3.74346e-12
360,2,zone_1,-63.4916,-385.429,0,0,4.11793e-12,-3.74346e-12
360,6,zone_3,-49.5237,-85.4288,0,0,4.11793e-12,-3.74346e-12
360,2,zone_1,-63.4916,-385.429,0,0,4.11793e-12,-3.74346e-12
360,3,zone_2,-81.2695,-285.429,0,0,4.11793e-12,-3.74346e-12
360,3,zone_2,-81.2695,-285.429,0,0,4.11793e-12,-3.74346e-12
360,7,zone_3,-32.6983,-85.4288,0,0,4.11793e-12,-3.74346e-12
360,7,zone_3,-32.6983,-85.4288,0,0,4.11793e-12,-3.74346e-12
362,0,zone_1,-97.1424,-385.429,0,0,4.11793e-12,-3.74346e-12
362,0,zone_1,-97.1424,-385.429,0,0,4.11793e-12,-3.74346e-12
362,8,zone_3,-15.8729,-85.4288,0,0,4.11793e-12,-3.74346e-12
362,8,zone_3,-15.8729,-85.4288,0,0,4.11793e-12,-3.74346e-12
362,4,zone_2,-64.4441,-285.429,0,0,4.11793e-12,-3.74346e-12
362,4,zone_2,-64.4441,-285.429,0,0,4.11793e-12,-3.74346e-12
362,1,zone_1,-80.317,-385.429,0,0,4.11793e-12,-3.74346e-12
362,1,zone_1,-80.317,-385.429,0,0,4.11793e-12,-3.74346e-12
362,5,zone_2,-47.6187,-285.429,0,0,4.11793e-12,-3.74346e-12
362,5,zone_2,-47.6187,-285.429,0,0,4.11793e-12,-3.74346e-12
362,2,zone_1,-63.4916,-385.429,0,0,4.11793e-12,-3.74346e-12
362,2,zone_1,-63.4916,-385.429,0,0,4.11793e-12,-3.74346e-12
362,6,zone_3,-49.5237,-85.4288,0,0,4.11793e-12,-3.74346e-12
362,6,zone_3,-49.5237,-85.4288,0,0,4.11793e-12,-3.74346e-12
362,3,zone_2,-81.2695,-285.429,0,0,4.11793e-12,-3.74346e-12
362,3,zone_2,-81.2695,-285.429,0,0,4.11793e-12,-3.74346e-12
362,7,zone_3,-32.6983,-85.4288,0,0,4.11793e-12,-3.74346e-12
362,7,zone_3,-32.6983,-85.4288,0,0,4.11793e-12,-3.74346e-12
364,4,zone_2,-64.4441,-285.429,0,0,4.11793e-12,-3.74346e-12
364,8,zone_3,-15.8729,-85.4288,0,0,4.11793e-12,-3.74346e-12
364,4,zone_2,-64.4441,-285.429,0,0,4.11793e-12,-3.74346e-12
364,8,zone_3,-15.8729,-85.4288,0,0,4.11793e-12,-3.74346e-12
364,0,zone_1,-97.1424,-385.429,0,0,4.11793e-12,-3.74346e-12
364,0,zone_1,-97.1424,-385.429,0,0,4.11793e-12,-3.74346e-12
364,1,zone_1,-80.317,-385.429,0,0,4.11793e-12,-3.74346e-12
364,5,zone_2,-47.6187,-285.429,0,0,4.11793e-12,-3.74346e-12
364,1,zone_1,-80.317,-385.429,0,0,4.11793e-12,-3.74346e-12
364,5,zone_2,-47.6187,-285.429,0,0,4.11793e-12,-3.74346e-12
364,2,zone_1,-63.4916,-385.429,0,0,4.11793e-12,-3.74346e-12
364,2,zone_1,-63.4916,-385.429,0,0,4.11793e-12,-3.74346e-12
364,6,zone_3,-49.5237,-85.4288,0,0,4.11793e-12,-3.74346e-12
364,6,zone_3,-49.5237,-85.4288,0,0,4.11793e-12,-3.74346e-12
364,3,zone_2,-81.2695,-285.429,0,0,4.11793e-12,-3.74346e-12
364,3,zone_2,-81.2695,-285.429,0,0,4.11793e-12,-3.74346e-12
364,7,zone_3,-32.6983,-85.4288,0,0,4.11793e-12,-3.74346e-12
364,7,zone_3,-32.6983,-85.4288,0,0,4.11793e-12,-3.74346e-12
366,0,zone_1,-97.1424,-385.429,0,0,4.11793e-12,-3.74346e-12
366,0,zone_1,-97.1424,-385.429,0,0,4.11793e-12,-3.74346e-12
366,8,zone_3,-15.8729,-85.4288,0,0,4.11793e-12,-3.74346e-12
366,4,zone_2,-64.4441,-285.429,0,0,4.11793e-12,-3.74346e-12
366,8,zone_3,-15.8729,-85.4288,0,0,4.11793e-12,-3.74346e-12
366,4,zone_2,-64.4441,-285.429,0,0,4.11793e-12,-3.74346e-12
366,1,zone_1,-80.317,-385.429,0,0,4.11793e-12,-3.74346e-12
366,1,zone_1,-80.317,-385.429,0,0,4.11793e-12,-3.74346e-12
366,5,zone_2,-47.6187,-285.429,0,0,4.11793e-12,-3.74346e-12
366,5,zone_2,-47.6187,-285.429,0,0,4.11793e-12,-3.74346e-12
366,2,zone_1,-63.4916,-385.429,0,0,4.11793e-12,-3.74346e-12
366,2,zone_1,-63.4916,-385.429,0,0,4.11793e-12,-3.74346e-12
366,3,zone_2,-81.2695,-285.429,0,0,4.11793e-12,-3.74346e-12
366,3,zone_2,-81.2695,-285.429,0,0,4.11793e-12,-3.74346e-12
366,6,zone_3,-49.5237,-85.4288,0,0,4.11793e-12,-3.74346e-12
366,6,zone_3,-49.5237,-85.4288,0,0,4.11793e-12,-3.74346e-12
366,7,zone_3,-32.6983,-85.4288,0,0,4.11793e-12,-3.74346e-12
366,7,zone_3,-32.6983,-85.4288,0,0,4.11793e-12,-3.74346e-12
368,8,zone_3,-15.8729,-85.4288,0,0,4.11793e-12,-3.74346e-12
368,8,zone_3,-15.8729,-85.4288,0,0,4.11793e-12,-3.74346e-12
368,0,zone_1,-97.1424,-385.429,0,0,4.11793e-12,-3.74346e-12
368,0,zone_1,-97.1424,-385.429,0,0,4.11793e-12,-3.74346e-12
368,4,zone_2,-64.4441,-285.429,0,0,4.11793e-12,-3.74346e-12
368,4,zone_2,-64.4441,-285.429,0,0,4.11793e-12,-3.74346e-12
368,1,zone_1,-80.317,-385.429,0,0,4.11793e-12,-3.74346e-12
368,1,zone_1,-80.317,-385.429,0,0,4.11793e-12,-3.74346e-12
368,5,zone_2,-47.6187,-285.429,0,0,4.11793e-12,-3.74346e-12
368,5,zone_2,-47.6187,-285.429,0,0,4.11793e-12,-3.74346e-12
368,2,zone_1,-63.4916,-385.429,0,0,4.11793e-12,-3.74346e-12
368,2,zone_1,-63.4916,-385.429,0,0,4.11793e-12,-3.74346e-12
368,6,zone_3,-49.5237,-85.4288,0,0,4.11793e-12,-3.74346e-12
368,6,zone_3,-49.5237,-85.4288,0,0,4.11793e-12,-3.74346e-12
368,3,zone_2,-81.2695,-285.429,0,0,4.11793e-12,-3.74346e-12
368,3,zone_2,-81.2695,-285.429,0,0,4.11793e-12,-3.74346e-12
368,7,zone_3,-32.6983,-85.4288,0,0,4.11793e-12,-3.74346e-12
368,7,zone_3,-32.6983,-85.4288,0,0,4.11793e-12,-3.74346e-12
370,8,zone_3,-15.8729,-85.4288,0,0,4.11793e-12,-3.74346e-12
370,8,zone_3,-15.8729,-85.4288,0,0,4.11793e-12,-3.74346e-12
370,0,zone_1,-97.1424,-385.429,0,0,4.11793e-12,-3.74346e-12
370,0,zone_1,-97.1424,-385.429,0,0,4.11793e-12,-3.74346e-12
370,4,zone_2,-64.4441,-285.429,0,0,4.11793e-12,-3.74346e-12
370,4,zone_2,-64.4441,-285.429,0,0,4.11793e-12,-3.74346e-12
370,1,zone_1,-80.317,-385.429,0,0,4.11793e-12,-3.74346e-12
370,1,zone_1,-80.317,-385.429,0,0,4.11793e-12,-3.74346e-12
370,5,zone_2,-47.6187,-285.429,0,0,4.11793e-12,-3.74346e-12
370,5,zone_2,-47.6187,-285.429,0,0,4.11793e-12,-3.74346e-12
370,2,zone_1,-63.4916,-385.429,0,0,4.11793e-12,-3.74346e-12
370,2,zone_1,-63.4916,-385.429,0,0,4.11793e-12,-3.74346e-12
370,6,zone_3,-49.5237,-85.4288,0,0,4.11793e-12,-3.74346e-12
370,6,zone_3,-49.5237,-85.4288,0,0,4.11793e-12,-3.74346e-12
370,3,zone_2,-81.2695,-285.429,0,0,4.11793e-12,-3.74346e-12
370,3,zone_2,-81.2695,-285.429,0,0,4.11793e-12,-3.74346e-12
370,7,zone_3,-32.6983,-85.4288,0,0,4.11793e-12,-3.74346e-12
370,7,zone_3,-32.6983,-85.4288,0,0,4.11793e-12,-3.74346e-12
372,4,zone_2,-64.4441,-285.429,0,0,4.11793e-12,-3.74346e-12
372,4,zone_2,-64.4441,-285.429,0,0,4.11793e-12,-3.74346e-12
372,0,zone_1,-97.1424,-385.429,0,0,4.11793e-12,-3.74346e-12
372,0,zone_1,-97.1424,-385.429,0,0,4.11793e-12,-3.74346e-12
372,8,zone_3,-15.8729,-85.4288,0,0,4.11793e-12,-3.74346e-12
372,8,zone_3,-15.8729,-85.4288,0,0,4.11793e-12,-3.74346e-12
372,5,zone_2,-47.6187,-285.429,0,0,4.11793e-12,-3.74346e-12
372,1,zone_1,-80.317,-385.429,0,0,4.11793e-12,-3.74346e-12
372,5,zone_2,-47.6187,-285.429,0,0,4.11793e-12,-3.74346e-12
372,1,zone_1,-80.317,-385.429,0,0,4.11793e-12,-3.74346e-12
372,6,zone_3,-49.5237,-85.4288,0,0,4.11793e-12,-3.74346e-12
372,6,zone_3,-49.5237,-85.4288,0,0,4.11793e-12,-3.74346e-12
372,2,zone_1,-63.4916,-385.429,0,0,4.11793e-12,-3.74346e-12
372,2,zone_1,-63.4916,-385.429,0,0,4.11793e-12,-3.74346e-12
372,7,zone_3,-32.6983,-85.4288,0,0,4.11793e-12,-3.74346e-12
372,7,zone_3,-32.6983,-85.4288,0,0,4.11793e-12,-3.74346e-12
372,3,zone_2,-81.2695,-285.429,0,0,4.11793e-12,-3.74346e-12
372,3,zone_2,-81.2695,-285.429,0,0,4.11793e-12,-3.74346e-12
374,0,zone_1,-97.1424,-385.429,0,0,4.11793e-12,-3.74346e-12
374,0,zone_1,-97.1424,-385.429,0,0,4.11793e-12,-3.74346e-12
374,8,zone_3,-15.8729,-85.4288,0,0,4.11793e-12,-3.74346e-12
374,8,zone_3,-15.8729,-85.4288,0,0,4.11793e-12,-3.74346e-12
374,4,zone_2,-64.4441,-285.429,0,0,4.11793e-12,-3.74346e-12
374,4,zone_2,-64.4441,-285.429,0,0,4.11793e-12,-3.74346e-12
374,1,zone_1,-80.317,-385.429,0,0,4.11793e-12,-3.74346e-12
374,1,zone_1,-80.317,-385.429,0,0,4.11793e-12,-3.74346e-12
374,5,zone_2,-47.6187,-285.429,0,0,4.11793e-12,-3.74346e-12
374,5,zone_2,-47.6187,-285.429,0,0,4.11793e-12,-3.74346e-12
374,2,zone_1,-63.4916,-385.429,0,0,4.11793e-12,-3.74346e-12
374,2,zone_1,-63.4916,-385.429,0,0,4.11793e-12,-3.74346e-12
374,6,zone_3,-49.5237,-85.4288,0,0,4.11793e-12,-3.74346e-12
374,6,zone_3,-49.5237,-85.4288,0,0,4.11793e-12,-3.74346e-12
374,3,zone_2,-81.2695,-285.429,0,0,4.11793e-12,-3.74346e-12
374,3,zone_2,-81.2695,-285.429,0,0,4.11793e-12,-3.74346e-12
374,7,zone_3,-32.6983,-85.4288,0,0,4.11793e-12,-3.74346e-12
374,7,zone_3,-32.6983,-85.4288,0,0,4.11793e-12,-3.74346e-12
376,8,zone_3,-15.8729,-85.4288,0,0,4.11793e-12,-3.74346e-12
376,8,zone_3,-15.8729,-85.4288,0,0,4.11793e-12,-3.74346e-12
376,0,zone_1,-97.1424,-385.429,0,0,4.11793e-12,-3.74346e-12
376,0,zone_1,-97.1424,-385.429,0,0,4.11793e-12,-3.74346e-12
376,4,zone_2,-64.4441,-285.429,0,0,4.11793e-12,-3.74346e-12
376,4,zone_2,-64.4441,-285.429,0,0,4.11793e-12,-3.74346e-12
376,1,zone_1,-80.317,-385.429,0,0,4.11793e-12,-3.74346e-12
376,1,zone_1,-80.317,-385.429,0,0,4.11793e-12,-3.74346e-12
376,5,zone_2,-47.6187,-285.429,0,0,4.11793e-12,-3.74346e-12
376,5,zone_2,-47.6187,-285.429,0,0,4.11793e-12,-3.74346e-12
376,2,zone_1,-63.4916,-385.429,0,0,4.11793e-12,-3.74346e-12
376,2,zone_1,-63.4916,-385.429,0,0,4.11793e-12,-3.74346e-12
376,6,zone_3,-49.5237,-85.4288,0,0,4.11793e-12,-3.74346e-12
376,6,zone_3,-49.5237,-85.4288,0,0,4.11793e-12,-3.74346e-12
376,3,zone_2,-81.2695,-285.429,0,0,4.11793e-12,-3.74346e-12
376,3,zone_2,-81.2695,-285.429,0,0,4.11793e-12,-3.74346e-12
376,7,zone_3,-32.6983,-85.4288,0,0,4.11793e-12,-3.74346e-12
376,7,zone_3,-32.6983,-85.4288,0,0,4.11793e-12,-3.74346e-12
378,4,zone_2,-64.4441,-285.429,0,0,4.11793e-12,-3.74346e-12
378,0,zone_1,-97.1424,-385.429,0,0,4.11793e-12,-3.74346e-12
378,4,zone_2,-64.4441,-285.429,0,0,4.11793e-12,-3.74346e-12
378,0,zone_1,-97.1424,-385.429,0,0,4.11793e-12,-3.74346e-12
378,8,zone_3,-15.8729,-85.4288,0,0,4.11793e-12,-3.74346e-12
378,8,zone_3,-15.8729,-85.4288,0,0,4.11793e-12,-3.74346e-12
378,5,zone_2,-47.6187,-285.429,0,0,4.11793e-12,-3.74346e-12
378,5,zone_2,-47.6187,-285.429,0,0,4.11793e-12,-3.74346e-12
378,1,zone_1,-80.317,-385.429,0,0,4.11793e-12,-3.74346e-12
378,1,zone_1,-80.317,-385.429,0,0,4.11793e-12,-3.74346e-12
378,2,zone_1,-63.4916,-385.429,0,0,4.11793e-12,-3.74346e-12
378,2,zone_1,-63.4916,-385.429,0,0,4.11793e-12,-3.74346e-12
378,6,zone_3,-49.5237,-85.4288,0,0,4.11793e-12,-3.74346e-12
378,6,zone_3,-49.5237,-85.4288,0,0,4.11793e-12,-3.74346e-12
378,3,zone_2,-81.2695,-285.429,0,0,4.11793e-12,-3.74346e-12
378,3,zone_2,-81.2695,-285.429,0,0,4.11793e-12,-3.74346e-12
378,7,zone_3,-32.6983,-85.4288,0,0,4.11793e-12,-3.74346e-12
378,7,zone_3,-32.6983,-85.4288,0,0,4.11793e-12,-3.74346e-12
380,0,zone_1,-97.1424,-385.429,0,0,4.11793e-12,-3.74346e-12
380,8,zone_3,-15.8729,-85.4288,0,0,4.11793e-12,-3.74346e-12
380,0,zone_1,-97.1424,-385.429,0,0,4.11793e-12,-3.74346e-12
380,8,zone_3,-15.8729,-85.4288,0,0,4.11793e-12,-3.74346e-12
380,4,zone_2,-64.4441,-285.429,0,0,4.11793e-12,-3.74346e-12
380,4,zone_2,-64.4441,-285.429,0,0,4.11793e-12,-3.74346e-12
380,1,zone_1,-80.317,-385.429,0,0,4.11793e-12,-3.74346e-12
380,5,zone_2,-47.6187,-285.429,0,0,4.11793e-12,-3.74346e-12
380,1,zone_1,-80.317,-385.429,0,0,4.11793e-12,-3.74346e-12
380,5,zone_2,-47.6187,-285.429,0,0,4.11793e-12,-3.74346e-12
380,2,zone_1,-63.4916,-385.429,0,0,4.11793e-12,-3.74346e-12
380,2,zone_1,-63.4916,-385.429,0,0,4.11793e-12,-3.74346e-12
380,6,zone_3,-49.5237,-85.4288,0,0,4.11793e-12,-3.74346e-12
380,6,zone_3,-49.5237,-85.4288,0,0,4.11793e-12,-3.74346e-12
380,3,zone_2,-81.2695,-285.429,0,0,4.11793e-12,-3.74346e-12
380,3,zone_2,-81.2695,-285.429,0,0,4.11793e-12,-3.74346e-12
380,7,zone_3,-32.6983,-85.4288,0,0,4.11793e-12,-3.74346e-12
380,7,zone_3,-32.6983,-85.4288,0,0,4.11793e-12,-3.74346e-12
382,0,zone_1,-97.1424,-385.429,0,0,4.11793e-12,-3.74346e-12
382,0,zone_1,-97.1424,-385.429,0,0,4.11793e-12,-3.74346e-12
382,8,zone_3,-15.8729,-85.4288,0,0,4.11793e-12,-3.74346e-12
382,8,zone_3,-15.8729,-85.4288,0,0,4.11793e-12,-3.74346e-12
382,4,zone_2,-64.4441,-285.429,0,0,4.11793e-12,-3.74346e-12
382,4,zone_2,-64.4441,-285.429,0,0,4.11793e-12,-3.74346e-12
382,1,zone_1,-80.317,-385.429,0,0,4.11793e-12,-3.74346e-12
382,1,zone_1,-80.317,-385.429,0,0,4.11793e-12,-3.74346e-12
382,5,zone_2,-47.6187,-285.429,0,0,4.11793e-12,-3.74346e-12
382,5,zone_2,-47.6187,-285.429,0,0,4.11793e-12,-3.74346e-12
382,2,zone_1,-63.4916,-385.429,0,0,4.11793e-12,-3.74346e-12
382,2,zone_1,-63.4916,-385.429,0,0,4.11793e-12,-3.74346e-12
382,3,zone_2,-81.2695,-285.429,0,0,4.11793e-12,-3.74346e-12
382,3,zone_2,-81.2695,-285.429,0,0,4.11793e-12,-3.74346e-12
382,6,zone_3,-49.5237,-85.4288,0,0,4.11793e-12,-3.74346e-12
382,6,zone_3,-49.5237,-85.4288,0,0,4.11793e-12,-3.74346e-12
382,7,zone_3,-32.6983,-85.4288,0,0,4.11793e-12,-3.74346e-12
382,7,zone_3,-32.6983,-85.4288,0,0,4.11793e-12,-3.74346e-12
384,4,zone_2,-64.4441,-285.429,0,0,4.11793e-12,-3.74346e-12
384,4,zone_2,-64.4441,-285.429,0,0,4.11793e-12,-3.74346e-12
384,0,zone_1,-97.1424,-385.429,0,0,4.11793e-12,-3.74346e-12
384,0,zone_1,-97.1424,-385.429,0,0,4.11793e-12,-3.74346e-12
384,8,zone_3,-15.8729,-85.4288,0,0,4.11793e-12,-3.74346e-12
384,8,zone_3,-15.8729,-85.4288,0,0,4.11793e-12,-3.74346e-12
384,5,zone_2,-47.6187,-285.429,0,0,4.11793e-12,-3.74346e-12
384,5,zone_2,-47.6187,-285.429,0,0,4.11793e-12,-3.74346e-12
384,1,zone_1,-80.317,-385.429,0,0,4.11793e-12,-3.74346e-12
384,1,zone_1,-80.317,-385.429,0,0,4.11793e-12,-3.74346e-12
384,6,zone_3,-49.5237,-85.4288,0,0,4.11793e-12,-3.74346e-12
384,2,zone_1,-63.4916,-385.429,0,0,4.11793e-12,-3.74346e-12
384,6,zone_3,-49.5237,-85.4288,0,0,4.11793e-12,-3.74346e-12
384,2,zone_1,-63.4916,-385.429,0,0,4.11793e-12,-3.74346e-12
384,3,zone_2,-81.2695,-285.429,0,0,4.11793e-12,-3.74346e-12
384,3,zone_2,-81.2695,-285.429,0,0,4.11793e-12,-3.74346e-12
384,7,zone_3,-32.6983,-85.4288,0,0,4.11793e-12,-3.74346e-12
384,7,zone_3,-32.6983,-85.4288,0,0,4.11793e-12,-3.74346e-12
386,0,zone_1,-97.1424,-385.429,0,0,4.11793e-12,-3.74346e-12
386,0,zone_1,-97.1424,-385.429,0,0,4.11793e-12,-3.74346e-12
386,4,zone_2,-64.4441,-285.429,0,0,4.11793e-12,-3.74346e-12
386,4,zone_2,-64.4441,-285.429,0,0,4.11793e-12,-3.74346e-12
386,8,zone_3,-15.8729,-85.4288,0,0,4.11793e-12,-3.74346e-12
386,8,zone_3,-15.8729,-85.4288,0,0,4.11793e-12,-3.74346e-12
386,1,zone_1,-80.317,-385.429,0,0,4.11793e-12,-3.74346e-12
386,1,zone_1,-80.317,-385.429,0,0,4.11793e-12,-3.74346e-12
386,5,zone_2,-47.6187,-285.429,0,0,4.11793e-12,-3.74346e-12
386,5,zone_2,-47.6187,-285.429,0,0,4.11793e-12,-3.74346e-12
386,2,zone_1,-63.4916,-385.429,0,0,4.11793e-12,-3.74346e-12
386,2,zone_1,-63.4916,-385.429,0,0,4.11793e-12,-3.74346e-12
386,6,zone_3,-49.5237,-85.4288,0,0,4.11793e-12,-3.74346e-12
386,6,zone_3,-49.5237,-85.4288,0,0,4.11793e-12,-3.74346e-12
386,3,zone_2,-81.2695,-285.429,0,0,4.11793e-12,-3.74346e-12
386,3,zone_2,-81.2695,-285.429,0,0,4.11793e-12,-3.74346e-12
386,7,zone_3,-32.6983,-85.4288,0,0,4.11793e-12,-3.74346e-12
386,7,zone_3,-32.6983,-85.4288,0,0,4.11793e-12,-3.74346e-12
388,4,zone_2,-64.4441,-285.429,0,0,4.11793e-12,-3.74346e-12
388,4,zone_2,-64.4441,-285.429,0,0,4.11793e-12,-3.74346e-12
388,0,zone_1,-97.1424,-385.429,0,0,4.11793e-12,-3.74346e-12
388,0,zone_1,-97.1424,-385.429,0,0,4.11793e-12,-3.74346e-12
388,8,zone_3,-15.8729,-85.4288,0,0,4.11793e-12,-3.74346e-12
388,8,zone_3,-15.8729,-85.4288,0,0,4.11793e-12,-3.74346e-12
388,1,zone_1,-80.317,-385.429,0,0,4.11793e-12,-3.74346e-12
388,1,zone_1,-80.317,-385.429,0,0,4.11793e-12,-3.74346e-12
388,5,zone_2,-47.6187,-285.429,0,0,4.11793e-12,-3.74346e-12
388,5,zone_2,-47.6187,-285.429,0,0,4.11793e-12,-3.74346e-12
388,2,zone_1,-63.4916,-385.429,0,0,4.11793e-12,-3.74346e-12
388,2,zone_1,-63.4916,-385.429,0,0,4.11793e-12,-3.74346e-12
388,6,zone_3,-49.5237,-85.4288,0,0,4.11793e-12,-3.74346e-12
388,6,zone_3,-49.5237,-85.4288,0,0,4.11793e-12,-3.74346e-12
388,3,zone_2,-81.2695,-285.429,0,0,4.11793e-12,-3.74346e-12
388,3,zone_2,-81.2695,-285.429,0,0,4.11793e-12,-3.74346e-12
388,7,zone_3,-32.6983,-85.4288,0,0,4.11793e-12,-3.74346e-12
388,7,zone_3,-32.6983,-85.4288,0,0,4.11793e-12,-3.74346e-12
390,4,zone_2,-64.4441,-285.429,0,0,4.11793e-12,-3.74346e-12
390,4,zone_2,-64.4441,-285.429,0,0,4.11793e-12,-3.74346e-12
390,0,zone_1,-97.1424,-385.429,0,0,4.11793e-12,-3.74346e-12
390,0,zone_1,-97.1424,-385.429,0,0,4.11793e-12,-3.74346e-12
390,8,zone_3,-15.8729,-85.4288,0,0,4.11793e-12,-3.74346e-12
390,8,zone_3,-15.8729,-85.4288,0,0,4.11793e-12,-3.74346e-12
390,5,zone_2,-47.6187,-285.429,0,0,4.11793e-12,-3.74346e-12
390,5,zone_2,-47.6187,-285.429,0,0,4.11793e-12,-3.74346e-12
390,1,zone_1,-80.317,-385.429,0,0,4.11793e-12,-3.74346e-12
390,1,zone_1,-80.317,-385.429,0,0,4.11793e-12,-3.74346e-12
390,2,zone_1,-63.4916,-385.429,0,0,4.11793e-12,-3.74346e-12
390,6,zone_3,-49.5237,-85.4288,0,0,4.11793e-12,-3.74346e-12
390,2,zone_1,-63.4916,-385.429,0,0,4.11793e-12,-3.74346e-12
390,6,zone_3,-49.5237,-85.4288,0,0,4.11793e-12,-3.74346e-12
390,3,zone_2,-81.2695,-285.429,0,0,4.11793e-12,-3.74346e-12
390,7,zone_3,-32.6983,-85.4288,0,0,4.11793e-12,-3.74346e-12
390,7,zone_3,-32.6983,-85.4288,0,0,4.11793e-12,-3.74346e-12
390,3,zone_2,-81.2695,-285.429,0,0,4.11793e-12,-3.74346e-12
392,0,zone_1,-97.1424,-385.429,0,0,4.11793e-12,-3.74346e-12
392,0,zone_1,-97.1424,-385.429,0,0,4.11793e-12,-3.74346e-12
392,4,zone_2,-64.4441,-285.429,0,0,4.11793e-12,-3.74346e-12
392,4,zone_2,-64.4441,-285.429,0,0,4.11793e-12,-3.74346e-12
392,8,zone_3,-15.8729,-85.4288,0,0,4.11793e-12,-3.74346e-12
392,8,zone_3,-15.8729,-85.4288,0,0,4.11793e-12,-3.74346e-12
392,1,zone_1,-80.317,-385.429,0,0,4.11793e-12,-3.74346e-12
392,1,zone_1,-80.317,-385.429,0,0,4.11793e-12,-3.74346e-12
392,5,zone_2,-47.6187,-285.429,0,0,4.11793e-12,-3.74346e-12
392,5,zone_2,-47.6187,-285.429,0,0,4.11793e-12,-3.74346e-12
392,2,zone_1,-63.4916,-385.429,0,0,4.11793e-12,-3.74346e-12
392,2,zone_1,-63.4916,-385.429,0,0,4.11793e-12,-3.74346e-12
392,6,zone_3,-49.5237,-85.4288,0,0,4.11793e-12,-3.74346e-12
392,6,zone_3,-49.5237,-85.4288,0,0,4.11793e-12,-3.74346e-12
392,3,zone_2,-81.2695,-285.429,0,0,4.11793e-12,-3.74346e-12
392,3,zone_2,-81.2695,-285.429,0,0,4.11793e-12,-3.74346e-12
392,7,zone_3,-32.6983,-85.4288,0,0,4.11793e-12,-3.74346e-12
392,7,zone_3,-32.6983,-85.4288,0,0,4.11793e-12,-3.74346e-12
394,0,zone_1,-97.1424,-385.429,0,0,4.11793e-12,-3.74346e-12
394,0,zone_1,-97.1424,-385.429,0,0,4.11793e-12,-3.74346e-12
394,8,zone_3,-15.8729,-85.4288,0,0,4.11793e-12,-3.74346e-12
394,8,zone_3,-15.8729,-85.4288,0,0,4.11793e-12,-3.74346e-12
394,4,zone_2,-64.4441,-285.429,0,0,4.11793e-12,-3.74346e-12
394,4,zone_2,-64.4441,-285.429,0,0,4.11793e-12,-3.74346e-12
394,1,zone_1,-80.317,-385.429,0,0,4.11793e-12,-3.74346e-12
394,1,zone_1,-80.317,-385.429,0,0,4.11793e-12,-3.74346e-12
394,5,zone_2,-47.6187,-285.429,0,0,4.11793e-12,-3.74346e-12
394,5,zone_2,-47.6187,-285.429,0,0,4.11793e-12,-3.74346e-12
394,2,zone_1,-63.4916,-385.429,0,0,4.11793e-12,-3.74346e-12
394,2,zone_1,-63.4916,-385.429,0,0,4.11793e-12,-3.74346e-12
394,6,zone_3,-49.5237,-85.4288,0,0,4.11793e-12,-3.74346e-12
394,6,zone_3,-49.5237,-85.4288,0,0,4.11793e-12,-3.74346e-12
394,3,zone_2,-81.2695,-285.429,0,0,4.11793e-12,-3.74346e-12
394,3,zone_2,-81.2695,-285.429,0,0,4.11793e-12,-3.74346e-12
394,7,zone_3,-32.6983,-85.4288,0,0,4.11793e-12,-3.74346e-12
394,7,zone_3,-32.6983,-85.4288,0,0,4.11793e-12,-3.74346e-12
396,0,zone_1,-97.1424,-385.429,0,0,4.11793e-12,-3.74346e-12
396,0,zone_1,-97.1424,-385.429,0,0,4.11793e-12,-3.74346e-12
396,4,zone_2,-64.4441,-285.429,0,0,4.11793e-12,-3.74346e-12
396,4,zone_2,-64.4441,-285.429,0,0,4.11793e-12,-3.74346e-12
396,8,zone_3,-15.8729,-85.4288,0,0,4.11793e-12,-3.74346e-12
396,8,zone_3,-15.8729,-85.4288,0,0,4.11793e-12,-3.74346e-12
396,1,zone_1,-80.317,-385.429,0,0,4.11793e-12,-3.74346e-12
396,1,zone_1,-80.317,-385.429,0,0,4.11793e-12,-3.74346e-12
396,5,zone_2,-47.6187,-285.429,0,0,4.11793e-12,-3.74346e-12
396,5,zone_2,-47.6187,-285.429,0,0,4.11793e-12,-3.74346e-12
396,2,zone_1,-63.4916,-385.429,0,0,4.11793e-12,-3.74346e-12
396,2,zone_1,-63.4916,-385.429,0,0,4.11793e-12,-3.74346e-12
396,6,zone_3,-49.5237,-85.4288,0,0,4.11793e-12,-3.74346e-12
396,6,zone_3,-49.5237,-85.4288,0,0,4.11793e-12,-3.74346e-12
396,3,zone_2,-81.2695,-285.429,0,0,4.11793e-12,-3.74346e-12
396,3,zone_2,-81.2695,-285.429,0,0,4.11793e-12,-3.74346e-12
396,7,zone_3,-32.6983,-85.4288,0,0,4.11793e-12,-3.74346e-12
396,7,zone_3,-32.6983,-85.4288,0,0,4.11793e-12,-3.74346e-12
398,0,zone_1,-97.1424,-385.429,0,0,4.11793e-12,-3.74346e-12
398,0,zone_1,-97.1424,-385.429,0,0,4.11793e-12,-3.74346e-12
398,8,zone_3,-15.8729,-85.4288,0,0,4.11793e-12,-3.74346e-12
398,8,zone_3,-15.8729,-85.4288,0,0,4.11793e-12,-3.74346e-12
398,4,zone_2,-64.4441,-285.429,0,0,4.11793e-12,-3.74346e-12
398,4,zone_2,-64.4441,-285.429,0,0,4.11793e-12,-3.74346e-12
398,1,zone_1,-80.317,-385.429,0,0,4.11793e-12,-3.74346e-12
398,1,zone_1,-80.317,-385.429,0,0,4.11793e-12,-3.74346e-12
398,5,zone_2,-47.6187,-285.429,0,0,4.11793e-12,-3.74346e-12
398,5,zone_2,-47.6187,-285.429,0,0,4.11793e-12,-3.74346e-12
398,2,zone_1,-63.4916,-385.429,0,0,4.11793e-12,-3.74346e-12
398,2,zone_1,-63.4916,-385.429,0,0,4.11793e-12,-3.74346e-12
398,6,zone_3,-49.5237,-85.4288,0,0,4.11793e-12,-3.74346e-12
398,6,zone_3,-49.5237,-85.4288,0,0,4.11793e-12,-3.74346e-12
398,3,zone_2,-81.2695,-285.429,0,0,4.11793e-12,-3.74346e-12
398,3,zone_2,-81.2695,-285.429,0,0,4.11793e-12,-3.74346e-12
398,7,zone_3,-32.6983,-85.4288,0,0,4.11793e-12,-3.74346e-12
398,7,zone_3,-32.6983,-85.4288,0,0,4.11793e-12,-3.74346e-12
400,0,zone_1,-97.1424,-385.429,0,0,4.11793e-12,-3.74346e-12
400,0,zone_1,-97.1424,-385.429,0,0,4.11793e-12,-3.74346e-12
400,8,zone_3,-15.8729,-85.4288,0,0,4.11793e-12,-3.74346e-12
400,8,zone_3,-15.8729,-85.4288,0,0,4.11793e-12,-3.74346e-12
400,4,zone_2,-64.4441,-285.429,0,0,4.11793e-12,-3.74346e-12
400,4,zone_2,-64.4441,-285.429,0,0,4.11793e-12,-3.74346e-12
400,1,zone_1,-80.317,-385.429,0,0,4.11793e-12,-3.74346e-12
400,1,zone_1,-80.317,-385.429,0,0,4.11793e-12,-3.74346e-12
400,5,zone_2,-47.6187,-285.429,0,0,4.11793e-12,-3.74346e-12
400,5,zone_2,-47.6187,-285.429,0,0,4.11793e-12,-3.74346e-12
400,2,zone_1,-63.4916,-385.429,0,0,4.11793e-12,-3.74346e-12
400,2,zone_1,-63.4916,-385.429,0,0,4.11793e-12,-3.74346e-12
400,6,zone_3,-49.5237,-85.4288,0,0,4.11793e-12,-3.74346e-12
400,6,zone_3,-49.5237,-85.4288,0,0,4.11793e-12,-3.74346e-12
400,3,zone_2,-81.2695,-285.429,0,0,4.11793e-12,-3.74346e-12
400,3,zone_2,-81.2695,-285.429,0,0,4.11793e-12,-3.74346e-12
400,7,zone_3,-32.6983,-85.4288,0,0,4.11793e-12,-3.74346e-12
400,7,zone_3,-32.6983,-85.4288,0,0,4.11793e-12,-3.74346e-12
402,0,zone_1,-97.1424,-385.429,0,0,4.11793e-12,-3.74346e-12
402,0,zone_1,-97.1424,-385.429,0,0,4.11793e-12,-3.74346e-12
402,8,zone_3,-15.8729,-85.4288,0,0,4.11793e-12,-3.74346e-12
402,8,zone_3,-15.8729,-85.4288,0,0,4.11793e-12,-3.74346e-12
402,4,zone_2,-64.4441,-285.429,0,0,4.11793e-12,-3.74346e-12
402,4,zone_2,-64.4441,-285.429,0,0,4.11793e-12,-3.74346e-12
402,1,zone_1,-80.317,-385.429,0,0,4.11793e-12,-3.74346e-12
402,1,zone_1,-80.317,-385.429,0,0,4.11793e-12,-3.74346e-12
402,5,zone_2,-47.6187,-285.429,0,0,4.11793e-12,-3.74346e-12
402,5,zone_2,-47.6187,-285.429,0,0,4.11793e-12,-3.74346e-12
402,2,zone_1,-63.4916,-385.429,0,0,4.11793e-12,-3.74346e-12
402,2,zone_1,-63.4916,-385.429,0,0,4.11793e-12,-3.74346e-12
402,6,zone_3,-49.5237,-85.4288,0,0,4.11793e-12,-3.74346e-12
402,6,zone_3,-49.5237,-85.4288,0,0,4.11793e-12,-3.74346e-12
402,3,zone_2,-81.2695,-285.429,0,0,4.11793e-12,-3.74346e-12
402,3,zone_2,-81.2695,-285.429,0,0,4.11793e-12,-3.74346e-12
402,7,zone_3,-32.6983,-85.4288,0,0,4.11793e-12,-3.74346e-12
402,7,zone_3,-32.6983,-85.4288,0,0,4.11793e-12,-3.74346e-12
404,8,zone_3,-15.8729,-85.4288,0,0,4.11793e-12,-3.74346e-12
404,0,zone_1,-97.1424,-385.429,0,0,4.11793e-12,-3.74346e-12
404,8,zone_3,-15.8729,-85.4288,0,0,4.11793e-12,-3.74346e-12
404,0,zone_1,-97.1424,-385.429,0,0,4.11793e-12,-3.74346e-12
404,4,zone_2,-64.4441,-285.429,0,0,4.11793e-12,-3.74346e-12
404,4,zone_2,-64.4441,-285.429,0,0,4.11793e-12,-3.74346e-12
404,1,zone_1,-80.317,-385.429,0,0,4.11793e-12,-3.74346e-12
404,1,zone_1,-80.317,-385.429,0,0,4.11793e-12,-3.74346e-12
404,5,zone_2,-47.6187,-285.429,0,0,4.11793e-12,-3.74346e-12
404,5,zone_2,-47.6187,-285.429,0,0,4.11793e-12,-3.74346e-12
404,2,zone_1,-63.4916,-385.429,0,0,4.11793e-12,-3.74346e-12
404,2,zone_1,-63.4916,-385.429,0,0,4.11793e-12,-3.74346e-12
404,6,zone_3,-49.5237,-85.4288,0,0,4.11793e-12,-3.74346e-12
404,6,zone_3,-49.5237,-85.4288,0,0,4.11793e-12,-3.74346e-12
404,3,zone_2,-81.2695,-285.429,0,0,4.11793e-12,-3.74346e-12
404,3,zone_2,-81.2695,-285.429,0,0,4.11793e-12,-3.74346e-12
404,7,zone_3,-32.6983,-85.4288,0,0,4.11793e-12,-3.74346e-12
404,7,zone_3,-32.6983,-85.4288,0,0,4.11793e-12,-3.74346e-12
406,8,zone_3,-15.8729,-85.4288,0,0,4.11793e-12,-3.74346e-12
406,8,zone_3,-15.8729,-85.4288,0,0,4.11793e-12,-3.74346e-12
406,0,zone_1,-97.1424,-385.429,0,0,4.11793e-12,-3.74346e-12
406,0,zone_1,-97.1424,-385.429,0,0,4.11793e-12,-3.74346e-12
406,4,zone_2,-64.4441,-285.429,0,0,4.11793e-12,-3.74346e-12
406,4,zone_2,-64.4441,-285.429,0,0,4.11793e-12,-3.74346e-12
406,1,zone_1,-80.317,-385.429,0,0,4.11793e-12,-3.74346e-12
406,1,zone_1,-80.317,-385.429,0,0,4.11793e-12,-3.74346e-12
406,5,zone_2,-47.6187,-285.429,0,0,4.11793e-12,-3.74346e-12
406,5,zone_2,-47.6187,-285.429,0,0,4.11793e-12,-3.74346e-12
406,2,zone_1,-63.4916,-385.429,0,0,4.11793e-12,-3.74346e-12
406,2,zone_1,-63.4916,-385.429,0,0,4.11793e-12,-3.74346e-12
406,6,zone_3,-49.5237,-85.4288,0,0,4.11793e-12,-3.74346e-12
406,6,zone_3,-49.5237,-85.4288,0,0,4.11793e-12,-3.74346e-12
406,3,zone_2,-81.2695,-285.429,0,0,4.11793e-12,-3.74346e-12
406,3,zone_2,-81.2695,-285.429,0,0,4.11793e-12,-3.74346e-12
406,7,zone_3,-32.6983,-85.4288,0,0,4.11793e-12,-3.74346e-12
406,7,zone_3,-32.6983,-85.4288,0,0,4.11793e-12,-3.74346e-12
408,8,zone_3,-15.8729,-85.4288,0,0,4.11793e-12,-3.74346e-12
408,8,zone_3,-15.8729,-85.4288,0,0,4.11793e-12,-3.74346e-12
408,0,zone_1,-97.1424,-385.429,0,0,4.11793e-12,-3.74346e-12
408,0,zone_1,-97.1424,-385.429,0,0,4.11793e-12,-3.74346e-12
408,4,zone_2,-64.4441,-285.429,0,0,4.11793e-12,-3.74346e-12
408,4,zone_2,-64.4441,-285.429,0,0,4.11793e-12,-3.74346e-12
408,1,zone_1,-80.317,-385.429,0,0,4.11793e-12,-3.74346e-12
408,1,zone_1,-80.317,-385.429,0,0,4.11793e-12,-3.74346e-12
408,5,zone_2,-47.6187,-285.429,0,0,4.11793e-12,-3.74346e-12
408,5,zone_2,-47.6187,-285.429,0,0,4.11793e-12,-3.74346e-12
408,2,zone_1,-63.4916,-385.429,0,0,4.11793e-12,-3.74346e-12
408,2,zone_1,-63.4916,-385.429,0,0,4.11793e-12,-3.74346e-12
408,6,zone_3,-49.5237,-85.4288,0,0,4.11793e-12,-3.74346e-12
408,6,zone_3,-49.5237,-85.4288,0,0,4.11793e-12,-3.74346e-12
408,3,zone_2,-81.2695,-285.429,0,0,4.11793e-12,-3.74346e-12
408,3,zone_2,-81.2695,-285.429,0,0,4.11793e-12,-3.74346e-12
408,7,zone_3,-32.6983,-85.4288,0,0,4.11793e-12,-3.74346e-12
408,7,zone_3,-32.6983,-85.4288,0,0,4.11793e-12,-3.74346e-12
410,8,zone_3,-15.8729,-85.4288,0,0,4.11793e-12,-3.74346e-12
410,8,zone_3,-15.8729,-85.4288,0,0,4.11793e-12,-3.74346e-12
410,0,zone_1,-97.1424,-385.429,0,0,4.11793e-12,-3.74346e-12
410,0,zone_1,-97.1424,-385.429,0,0,4.11793e-12,-3.74346e-12
410,4,zone_2,-64.4441,-285.429,0,0,4.11793e-12,-3.74346e-12
410,4,zone_2,-64.4441,-285.429,0,0,4.11793e-12,-3.74346e-12
410,1,zone_1,-80.317,-385.429,0,0,4.11793e-12,-3.74346e-12
410,1,zone_1,-80.317,-385.429,0,0,4.11793e-12,-3.74346e-12
410,5,zone_2,-47.6187,-285.429,0,0,4.11793e-12,-3.74346e-12
410,5,zone_2,-47.6187,-285.429,0,0,4.11793e-12,-3.74346e-12
410,2,zone_1,-63.4916,-385.429,0,0,4.11793e-12,-3.74346e-12
410,2,zone_1,-63.4916,-385.429,0,0,4.11793e-12,-3.74346e-12
410,6,zone_3,-49.5237,-85.4288,0,0,4.11793e-12,-3.74346e-12
410,6,zone_3,-49.5237,-85.4288,0,0,4.11793e-12,-3.74346e-12
410,3,zone_2,-81.2695,-285.429,0,0,4.11793e-12,-3.74346e-12
410,3,zone_2,-81.2695,-285.429,0,0,4.11793e-12,-3.74346e-12
410,7,zone_3,-32.6983,-85.4288,0,0,4.11793e-12,-3.74346e-12
410,7,zone_3,-32.6983,-85.4288,0,0,4.11793e-12,-3.74346e-12
412,0,zone_1,-97.1424,-385.429,0,0,4.11793e-12,-3.74346e-12
412,0,zone_1,-97.1424,-385.429,0,0,4.11793e-12,-3.74346e-12
412,8,zone_3,-15.8729,-85.4288,0,0,4.11793e-12,-3.74346e-12
412,8,zone_3,-15.8729,-85.4288,0,0,4.11793e-12,-3.74346e-12
412,4,zone_2,-64.4441,-285.429,0,0,4.11793e-12,-3.74346e-12
412,4,zone_2,-64.4441,-285.429,0,0,4.11793e-12,-3.74346e-12
412,1,zone_1,-80.317,-385.429,0,0,4.11793e-12,-3.74346e-12
412,1,zone_1,-80.317,-385.429,0,0,4.11793e-12,-3.74346e-12
412,5,zone_2,-47.6187,-285.429,0,0,4.11793e-12,-3.74346e-12
412,5,zone_2,-47.6187,-285.429,0,0,4.11793e-12,-3.74346e-12
412,2,zone_1,-63.4916,-385.429,0,0,4.11793e-12,-3.74346e-12
412,2,zone_1,-63.4916,-385.429,0,0,4.11793e-12,-3.74346e-12
412,6,zone_3,-49.5237,-85.4288,0,0,4.11793e-12,-3.74346e-12
412,6,zone_3,-49.5237,-85.4288,0,0,4.11793e-12,-3.74346e-12
412,3,zone_2,-81.2695,-285.429,0,0,4.11793e-12,-3.74346e-12
412,3,zone_2,-81.2695,-285.429,0,0,4.11793e-12,-3.74346e-12
412,7,zone_3,-32.6983,-85.4288,0,0,4.11793e-12,-3.74346e-12
412,7,zone_3,-32.6983,-85.4288,0,0,4.11793e-12,-3.74346e-12
414,4,zone_2,-64.4441,-285.429,0,0,4.11793e-12,-3.74346e-12
414,4,zone_2,-64.4441,-285.429,0,0,4.11793e-12,-3.74346e-12
414,0,zone_1,-97.1424,-385.429,0,0,4.11793e-12,-3.74346e-12
414,0,zone_1,-97.1424,-385.429,0,0,4.11793e-12,-3.74346e-12
414,8,zone_3,-15.8729,-85.4288,0,0,4.11793e-12,-3.74346e-12
414,8,zone_3,-15.8729,-85.4288,0,0,4.11793e-12,-3.74346e-12
414,5,zone_2,-47.6187,-285.429,0,0,4.11793e-12,-3.74346e-12
414,5,zone_2,-47.6187,-285.429,0,0,4.11793e-12,-3.74346e-12
414,1,zone_1,-80.317,-385.429,0,0,4.11793e-12,-3.74346e-12
414,1,zone_1,-80.317,-385.429,0,0,4.11793e-12,-3.74346e-12
414,2,zone_1,-63.4916,-385.429,0,0,4.11793e-12,-3.74346e-12
414,2,zone_1,-63.4916,-385.429,0,0,4.11793e-12,-3.74346e-12
414,6,zone_3,-49.5237,-85.4288,0,0,4.11793e-12,-3.74346e-12
414,6,zone_3,-49.5237,-85.4288,0,0,4.11793e-12,-3.74346e-12
414,3,zone_2,-81.2695,-285.429,0,0,4.11793e-12,-3.74346e-12
414,3,zone_2,-81.2695,-285.429,0,0,4.11793e-12,-3.74346e-12
414,7,zone_3,-32.6983,-85.4288,0,0,4.11793e-12,-3.74346e-12
414,7,zone_3,-32.6983,-85.4288,0,0,4.11793e-12,-3.74346e-12
416,4,zone_2,-64.4441,-285.429,0,0,4.11793e-12,-3.74346e-12
416,4,zone_2,-64.4441,-285.429,0,0,4.11793e-12,-3.74346e-12
416,0,zone_1,-97.1424,-385.429,0,0,4.11793e-12,-3.74346e-12
416,0,zone_1,-97.1424,-385.429,0,0,4.11793e-12,-3.74346e-12
416,8,zone_3,-15.8729,-85.4288,0,0,4.11793e-12,-3.74346e-12
416,8,zone_3,-15.8729,-85.4288,0,0,4.11793e-12,-3.74346e-12
416,1,zone_1,-80.317,-385.429,0,0,4.11793e-12,-3.74346e-12
416,1,zone_1,-80.317,-385.429,0,0,4.11793e-12,-3.74346e-12
416,5,zone_2,-47.6187,-285.429,0,0,4.11793e-12,-3.74346e-12
416,5,zone_2,-47.6187,-285.429,0,0,4.11793e-12,-3.74346e-12
416,2,zone_1,-63.4916,-385.429,0,0,4.11793e-12,-3.74346e-12
416,2,zone_1,-63.4916,-385.429,0,0,4.11793e-12,-3.74346e-12
416,6,zone_3,-49.5237,-85.4288,0,0,4.11793e-12,-3.74346e-12
416,6,zone_3,-49.5237,-85.4288,0,0,4.11793e-12,-3.74346e-12
416,3,zone_2,-81.2695,-285.429,0,0,4.11793e-12,-3.74346e-12
416,3,zone_2,-81.2695,-285.429,0,0,4.11793e-12,-3.74346e-12
416,7,zone_3,-32.6983,-85.4288,0,0,4.11793e-12,-3.74346e-12
416,7,zone_3,-32.6983,-85.4288,0,0,4.11793e-12,-3.74346e-12
418,0,zone_1,-97.1424,-385.429,0,0,4.11793e-12,-3.74346e-12
418,0,zone_1,-97.1424,-385.429,0,0,4.11793e-12,-3.74346e-12
418,4,zone_2,-64.4441,-285.429,0,0,4.11793e-12,-3.74346e-12
418,4,zone_2,-64.4441,-285.429,0,0,4.11793e-12,-3.74346e-12
418,8,zone_3,-15.8729,-85.4288,0,0,4.11793e-12,-3.74346e-12
418,8,zone_3,-15.8729,-85.4288,0,0,4.11793e-12,-3.74346e-12
418,5,zone_2,-47.6187,-285.429,0,0,4.11793e-12,-3.74346e-12
418,5,zone_2,-47.6187,-285.429,0,0,4.11793e-12,-3.74346e-12
418,1,zone_1,-80.317,-385.429,0,0,4.11793e-12,-3.74346e-12
418,1,zone_1,-80.317,-385.429,0,0,4.11793e-12,-3.74346e-12
418,2,zone_1,-63.4916,-385.429,0,0,4.11793e-12,-3.74346e-12
418,2,zone_1,-63.4916,-385.429,0,0,4.11793e-12,-3.74346e-12
418,6,zone_3,-49.5237,-85.4288,0,0,4.11793e-12,-3.74346e-12
418,6,zone_3,-49.5237,-85.4288,0,0,4.11793e-12,-3.74346e-12
418,3,zone_2,-81.2695,-285.429,0,0,4.11793e-12,-3.74346e-12
418,3,zone_2,-81.2695,-285.429,0,0,4.11793e-12,-3.74346e-12
418,7,zone_3,-32.6983,-85.4288,0,0,4.11793e-12,-3.74346e-12
418,7,zone_3,-32.6983,-85.4288,0,0,4.11793e-12,-3.74346e-12
420,0,zone_1,-97.1424,-385.429,0,0,4.11793e-12,-3.74346e-12
420,0,zone_1,-97.1424,-385.429,0,0,4.11793e-12,-3.74346e-12
420,8,zone_3,-15.8729,-85.4288,0,0,4.11793e-12,-3.74346e-12
420,8,zone_3,-15.8729,-85.4288,0,0,4.11793e-12,-3.74346e-12
420,4,zone_2,-64.4441,-285.429,0,0,4.11793e-12,-3.74346e-12
420,4,zone_2,-64.4441,-285.429,0,0,4.11793e-12,-3.74346e-12
420,1,zone_1,-80.317,-385.429,0,0,4.11793e-12,-3.74346e-12
420,1,zone_1,-80.317,-385.429,0,0,4.11793e-12,-3.74346e-12
420,5,zone_2,-47.6187,-285.429,0,0,4.11793e-12,-3.74346e-12
420,5,zone_2,-47.6187,-285.429,0,0,4.11793e-12,-3.74346e-12
420,2,zone_1,-63.4916,-385.429,0,0,4.11793e-12,-3.74346e-12
420,2,zone_1,-63.4916,-385.429,0,0,4.11793e-12,-3.74346e-12
420,6,zone_3,-49.5237,-85.4288,0,0,4.11793e-12,-3.74346e-12
420,6,zone_3,-49.5237,-85.4288,0,0,4.11793e-12,-3.74346e-12
420,3,zone_2,-81.2695,-285.429,0,0,4.11793e-12,-3.74346e-12
420,3,zone_2,-81.2695,-285.429,0,0,4.11793e-12,-3.74346e-12
420,7,zone_3,-32.6983,-85.4288,0,0,4.11793e-12,-3.74346e-12
420,7,zone_3,-32.6983,-85.4288,0,0,4.11793e-12,-3.74346e-12
422,0,zone_1,-97.1424,-385.429,0,0,4.11793e-12,-3.74346e-12
422,0,zone_1,-97.1424,-385.429,0,0,4.11793e-12,-3.74346e-12
422,4,zone_2,-64.4441,-285.429,0,0,4.11793e-12,-3.74346e-12
422,4,zone_2,-64.4441,-285.429,0,0,4.11793e-12,-3.74346e-12
422,8,zone_3,-15.8729,-85.4288,0,0,4.11793e-12,-3.74346e-12
422,8,zone_3,-15.8729,-85.4288,0,0,4.11793e-12,-3.74346e-12
422,1,zone_1,-80.317,-385.429,0,0,4.11793e-12,-3.74346e-12
422,1,zone_1,-80.317,-385.429,0,0,4.11793e-12,-3.74346e-12
422,5,zone_2,-47.6187,-285.429,0,0,4.11793e-12,-3.74346e-12
422,5,zone_2,-47.6187,-285.429,0,0,4.11793e-12,-3.74346e-12
422,2,zone_1,-63.4916,-385.429,0,0,4.11793e-12,-3.74346e-12
422,2,zone_1,-63.4916,-385.429,0,0,4.11793e-12,-3.74346e-12
422,6,zone_3,-49.5237,-85.4288,0,0,4.11793e-12,-3.74346e-12
422,6,zone_3,-49.5237,-85.4288,0,0,4.11793e-12,-3.74346e-12
422,3,zone_2,-81.2695,-285.429,0,0,4.11793e-12,-3.74346e-12
422,3,zone_2,-81.2695,-285.429,0,0,4.11793e-12,-3.74346e-12
422,7,zone_3,-32.6983,-85.4288,0,0,4.11793e-12,-3.74346e-12
422,7,zone_3,-32.6983,-85.4288,0,0,4.11793e-12,-3.74346e-12
424,8,zone_3,-15.8729,-85.4288,0,0,4.11793e-12,-3.74346e-12
424,8,zone_3,-15.8729,-85.4288,0,0,4.11793e-12,-3.74346e-12
424,4,zone_2,-64.4441,-285.429,0,0,4.11793e-12,-3.74346e-12
424,4,zone_2,-64.4441,-285.429,0,0,4.11793e-12,-3.74346e-12
424,0,zone_1,-97.1424,-385.429,0,0,4.11793e-12,-3.74346e-12
424,0,zone_1,-97.1424,-385.429,0,0,4.11793e-12,-3.74346e-12
424,5,zone_2,-47.6187,-285.429,0,0,4.11793e-12,-3.74346e-12
424,5,zone_2,-47.6187,-285.429,0,0,4.11793e-12,-3.74346e-12
424,1,zone_1,-80.317,-385.429,0,0,4.11793e-12,-3.74346e-12
424,1,zone_1,-80.317,-385.429,0,0,4.11793e-12,-3.74346e-12
424,6,zone_3,-49.5237,-85.4288,0,0,4.11793e-12,-3.74346e-12
424,6,zone_3,-49.5237,-85.4288,0,0,4.11793e-12,-3.74346e-12
424,2,zone_1,-63.4916,-385.429,0,0,4.11793e-12,-3.74346e-12
424,2,zone_1,-63.4916,-385.429,0,0,4.11793e-12,-3.74346e-12
424,7,zone_3,-32.6983,-85.4288,0,0,4.11793e-12,-3.74346e-12
424,7,zone_3,-32.6983,-85.4288,0,0,4.11793e-12,-3.74346e-12
424,3,zone_2,-81.2695,-285.429,0,0,4.11793e-12,-3.74346e-12
424,3,zone_2,-81.2695,-285.429,0,0,4.11793e-12,-3.74346e-12
426,8,zone_3,-15.8729,-85.4288,0,0,4.11793e-12,-3.74346e-12
426,8,zone_3,-15.8729,-85.4288,0,0,4.11793e-12,-3.74346e-12
426,0,zone_1,-97.1424,-385.429,0,0,4.11793e-12,-3.74346e-12
426,0,zone_1,-97.1424,-385.429,0,0,4.11793e-12,-3.74346e-12
426,4,zone_2,-64.4441,-285.429,0,0,4.11793e-12,-3.74346e-12
426,4,zone_2,-64.4441,-285.429,0,0,4.11793e-12,-3.74346e-12
426,1,zone_1,-80.317,-385.429,0,0,4.11793e-12,-3.74346e-12
426,1,zone_1,-80.317,-385.429,0,0,4.11793e-12,-3.74346e-12
426,5,zone_2,-47.6187,-285.429,0,0,4.11793e-12,-3.74346e-12
426,5,zone_2,-47.6187,-285.429,0,0,4.11793e-12,-3.74346e-12
426,2,zone_1,-63.4916,-385.429,0,0,4.11793e-12,-3.74346e-12
426,2,zone_1,-63.4916,-385.429,0,0,4.11793e-12,-3.74346e-12
426,6,zone_3,-49.5237,-85.4288,0,0,4.11793e-12,-3.74346e-12
426,6,zone_3,-49.5237,-85.4288,0,0,4.11793e-12,-3.74346e-12
426,3,zone_2,-81.2695,-285.429,0,0,4.11793e-12,-3.74346e-12
426,3,zone_2,-81.2695,-285.429,0,0,4.11793e-12,-3.74346e-12
426,7,zone_3,-32.6983,-85.4288,0,0,4.11793e-12,-3.74346e-12
426,7,zone_3,-32.6983,-85.4288,0,0,4.11793e-12,-3.74346e-12
428,4,zone_2,-64.4441,-285.429,0,0,4.11793e-12,-3.74346e-12
428,8,zone_3,-15.8729,-85.4288,0,0,4.11793e-12,-3.74346e-12
428,4,zone_2,-64.4441,-285.429,0,0,4.11793e-12,-3.74346e-12
428,0,zone_1,-97.1424,-385.429,0,0,4.11793e-12,-3.74346e-12
428,8,zone_3,-15.8729,-85.4288,0,0,4.11793e-12,-3.74346e-12
428,0,zone_1,-97.1424,-385.429,0,0,4.11793e-12,-3.74346e-12
428,5,zone_2,-47.6187,-285.429,0,0,4.11793e-12,-3.74346e-12
428,5,zone_2,-47.6187,-285.429,0,0,4.11793e-12,-3.74346e-12
428,1,zone_1,-80.317,-385.429,0,0,4.11793e-12,-3.74346e-12
428,1,zone_1,-80.317,-385.429,0,0,4.11793e-12,-3.74346e-12
428,2,zone_1,-63.4916,-385.429,0,0,4.11793e-12,-3.74346e-12
428,2,zone_1,-63.4916,-385.429,0,0,4.11793e-12,-3.74346e-12
428,6,zone_3,-49.5237,-85.4288,0,0,4.11793e-12,-3.74346e-12
428,6,zone_3,-49.5237,-85.4288,0,0,4.11793e-12,-3.74346e-12
428,3,zone_2,-81.2695,-285.429,0,0,4.11793e-12,-3.74346e-12
428,3,zone_2,-81.2695,-285.429,0,0,4.11793e-12,-3.74346e-12
428,7,zone_3,-32.6983,-85.4288,0,0,4.11793e-12,-3.74346e-12
428,7,zone_3,-32.6983,-85.4288,0,0,4.11793e-12,-3.74346e-12
430,0,zone_1,-97.1424,-385.429,0,0,4.11793e-12,-3.74346e-12
430,0,zone_1,-97.1424,-385.429,0,0,4.11793e-12,-3.74346e-12
430,8,zone_3,-15.8729,-85.4288,0,0,4.11793e-12,-3.74346e-12
430,8,zone_3,-15.8729,-85.4288,0,0,4.11793e-12,-3.74346e-12
430,4,zone_2,-64.4441,-285.429,0,0,4.11793e-12,-3.74346e-12
430,4,zone_2,-64.4441,-285.429,0,0,4.11793e-12,-3.74346e-12
430,1,zone_1,-80.317,-385.429,0,0,4.11793e-12,-3.74346e-12
430,1,zone_1,-80.317,-385.429,0,0,4.11793e-12,-3.74346e-12
430,5,zone_2,-47.6187,-285.429,0,0,4.11793e-12,-3.74346e-12
430,5,zone_2,-47.6187,-285.429,0,0,4.11793e-12,-3.74346e-12
430,2,zone_1,-63.4916,-385.429,0,0,4.11793e-12,-3.74346e-12
430,2,zone_1,-63.4916,-385.429,0,0,4.11793e-12,-3.74346e-12
430,6,zone_3,-49.5237,-85.4288,0,0,4.11793e-12,-3.74346e-12
430,6,zone_3,-49.5237,-85.4288,0,0,4.11793e-12,-3.74346e-12
430,3,zone_2,-81.2695,-285.429,0,0,4.11793e-12,-3.74346e-12
430,3,zone_2,-81.2695,-285.429,0,0,4.11793e-12,-3.74346e-12
430,7,zone_3,-32.6983,-85.4288,0,0,4.11793e-12,-3.74346e-12
430,7,zone_3,-32.6983,-85.4288,0,0,4.11793e-12,-3.74346e-12
432,4,zone_2,-64.4441,-285.429,0,0,4.11793e-12,-3.74346e-12
432,4,zone_2,-64.4441,-285.429,0,0,4.11793e-12,-3.74346e-12
432,0,zone_1,-97.1424,-385.429,0,0,4.11793e-12,-3.74346e-12
432,0,zone_1,-97.1424,-385.429,0,0,4.11793e-12,-3.74346e-12
432,8,zone_3,-15.8729,-85.4288,0,0,4.11793e-12,-3.74346e-12
432,8,zone_3,-15.8729,-85.4288,0,0,4.11793e-12,-3.74346e-12
432,5,zone_2,-47.6187,-285.429,0,0,4.11793e-12,-3.74346e-12
432,5,zone_2,-47.6187,-285.429,0,0,4.11793e-12,-3.74346e-12
432,1,zone_1,-80.317,-385.429,0,0,4.11793e-12,-3.74346e-12
432,1,zone_1,-80.317,-385.429,0,0,4.11793e-12,-3.74346e-12
432,6,zone_3,-49.5237,-85.4288,0,0,4.11793e-12,-3.74346e-12
432,2,zone_1,-63.4916,-385.429,0,0,4.11793e-12,-3.74346e-12
432,6,zone_3,-49.5237,-85.4288,0,0,4.11793e-12,-3.74346e-12
432,2,zone_1,-63.4916,-385.429,0,0,4.11793e-12,-3.74346e-12
432,3,zone_2,-81.2695,-285.429,0,0,4.11793e-12,-3.74346e-12
432,3,zone_2,-81.2695,-285.429,0,0,4.11793e-12,-3.74346e-12
432,7,zone_3,-32.6983,-85.4288,0,0,4.11793e-12,-3.74346e-12
432,7,zone_3,-32.6983,-85.4288,0,0,4.11793e-12,-3.74346e-12
434,0,zone_1,-97.1424,-385.429,0,0,4.11793e-12,-3.74346e-12
434,0,zone_1,-97.1424,-385.429,0,0,4.11793e-12,-3.74346e-12
434,4,zone_2,-64.4441,-285.429,0,0,4.11793e-12,-3.74346e-12
434,4,zone_2,-64.4441,-285.429,0,0,4.11793e-12,-3.74346e-12
434,8,zone_3,-15.8729,-85.4288,0,0,4.11793e-12,-3.74346e-12
434,8,zone_3,-15.8729,-85.4288,0,0,4.11793e-12,-3.74346e-12
434,5,zone_2,-47.6187,-285.429,0,0,4.11793e-12,-3.74346e-12
434,1,zone_1,-80.317,-385.429,0,0,4.11793e-12,-3.74346e-12
434,5,zone_2,-47.6187,-285.429,0,0,4.11793e-12,-3.74346e-12
434,1,zone_1,-80.317,-385.429,0,0,4.11793e-12,-3.74346e-12
434,2,zone_1,-63.4916,-385.429,0,0,4.11793e-12,-3.74346e-12
434,2,zone_1,-63.4916,-385.429,0,0,4.11793e-12,-3.74346e-12
434,6,zone_3,-49.5237,-85.4288,0,0,4.11793e-12,-3.74346e-12
434,6,zone_3,-49.5237,-85.4288,0,0,4.11793e-12,-3.74346e-12
434,3,zone_2,-81.2695,-285.429,0,0,4.11793e-12,-3.74346e-12
434,3,zone_2,-81.2695,-285.429,0,0,4.11793e-12,-3.74346e-12
434,7,zone_3,-32.6983,-85.4288,0,0,4.11793e-12,-3.74346e-12
434,7,zone_3,-32.6983,-85.4288,0,0,4.11793e-12,-3.74346e-12
436,0,zone_1,-97.1424,-385.429,0,0,4.11793e-12,-3.74346e-12
436,0,zone_1,-97.1424,-385.429,0,0,4.11793e-12,-3.74346e-12
436,4,zone_2,-64.4441,-285.429,0,0,4.11793e-12,-3.74346e-12
436,4,zone_2,-64.4441,-285.429,0,0,4.11793e-12,-3.74346e-12
436,8,zone_3,-15.8729,-85.4288,0,0,4.11793e-12,-3.74346e-12
436,8,zone_3,-15.8729,-85.4288,0,0,4.11793e-12,-3.74346e-12
436,1,zone_1,-80.317,-385.429,0,0,4.11793e-12,-3.74346e-12
436,1,zone_1,-80.317,-385.429,0,0,4.11793e-12,-3.74346e-12
436,2,zone_1,-63.4916,-385.429,0,0,4.11793e-12,-3.74346e-12
436,2,zone_1,-63.4916,-385.429,0,0,4.11793e-12,-3.74346e-12
436,5,zone_2,-47.6187,-285.429,0,0,4.11793e-12,-3.74346e-12
436,5,zone_2,-47.6187,-285.429,0,0,4.11793e-12,-3.74346e-12
436,3,zone_2,-81.2695,-285.429,0,0,4.11793e-12,-3.74346e-12
436,3,zone_2,-81.2695,-285.429,0,0,4.11793e-12,-3.74346e-12
436,6,zone_3,-49.5237,-85.4288,0,0,4.11793e-12,-3.74346e-12
436,6,zone_3,-49.5237,-85.4288,0,0,4.11793e-12,-3.74346e-12
436,7,zone_3,-32.6983,-85.4288,0,0,4.11793e-12,-3.74346e-12
436,7,zone_3,-32.6983,-85.4288,0,0,4.11793e-12,-3.74346e-12
438,4,zone_2,-64.4441,-285.429,0,0,4.11793e-12,-3.74346e-12
438,4,zone_2,-64.4441,-285.429,0,0,4.11793e-12,-3.74346e-12
438,8,zone_3,-15.8729,-85.4288,0,0,4.11793e-12,-3.74346e-12
438,8,zone_3,-15.8729,-85.4288,0,0,4.11793e-12,-3.74346e-12
438,0,zone_1,-97.1424,-385.429,0,0,4.11793e-12,-3.74346e-12
438,0,zone_1,-97.1424,-385.429,0,0,4.11793e-12,-3.74346e-12
438,5,zone_2,-47.6187,-285.429,0,0,4.11793e-12,-3.74346e-12
438,1,zone_1,-80.317,-385.429,0,0,4.11793e-12,-3.74346e-12
438,5,zone_2,-47.6187,-285.429,0,0,4.11793e-12,-3.74346e-12
438,1,zone_1,-80.317,-385.429,0,0,4.11793e-12,-3.74346e-12
438,2,zone_1,-63.4916,-385.429,0,0,4.11793e-12,-3.74346e-12
438,2,zone_1,-63.4916,-385.429,0,0,4.11793e-12,-3.74346e-12
438,6,zone_3,-49.5237,-85.4288,0,0,4.11793e-12,-3.74346e-12
438,6,zone_3,-49.5237,-85.4288,0,0,4.11793e-12,-3.74346e-12
438,3,zone_2,-81.2695,-285.429,0,0,4.11793e-12,-3.74346e-12
438,3,zone_2,-81.2695,-285.429,0,0,4.11793e-12,-3.74346e-12
438,7,zone_3,-32.6983,-85.4288,0,0,4.11793e-12,-3.74346e-12
438,7,zone_3,-32.6983,-85.4288,0,0,4.11793e-12,-3.74346e-12
440,4,zone_2,-64.4441,-285.429,0,0,4.11793e-12,-3.74346e-12
440,4,zone_2,-64.4441,-285.429,0,0,4.11793e-12,-3.74346e-12
440,0,zone_1,-97.1424,-385.429,0,0,4.11793e-12,-3.74346e-12
440,0,zone_1,-97.1424,-385.429,0,0,4.11793e-12,-3.74346e-12
440,8,zone_3,-15.8729,-85.4288,0,0,4.11793e-12,-3.74346e-12
440,8,zone_3,-15.8729,-85.4288,0,0,4.11793e-12,-3.74346e-12
440,5,zone_2,-47.6187,-285.429,0,0,4.11793e-12,-3.74346e-12
440,5,zone_2,-47.6187,-285.429,0,0,4.11793e-12,-3.74346e-12
440,1,zone_1,-80.317,-385.429,0,0,4.11793e-12,-3.74346e-12
440,1,zone_1,-80.317,-385.429,0,0,4.11793e-12,-3.74346e-12
440,6,zone_3,-49.5237,-85.4288,0,0,4.11793e-12,-3.74346e-12
440,6,zone_3,-49.5237,-85.4288,0,0,4.11793e-12,-3.74346e-12
440,2,zone_1,-63.4916,-385.429,0,0,4.11793e-12,-3.74346e-12
440,2,zone_1,-63.4916,-385.429,0,0,4.11793e-12,-3.74346e-12
440,3,zone_2,-81.2695,-285.429,0,0,4.11793e-12,-3.74346e-12
440,7,zone_3,-32.6983,-85.4288,0,0,4.11793e-12,-3.74346e-12
440,3,zone_2,-81.2695,-285.429,0,0,4.11793e-12,-3.74346e-12
440,7,zone_3,-32.6983,-85.4288,0,0,4.11793e-12,-3.74346e-12
442,4,zone_2,-64.4441,-285.429,0,0,4.11793e-12,-3.74346e-12
442,4,zone_2,-64.4441,-285.429,0,0,4.11793e-12,-3.74346e-12
442,0,zone_1,-97.1424,-385.429,0,0,4.11793e-12,-3.74346e-12
442,0,zone_1,-97.1424,-385.429,0,0,4.11793e-12,-3.74346e-12
442,8,zone_3,-15.8729,-85.4288,0,0,4.11793e-12,-3.74346e-12
442,8,zone_3,-15.8729,-85.4288,0,0,4.11793e-12,-3.74346e-12
442,5,zone_2,-47.6187,-285.429,0,0,4.11793e-12,-3.74346e-12
442,5,zone_2,-47.6187,-285.429,0,0,4.11793e-12,-3.74346e-12
442,1,zone_1,-80.317,-385.429,0,0,4.11793e-12,-3.74346e-12
442,1,zone_1,-80.317,-385.429,0,0,4.11793e-12,-3.74346e-12
442,2,zone_1,-63.4916,-385.429,0,0,4.11793e-12,-3.74346e-12
442,2,zone_1,-63.4916,-385.429,0,0,4.11793e-12,-3.74346e-12
442,6,zone_3,-49.5237,-85.4288,0,0,4.11793e-12,-3.74346e-12
442,6,zone_3,-49.5237,-85.4288,0,0,4.11793e-12,-3.74346e-12
442,3,zone_2,-81.2695,-285.429,0,0,4.11793e-12,-3.74346e-12
442,3,zone_2,-81.2695,-285.429,0,0,4.11793e-12,-3.74346e-12
442,7,zone_3,-32.6983,-85.4288,0,0,4.11793e-12,-3.74346e-12
442,7,zone_3,-32.6983,-85.4288,0,0,4.11793e-12,-3.74346e-12
444,0,zone_1,-97.1424,-385.429,0,0,4.11793e-12,-3.74346e-12
444,0,zone_1,-97.1424,-385.429,0,0,4.11793e-12,-3.74346e-12
444,4,zone_2,-64.4441,-285.429,0,0,4.11793e-12,-3.74346e-12
444,4,zone_2,-64.4441,-285.429,0,0,4.11793e-12,-3.74346e-12
444,8,zone_3,-15.8729,-85.4288,0,0,4.11793e-12,-3.74346e-12
444,8,zone_3,-15.8729,-85.4288,0,0,4.11793e-12,-3.74346e-12
444,1,zone_1,-80.317,-385.429,0,0,4.11793e-12,-3.74346e-12
444,1,zone_1,-80.317,-385.429,0,0,4.11793e-12,-3.74346e-12
444,5,zone_2,-47.6187,-285.429,0,0,4.11793e-12,-3.74346e-12
444,5,zone_2,-47.6187,-285.429,0,0,4.11793e-12,-3.74346e-12
444,2,zone_1,-63.4916,-385.429,0,0,4.11793e-12,-3.74346e-12
444,2,zone_1,-63.4916,-385.429,0,0,4.11793e-12,-3.74346e-12
444,6,zone_3,-49.5237,-85.4288,0,0,4.11793e-12,-3.74346e-12
444,6,zone_3,-49.5237,-85.4288,0,0,4.11793e-12,-3.74346e-12
444,3,zone_2,-81.2695,-285.429,0,0,4.11793e-12,-3.74346e-12
444,3,zone_2,-81.2695,-285.429,0,0,4.11793e-12,-3.74346e-12
444,7,zone_3,-32.6983,-85.4288,0,0,4.11793e-12,-3.74346e-12
444,7,zone_3,-32.6983,-85.4288,0,0,4.11793e-12,-3.74346e-12
446,0,zone_1,-97.1424,-385.429,0,0,4.11793e-12,-3.74346e-12
446,0,zone_1,-97.1424,-385.429,0,0,4.11793e-12,-3.74346e-12
446,4,zone_2,-64.4441,-285.429,0,0,4.11793e-12,-3.74346e-12
446,4,zone_2,-64.4441,-285.429,0,0,4.11793e-12,-3.74346e-12
446,8,zone_3,-15.8729,-85.4288,0,0,4.11793e-12,-3.74346e-12
446,8,zone_3,-15.8729,-85.4288,0,0,4.11793e-12,-3.74346e-12
446,1,zone_1,-80.317,-385.429,0,0,4.11793e-12,-3.74346e-12
446,1,zone_1,-80.317,-385.429,0,0,4.11793e-12,-3.74346e-12
446,5,zone_2,-47.6187,-285.429,0,0,4.11793e-12,-3.74346e-12
446,5,zone_2,-47.6187,-285.429,0,0,4.11793e-12,-3.74346e-12
446,2,zone_1,-63.4916,-385.429,0,0,4.11793e-12,-3.74346e-12
446,2,zone_1,-63.4916,-385.429,0,0,4.11793e-12,-3.74346e-12
446,6,zone_3,-49.5237,-85.4288,0,0,4.11793e-12,-3.74346e-12
446,6,zone_3,-49.5237,-85.4288,0,0,4.11793e-12,-3.74346e-12
446,3,zone_2,-81.2695,-285.429,0,0,4.11793e-12,-3.74346e-12
446,3,zone_2,-81.2695,-285.429,0,0,4.11793e-12,-3.74346e-12
446,7,zone_3,-32.6983,-85.4288,0,0,4.11793e-12,-3.74346e-12
446,7,zone_3,-32.6983,-85.4288,0,0,4.11793e-12,-3.74346e-12
448,4,zone_2,-64.4441,-285.429,0,0,4.11793e-12,-3.74346e-12
448,4,zone_2,-64.4441,-285.429,0,0,4.11793e-12,-3.74346e-12
448,0,zone_1,-97.1424,-385.429,0,0,4.11793e-12,-3.74346e-12
448,0,zone_1,-97.1424,-385.429,0,0,4.11793e-12,-3.74346e-12
448,8,zone_3,-15.8729,-85.4288,0,0,4.11793e-12,-3.74346e-12
448,8,zone_3,-15.8729,-85.4288,0,0,4.11793e-12,-3.74346e-12
448,1,zone_1,-80.317,-385.429,0,0,4.11793e-12,-3.74346e-12
448,1,zone_1,-80.317,-385.429,0,0,4.11793e-12,-3.74346e-12
448,5,zone_2,-47.6187,-285.429,0,0,4.11793e-12,-3.74346e-12
448,5,zone_2,-47.6187,-285.429,0,0,4.11793e-12,-3.74346e-12
448,2,zone_1,-63.4916,-385.429,0,0,4.11793e-12,-3.74346e-12
448,6,zone_3,-49.5237,-85.4288,0,0,4.11793e-12,-3.74346e-12
448,6,zone_3,-49.5237,-85.4288,0,0,4.11793e-12,-3.74346e-12
448,2,zone_1,-63.4916,-385.429,0,0,4.11793e-12,-3.74346e-12
448,3,zone_2,-81.2695,-285.429,0,0,4.11793e-12,-3.74346e-12
448,3,zone_2,-81.2695,-285.429,0,0,4.11793e-12,-3.74346e-12
448,7,zone_3,-32.6983,-85.4288,0,0,4.11793e-12,-3.74346e-12
448,7,zone_3,-32.6983,-85.4288,0,0,4.11793e-12,-3.74346e-12
450,0,zone_1,-97.1424,-385.429,0,0,4.11793e-12,-3.74346e-12
450,8,zone_3,-15.8729,-85.4288,0,0,4.11793e-12,-3.74346e-12
450,8,zone_3,-15.8729,-85.4288,0,0,4.11793e-12,-3.74346e-12
450,0,zone_1,-97.1424,-385.429,0,0,4.11793e-12,-3.74346e-12
450,4,zone_2,-64.4441,-285.429,0,0,4.11793e-12,-3.74346e-12
450,4,zone_2,-64.4441,-285.429,0,0,4.11793e-12,-3.74346e-12
450,1,zone_1,-80.317,-385.429,0,0,4.11793e-12,-3.74346e-12
450,1,zone_1,-80.317,-385.429,0,0,4.11793e-12,-3.74346e-12
450,5,zone_2,-47.6187,-285.429,0,0,4.11793e-12,-3.74346e-12
450,5,zone_2,-47.6187,-285.429,0,0,4.11793e-12,-3.74346e-12
450,2,zone_1,-63.4916,-385.429,0,0,4.11793e-12,-3.74346e-12
450,2,zone_1,-63.4916,-385.429,0,0,4.11793e-12,-3.74346e-12
450,6,zone_3,-49.5237,-85.4288,0,0,4.11793e-12,-3.74346e-12
450,6,zone_3,-49.5237,-85.4288,0,0,4.11793e-12,-3.74346e-12
450,3,zone_2,-81.2695,-285.429,0,0,4.11793e-12,-3.74346e-12
450,3,zone_2,-81.2695,-285.429,0,0,4.11793e-12,-3.74346e-12
450,7,zone_3,-32.6983,-85.4288,0,0,4.11793e-12,-3.74346e-12
450,7,zone_3,-32.6983,-85.4288,0,0,4.11793e-12,-3.74346e-12
452,0,zone_1,-97.1424,-385.429,0,0,4.11793e-12,-3.74346e-12
452,0,zone_1,-97.1424,-385.429,0,0,4.11793e-12,-3.74346e-12
452,4,zone_2,-64.4441,-285.429,0,0,4.11793e-12,-3.74346e-12
452,4,zone_2,-64.4441,-285.429,0,0,4.11793e-12,-3.74346e-12
452,8,zone_3,-15.8729,-85.4288,0,0,4.11793e-12,-3.74346e-12
452,8,zone_3,-15.8729,-85.4288,0,0,4.11793e-12,-3.74346e-12
452,1,zone_1,-80.317,-385.429,0,0,4.11793e-12,-3.74346e-12
452,1,zone_1,-80.317,-385.429,0,0,4.11793e-12,-3.74346e-12
452,5,zone_2,-47.6187,-285.429,0,0,4.11793e-12,-3.74346e-12
452,5,zone_2,-47.6187,-285.429,0,0,4.11793e-12,-3.74346e-12
452,2,zone_1,-63.4916,-385.429,0,0,4.11793e-12,-3.74346e-12
452,2,zone_1,-63.4916,-385.429,0,0,4.11793e-12,-3.74346e-12
452,6,zone_3,-49.5237,-85.4288,0,0,4.11793e-12,-3.74346e-12
452,6,zone_3,-49.5237,-85.4288,0,0,4.11793e-12,-3.74346e-12
452,3,zone_2,-81.2695,-285.429,0,0,4.11793e-12,-3.74346e-12
452,3,zone_2,-81.2695,-285.429,0,0,4.11793e-12,-3.74346e-12
452,7,zone_3,-32.6983,-85.4288,0,0,4.11793e-12,-3.74346e-12
452,7,zone_3,-32.6983,-85.4288,0,0,4.11793e-12,-3.74346e-12
454,0,zone_1,-97.1424,-385.429,0,0,4.11793e-12,-3.74346e-12
454,0,zone_1,-97.1424,-385.429,0,0,4.11793e-12,-3.74346e-12
454,4,zone_2,-64.4441,-285.429,0,0,4.11793e-12,-3.74346e-12
454,4,zone_2,-64.4441,-285.429,0,0,4.11793e-12,-3.74346e-12
454,8,zone_3,-15.8729,-85.4288,0,0,4.11793e-12,-3.74346e-12
454,8,zone_3,-15.8729,-85.4288,0,0,4.11793e-12,-3.74346e-12
454,1,zone_1,-80.317,-385.429,0,0,4.11793e-12,-3.74346e-12
454,1,zone_1,-80.317,-385.429,0,0,4.11793e-12,-3.74346e-12
454,5,zone_2,-47.6187,-285.429,0,0,4.11793e-12,-3.74346e-12
454,5,zone_2,-47.6187,-285.429,0,0,4.11793e-12,-3.74346e-12
454,2,zone_1,-63.4916,-385.429,0,0,4.11793e-12,-3.74346e-12
454,2,zone_1,-63.4916,-385.429,0,0,4.11793e-12,-3.74346e-12
454,6,zone_3,-49.5237,-85.4288,0,0,4.11793e-12,-3.74346e-12
454,6,zone_3,-49.5237,-85.4288,0,0,4.11793e-12,-3.74346e-12
454,3,zone_2,-81.2695,-285.429,0,0,4.11793e-12,-3.74346e-12
454,3,zone_2,-81.2695,-285.429,0,0,4.11793e-12,-3.74346e-12
454,7,zone_3,-32.6983,-85.4288,0,0,4.11793e-12,-3.74346e-12
454,7,zone_3,-32.6983,-85.4288,0,0,4.11793e-12,-3.74346e-12
456,0,zone_1,-97.1424,-385.429,0,0,4.11793e-12,-3.74346e-12
456,0,zone_1,-97.1424,-385.429,0,0,4.11793e-12,-3.74346e-12
456,8,zone_3,-15.8729,-85.4288,0,0,4.11793e-12,-3.74346e-12
456,8,zone_3,-15.8729,-85.4288,0,0,4.11793e-12,-3.74346e-12
456,4,zone_2,-64.4441,-285.429,0,0,4.11793e-12,-3.74346e-12
456,4,zone_2,-64.4441,-285.429,0,0,4.11793e-12,-3.74346e-12
456,1,zone_1,-80.317,-385.429,0,0,4.11793e-12,-3.74346e-12
456,1,zone_1,-80.317,-385.429,0,0,4.11793e-12,-3.74346e-12
456,5,zone_2,-47.6187,-285.429,0,0,4.11793e-12,-3.74346e-12
456,5,zone_2,-47.6187,-285.429,0,0,4.11793e-12,-3.74346e-12
456,2,zone_1,-63.4916,-385.429,0,0,4.11793e-12,-3.74346e-12
456,2,zone_1,-63.4916,-385.429,0,0,4.11793e-12,-3.74346e-12
456,6,zone_3,-49.5237,-85.4288,0,0,4.11793e-12,-3.74346e-12
456,6,zone_3,-49.5237,-85.4288,0,0,4.11793e-12,-3.74346e-12
456,3,zone_2,-81.2695,-285.429,0,0,4.11793e-12,-3.74346e-12
456,3,zone_2,-81.2695,-285.429,0,0,4.11793e-12,-3.74346e-12
456,7,zone_3,-32.6983,-85.4288,0,0,4.11793e-12,-3.74346e-12
456,7,zone_3,-32.6983,-85.4288,0,0,4.11793e-12,-3.74346e-12
458,8,zone_3,-15.8729,-85.4288,0,0,4.11793e-12,-3.74346e-12
458,8,zone_3,-15.8729,-85.4288,0,0,4.11793e-12,-3.74346e-12
458,0,zone_1,-97.1424,-385.429,0,0,4.11793e-12,-3.74346e-12
458,0,zone_1,-97.1424,-385.429,0,0,4.11793e-12,-3.74346e-12
458,4,zone_2,-64.4441,-285.429,0,0,4.11793e-12,-3.74346e-12
458,4,zone_2,-64.4441,-285.429,0,0,4.11793e-12,-3.74346e-12
458,1,zone_1,-80.317,-385.429,0,0,4.11793e-12,-3.74346e-12
458,1,zone_1,-80.317,-385.429,0,0,4.11793e-12,-3.74346e-12
458,5,zone_2,-47.6187,-285.429,0,0,4.11793e-12,-3.74346e-12
458,5,zone_2,-47.6187,-285.429,0,0,4.11793e-12,-3.74346e-12
458,2,zone_1,-63.4916,-385.429,0,0,4.11793e-12,-3.74346e-12
458,2,zone_1,-63.4916,-385.429,0,0,4.11793e-12,-3.74346e-12
458,6,zone_3,-49.5237,-85.4288,0,0,4.11793e-12,-3.74346e-12
458,6,zone_3,-49.5237,-85.4288,0,0,4.11793e-12,-3.74346e-12
458,3,zone_2,-81.2695,-285.429,0,0,4.11793e-12,-3.74346e-12
458,3,zone_2,-81.2695,-285.429,0,0,4.11793e-12,-3.74346e-12
458,7,zone_3,-32.6983,-85.4288,0,0,4.11793e-12,-3.74346e-12
458,7,zone_3,-32.6983,-85.4288,0,0,4.11793e-12,-3.74346e-12
460,4,zone_2,-64.4441,-285.429,0,0,4.11793e-12,-3.74346e-12
460,4,zone_2,-64.4441,-285.429,0,0,4.11793e-12,-3.74346e-12
460,8,zone_3,-15.8729,-85.4288,0,0,4.11793e-12,-3.74346e-12
460,8,zone_3,-15.8729,-85.4288,0,0,4.11793e-12,-3.74346e-12
460,0,zone_1,-97.1424,-385.429,0,0,4.11793e-12,-3.74346e-12
460,0,zone_1,-97.1424,-385.429,0,0,4.11793e-12,-3.74346e-12
460,5,zone_2,-47.6187,-285.429,0,0,4.11793e-12,-3.74346e-12
460,5,zone_2,-47.6187,-285.429,0,0,4.11793e-12,-3.74346e-12
460,1,zone_1,-80.317,-385.429,0,0,4.11793e-12,-3.74346e-12
460,1,zone_1,-80.317,-385.429,0,0,4.11793e-12,-3.74346e-12
460,6,zone_3,-49.5237,-85.4288,0,0,4.11793e-12,-3.74346e-12
460,6,zone_3,-49.5237,-85.4288,0,0,4.11793e-12,-3.74346e-12
460,2,zone_1,-63.4916,-385.429,0,0,4.11793e-12,-3.74346e-12
460,2,zone_1,-63.4916,-385.429,0,0,4.11793e-12,-3.74346e-12
460,7,zone_3,-32.6983,-85.4288,0,0,4.11793e-12,-3.74346e-12
460,3,zone_2,-81.2695,-285.429,0,0,4.11793e-12,-3.74346e-12
460,7,zone_3,-32.6983,-85.4288,0,0,4.11793e-12,-3.74346e-12
460,3,zone_2,-81.2695,-285.429,0,0,4.11793e-12,-3.74346e-12
462,8,zone_3,-15.8729,-85.4288,0,0,4.11793e-12,-3.74346e-12
462,8,zone_3,-15.8729,-85.4288,0,0,4.11793e-12,-3.74346e-12
462,0,zone_1,-97.1424,-385.429,0,0,4.11793e-12,-3.74346e-12
462,0,zone_1,-97.1424,-385.429,0,0,4.11793e-12,-3.74346e-12
462,4,zone_2,-64.4441,-285.429,0,0,4.11793e-12,-3.74346e-12
462,4,zone_2,-64.4441,-285.429,0,0,4.11793e-12,-3.74346e-12
462,1,zone_1,-80.317,-385.429,0,0,4.11793e-12,-3.74346e-12
462,1,zone_1,-80.317,-385.429,0,0,4.11793e-12,-3.74346e-12
462,5,zone_2,-47.6187,-285.429,0,0,4.11793e-12,-3.74346e-12
462,5,zone_2,-47.6187,-285.429,0,0,4.11793e-12,-3.74346e-12
462,2,zone_1,-63.4916,-385.429,0,0,4.11793e-12,-3.74346e-12
462,2,zone_1,-63.4916,-385.429,0,0,4.11793e-12,-3.74346e-12
462,6,zone_3,-49.5237,-85.4288,0,0,4.11793e-12,-3.74346e-12
462,6,zone_3,-49.5237,-85.4288,0,0,4.11793e-12,-3.74346e-12
462,3,zone_2,-81.2695,-285.429,0,0,4.11793e-12,-3.74346e-12
462,3,zone_2,-81.2695,-285.429,0,0,4.11793e-12,-3.74346e-12
462,7,zone_3,-32.6983,-85.4288,0,0,4.11793e-12,-3.74346e-12
462,7,zone_3,-32.6983,-85.4288,0,0,4.11793e-12,-3.74346e-12
464,4,zone_2,-64.4441,-285.429,0,0,4.11793e-12,-3.74346e-12
464,4,zone_2,-64.4441,-285.429,0,0,4.11793e-12,-3.74346e-12
464,0,zone_1,-97.1424,-385.429,0,0,4.11793e-12,-3.74346e-12
464,0,zone_1,-97.1424,-385.429,0,0,4.11793e-12,-3.74346e-12
464,8,zone_3,-15.8729,-85.4288,0,0,4.11793e-12,-3.74346e-12
464,8,zone_3,-15.8729,-85.4288,0,0,4.11793e-12,-3.74346e-12
464,1,zone_1,-80.317,-385.429,0,0,4.11793e-12,-3.74346e-12
464,1,zone_1,-80.317,-385.429,0,0,4.11793e-12,-3.74346e-12
464,5,zone_2,-47.6187,-285.429,0,0,4.11793e-12,-3.74346e-12
464,5,zone_2,-47.6187,-285.429,0,0,4.11793e-12,-3.74346e-12
464,2,zone_1,-63.4916,-385.429,0,0,4.11793e-12,-3.74346e-12
464,2,zone_1,-63.4916,-385.429,0,0,4.11793e-12,-3.74346e-12
464,6,zone_3,-49.5237,-85.4288,0,0,4.11793e-12,-3.74346e-12
464,6,zone_3,-49.5237,-85.4288,0,0,4.11793e-12,-3.74346e-12
464,3,zone_2,-81.2695,-285.429,0,0,4.11793e-12,-3.74346e-12
464,3,zone_2,-81.2695,-285.429,0,0,4.11793e-12,-3.74346e-12
464,7,zone_3,-32.6983,-85.4288,0,0,4.11793e-12,-3.74346e-12
464,7,zone_3,-32.6983,-85.4288,0,0,4.11793e-12,-3.74346e-12
466,8,zone_3,-15.8729,-85.4288,0,0,4.11793e-12,-3.74346e-12
466,8,zone_3,-15.8729,-85.4288,0,0,4.11793e-12,-3.74346e-12
466,0,zone_1,-97.1424,-385.429,0,0,4.11793e-12,-3.74346e-12
466,0,zone_1,-97.1424,-385.429,0,0,4.11793e-12,-3.74346e-12
466,4,zone_2,-64.4441,-285.429,0,0,4.11793e-12,-3.74346e-12
466,4,zone_2,-64.4441,-285.429,0,0,4.11793e-12,-3.74346e-12
466,1,zone_1,-80.317,-385.429,0,0,4.11793e-12,-3.74346e-12
466,1,zone_1,-80.317,-385.429,0,0,4.11793e-12,-3.74346e-12
466,5,zone_2,-47.6187,-285.429,0,0,4.11793e-12,-3.74346e-12
466,5,zone_2,-47.6187,-285.429,0,0,4.11793e-12,-3.74346e-12
466,2,zone_1,-63.4916,-385.429,0,0,4.11793e-12,-3.74346e-12
466,2,zone_1,-63.4916,-385.429,0,0,4.11793e-12,-3.74346e-12
466,6,zone_3,-49.5237,-85.4288,0,0,4.11793e-12,-3.74346e-12
466,6,zone_3,-49.5237,-85.4288,0,0,4.11793e-12,-3.74346e-12
466,3,zone_2,-81.2695,-285.429,0,0,4.11793e-12,-3.74346e-12
466,3,zone_2,-81.2695,-285.429,0,0,4.11793e-12,-3.74346e-12
466,7,zone_3,-32.6983,-85.4288,0,0,4.11793e-12,-3.74346e-12
466,7,zone_3,-32.6983,-85.4288,0,0,4.11793e-12,-3.74346e-12
468,8,zone_3,-15.8729,-85.4288,0,0,4.11793e-12,-3.74346e-12
468,8,zone_3,-15.8729,-85.4288,0,0,4.11793e-12,-3.74346e-12
468,0,zone_1,-97.1424,-385.429,0,0,4.11793e-12,-3.74346e-12
468,0,zone_1,-97.1424,-385.429,0,0,4.11793e-12,-3.74346e-12
468,4,zone_2,-64.4441,-285.429,0,0,4.11793e-12,-3.74346e-12
468,4,zone_2,-64.4441,-285.429,0,0,4.11793e-12,-3.74346e-12
468,1,zone_1,-80.317,-385.429,0,0,4.11793e-12,-3.74346e-12
468,1,zone_1,-80.317,-385.429,0,0,4.11793e-12,-3.74346e-12
468,5,zone_2,-47.6187,-285.429,0,0,4.11793e-12,-3.74346e-12
468,5,zone_2,-47.6187,-285.429,0,0,4.11793e-12,-3.74346e-12
468,2,zone_1,-63.4916,-385.429,0,0,4.11793e-12,-3.74346e-12
468,2,zone_1,-63.4916,-385.429,0,0,4.11793e-12,-3.74346e-12
468,6,zone_3,-49.5237,-85.4288,0,0,4.11793e-12,-3.74346e-12
468,6,zone_3,-49.5237,-85.4288,0,0,4.11793e-12,-3.74346e-12
468,3,zone_2,-81.2695,-285.429,0,0,4.11793e-12,-3.74346e-12
468,3,zone_2,-81.2695,-285.429,0,0,4.11793e-12,-3.74346e-12
468,7,zone_3,-32.6983,-85.4288,0,0,4.11793e-12,-3.74346e-12
468,7,zone_3,-32.6983,-85.4288,0,0,4.11793e-12,-3.74346e-12
470,4,zone_2,-64.4441,-285.429,0,0,4.11793e-12,-3.74346e-12
470,4,zone_2,-64.4441,-285.429,0,0,4.11793e-12,-3.74346e-12
470,0,zone_1,-97.1424,-385.429,0,0,4.11793e-12,-3.74346e-12
470,0,zone_1,-97.1424,-385.429,0,0,4.11793e-12,-3.74346e-12
470,8,zone_3,-15.8729,-85.4288,0,0,4.11793e-12,-3.74346e-12
470,8,zone_3,-15.8729,-85.4288,0,0,4.11793e-12,-3.74346e-12
470,5,zone_2,-47.6187,-285.429,0,0,4.11793e-12,-3.74346e-12
470,5,zone_2,-47.6187,-285.429,0,0,4.11793e-12,-3.74346e-12
470,1,zone_1,-80.317,-385.429,0,0,4.11793e-12,-3.74346e-12
470,1,zone_1,-80.317,-385.429,0,0,4.11793e-12,-3.74346e-12
470,2,zone_1,-63.4916,-385.429,0,0,4.11793e-12,-3.74346e-12
470,6,zone_3,-49.5237,-85.4288,0,0,4.11793e-12,-3.74346e-12
470,2,zone_1,-63.4916,-385.429,0,0,4.11793e-12,-3.74346e-12
470,6,zone_3,-49.5237,-85.4288,0,0,4.11793e-12,-3.74346e-12
470,3,zone_2,-81.2695,-285.429,0,0,4.11793e-12,-3.74346e-12
470,3,zone_2,-81.2695,-285.429,0,0,4.11793e-12,-3.74346e-12
470,7,zone_3,-32.6983,-85.4288,0,0,4.11793e-12,-3.74346e-12
470,7,zone_3,-32.6983,-85.4288,0,0,4.11793e-12,-3.74346e-12
472,4,zone_2,-64.4441,-285.429,0,0,4.11793e-12,-3.74346e-12
472,4,zone_2,-64.4441,-285.429,0,0,4.11793e-12,-3.74346e-12
472,0,zone_1,-97.1424,-385.429,0,0,4.11793e-12,-3.74346e-12
472,0,zone_1,-97.1424,-385.429,0,0,4.11793e-12,-3.74346e-12
472,8,zone_3,-15.8729,-85.4288,0,0,4.11793e-12,-3.74346e-12
472,8,zone_3,-15.8729,-85.4288,0,0,4.11793e-12,-3.74346e-12
472,5,zone_2,-47.6187,-285.429,0,0,4.11793e-12,-3.74346e-12
472,5,zone_2,-47.6187,-285.429,0,0,4.11793e-12,-3.74346e-12
472,1,zone_1,-80.317,-385.429,0,0,4.11793e-12,-3.74346e-12
472,1,zone_1,-80.317,-385.429,0,0,4.11793e-12,-3.74346e-12
472,6,zone_3,-49.5237,-85.4288,0,0,4.11793e-12,-3.74346e-12
472,6,zone_3,-49.5237,-85.4288,0,0,4.11793e-12,-3.74346e-12
472,2,zone_1,-63.4916,-385.429,0,0,4.11793e-12,-3.74346e-12
472,2,zone_1,-63.4916,-385.429,0,0,4.11793e-12,-3.74346e-12
472,7,zone_3,-32.6983,-85.4288,0,0,4.11793e-12,-3.74346e-12
472,7,zone_3,-32.6983,-85.4288,0,0,4.11793e-12,-3.74346e-12
472,3,zone_2,-81.2695,-285.429,0,0,4.11793e-12,-3.74346e-12
472,3,zone_2,-81.2695,-285.429,0,0,4.11793e-12,-3.74346e-12
474,4,zone_2,-64.4441,-285.429,0,0,4.11793e-12,-3.74346e-12
474,4,zone_2,-64.4441,-285.429,0,0,4.11793e-12,-3.74346e-12
474,0,zone_1,-97.1424,-385.429,0,0,4.11793e-12,-3.74346e-12
474,0,zone_1,-97.1424,-385.429,0,0,4.11793e-12,-3.74346e-12
474,8,zone_3,-15.8729,-85.4288,0,0,4.11793e-12,-3.74346e-12
474,8,zone_3,-15.8729,-85.4288,0,0,4.11793e-12,-3.74346e-12
474,5,zone_2,-47.6187,-285.429,0,0,4.11793e-12,-3.74346e-12
474,5,zone_2,-47.6187,-285.429,0,0,4.11793e-12,-3.74346e-12
474,1,zone_1,-80.317,-385.429,0,0,4.11793e-12,-3.74346e-12
474,1,zone_1,-80.317,-385.429,0,0,4.11793e-12,-3.74346e-12
474,6,zone_3,-49.5237,-85.4288,0,0,4.11793e-12,-3.74346e-12
474,6,zone_3,-49.5237,-85.4288,0,0,4.11793e-12,-3.74346e-12
474,2,zone_1,-63.4916,-385.429,0,0,4.11793e-12,-3.74346e-12
474,2,zone_1,-63.4916,-385.429,0,0,4.11793e-12,-3.74346e-12
474,3,zone_2,-81.2695,-285.429,0,0,4.11793e-12,-3.74346e-12
474,3,zone_2,-81.2695,-285.429,0,0,4.11793e-12,-3.74346e-12
474,7,zone_3,-32.6983,-85.4288,0,0,4.11793e-12,-3.74346e-12
474,7,zone_3,-32.6983,-85.4288,0,0,4.11793e-12,-3.74346e-12
476,0,zone_1,-97.1424,-385.429,0,0,4.11793e-12,-3.74346e-12
476,0,zone_1,-97.1424,-385.429,0,0,4.11793e-12,-3.74346e-12
476,8,zone_3,-15.8729,-85.4288,0,0,4.11793e-12,-3.74346e-12
476,8,zone_3,-15.8729,-85.4288,0,0,4.11793e-12,-3.74346e-12
476,4,zone_2,-64.4441,-285.429,0,0,4.11793e-12,-3.74346e-12
476,4,zone_2,-64.4441,-285.429,0,0,4.11793e-12,-3.74346e-12
476,1,zone_1,-80.317,-385.429,0,0,4.11793e-12,-3.74346e-12
476,1,zone_1,-80.317,-385.429,0,0,4.11793e-12,-3.74346e-12
476,2,zone_1,-63.4916,-385.429,0,0,4.11793e-12,-3.74346e-12
476,2,zone_1,-63.4916,-385.429,0,0,4.11793e-12,-3.74346e-12
476,5,zone_2,-47.6187,-285.429,0,0,4.11793e-12,-3.74346e-12
476,5,zone_2,-47.6187,-285.429,0,0,4.11793e-12,-3.74346e-12
476,3,zone_2,-81.2695,-285.429,0,0,4.11793e-12,-3.74346e-12
476,3,zone_2,-81.2695,-285.429,0,0,4.11793e-12,-3.74346e-12
476,6,zone_3,-49.5237,-85.4288,0,0,4.11793e-12,-3.74346e-12
476,6,zone_3,-49.5237,-85.4288,0,0,4.11793e-12,-3.74346e-12
476,7,zone_3,-32.6983,-85.4288,0,0,4.11793e-12,-3.74346e-12
476,7,zone_3,-32.6983,-85.4288,0,0,4.11793e-12,-3.74346e-12
478,0,zone_1,-97.1424,-385.429,0,0,4.11793e-12,-3.74346e-12
478,0,zone_1,-97.1424,-385.429,0,0,4.11793e-12,-3.74346e-12
478,4,zone_2,-64.4441,-285.429,0,0,4.11793e-12,-3.74346e-12
478,4,zone_2,-64.4441,-285.429,0,0,4.11793e-12,-3.74346e-12
478,8,zone_3,-15.8729,-85.4288,0,0,4.11793e-12,-3.74346e-12
478,8,zone_3,-15.8729,-85.4288,0,0,4.11793e-12,-3.74346e-12
478,1,zone_1,-80.317,-385.429,0,0,4.11793e-12,-3.74346e-12
478,5,zone_2,-47.6187,-285.429,0,0,4.11793e-12,-3.74346e-12
478,1,zone_1,-80.317,-385.429,0,0,4.11793e-12,-3.74346e-12
478,5,zone_2,-47.6187,-285.429,0,0,4.11793e-12,-3.74346e-12
478,2,zone_1,-63.4916,-385.429,0,0,4.11793e-12,-3.74346e-12
478,2,zone_1,-63.4916,-385.429,0,0,4.11793e-12,-3.74346e-12
478,6,zone_3,-49.5237,-85.4288,0,0,4.11793e-12,-3.74346e-12
478,6,zone_3,-49.5237,-85.4288,0,0,4.11793e-12,-3.74346e-12
478,3,zone_2,-81.2695,-285.429,0,0,4.11793e-12,-3.74346e-12
478,3,zone_2,-81.2695,-285.429,0,0,4.11793e-12,-3.74346e-12
478,7,zone_3,-32.6983,-85.4288,0,0,4.11793e-12,-3.74346e-12
478,7,zone_3,-32.6983,-85.4288,0,0,4.11793e-12,-3.74346e-12
480,0,zone_1,-97.1424,-385.429,0,0,4.11793e-12,-3.74346e-12
480,0,zone_1,-97.1424,-385.429,0,0,4.11793e-12,-3.74346e-12
480,4,zone_2,-64.4441,-285.429,0,0,4.11793e-12,-3.74346e-12
480,4,zone_2,-64.4441,-285.429,0,0,4.11793e-12,-3.74346e-12
480,8,zone_3,-15.8729,-85.4288,0,0,4.11793e-12,-3.74346e-12
480,8,zone_3,-15.8729,-85.4288,0,0,4.11793e-12,-3.74346e-12
480,1,zone_1,-80.317,-385.429,0,0,4.11793e-12,-3.74346e-12
480,1,zone_1,-80.317,-385.429,0,0,4.11793e-12,-3.74346e-12
480,5,zone_2,-47.6187,-285.429,0,0,4.11793e-12,-3.74346e-12
480,5,zone_2,-47.6187,-285.429,0,0,4.11793e-12,-3.74346e-12
480,2,zone_1,-63.4916,-385.429,0,0,4.11793e-12,-3.74346e-12
480,2,zone_1,-63.4916,-385.429,0,0,4.11793e-12,-3.74346e-12
480,3,zone_2,-81.2695,-285.429,0,0,4.11793e-12,-3.74346e-12
480,6,zone_3,-49.5237,-85.4288,0,0,4.11793e-12,-3.74346e-12
480,6,zone_3,-49.5237,-85.4288,0,0,4.11793e-12,-3.74346e-12
480,3,zone_2,-81.2695,-285.429,0,0,4.11793e-12,-3.74346e-12
480,7,zone_3,-32.6983,-85.4288,0,0,4.11793e-12,-3.74346e-12
480,7,zone_3,-32.6983,-85.4288,0,0,4.11793e-12,-3.74346e-12
482,4,zone_2,-64.4441,-285.429,0,0,4.11793e-12,-3.74346e-12
482,4,zone_2,-64.4441,-285.429,0,0,4.11793e-12,-3.74346e-12
482,0,zone_1,-97.1424,-385.429,0,0,4.11793e-12,-3.74346e-12
482,0,zone_1,-97.1424,-385.429,0,0,4.11793e-12,-3.74346e-12
482,8,zone_3,-15.8729,-85.4288,0,0,4.11793e-12,-3.74346e-12
482,8,zone_3,-15.8729,-85.4288,0,0,4.11793e-12,-3.74346e-12
482,5,zone_2,-47.6187,-285.429,0,0,4.11793e-12,-3.74346e-12
482,5,zone_2,-47.6187,-285.429,0,0,4.11793e-12,-3.74346e-12
482,1,zone_1,-80.317,-385.429,0,0,4.11793e-12,-3.74346e-12
482,1,zone_1,-80.317,-385.429,0,0,4.11793e-12,-3.74346e-12
482,6,zone_3,-49.5237,-85.4288,0,0,4.11793e-12,-3.74346e-12
482,6,zone_3,-49.5237,-85.4288,0,0,4.11793e-12,-3.74346e-12
482,2,zone_1,-63.4916,-385.429,0,0,4.11793e-12,-3.74346e-12
482,2,zone_1,-63.4916,-385.429,0,0,4.11793e-12,-3.74346e-12
482,7,zone_3,-32.6983,-85.4288,0,0,4.11793e-12,-3.74346e-12
482,7,zone_3,-32.6983,-85.4288,0,0,4.11793e-12,-3.74346e-12
482,3,zone_2,-81.2695,-285.429,0,0,4.11793e-12,-3.74346e-12
482,3,zone_2,-81.2695,-285.429,0,0,4.11793e-12,-3.74346e-12
484,8,zone_3,-15.8729,-85.4288,0,0,4.11793e-12,-3.74346e-12
484,8,zone_3,-15.8729,-85.4288,0,0,4.11793e-12,-3.74346e-12
484,0,zone_1,-97.1424,-385.429,0,0,4.11793e-12,-3.74346e-12
484,0,zone_1,-97.1424,-385.429,0,0,4.11793e-12,-3.74346e-12
484,4,zone_2,-64.4441,-285.429,0,0,4.11793e-12,-3.74346e-12
484,4,zone_2,-64.4441,-285.429,0,0,4.11793e-12,-3.74346e-12
484,1,zone_1,-80.317,-385.429,0,0,4.11793e-12,-3.74346e-12
484,1,zone_1,-80.317,-385.429,0,0,4.11793e-12,-3.74346e-12
484,5,zone_2,-47.6187,-285.429,0,0,4.11793e-12,-3.74346e-12
484,5,zone_2,-47.6187,-285.429,0,0,4.11793e-12,-3.74346e-12
484,2,zone_1,-63.4916,-385.429,0,0,4.11793e-12,-3.74346e-12
484,2,zone_1,-63.4916,-385.429,0,0,4.11793e-12,-3.74346e-12
484,6,zone_3,-49.5237,-85.4288,0,0,4.11793e-12,-3.74346e-12
484,6,zone_3,-49.5237,-85.4288,0,0,4.11793e-12,-3.74346e-12
484,3,zone_2,-81.2695,-285.429,0,0,4.11793e-12,-3.74346e-12
484,3,zone_2,-81.2695,-285.429,0,0,4.11793e-12,-3.74346e-12
484,7,zone_3,-32.6983,-85.4288,0,0,4.11793e-12,-3.74346e-12
484,7,zone_3,-32.6983,-85.4288,0,0,4.11793e-12,-3.74346e-12
486,0,zone_1,-97.1424,-385.429,0,0,4.11793e-12,-3.74346e-12
486,0,zone_1,-97.1424,-385.429,0,0,4.11793e-12,-3.74346e-12
486,4,zone_2,-64.4441,-285.429,0,0,4.11793e-12,-3.74346e-12
486,4,zone_2,-64.4441,-285.429,0,0,4.11793e-12,-3.74346e-12
486,8,zone_3,-15.8729,-85.4288,0,0,4.11793e-12,-3.74346e-12
486,8,zone_3,-15.8729,-85.4288,0,0,4.11793e-12,-3.74346e-12
486,1,zone_1,-80.317,-385.429,0,0,4.11793e-12,-3.74346e-12
486,1,zone_1,-80.317,-385.429,0,0,4.11793e-12,-3.74346e-12
486,5,zone_2,-47.6187,-285.429,0,0,4.11793e-12,-3.74346e-12
486,5,zone_2,-47.6187,-285.429,0,0,4.11793e-12,-3.74346e-12
486,2,zone_1,-63.4916,-385.429,0,0,4.11793e-12,-3.74346e-12
486,2,zone_1,-63.4916,-385.429,0,0,4.11793e-12,-3.74346e-12
486,6,zone_3,-49.5237,-85.4288,0,0,4.11793e-12,-3.74346e-12
486,6,zone_3,-49.5237,-85.4288,0,0,4.11793e-12,-3.74346e-12
486,3,zone_2,-81.2695,-285.429,0,0,4.11793e-12,-3.74346e-12
486,3,zone_2,-81.2695,-285.429,0,0,4.11793e-12,-3.74346e-12
486,7,zone_3,-32.6983,-85.4288,0,0,4.11793e-12,-3.74346e-12
486,7,zone_3,-32.6983,-85.4288,0,0,4.11793e-12,-3.74346e-12
488,8,zone_3,-15.8729,-85.4288,0,0,4.11793e-12,-3.74346e-12
488,8,zone_3,-15.8729,-85.4288,0,0,4.11793e-12,-3.74346e-12
488,4,zone_2,-64.4441,-285.429,0,0,4.11793e-12,-3.74346e-12
488,0,zone_1,-97.1424,-385.429,0,0,4.11793e-12,-3.74346e-12
488,4,zone_2,-64.4441,-285.429,0,0,4.11793e-12,-3.74346e-12
488,0,zone_1,-97.1424,-385.429,0,0,4.11793e-12,-3.74346e-12
488,5,zone_2,-47.6187,-285.429,0,0,4.11793e-12,-3.74346e-12
488,1,zone_1,-80.317,-385.429,0,0,4.11793e-12,-3.74346e-12
488,5,zone_2,-47.6187,-285.429,0,0,4.11793e-12,-3.74346e-12
488,1,zone_1,-80.317,-385.429,0,0,4.11793e-12,-3.74346e-12
488,2,zone_1,-63.4916,-385.429,0,0,4.11793e-12,-3.74346e-12
488,2,zone_1,-63.4916,-385.429,0,0,4.11793e-12,-3.74346e-12
488,6,zone_3,-49.5237,-85.4288,0,0,4.11793e-12,-3.74346e-12
488,6,zone_3,-49.5237,-85.4288,0,0,4.11793e-12,-3.74346e-12
488,3,zone_2,-81.2695,-285.429,0,0,4.11793e-12,-3.74346e-12
488,3,zone_2,-81.2695,-285.429,0,0,4.11793e-12,-3.74346e-12
488,7,zone_3,-32.6983,-85.4288,0,0,4.11793e-12,-3.74346e-12
488,7,zone_3,-32.6983,-85.4288,0,0,4.11793e-12,-3.74346e-12
490,0,zone_1,-97.1424,-385.429,0,0,4.11793e-12,-3.74346e-12
490,0,zone_1,-97.1424,-385.429,0,0,4.11793e-12,-3.74346e-12
490,8,zone_3,-15.8729,-85.4288,0,0,4.11793e-12,-3.74346e-12
490,8,zone_3,-15.8729,-85.4288,0,0,4.11793e-12,-3.74346e-12
490,4,zone_2,-64.4441,-285.429,0,0,4.11793e-12,-3.74346e-12
490,4,zone_2,-64.4441,-285.429,0,0,4.11793e-12,-3.74346e-12
490,1,zone_1,-80.317,-385.429,0,0,4.11793e-12,-3.74346e-12
490,1,zone_1,-80.317,-385.429,0,0,4.11793e-12,-3.74346e-12
490,5,zone_2,-47.6187,-285.429,0,0,4.11793e-12,-3.74346e-12
490,5,zone_2,-47.6187,-285.429,0,0,4.11793e-12,-3.74346e-12
490,2,zone_1,-63.4916,-385.429,0,0,4.11793e-12,-3.74346e-12
490,2,zone_1,-63.4916,-385.429,0,0,4.11793e-12,-3.74346e-12
490,3,zone_2,-81.2695,-285.429,0,0,4.11793e-12,-3.74346e-12
490,3,zone_2,-81.2695,-285.429,0,0,4.11793e-12,-3.74346e-12
490,6,zone_3,-49.5237,-85.4288,0,0,4.11793e-12,-3.74346e-12
490,6,zone_3,-49.5237,-85.4288,0,0,4.11793e-12,-3.74346e-12
490,7,zone_3,-32.6983,-85.4288,0,0,4.11793e-12,-3.74346e-12
490,7,zone_3,-32.6983,-85.4288,0,0,4.11793e-12,-3.74346e-12
492,4,zone_2,-64.4441,-285.429,0,0,4.11793e-12,-3.74346e-12
492,4,zone_2,-64.4441,-285.429,0,0,4.11793e-12,-3.74346e-12
492,0,zone_1,-97.1424,-385.429,0,0,4.11793e-12,-3.74346e-12
492,0,zone_1,-97.1424,-385.429,0,0,4.11793e-12,-3.74346e-12
492,8,zone_3,-15.8729,-85.4288,0,0,4.11793e-12,-3.74346e-12
492,8,zone_3,-15.8729,-85.4288,0,0,4.11793e-12,-3.74346e-12
492,5,zone_2,-47.6187,-285.429,0,0,4.11793e-12,-3.74346e-12
492,5,zone_2,-47.6187,-285.429,0,0,4.11793e-12,-3.74346e-12
492,1,zone_1,-80.317,-385.429,0,0,4.11793e-12,-3.74346e-12
492,1,zone_1,-80.317,-385.429,0,0,4.11793e-12,-3.74346e-12
492,6,zone_3,-49.5237,-85.4288,0,0,4.11793e-12,-3.74346e-12
492,6,zone_3,-49.5237,-85.4288,0,0,4.11793e-12,-3.74346e-12
492,2,zone_1,-63.4916,-385.429,0,0,4.11793e-12,-3.74346e-12
492,2,zone_1,-63.4916,-385.429,0,0,4.11793e-12,-3.74346e-12
492,7,zone_3,-32.6983,-85.4288,0,0,4.11793e-12,-3.74346e-12
492,3,zone_2,-81.2695,-285.429,0,0,4.11793e-12,-3.74346e-12
492,7,zone_3,-32.6983,-85.4288,0,0,4.11793e-12,-3.74346e-12
492,3,zone_2,-81.2695,-285.429,0,0,4.11793e-12,-3.74346e-12
494,8,zone_3,-15.8729,-85.4288,0,0,4.11793e-12,-3.74346e-12
494,8,zone_3,-15.8729,-85.4288,0,0,4.11793e-12,-3.74346e-12
494,0,zone_1,-97.1424,-385.429,0,0,4.11793e-12,-3.74346e-12
494,0,zone_1,-97.1424,-385.429,0,0,4.11793e-12,-3.74346e-12
494,4,zone_2,-64.4441,-285.429,0,0,4.11793e-12,-3.74346e-12
494,4,zone_2,-64.4441,-285.429,0,0,4.11793e-12,-3.74346e-12
494,1,zone_1,-80.317,-385.429,0,0,4.11793e-12,-3.74346e-12
494,1,zone_1,-80.317,-385.429,0,0,4.11793e-12,-3.74346e-12
494,5,zone_2,-47.6187,-285.429,0,0,4.11793e-12,-3.74346e-12
494,5,zone_2,-47.6187,-285.429,0,0,4.11793e-12,-3.74346e-12
494,2,zone_1,-63.4916,-385.429,0,0,4.11793e-12,-3.74346e-12
494,2,zone_1,-63.4916,-385.429,0,0,4.11793e-12,-3.74346e-12
494,6,zone_3,-49.5237,-85.4288,0,0,4.11793e-12,-3.74346e-12
494,6,zone_3,-49.5237,-85.4288,0,0,4.11793e-12,-3.74346e-12
494,3,zone_2,-81.2695,-285.429,0,0,4.11793e-12,-3.74346e-12
494,3,zone_2,-81.2695,-285.429,0,0,4.11793e-12,-3.74346e-12
494,7,zone_3,-32.6983,-85.4288,0,0,4.11793e-12,-3.74346e-12
494,7,zone_3,-32.6983,-85.4288,0,0,4.11793e-12,-3.74346e-12
496,8,zone_3,-15.8729,-85.4288,0,0,4.11793e-12,-3.74346e-12
496,0,zone_1,-97.1424,-385.429,0,0,4.11793e-12,-3.74346e-12
496,8,zone_3,-15.8729,-85.4288,0,0,4.11793e-12,-3.74346e-12
496,0,zone_1,-97.1424,-385.429,0,0,4.11793e-12,-3.74346e-12
496,4,zone_2,-64.4441,-285.429,0,0,4.11793e-12,-3.74346e-12
496,4,zone_2,-64.4441,-285.429,0,0,4.11793e-12,-3.74346e-12
496,1,zone_1,-80.317,-385.429,0,0,4.11793e-12,-3.74346e-12
496,1,zone_1,-80.317,-385.429,0,0,4.11793e-12,-3.74346e-12
496,5,zone_2,-47.6187,-285.429,0,0,4.11793e-12,-3.74346e-12
496,5,zone_2,-47.6187,-285.429,0,0,4.11793e-12,-3.74346e-12
496,2,zone_1,-63.4916,-385.429,0,0,4.11793e-12,-3.74346e-12
496,2,zone_1,-63.4916,-385.429,0,0,4.11793e-12,-3.74346e-12
496,6,zone_3,-49.5237,-85.4288,0,0,4.11793e-12,-3.74346e-12
496,6,zone_3,-49.5237,-85.4288,0,0,4.11793e-12,-3.74346e-12
496,3,zone_2,-81.2695,-285.429,0,0,4.11793e-12,-3.74346e-12
496,3,zone_2,-81.2695,-285.429,0,0,4.11793e-12,-3.74346e-12
496,7,zone_3,-32.6983,-85.4288,0,0,4.11793e-12,-3.74346e-12
496,7,zone_3,-32.6983,-85.4288,0,0,4.11793e-12,-3.74346e-12
498,4,zone_2,-64.4441,-285.429,0,0,4.11793e-12,-3.74346e-12
498,0,zone_1,-97.1424,-385.429,0,0,4.11793e-12,-3.74346e-12
498,4,zone_2,-64.4441,-285.429,0,0,4.11793e-12,-3.74346e-12
498,0,zone_1,-97.1424,-385.429,0,0,4.11793e-12,-3.74346e-12
498,8,zone_3,-15.8729,-85.4288,0,0,4.11793e-12,-3.74346e-12
498,8,zone_3,-15.8729,-85.4288,0,0,4.11793e-12,-3.74346e-12
498,5,zone_2,-47.6187,-285.429,0,0,4.11793e-12,-3.74346e-12
498,5,zone_2,-47.6187,-285.429,0,0,4.11793e-12,-3.74346e-12
498,1,zone_1,-80.317,-385.429,0,0,4.11793e-12,-3.74346e-12
498,1,zone_1,-80.317,-385.429,0,0,4.11793e-12,-3.74346e-12
498,2,zone_1,-63.4916,-385.429,0,0,4.11793e-12,-3.74346e-12
498,6,zone_3,-49.5237,-85.4288,0,0,4.11793e-12,-3.74346e-12
498,6,zone_3,-49.5237,-85.4288,0,0,4.11793e-12,-3.74346e-12
498,2,zone_1,-63.4916,-385.429,0,0,4.11793e-12,-3.74346e-12
498,3,zone_2,-81.2695,-285.429,0,0,4.11793e-12,-3.74346e-12
498,7,zone_3,-32.6983,-85.4288,0,0,4.11793e-12,-3.74346e-12
498,3,zone_2,-81.2695,-285.429,0,0,4.11793e-12,-3.74346e-12
498,7,zone_3,-32.6983,-85.4288,0,0,4.11793e-12,-3.74346e-12
500,4,zone_2,-64.4441,-285.429,0,0,4.11793e-12,-3.74346e-12
500,4,zone_2,-64.4441,-285.429,0,0,4.11793e-12,-3.74346e-12
500,0,zone_1,-97.1424,-385.429,0,0,4.11793e-12,-3.74346e-12
500,8,zone_3,-15.8729,-85.4288,0,0,4.11793e-12,-3.74346e-12
500,0,zone_1,-97.1424,-385.429,0,0,4.11793e-12,-3.74346e-12
500,8,zone_3,-15.8729,-85.4288,0,0,4.11793e-12,-3.74346e-12
500,5,zone_2,-47.6187,-285.429,0,0,4.11793e-12,-3.74346e-12
500,5,zone_2,-47.6187,-285.429,0,0,4.11793e-12,-3.74346e-12
500,1,zone_1,-80.317,-385.429,0,0,4.11793e-12,-3.74346e-12
500,1,zone_1,-80.317,-385.429,0,0,4.11793e-12,-3.74346e-12
500,6,zone_3,-49.5237,-85.4288,0,0,4.11793e-12,-3.74346e-12
500,6,zone_3,-49.5237,-85.4288,0,0,4.11793e-12,-3.74346e-12
500,2,zone_1,-63.4916,-385.429,0,0,4.11793e-12,-3.74346e-12
500,2,zone_1,-63.4916,-385.429,0,0,4.11793e-12,-3.74346e-12
500,7,zone_3,-32.6983,-85.4288,0,0,4.11793e-12,-3.74346e-12
500,7,zone_3,-32.6983,-85.4288,0,0,4.11793e-12,-3.74346e-12
500,3,zone_2,-81.2695,-285.429,0,0,4.11793e-12,-3.74346e-12
500,3,zone_2,-81.2695,-285.429,0,0,4.11793e-12,-3.74346e-12
502,0,zone_1,-97.1424,-385.429,0,0,4.11793e-12,-3.74346e-12
502,0,zone_1,-97.1424,-385.429,0,0,4.11793e-12,-3.74346e-12
502,8,zone_3,-15.8729,-85.4288,0,0,4.11793e-12,-3.74346e-12
502,8,zone_3,-15.8729,-85.4288,0,0,4.11793e-12,-3.74346e-12
502,4,zone_2,-64.4441,-285.429,0,0,4.11793e-12,-3.74346e-12
502,4,zone_2,-64.4441,-285.429,0,0,4.11793e-12,-3.74346e-12
502,1,zone_1,-80.317,-385.429,0,0,4.11793e-12,-3.74346e-12
502,1,zone_1,-80.317,-385.429,0,0,4.11793e-12,-3.74346e-12
502,5,zone_2,-47.6187,-285.429,0,0,4.11793e-12,-3.74346e-12
502,5,zone_2,-47.6187,-285.429,0,0,4.11793e-12,-3.74346e-12
502,2,zone_1,-63.4916,-385.429,0,0,4.11793e-12,-3.74346e-12
502,2,zone_1,-63.4916,-385.429,0,0,4.11793e-12,-3.74346e-12
502,6,zone_3,-49.5237,-85.4288,0,0,4.11793e-12,-3.74346e-12
502,6,zone_3,-49.5237,-85.4288,0,0,4.11793e-12,-3.74346e-12
502,3,zone_2,-81.2695,-285.429,0,0,4.11793e-12,-3.74346e-12
502,3,zone_2,-81.2695,-285.429,0,0,4.11793e-12,-3.74346e-12
502,7,zone_3,-32.6983,-85.4288,0,0,4.11793e-12,-3.74346e-12
502,7,zone_3,-32.6983,-85.4288,0,0,4.11793e-12,-3.74346e-12
504,0,zone_1,-97.1424,-385.429,0,0,4.11793e-12,-3.74346e-12
504,0,zone_1,-97.1424,-385.429,0,0,4.11793e-12,-3.74346e-12
504,8,zone_3,-15.8729,-85.4288,0,0,4.11793e-12,-3.74346e-12
504,8,zone_3,-15.8729,-85.4288,0,0,4.11793e-12,-3.74346e-12
504,4,zone_2,-64.4441,-285.429,0,0,4.11793e-12,-3.74346e-12
504,4,zone_2,-64.4441,-285.429,0,0,4.11793e-12,-3.74346e-12
504,1,zone_1,-80.317,-385.429,0,0,4.11793e-12,-3.74346e-12
504,1,zone_1,-80.317,-385.429,0,0,4.11793e-12,-3.74346e-12
504,5,zone_2,-47.6187,-285.429,0,0,4.11793e-12,-3.74346e-12
504,5,zone_2,-47.6187,-285.429,0,0,4.11793e-12,-3.74346e-12
504,2,zone_1,-63.4916,-385.429,0,0,4.11793e-12,-3.74346e-12
504,2,zone_1,-63.4916,-385.429,0,0,4.11793e-12,-3.74346e-12
504,6,zone_3,-49.5237,-85.4288,0,0,4.11793e-12,-3.74346e-12
504,6,zone_3,-49.5237,-85.4288,0,0,4.11793e-12,-3.74346e-12
504,3,zone_2,-81.2695,-285.429,0,0,4.11793e-12,-3.74346e-12
504,3,zone_2,-81.2695,-285.429,0,0,4.11793e-12,-3.74346e-12
504,7,zone_3,-32.6983,-85.4288,0,0,4.11793e-12,-3.74346e-12
504,7,zone_3,-32.6983,-85.4288,0,0,4.11793e-12,-3.74346e-12
506,0,zone_1,-97.1424,-385.429,0,0,4.11793e-12,-3.74346e-12
506,0,zone_1,-97.1424,-385.429,0,0,4.11793e-12,-3.74346e-12
506,4,zone_2,-64.4441,-285.429,0,0,4.11793e-12,-3.74346e-12
506,4,zone_2,-64.4441,-285.429,0,0,4.11793e-12,-3.74346e-12
506,8,zone_3,-15.8729,-85.4288,0,0,4.11793e-12,-3.74346e-12
506,8,zone_3,-15.8729,-85.4288,0,0,4.11793e-12,-3.74346e-12
506,1,zone_1,-80.317,-385.429,0,0,4.11793e-12,-3.74346e-12
506,5,zone_2,-47.6187,-285.429,0,0,4.11793e-12,-3.74346e-12
506,1,zone_1,-80.317,-385.429,0,0,4.11793e-12,-3.74346e-12
506,5,zone_2,-47.6187,-285.429,0,0,4.11793e-12,-3.74346e-12
506,6,zone_3,-49.5237,-85.4288,0,0,4.11793e-12,-3.74346e-12
506,6,zone_3,-49.5237,-85.4288,0,0,4.11793e-12,-3.74346e-12
506,2,zone_1,-63.4916,-385.429,0,0,4.11793e-12,-3.74346e-12
506,2,zone_1,-63.4916,-385.429,0,0,4.11793e-12,-3.74346e-12
506,7,zone_3,-32.6983,-85.4288,0,0,4.11793e-12,-3.74346e-12
506,7,zone_3,-32.6983,-85.4288,0,0,4.11793e-12,-3.74346e-12
506,3,zone_2,-81.2695,-285.429,0,0,4.11793e-12,-3.74346e-12
506,3,zone_2,-81.2695,-285.429,0,0,4.11793e-12,-3.74346e-12
508,0,zone_1,-97.1424,-385.429,0,0,4.11793e-12,-3.74346e-12
508,0,zone_1,-97.1424,-385.429,0,0,4.11793e-12,-3.74346e-12
508,8,zone_3,-15.8729,-85.4288,0,0,4.11793e-12,-3.74346e-12
508,8,zone_3,-15.8729,-85.4288,0,0,4.11793e-12,-3.74346e-12
508,4,zone_2,-64.4441,-285.429,0,0,4.11793e-12,-3.74346e-12
508,4,zone_2,-64.4441,-285.429,0,0,4.11793e-12,-3.74346e-12
508,1,zone_1,-80.317,-385.429,0,0,4.11793e-12,-3.74346e-12
508,1,zone_1,-80.317,-385.429,0,0,4.11793e-12,-3.74346e-12
508,5,zone_2,-47.6187,-285.429,0,0,4.11793e-12,-3.74346e-12
508,5,zone_2,-47.6187,-285.429,0,0,4.11793e-12,-3.74346e-12
508,2,zone_1,-63.4916,-385.429,0,0,4.11793e-12,-3.74346e-12
508,2,zone_1,-63.4916,-385.429,0,0,4.11793e-12,-3.74346e-12
508,6,zone_3,-49.5237,-85.4288,0,0,4.11793e-12,-3.74346e-12
508,6,zone_3,-49.5237,-85.4288,0,0,4.11793e-12,-3.74346e-12
508,3,zone_2,-81.2695,-285.429,0,0,4.11793e-12,-3.74346e-12
508,3,zone_2,-81.2695,-285.429,0,0,4.11793e-12,-3.74346e-12
508,7,zone_3,-32.6983,-85.4288,0,0,4.11793e-12,-3.74346e-12
508,7,zone_3,-32.6983,-85.4288,0,0,4.11793e-12,-3.74346e-12
510,8,zone_3,-15.8729,-85.4288,0,0,4.11793e-12,-3.74346e-12
510,8,zone_3,-15.8729,-85.4288,0,0,4.11793e-12,-3.74346e-12
510,0,zone_1,-97.1424,-385.429,0,0,4.11793e-12,-3.74346e-12
510,0,zone_1,-97.1424,-385.429,0,0,4.11793e-12,-3.74346e-12
510,4,zone_2,-64.4441,-285.429,0,0,4.11793e-12,-3.74346e-12
510,4,zone_2,-64.4441,-285.429,0,0,4.11793e-12,-3.74346e-12
510,1,zone_1,-80.317,-385.429,0,0,4.11793e-12,-3.74346e-12
510,1,zone_1,-80.317,-385.429,0,0,4.11793e-12,-3.74346e-12
510,5,zone_2,-47.6187,-285.429,0,0,4.11793e-12,-3.74346e-12
510,5,zone_2,-47.6187,-285.429,0,0,4.11793e-12,-3.74346e-12
510,2,zone_1,-63.4916,-385.429,0,0,4.11793e-12,-3.74346e-12
510,2,zone_1,-63.4916,-385.429,0,0,4.11793e-12,-3.74346e-12
510,6,zone_3,-49.5237,-85.4288,0,0,4.11793e-12,-3.74346e-12
510,6,zone_3,-49.5237,-85.4288,0,0,4.11793e-12,-3.74346e-12
510,3,zone_2,-81.2695,-285.429,0,0,4.11793e-12,-3.74346e-12
510,3,zone_2,-81.2695,-285.429,0,0,4.11793e-12,-3.74346e-12
510,7,zone_3,-32.6983,-85.4288,0,0,4.11793e-12,-3.74346e-12
510,7,zone_3,-32.6983,-85.4288,0,0,4.11793e-12,-3.74346e-12
512,0,zone_1,-97.1424,-385.429,0,0,4.11793e-12,-3.74346e-12
512,0,zone_1,-97.1424,-385.429,0,0,4.11793e-12,-3.74346e-12
512,8,zone_3,-15.8729,-85.4288,0,0,4.11793e-12,-3.74346e-12
512,8,zone_3,-15.8729,-85.4288,0,0,4.11793e-12,-3.74346e-12
512,4,zone_2,-64.4441,-285.429,0,0,4.11793e-12,-3.74346e-12
512,4,zone_2,-64.4441,-285.429,0,0,4.11793e-12,-3.74346e-12
512,1,zone_1,-80.317,-385.429,0,0,4.11793e-12,-3.74346e-12
512,1,zone_1,-80.317,-385.429,0,0,4.11793e-12,-3.74346e-12
512,5,zone_2,-47.6187,-285.429,0,0,4.11793e-12,-3.74346e-12
512,5,zone_2,-47.6187,-285.429,0,0,4.11793e-12,-3.74346e-12
512,2,zone_1,-63.4916,-385.429,0,0,4.11793e-12,-3.74346e-12
512,2,zone_1,-63.4916,-385.429,0,0,4.11793e-12,-3.74346e-12
512,6,zone_3,-49.5237,-85.4288,0,0,4.11793e-12,-3.74346e-12
512,6,zone_3,-49.5237,-85.4288,0,0,4.11793e-12,-3.74346e-12
512,3,zone_2,-81.2695,-285.429,0,0,4.11793e-12,-3.74346e-12
512,3,zone_2,-81.2695,-285.429,0,0,4.11793e-12,-3.74346e-12
512,7,zone_3,-32.6983,-85.4288,0,0,4.11793e-12,-3.74346e-12
512,7,zone_3,-32.6983,-85.4288,0,0,4.11793e-12,-3.74346e-12
514,8,zone_3,-15.8729,-85.4288,0,0,4.11793e-12,-3.74346e-12
514,8,zone_3,-15.8729,-85.4288,0,0,4.11793e-12,-3.74346e-12
514,0,zone_1,-97.1424,-385.429,0,0,4.11793e-12,-3.74346e-12
514,0,zone_1,-97.1424,-385.429,0,0,4.11793e-12,-3.74346e-12
514,4,zone_2,-64.4441,-285.429,0,0,4.11793e-12,-3.74346e-12
514,4,zone_2,-64.4441,-285.429,0,0,4.11793e-12,-3.74346e-12
514,1,zone_1,-80.317,-385.429,0,0,4.11793e-12,-3.74346e-12
514,1,zone_1,-80.317,-385.429,0,0,4.11793e-12,-3.74346e-12
514,5,zone_2,-47.6187,-285.429,0,0,4.11793e-12,-3.74346e-12
514,5,zone_2,-47.6187,-285.429,0,0,4.11793e-12,-3.74346e-12
514,2,zone_1,-63.4916,-385.429,0,0,4.11793e-12,-3.74346e-12
514,2,zone_1,-63.4916,-385.429,0,0,4.11793e-12,-3.74346e-12
514,6,zone_3,-49.5237,-85.4288,0,0,4.11793e-12,-3.74346e-12
514,6,zone_3,-49.5237,-85.4288,0,0,4.11793e-12,-3.74346e-12
514,3,zone_2,-81.2695,-285.429,0,0,4.11793e-12,-3.74346e-12
514,3,zone_2,-81.2695,-285.429,0,0,4.11793e-12,-3.74346e-12
514,7,zone_3,-32.6983,-85.4288,0,0,4.11793e-12,-3.74346e-12
514,7,zone_3,-32.6983,-85.4288,0,0,4.11793e-12,-3.74346e-12
516,0,zone_1,-97.1424,-385.429,0,0,4.11793e-12,-3.74346e-12
516,8,zone_3,-15.8729,-85.4288,0,0,4.11793e-12,-3.74346e-12
516,0,zone_1,-97.1424,-385.429,0,0,4.11793e-12,-3.74346e-12
516,8,zone_3,-15.8729,-85.4288,0,0,4.11793e-12,-3.74346e-12
516,4,zone_2,-64.4441,-285.429,0,0,4.11793e-12,-3.74346e-12
516,4,zone_2,-64.4441,-285.429,0,0,4.11793e-12,-3.74346e-12
516,1,zone_1,-80.317,-385.429,0,0,4.11793e-12,-3.74346e-12
516,1,zone_1,-80.317,-385.429,0,0,4.11793e-12,-3.74346e-12
516,5,zone_2,-47.6187,-285.429,0,0,4.11793e-12,-3.74346e-12
516,5,zone_2,-47.6187,-285.429,0,0,4.11793e-12,-3.74346e-12
516,2,zone_1,-63.4916,-385.429,0,0,4.11793e-12,-3.74346e-12
516,2,zone_1,-63.4916,-385.429,0,0,4.11793e-12,-3.74346e-12
516,6,zone_3,-49.5237,-85.4288,0,0,4.11793e-12,-3.74346e-12
516,6,zone_3,-49.5237,-85.4288,0,0,4.11793e-12,-3.74346e-12
516,3,zone_2,-81.2695,-285.429,0,0,4.11793e-12,-3.74346e-12
516,3,zone_2,-81.2695,-285.429,0,0,4.11793e-12,-3.74346e-12
516,7,zone_3,-32.6983,-85.4288,0,0,4.11793e-12,-3.74346e-12
516,7,zone_3,-32.6983,-85.4288,0,0,4.11793e-12,-3.74346e-12
518,4,zone_2,-64.4441,-285.429,0,0,4.11793e-12,-3.74346e-12
518,8,zone_3,-15.8729,-85.4288,0,0,4.11793e-12,-3.74346e-12
518,4,zone_2,-64.4441,-285.429,0,0,4.11793e-12,-3.74346e-12
518,8,zone_3,-15.8729,-85.4288,0,0,4.11793e-12,-3.74346e-12
518,0,zone_1,-97.1424,-385.429,0,0,4.11793e-12,-3.74346e-12
518,0,zone_1,-97.1424,-385.429,0,0,4.11793e-12,-3.74346e-12
518,1,zone_1,-80.317,-385.429,0,0,4.11793e-12,-3.74346e-12
518,1,zone_1,-80.317,-385.429,0,0,4.11793e-12,-3.74346e-12
518,5,zone_2,-47.6187,-285.429,0,0,4.11793e-12,-3.74346e-12
518,5,zone_2,-47.6187,-285.429,0,0,4.11793e-12,-3.74346e-12
518,2,zone_1,-63.4916,-385.429,0,0,4.11793e-12,-3.74346e-12
518,2,zone_1,-63.4916,-385.429,0,0,4.11793e-12,-3.74346e-12
518,6,zone_3,-49.5237,-85.4288,0,0,4.11793e-12,-3.74346e-12
518,6,zone_3,-49.5237,-85.4288,0,0,4.11793e-12,-3.74346e-12
518,3,zone_2,-81.2695,-285.429,0,0,4.11793e-12,-3.74346e-12
518,3,zone_2,-81.2695,-285.429,0,0,4.11793e-12,-3.74346e-12
518,7,zone_3,-32.6983,-85.4288,0,0,4.11793e-12,-3.74346e-12
518,7,zone_3,-32.6983,-85.4288,0,0,4.11793e-12,-3.74346e-12
520,4,zone_2,-64.4441,-285.429,0,0,4.11793e-12,-3.74346e-12
520,4,zone_2,-64.4441,-285.429,0,0,4.11793e-12,-3.74346e-12
520,0,zone_1,-97.1424,-385.429,0,0,4.11793e-12,-3.74346e-12
520,0,zone_1,-97.1424,-385.429,0,0,4.11793e-12,-3.74346e-12
520,8,zone_3,-15.8729,-85.4288,0,0,4.11793e-12,-3.74346e-12
520,8,zone_3,-15.8729,-85.4288,0,0,4.11793e-12,-3.74346e-12
520,5,zone_2,-47.6187,-285.429,0,0,4.11793e-12,-3.74346e-12
520,5,zone_2,-47.6187,-285.429,0,0,4.11793e-12,-3.74346e-12
520,1,zone_1,-80.317,-385.429,0,0,4.11793e-12,-3.74346e-12
520,1,zone_1,-80.317,-385.429,0,0,4.11793e-12,-3.74346e-12
520,6,zone_3,-49.5237,-85.4288,0,0,4.11793e-12,-3.74346e-12
520,6,zone_3,-49.5237,-85.4288,0,0,4.11793e-12,-3.74346e-12
520,2,zone_1,-63.4916,-385.429,0,0,4.11793e-12,-3.74346e-12
520,2,zone_1,-63.4916,-385.429,0,0,4.11793e-12,-3.74346e-12
520,7,zone_3,-32.6983,-85.4288,0,0,4.11793e-12,-3.74346e-12
520,7,zone_3,-32.6983,-85.4288,0,0,4.11793e-12,-3.74346e-12
520,3,zone_2,-81.2695,-285.429,0,0,4.11793e-12,-3.74346e-12
520,3,zone_2,-81.2695,-285.429,0,0,4.11793e-12,-3.74346e-12
522,0,zone_1,-97.1424,-385.429,0,0,4.11793e-12,-3.74346e-12
522,0,zone_1,-97.1424,-385.429,0,0,4.11793e-12,-3.74346e-12
522,4,zone_2,-64.4441,-285.429,0,0,4.11793e-12,-3.74346e-12
522,8,zone_3,-15.8729,-85.4288,0,0,4.11793e-12,-3.74346e-12
522,4,zone_2,-64.4441,-285.429,0,0,4.11793e-12,-3.74346e-12
522,8,zone_3,-15.8729,-85.4288,0,0,4.11793e-12,-3.74346e-12
522,1,zone_1,-80.317,-385.429,0,0,4.11793e-12,-3.74346e-12
522,1,zone_1,-80.317,-385.429,0,0,4.11793e-12,-3.74346e-12
522,5,zone_2,-47.6187,-285.429,0,0,4.11793e-12,-3.74346e-12
522,5,zone_2,-47.6187,-285.429,0,0,4.11793e-12,-3.74346e-12
522,2,zone_1,-63.4916,-385.429,0,0,4.11793e-12,-3.74346e-12
522,2,zone_1,-63.4916,-385.429,0,0,4.11793e-12,-3.74346e-12
522,6,zone_3,-49.5237,-85.4288,0,0,4.11793e-12,-3.74346e-12
522,6,zone_3,-49.5237,-85.4288,0,0,4.11793e-12,-3.74346e-12
522,3,zone_2,-81.2695,-285.429,0,0,4.11793e-12,-3.74346e-12
522,3,zone_2,-81.2695,-285.429,0,0,4.11793e-12,-3.74346e-12
522,7,zone_3,-32.6983,-85.4288,0,0,4.11793e-12,-3.74346e-12
522,7,zone_3,-32.6983,-85.4288,0,0,4.11793e-12,-3.74346e-12
524,4,zone_2,-64.4441,-285.429,0,0,4.11793e-12,-3.74346e-12
524,4,zone_2,-64.4441,-285.429,0,0,4.11793e-12,-3.74346e-12
524,0,zone_1,-97.1424,-385.429,0,0,4.11793e-12,-3.74346e-12
524,8,zone_3,-15.8729,-85.4288,0,0,4.11793e-12,-3.74346e-12
524,0,zone_1,-97.1424,-385.429,0,0,4.11793e-12,-3.74346e-12
524,8,zone_3,-15.8729,-85.4288,0,0,4.11793e-12,-3.74346e-12
524,5,zone_2,-47.6187,-285.429,0,0,4.11793e-12,-3.74346e-12
524,5,zone_2,-47.6187,-285.429,0,0,4.11793e-12,-3.74346e-12
524,1,zone_1,-80.317,-385.429,0,0,4.11793e-12,-3.74346e-12
524,1,zone_1,-80.317,-385.429,0,0,4.11793e-12,-3.74346e-12
524,2,zone_1,-63.4916,-385.429,0,0,4.11793e-12,-3.74346e-12
524,2,zone_1,-63.4916,-385.429,0,0,4.11793e-12,-3.74346e-12
524,6,zone_3,-49.5237,-85.4288,0,0,4.11793e-12,-3.74346e-12
524,6,zone_3,-49.5237,-85.4288,0,0,4.11793e-12,-3.74346e-12
524,3,zone_2,-81.2695,-285.429,0,0,4.11793e-12,-3.74346e-12
524,3,zone_2,-81.2695,-285.429,0,0,4.11793e-12,-3.74346e-12
524,7,zone_3,-32.6983,-85.4288,0,0,4.11793e-12,-3.74346e-12
524,7,zone_3,-32.6983,-85.4288,0,0,4.11793e-12,-3.74346e-12
526,8,zone_3,-15.8729,-85.4288,0,0,4.11793e-12,-3.74346e-12
526,4,zone_2,-64.4441,-285.429,0,0,4.11793e-12,-3.74346e-12
526,4,zone_2,-64.4441,-285.429,0,0,4.11793e-12,-3.74346e-12
526,8,zone_3,-15.8729,-85.4288,0,0,4.11793e-12,-3.74346e-12
526,0,zone_1,-97.1424,-385.429,0,0,4.11793e-12,-3.74346e-12
526,0,zone_1,-97.1424,-385.429,0,0,4.11793e-12,-3.74346e-12
526,5,zone_2,-47.6187,-285.429,0,0,4.11793e-12,-3.74346e-12
526,5,zone_2,-47.6187,-285.429,0,0,4.11793e-12,-3.74346e-12
526,1,zone_1,-80.317,-385.429,0,0,4.11793e-12,-3.74346e-12
526,1,zone_1,-80.317,-385.429,0,0,4.11793e-12,-3.74346e-12
526,6,zone_3,-49.5237,-85.4288,0,0,4.11793e-12,-3.74346e-12
526,2,zone_1,-63.4916,-385.429,0,0,4.11793e-12,-3.74346e-12
526,6,zone_3,-49.5237,-85.4288,0,0,4.11793e-12,-3.74346e-12
526,2,zone_1,-63.4916,-385.429,0,0,4.11793e-12,-3.74346e-12
526,3,zone_2,-81.2695,-285.429,0,0,4.11793e-12,-3.74346e-12
526,3,zone_2,-81.2695,-285.429,0,0,4.11793e-12,-3.74346e-12
526,7,zone_3,-32.6983,-85.4288,0,0,4.11793e-12,-3.74346e-12
526,7,zone_3,-32.6983,-85.4288,0,0,4.11793e-12,-3.74346e-12
528,8,zone_3,-15.8729,-85.4288,0,0,4.11793e-12,-3.74346e-12
528,8,zone_3,-15.8729,-85.4288,0,0,4.11793e-12,-3.74346e-12
528,0,zone_1,-97.1424,-385.429,0,0,4.11793e-12,-3.74346e-12
528,0,zone_1,-97.1424,-385.429,0,0,4.11793e-12,-3.74346e-12
528,4,zone_2,-64.4441,-285.429,0,0,4.11793e-12,-3.74346e-12
528,4,zone_2,-64.4441,-285.429,0,0,4.11793e-12,-3.74346e-12
528,1,zone_1,-80.317,-385.429,0,0,4.11793e-12,-3.74346e-12
528,1,zone_1,-80.317,-385.429,0,0,4.11793e-12,-3.74346e-12
528,5,zone_2,-47.6187,-285.429,0,0,4.11793e-12,-3.74346e-12
528,5,zone_2,-47.6187,-285.429,0,0,4.11793e-12,-3.74346e-12
528,2,zone_1,-63.4916,-385.429,0,0,4.11793e-12,-3.74346e-12
528,2,zone_1,-63.4916,-385.429,0,0,4.11793e-12,-3.74346e-12
528,6,zone_3,-49.5237,-85.4288,0,0,4.11793e-12,-3.74346e-12
528,6,zone_3,-49.5237,-85.4288,0,0,4.11793e-12,-3.74346e-12
528,3,zone_2,-81.2695,-285.429,0,0,4.11793e-12,-3.74346e-12
528,3,zone_2,-81.2695,-285.429,0,0,4.11793e-12,-3.74346e-12
528,7,zone_3,-32.6983,-85.4288,0,0,4.11793e-12,-3.74346e-12
528,7,zone_3,-32.6983,-85.4288,0,0,4.11793e-12,-3.74346e-12
530,0,zone_1,-97.1424,-385.429,0,0,4.11793e-12,-3.74346e-12
530,0,zone_1,-97.1424,-385.429,0,0,4.11793e-12,-3.74346e-12
530,4,zone_2,-64.4441,-285.429,0,0,4.11793e-12,-3.74346e-12
530,4,zone_2,-64.4441,-285.429,0,0,4.11793e-12,-3.74346e-12
530,8,zone_3,-15.8729,-85.4288,0,0,4.11793e-12,-3.74346e-12
530,8,zone_3,-15.8729,-85.4288,0,0,4.11793e-12,-3.74346e-12
530,1,zone_1,-80.317,-385.429,0,0,4.11793e-12,-3.74346e-12
530,1,zone_1,-80.317,-385.429,0,0,4.11793e-12,-3.74346e-12
530,5,zone_2,-47.6187,-285.429,0,0,4.11793e-12,-3.74346e-12
530,5,zone_2,-47.6187,-285.429,0,0,4.11793e-12,-3.74346e-12
530,2,zone_1,-63.4916,-385.429,0,0,4.11793e-12,-3.74346e-12
530,2,zone_1,-63.4916,-385.429,0,0,4.11793e-12,-3.74346e-12
530,6,zone_3,-49.5237,-85.4288,0,0,4.11793e-12,-3.74346e-12
530,6,zone_3,-49.5237,-85.4288,0,0,4.11793e-12,-3.74346e-12
530,3,zone_2,-81.2695,-285.429,0,0,4.11793e-12,-3.74346e-12
530,3,zone_2,-81.2695,-285.429,0,0,4.11793e-12,-3.74346e-12
530,7,zone_3,-32.6983,-85.4288,0,0,4.11793e-12,-3.74346e-12
530,7,zone_3,-32.6983,-85.4288,0,0,4.11793e-12,-3.74346e-12
532,0,zone_1,-97.1424,-385.429,0,0,4.11793e-12,-3.74346e-12
532,0,zone_1,-97.1424,-385.429,0,0,4.11793e-12,-3.74346e-12
532,4,zone_2,-64.4441,-285.429,0,0,4.11793e-12,-3.74346e-12
532,8,zone_3,-15.8729,-85.4288,0,0,4.11793e-12,-3.74346e-12
532,4,zone_2,-64.4441,-285.429,0,0,4.11793e-12,-3.74346e-12
532,8,zone_3,-15.8729,-85.4288,0,0,4.11793e-12,-3.74346e-12
532,1,zone_1,-80.317,-385.429,0,0,4.11793e-12,-3.74346e-12
532,1,zone_1,-80.317,-385.429,0,0,4.11793e-12,-3.74346e-12
532,5,zone_2,-47.6187,-285.429,0,0,4.11793e-12,-3.74346e-12
532,5,zone_2,-47.6187,-285.429,0,0,4.11793e-12,-3.74346e-12
532,2,zone_1,-63.4916,-385.429,0,0,4.11793e-12,-3.74346e-12
532,2,zone_1,-63.4916,-385.429,0,0,4.11793e-12,-3.74346e-12
532,6,zone_3,-49.5237,-85.4288,0,0,4.11793e-12,-3.74346e-12
532,6,zone_3,-49.5237,-85.4288,0,0,4.11793e-12,-3.74346e-12
532,3,zone_2,-81.2695,-285.429,0,0,4.11793e-12,-3.74346e-12
532,3,zone_2,-81.2695,-285.429,0,0,4.11793e-12,-3.74346e-12
532,7,zone_3,-32.6983,-85.4288,0,0,4.11793e-12,-3.74346e-12
532,7,zone_3,-32.6983,-85.4288,0,0,4.11793e-12,-3.74346e-12
534,4,zone_2,-64.4441,-285.429,0,0,4.11793e-12,-3.74346e-12
534,4,zone_2,-64.4441,-285.429,0,0,4.11793e-12,-3.74346e-12
534,0,zone_1,-97.1424,-385.429,0,0,4.11793e-12,-3.74346e-12
534,0,zone_1,-97.1424,-385.429,0,0,4.11793e-12,-3.74346e-12
534,8,zone_3,-15.8729,-85.4288,0,0,4.11793e-12,-3.74346e-12
534,8,zone_3,-15.8729,-85.4288,0,0,4.11793e-12,-3.74346e-12
534,5,zone_2,-47.6187,-285.429,0,0,4.11793e-12,-3.74346e-12
534,5,zone_2,-47.6187,-285.429,0,0,4.11793e-12,-3.74346e-12
534,1,zone_1,-80.317,-385.429,0,0,4.11793e-12,-3.74346e-12
534,1,zone_1,-80.317,-385.429,0,0,4.11793e-12,-3.74346e-12
534,6,zone_3,-49.5237,-85.4288,0,0,4.11793e-12,-3.74346e-12
534,6,zone_3,-49.5237,-85.4288,0,0,4.11793e-12,-3.74346e-12
534,2,zone_1,-63.4916,-385.429,0,0,4.11793e-12,-3.74346e-12
534,2,zone_1,-63.4916,-385.429,0,0,4.11793e-12,-3.74346e-12
534,7,zone_3,-32.6983,-85.4288,0,0,4.11793e-12,-3.74346e-12
534,3,zone_2,-81.2695,-285.429,0,0,4.11793e-12,-3.74346e-12
534,3,zone_2,-81.2695,-285.429,0,0,4.11793e-12,-3.74346e-12
534,7,zone_3,-32.6983,-85.4288,0,0,4.11793e-12,-3.74346e-12
536,0,zone_1,-97.1424,-385.429,0,0,4.11793e-12,-3.74346e-12
536,0,zone_1,-97.1424,-385.429,0,0,4.11793e-12,-3.74346e-12
536,8,zone_3,-15.8729,-85.4288,0,0,4.11793e-12,-3.74346e-12
536,8,zone_3,-15.8729,-85.4288,0,0,4.11793e-12,-3.74346e-12
536,4,zone_2,-64.4441,-285.429,0,0,4.11793e-12,-3.74346e-12
536,4,zone_2,-64.4441,-285.429,0,0,4.11793e-12,-3.74346e-12
536,1,zone_1,-80.317,-385.429,0,0,4.11793e-12,-3.74346e-12
536,1,zone_1,-80.317,-385.429,0,0,4.11793e-12,-3.74346e-12
536,5,zone_2,-47.6187,-285.429,0,0,4.11793e-12,-3.74346e-12
536,5,zone_2,-47.6187,-285.429,0,0,4.11793e-12,-3.74346e-12
536,2,zone_1,-63.4916,-385.429,0,0,4.11793e-12,-3.74346e-12
536,2,zone_1,-63.4916,-385.429,0,0,4.11793e-12,-3.74346e-12
536,6,zone_3,-49.5237,-85.4288,0,0,4.11793e-12,-3.74346e-12
536,6,zone_3,-49.5237,-85.4288,0,0,4.11793e-12,-3.74346e-12
536,3,zone_2,-81.2695,-285.429,0,0,4.11793e-12,-3.74346e-12
536,3,zone_2,-81.2695,-285.429,0,0,4.11793e-12,-3.74346e-12
536,7,zone_3,-32.6983,-85.4288,0,0,4.11793e-12,-3.74346e-12
536,7,zone_3,-32.6983,-85.4288,0,0,4.11793e-12,-3.74346e-12
538,0,zone_1,-97.1424,-385.429,0,0,4.11793e-12,-3.74346e-12
538,0,zone_1,-97.1424,-385.429,0,0,4.11793e-12,-3.74346e-12
538,8,zone_3,-15.8729,-85.4288,0,0,4.11793e-12,-3.74346e-12
538,8,zone_3,-15.8729,-85.4288,0,0,4.11793e-12,-3.74346e-12
538,4,zone_2,-64.4441,-285.429,0,0,4.11793e-12,-3.74346e-12
538,4,zone_2,-64.4441,-285.429,0,0,4.11793e-12,-3.74346e-12
538,1,zone_1,-80.317,-385.429,0,0,4.11793e-12,-3.74346e-12
538,1,zone_1,-80.317,-385.429,0,0,4.11793e-12,-3.74346e-12
538,5,zone_2,-47.6187,-285.429,0,0,4.11793e-12,-3.74346e-12
538,5,zone_2,-47.6187,-285.429,0,0,4.11793e-12,-3.74346e-12
538,2,zone_1,-63.4916,-385.429,0,0,4.11793e-12,-3.74346e-12
538,2,zone_1,-63.4916,-385.429,0,0,4.11793e-12,-3.74346e-12
538,6,zone_3,-49.5237,-85.4288,0,0,4.11793e-12,-3.74346e-12
538,6,zone_3,-49.5237,-85.4288,0,0,4.11793e-12,-3.74346e-12
538,3,zone_2,-81.2695,-285.429,0,0,4.11793e-12,-3.74346e-12
538,3,zone_2,-81.2695,-285.429,0,0,4.11793e-12,-3.74346e-12
538,7,zone_3,-32.6983,-85.4288,0,0,4.11793e-12,-3.74346e-12
538,7,zone_3,-32.6983,-85.4288,0,0,4.11793e-12,-3.74346e-12
540,4,zone_2,-64.4441,-285.429,0,0,4.11793e-12,-3.74346e-12
540,4,zone_2,-64.4441,-285.429,0,0,4.11793e-12,-3.74346e-12
540,0,zone_1,-97.1424,-385.429,0,0,4.11793e-12,-3.74346e-12
540,0,zone_1,-97.1424,-385.429,0,0,4.11793e-12,-3.74346e-12
540,8,zone_3,-15.8729,-85.4288,0,0,4.11793e-12,-3.74346e-12
540,8,zone_3,-15.8729,-85.4288,0,0,4.11793e-12,-3.74346e-12
540,1,zone_1,-80.317,-385.429,0,0,4.11793e-12,-3.74346e-12
540,1,zone_1,-80.317,-385.429,0,0,4.11793e-12,-3.74346e-12
540,5,zone_2,-47.6187,-285.429,0,0,4.11793e-12,-3.74346e-12
540,5,zone_2,-47.6187,-285.429,0,0,4.11793e-12,-3.74346e-12
540,2,zone_1,-63.4916,-385.429,0,0,4.11793e-12,-3.74346e-12
540,2,zone_1,-63.4916,-385.429,0,0,4.11793e-12,-3.74346e-12
540,6,zone_3,-49.5237,-85.4288,0,0,4.11793e-12,-3.74346e-12
540,6,zone_3,-49.5237,-85.4288,0,0,4.11793e-12,-3.74346e-12
540,3,zone_2,-81.2695,-285.429,0,0,4.11793e-12,-3.74346e-12
540,3,zone_2,-81.2695,-285.429,0,0,4.11793e-12,-3.74346e-12
540,7,zone_3,-32.6983,-85.4288,0,0,4.11793e-12,-3.74346e-12
540,7,zone_3,-32.6983,-85.4288,0,0,4.11793e-12,-3.74346e-12
542,0,zone_1,-97.1424,-385.429,0,0,4.11793e-12,-3.74346e-12
542,0,zone_1,-97.1424,-385.429,0,0,4.11793e-12,-3.74346e-12
542,8,zone_3,-15.8729,-85.4288,0,0,4.11793e-12,-3.74346e-12
542,8,zone_3,-15.8729,-85.4288,0,0,4.11793e-12,-3.74346e-12
542,4,zone_2,-64.4441,-285.429,0,0,4.11793e-12,-3.74346e-12
542,4,zone_2,-64.4441,-285.429,0,0,4.11793e-12,-3.74346e-12
542,1,zone_1,-80.317,-385.429,0,0,4.11793e-12,-3.74346e-12
542,1,zone_1,-80.317,-385.429,0,0,4.11793e-12,-3.74346e-12
542,5,zone_2,-47.6187,-285.429,0,0,4.11793e-12,-3.74346e-12
542,5,zone_2,-47.6187,-285.429,0,0,4.11793e-12,-3.74346e-12
542,2,zone_1,-63.4916,-385.429,0,0,4.11793e-12,-3.74346e-12
542,2,zone_1,-63.4916,-385.429,0,0,4.11793e-12,-3.74346e-12
542,6,zone_3,-49.5237,-85.4288,0,0,4.11793e-12,-3.74346e-12
542,6,zone_3,-49.5237,-85.4288,0,0,4.11793e-12,-3.74346e-12
542,3,zone_2,-81.2695,-285.429,0,0,4.11793e-12,-3.74346e-12
542,3,zone_2,-81.2695,-285.429,0,0,4.11793e-12,-3.74346e-12
542,7,zone_3,-32.6983,-85.4288,0,0,4.11793e-12,-3.74346e-12
542,7,zone_3,-32.6983,-85.4288,0,0,4.11793e-12,-3.74346e-12
544,0,zone_1,-97.1424,-385.429,0,0,4.11793e-12,-3.74346e-12
544,0,zone_1,-97.1424,-385.429,0,0,4.11793e-12,-3.74346e-12
544,8,zone_3,-15.8729,-85.4288,0,0,4.11793e-12,-3.74346e-12
544,8,zone_3,-15.8729,-85.4288,0,0,4.11793e-12,-3.74346e-12
544,4,zone_2,-64.4441,-285.429,0,0,4.11793e-12,-3.74346e-12
544,4,zone_2,-64.4441,-285.429,0,0,4.11793e-12,-3.74346e-12
544,1,zone_1,-80.317,-385.429,0,0,4.11793e-12,-3.74346e-12
544,1,zone_1,-80.317,-385.429,0,0,4.11793e-12,-3.74346e-12
544,5,zone_2,-47.6187,-285.429,0,0,4.11793e-12,-3.74346e-12
544,5,zone_2,-47.6187,-285.429,0,0,4.11793e-12,-3.74346e-12
544,2,zone_1,-63.4916,-385.429,0,0,4.11793e-12,-3.74346e-12
544,2,zone_1,-63.4916,-385.429,0,0,4.11793e-12,-3.74346e-12
544,6,zone_3,-49.5237,-85.4288,0,0,4.11793e-12,-3.74346e-12
544,3,zone_2,-81.2695,-285.429,0,0,4.11793e-12,-3.74346e-12
544,6,zone_3,-49.5237,-85.4288,0,0,4.11793e-12,-3.74346e-12
544,3,zone_2,-81.2695,-285.429,0,0,4.11793e-12,-3.74346e-12
544,7,zone_3,-32.6983,-85.4288,0,0,4.11793e-12,-3.74346e-12
544,7,zone_3,-32.6983,-85.4288,0,0,4.11793e-12,-3.74346e-12
546,0,zone_1,-97.1424,-385.429,0,0,4.11793e-12,-3.74346e-12
546,0,zone_1,-97.1424,-385.429,0,0,4.11793e-12,-3.74346e-12
546,8,zone_3,-15.8729,-85.4288,0,0,4.11793e-12,-3.74346e-12
546,8,zone_3,-15.8729,-85.4288,0,0,4.11793e-12,-3.74346e-12
546,4,zone_2,-64.4441,-285.429,0,0,4.11793e-12,-3.74346e-12
546,4,zone_2,-64.4441,-285.429,0,0,4.11793e-12,-3.74346e-12
546,1,zone_1,-80.317,-385.429,0,0,4.11793e-12,-3.74346e-12
546,1,zone_1,-80.317,-385.429,0,0,4.11793e-12,-3.74346e-12
546,5,zone_2,-47.6187,-285.429,0,0,4.11793e-12,-3.74346e-12
546,5,zone_2,-47.6187,-285.429,0,0,4.11793e-12,-3.74346e-12
546,2,zone_1,-63.4916,-385.429,0,0,4.11793e-12,-3.74346e-12
546,2,zone_1,-63.4916,-385.429,0,0,4.11793e-12,-3.74346e-12
546,6,zone_3,-49.5237,-85.4288,0,0,4.11793e-12,-3.74346e-12
546,6,zone_3,-49.5237,-85.4288,0,0,4.11793e-12,-3.74346e-12
546,3,zone_2,-81.2695,-285.429,0,0,4.11793e-12,-3.74346e-12
546,3,zone_2,-81.2695,-285.429,0,0,4.11793e-12,-3.74346e-12
546,7,zone_3,-32.6983,-85.4288,0,0,4.11793e-12,-3.74346e-12
546,7,zone_3,-32.6983,-85.4288,0,0,4.11793e-12,-3.74346e-12
548,0,zone_1,-97.1424,-385.429,0,0,4.11793e-12,-3.74346e-12
548,0,zone_1,-97.1424,-385.429,0,0,4.11793e-12,-3.74346e-12
548,8,zone_3,-15.8729,-85.4288,0,0,4.11793e-12,-3.74346e-12
548,8,zone_3,-15.8729,-85.4288,0,0,4.11793e-12,-3.74346e-12
548,4,zone_2,-64.4441,-285.429,0,0,4.11793e-12,-3.74346e-12
548,4,zone_2,-64.4441,-285.429,0,0,4.11793e-12,-3.74346e-12
548,1,zone_1,-80.317,-385.429,0,0,4.11793e-12,-3.74346e-12
548,1,zone_1,-80.317,-385.429,0,0,4.11793e-12,-3.74346e-12
548,5,zone_2,-47.6187,-285.429,0,0,4.11793e-12,-3.74346e-12
548,5,zone_2,-47.6187,-285.429,0,0,4.11793e-12,-3.74346e-12
548,2,zone_1,-63.4916,-385.429,0,0,4.11793e-12,-3.74346e-12
548,2,zone_1,-63.4916,-385.429,0,0,4.11793e-12,-3.74346e-12
548,6,zone_3,-49.5237,-85.4288,0,0,4.11793e-12,-3.74346e-12
548,6,zone_3,-49.5237,-85.4288,0,0,4.11793e-12,-3.74346e-12
548,3,zone_2,-81.2695,-285.429,0,0,4.11793e-12,-3.74346e-12
548,3,zone_2,-81.2695,-285.429,0,0,4.11793e-12,-3.74346e-12
548,7,zone_3,-32.6983,-85.4288,0,0,4.11793e-12,-3.74346e-12
548,7,zone_3,-32.6983,-85.4288,0,0,4.11793e-12,-3.74346e-12
550,4,zone_2,-64.4441,-285.429,0,0,4.11793e-12,-3.74346e-12
550,4,zone_2,-64.4441,-285.429,0,0,4.11793e-12,-3.74346e-12
550,0,zone_1,-97.1424,-385.429,0,0,4.11793e-12,-3.74346e-12
550,8,zone_3,-15.8729,-85.4288,0,0,4.11793e-12,-3.74346e-12
550,0,zone_1,-97.1424,-385.429,0,0,4.11793e-12,-3.74346e-12
550,8,zone_3,-15.8729,-85.4288,0,0,4.11793e-12,-3.74346e-12
550,5,zone_2,-47.6187,-285.429,0,0,4.11793e-12,-3.74346e-12
550,5,zone_2,-47.6187,-285.429,0,0,4.11793e-12,-3.74346e-12
550,1,zone_1,-80.317,-385.429,0,0,4.11793e-12,-3.74346e-12
550,1,zone_1,-80.317,-385.429,0,0,4.11793e-12,-3.74346e-12
550,6,zone_3,-49.5237,-85.4288,0,0,4.11793e-12,-3.74346e-12
550,6,zone_3,-49.5237,-85.4288,0,0,4.11793e-12,-3.74346e-12
550,2,zone_1,-63.4916,-385.429,0,0,4.11793e-12,-3.74346e-12
550,2,zone_1,-63.4916,-385.429,0,0,4.11793e-12,-3.74346e-12
550,7,zone_3,-32.6983,-85.4288,0,0,4.11793e-12,-3.74346e-12
550,7,zone_3,-32.6983,-85.4288,0,0,4.11793e-12,-3.74346e-12
550,3,zone_2,-81.2695,-285.429,0,0,4.11793e-12,-3.74346e-12
550,3,zone_2,-81.2695,-285.429,0,0,4.11793e-12,-3.74346e-12
552,4,zone_2,-64.4441,-285.429,0,0,4.11793e-12,-3.74346e-12
552,4,zone_2,-64.4441,-285.429,0,0,4.11793e-12,-3.74346e-12
552,0,zone_1,-97.1424,-385.429,0,0,4.11793e-12,-3.74346e-12
552,0,zone_1,-97.1424,-385.429,0,0,4.11793e-12,-3.74346e-12
552,8,zone_3,-15.8729,-85.4288,0,0,4.11793e-12,-3.74346e-12
552,8,zone_3,-15.8729,-85.4288,0,0,4.11793e-12,-3.74346e-12
552,5,zone_2,-47.6187,-285.429,0,0,4.11793e-12,-3.74346e-12
552,5,zone_2,-47.6187,-285.429,0,0,4.11793e-12,-3.74346e-12
552,1,zone_1,-80.317,-385.429,0,0,4.11793e-12,-3.74346e-12
552,1,zone_1,-80.317,-385.429,0,0,4.11793e-12,-3.74346e-12
552,6,zone_3,-49.5237,-85.4288,0,0,4.11793e-12,-3.74346e-12
552,6,zone_3,-49.5237,-85.4288,0,0,4.11793e-12,-3.74346e-12
552,2,zone_1,-63.4916,-385.429,0,0,4.11793e-12,-3.74346e-12
552,2,zone_1,-63.4916,-385.429,0,0,4.11793e-12,-3.74346e-12
552,7,zone_3,-32.6983,-85.4288,0,0,4.11793e-12,-3.74346e-12
552,7,zone_3,-32.6983,-85.4288,0,0,4.11793e-12,-3.74346e-12
552,3,zone_2,-81.2695,-285.429,0,0,4.11793e-12,-3.74346e-12
552,3,zone_2,-81.2695,-285.429,0,0,4.11793e-12,-3.74346e-12
554,0,zone_1,-97.1424,-385.429,0,0,4.11793e-12,-3.74346e-12
554,0,zone_1,-97.1424,-385.429,0,0,4.11793e-12,-3.74346e-12
554,4,zone_2,-64.4441,-285.429,0,0,4.11793e-12,-3.74346e-12
554,4,zone_2,-64.4441,-285.429,0,0,4.11793e-12,-3.74346e-12
554,8,zone_3,-15.8729,-85.4288,0,0,4.11793e-12,-3.74346e-12
554,8,zone_3,-15.8729,-85.4288,0,0,4.11793e-12,-3.74346e-12
554,5,zone_2,-47.6187,-285.429,0,0,4.11793e-12,-3.74346e-12
554,5,zone_2,-47.6187,-285.429,0,0,4.11793e-12,-3.74346e-12
554,1,zone_1,-80.317,-385.429,0,0,4.11793e-12,-3.74346e-12
554,1,zone_1,-80.317,-385.429,0,0,4.11793e-12,-3.74346e-12
554,6,zone_3,-49.5237,-85.4288,0,0,4.11793e-12,-3.74346e-12
554,2,zone_1,-63.4916,-385.429,0,0,4.11793e-12,-3.74346e-12
554,6,zone_3,-49.5237,-85.4288,0,0,4.11793e-12,-3.74346e-12
554,2,zone_1,-63.4916,-385.429,0,0,4.11793e-12,-3.74346e-12
554,3,zone_2,-81.2695,-285.429,0,0,4.11793e-12,-3.74346e-12
554,3,zone_2,-81.2695,-285.429,0,0,4.11793e-12,-3.74346e-12
554,7,zone_3,-32.6983,-85.4288,0,0,4.11793e-12,-3.74346e-12
554,7,zone_3,-32.6983,-85.4288,0,0,4.11793e-12,-3.74346e-12
556,8,zone_3,-15.8729,-85.4288,0,0,4.11793e-12,-3.74346e-12
556,8,zone_3,-15.8729,-85.4288,0,0,4.11793e-12,-3.74346e-12
556,0,zone_1,-97.1424,-385.429,0,0,4.11793e-12,-3.74346e-12
556,0,zone_1,-97.1424,-385.429,0,0,4.11793e-12,-3.74346e-12
556,4,zone_2,-64.4441,-285.429,0,0,4.11793e-12,-3.74346e-12
556,4,zone_2,-64.4441,-285.429,0,0,4.11793e-12,-3.74346e-12
556,1,zone_1,-80.317,-385.429,0,0,4.11793e-12,-3.74346e-12
556,1,zone_1,-80.317,-385.429,0,0,4.11793e-12,-3.74346e-12
556,5,zone_2,-47.6187,-285.429,0,0,4.11793e-12,-3.74346e-12
556,5,zone_2,-47.6187,-285.429,0,0,4.11793e-12,-3.74346e-12
556,2,zone_1,-63.4916,-385.429,0,0,4.11793e-12,-3.74346e-12
556,2,zone_1,-63.4916,-385.429,0,0,4.11793e-12,-3.74346e-12
556,6,zone_3,-49.5237,-85.4288,0,0,4.11793e-12,-3.74346e-12
556,6,zone_3,-49.5237,-85.4288,0,0,4.11793e-12,-3.74346e-12
556,3,zone_2,-81.2695,-285.429,0,0,4.11793e-12,-3.74346e-12
556,3,zone_2,-81.2695,-285.429,0,0,4.11793e-12,-3.74346e-12
556,7,zone_3,-32.6983,-85.4288,0,0,4.11793e-12,-3.74346e-12
556,7,zone_3,-32.6983,-85.4288,0,0,4.11793e-12,-3.74346e-12
558,0,zone_1,-97.1424,-385.429,0,0,4.11793e-12,-3.74346e-12
558,0,zone_1,-97.1424,-385.429,0,0,4.11793e-12,-3.74346e-12
558,8,zone_3,-15.8729,-85.4288,0,0,4.11793e-12,-3.74346e-12
558,8,zone_3,-15.8729,-85.4288,0,0,4.11793e-12,-3.74346e-12
558,4,zone_2,-64.4441,-285.429,0,0,4.11793e-12,-3.74346e-12
558,4,zone_2,-64.4441,-285.429,0,0,4.11793e-12,-3.74346e-12
558,1,zone_1,-80.317,-385.429,0,0,4.11793e-12,-3.74346e-12
558,1,zone_1,-80.317,-385.429,0,0,4.11793e-12,-3.74346e-12
558,5,zone_2,-47.6187,-285.429,0,0,4.11793e-12,-3.74346e-12
558,5,zone_2,-47.6187,-285.429,0,0,4.11793e-12,-3.74346e-12
558,2,zone_1,-63.4916,-385.429,0,0,4.11793e-12,-3.74346e-12
558,2,zone_1,-63.4916,-385.429,0,0,4.11793e-12,-3.74346e-12
558,6,zone_3,-49.5237,-85.4288,0,0,4.11793e-12,-3.74346e-12
558,6,zone_3,-49.5237,-85.4288,0,0,4.11793e-12,-3.74346e-12
558,3,zone_2,-81.2695,-285.429,0,0,4.11793e-12,-3.74346e-12
558,3,zone_2,-81.2695,-285.429,0,0,4.11793e-12,-3.74346e-12
558,7,zone_3,-32.6983,-85.4288,0,0,4.11793e-12,-3.74346e-12
558,7,zone_3,-32.6983,-85.4288,0,0,4.11793e-12,-3.74346e-12
560,0,zone_1,-97.1424,-385.429,0,0,4.11793e-12,-3.74346e-12
560,0,zone_1,-97.1424,-385.429,0,0,4.11793e-12,-3.74346e-12
560,4,zone_2,-64.4441,-285.429,0,0,4.11793e-12,-3.74346e-12
560,4,zone_2,-64.4441,-285.429,0,0,4.11793e-12,-3.74346e-12
560,8,zone_3,-15.8729,-85.4288,0,0,4.11793e-12,-3.74346e-12
560,8,zone_3,-15.8729,-85.4288,0,0,4.11793e-12,-3.74346e-12
560,1,zone_1,-80.317,-385.429,0,0,4.11793e-12,-3.74346e-12
560,1,zone_1,-80.317,-385.429,0,0,4.11793e-12,-3.74346e-12
560,5,zone_2,-47.6187,-285.429,0,0,4.11793e-12,-3.74346e-12
560,5,zone_2,-47.6187,-285.429,0,0,4.11793e-12,-3.74346e-12
560,2,zone_1,-63.4916,-385.429,0,0,4.11793e-12,-3.74346e-12
560,2,zone_1,-63.4916,-385.429,0,0,4.11793e-12,-3.74346e-12
560,6,zone_3,-49.5237,-85.4288,0,0,4.11793e-12,-3.74346e-12
560,3,zone_2,-81.2695,-285.429,0,0,4.11793e-12,-3.74346e-12
560,6,zone_3,-49.5237,-85.4288,0,0,4.11793e-12,-3.74346e-12
560,3,zone_2,-81.2695,-285.429,0,0,4.11793e-12,-3.74346e-12
560,7,zone_3,-32.6983,-85.4288,0,0,4.11793e-12,-3.74346e-12
560,7,zone_3,-32.6983,-85.4288,0,0,4.11793e-12,-3.74346e-12
562,8,zone_3,-15.8729,-85.4288,0,0,4.11793e-12,-3.74346e-12
562,0,zone_1,-97.1424,-385.429,0,0,4.11793e-12,-3.74346e-12
562,8,zone_3,-15.8729,-85.4288,0,0,4.11793e-12,-3.74346e-12
562,4,zone_2,-64.4441,-285.429,0,0,4.11793e-12,-3.74346e-12
562,0,zone_1,-97.1424,-385.429,0,0,4.11793e-12,-3.74346e-12
562,4,zone_2,-64.4441,-285.429,0,0,4.11793e-12,-3.74346e-12
562,1,zone_1,-80.317,-385.429,0,0,4.11793e-12,-3.74346e-12
562,1,zone_1,-80.317,-385.429,0,0,4.11793e-12,-3.74346e-12
562,5,zone_2,-47.6187,-285.429,0,0,4.11793e-12,-3.74346e-12
562,5,zone_2,-47.6187,-285.429,0,0,4.11793e-12,-3.74346e-12
562,2,zone_1,-63.4916,-385.429,0,0,4.11793e-12,-3.74346e-12
562,2,zone_1,-63.4916,-385.429,0,0,4.11793e-12,-3.74346e-12
562,6,zone_3,-49.5237,-85.4288,0,0,4.11793e-12,-3.74346e-12
562,6,zone_3,-49.5237,-85.4288,0,0,4.11793e-12,-3.74346e-12
562,3,zone_2,-81.2695,-285.429,0,0,4.11793e-12,-3.74346e-12
562,3,zone_2,-81.2695,-285.429,0,0,4.11793e-12,-3.74346e-12
562,7,zone_3,-32.6983,-85.4288,0,0,4.11793e-12,-3.74346e-12
562,7,zone_3,-32.6983,-85.4288,0,0,4.11793e-12,-3.74346e-12
564,4,zone_2,-64.4441,-285.429,0,0,4.11793e-12,-3.74346e-12
564,4,zone_2,-64.4441,-285.429,0,0,4.11793e-12,-3.74346e-12
564,8,zone_3,-15.8729,-85.4288,0,0,4.11793e-12,-3.74346e-12
564,8,zone_3,-15.8729,-85.4288,0,0,4.11793e-12,-3.74346e-12
564,0,zone_1,-97.1424,-385.429,0,0,4.11793e-12,-3.74346e-12
564,0,zone_1,-97.1424,-385.429,0,0,4.11793e-12,-3.74346e-12
564,5,zone_2,-47.6187,-285.429,0,0,4.11793e-12,-3.74346e-12
564,5,zone_2,-47.6187,-285.429,0,0,4.11793e-12,-3.74346e-12
564,1,zone_1,-80.317,-385.429,0,0,4.11793e-12,-3.74346e-12
564,1,zone_1,-80.317,-385.429,0,0,4.11793e-12,-3.74346e-12
564,6,zone_3,-49.5237,-85.4288,0,0,4.11793e-12,-3.74346e-12
564,6,zone_3,-49.5237,-85.4288,0,0,4.11793e-12,-3.74346e-12
564,2,zone_1,-63.4916,-385.429,0,0,4.11793e-12,-3.74346e-12
564,2,zone_1,-63.4916,-385.429,0,0,4.11793e-12,-3.74346e-12
564,3,zone_2,-81.2695,-285.429,0,0,4.11793e-12,-3.74346e-12
564,3,zone_2,-81.2695,-285.429,0,0,4.11793e-12,-3.74346e-12
564,7,zone_3,-32.6983,-85.4288,0,0,4.11793e-12,-3.74346e-12
564,7,zone_3,-32.6983,-85.4288,0,0,4.11793e-12,-3.74346e-12
566,4,zone_2,-64.4441,-285.429,0,0,4.11793e-12,-3.74346e-12
566,4,zone_2,-64.4441,-285.429,0,0,4.11793e-12,-3.74346e-12
566,0,zone_1,-97.1424,-385.429,0,0,4.11793e-12,-3.74346e-12
566,0,zone_1,-97.1424,-385.429,0,0,4.11793e-12,-3.74346e-12
566,8,zone_3,-15.8729,-85.4288,0,0,4.11793e-12,-3.74346e-12
566,8,zone_3,-15.8729,-85.4288,0,0,4.11793e-12,-3.74346e-12
566,5,zone_2,-47.6187,-285.429,0,0,4.11793e-12,-3.74346e-12
566,5,zone_2,-47.6187,-285.429,0,0,4.11793e-12,-3.74346e-12
566,1,zone_1,-80.317,-385.429,0,0,4.11793e-12,-3.74346e-12
566,1,zone_1,-80.317,-385.429,0,0,4.11793e-12,-3.74346e-12
566,6,zone_3,-49.5237,-85.4288,0,0,4.11793e-12,-3.74346e-12
566,6,zone_3,-49.5237,-85.4288,0,0,4.11793e-12,-3.74346e-12
566,2,zone_1,-63.4916,-385.429,0,0,4.11793e-12,-3.74346e-12
566,2,zone_1,-63.4916,-385.429,0,0,4.11793e-12,-3.74346e-12
566,7,zone_3,-32.6983,-85.4288,0,0,4.11793e-12,-3.74346e-12
566,7,zone_3,-32.6983,-85.4288,0,0,4.11793e-12,-3.74346e-12
566,3,zone_2,-81.2695,-285.429,0,0,4.11793e-12,-3.74346e-12
566,3,zone_2,-81.2695,-285.429,0,0,4.11793e-12,-3.74346e-12
568,8,zone_3,-15.8729,-85.4288,0,0,4.11793e-12,-3.74346e-12
568,8,zone_3,-15.8729,-85.4288,0,0,4.11793e-12,-3.74346e-12
568,0,zone_1,-97.1424,-385.429,0,0,4.11793e-12,-3.74346e-12
568,0,zone_1,-97.1424,-385.429,0,0,4.11793e-12,-3.74346e-12
568,4,zone_2,-64.4441,-285.429,0,0,4.11793e-12,-3.74346e-12
568,4,zone_2,-64.4441,-285.429,0,0,4.11793e-12,-3.74346e-12
568,1,zone_1,-80.317,-385.429,0,0,4.11793e-12,-3.74346e-12
568,1,zone_1,-80.317,-385.429,0,0,4.11793e-12,-3.74346e-12
568,5,zone_2,-47.6187,-285.429,0,0,4.11793e-12,-3.74346e-12
568,5,zone_2,-47.6187,-285.429,0,0,4.11793e-12,-3.74346e-12
568,2,zone_1,-63.4916,-385.429,0,0,4.11793e-12,-3.74346e-12
568,2,zone_1,-63.4916,-385.429,0,0,4.11793e-12,-3.74346e-12
568,6,zone_3,-49.5237,-85.4288,0,0,4.11793e-12,-3.74346e-12
568,6,zone_3,-49.5237,-85.4288,0,0,4.11793e-12,-3.74346e-12
568,3,zone_2,-81.2695,-285.429,0,0,4.11793e-12,-3.74346e-12
568,3,zone_2,-81.2695,-285.429,0,0,4.11793e-12,-3.74346e-12
568,7,zone_3,-32.6983,-85.4288,0,0,4.11793e-12,-3.74346e-12
568,7,zone_3,-32.6983,-85.4288,0,0,4.11793e-12,-3.74346e-12
570,8,zone_3,-15.8729,-85.4288,0,0,4.11793e-12,-3.74346e-12
570,8,zone_3,-15.8729,-85.4288,0,0,4.11793e-12,-3.74346e-12
570,0,zone_1,-97.1424,-385.429,0,0,4.11793e-12,-3.74346e-12
570,0,zone_1,-97.1424,-385.429,0,0,4.11793e-12,-3.74346e-12
570,4,zone_2,-64.4441,-285.429,0,0,4.11793e-12,-3.74346e-12
570,4,zone_2,-64.4441,-285.429,0,0,4.11793e-12,-3.74346e-12
570,1,zone_1,-80.317,-385.429,0,0,4.11793e-12,-3.74346e-12
570,1,zone_1,-80.317,-385.429,0,0,4.11793e-12,-3.74346e-12
570,5,zone_2,-47.6187,-285.429,0,0,4.11793e-12,-3.74346e-12
570,5,zone_2,-47.6187,-285.429,0,0,4.11793e-12,-3.74346e-12
570,2,zone_1,-63.4916,-385.429,0,0,4.11793e-12,-3.74346e-12
570,2,zone_1,-63.4916,-385.429,0,0,4.11793e-12,-3.74346e-12
570,6,zone_3,-49.5237,-85.4288,0,0,4.11793e-12,-3.74346e-12
570,6,zone_3,-49.5237,-85.4288,0,0,4.11793e-12,-3.74346e-12
570,3,zone_2,-81.2695,-285.429,0,0,4.11793e-12,-3.74346e-12
570,3,zone_2,-81.2695,-285.429,0,0,4.11793e-12,-3.74346e-12
570,7,zone_3,-32.6983,-85.4288,0,0,4.11793e-12,-3.74346e-12
570,7,zone_3,-32.6983,-85.4288,0,0,4.11793e-12,-3.74346e-12
572,0,zone_1,-97.1424,-385.429,0,0,4.11793e-12,-3.74346e-12
572,0,zone_1,-97.1424,-385.429,0,0,4.11793e-12,-3.74346e-12
572,4,zone_2,-64.4441,-285.429,0,0,4.11793e-12,-3.74346e-12
572,4,zone_2,-64.4441,-285.429,0,0,4.11793e-12,-3.74346e-12
572,8,zone_3,-15.8729,-85.4288,0,0,4.11793e-12,-3.74346e-12
572,8,zone_3,-15.8729,-85.4288,0,0,4.11793e-12,-3.74346e-12
572,1,zone_1,-80.317,-385.429,0,0,4.11793e-12,-3.74346e-12
572,1,zone_1,-80.317,-385.429,0,0,4.11793e-12,-3.74346e-12
572,5,zone_2,-47.6187,-285.429,0,0,4.11793e-12,-3.74346e-12
572,5,zone_2,-47.6187,-285.429,0,0,4.11793e-12,-3.74346e-12
572,2,zone_1,-63.4916,-385.429,0,0,4.11793e-12,-3.74346e-12
572,2,zone_1,-63.4916,-385.429,0,0,4.11793e-12,-3.74346e-12
572,6,zone_3,-49.5237,-85.4288,0,0,4.11793e-12,-3.74346e-12
572,6,zone_3,-49.5237,-85.4288,0,0,4.11793e-12,-3.74346e-12
572,3,zone_2,-81.2695,-285.429,0,0,4.11793e-12,-3.74346e-12
572,3,zone_2,-81.2695,-285.429,0,0,4.11793e-12,-3.74346e-12
572,7,zone_3,-32.6983,-85.4288,0,0,4.11793e-12,-3.74346e-12
572,7,zone_3,-32.6983,-85.4288,0,0,4.11793e-12,-3.74346e-12
574,4,zone_2,-64.4441,-285.429,0,0,4.11793e-12,-3.74346e-12
574,4,zone_2,-64.4441,-285.429,0,0,4.11793e-12,-3.74346e-12
574,0,zone_1,-97.1424,-385.429,0,0,4.11793e-12,-3.74346e-12
574,0,zone_1,-97.1424,-385.429,0,0,4.11793e-12,-3.74346e-12
574,8,zone_3,-15.8729,-85.4288,0,0,4.11793e-12,-3.74346e-12
574,8,zone_3,-15.8729,-85.4288,0,0,4.11793e-12,-3.74346e-12
574,5,zone_2,-47.6187,-285.429,0,0,4.11793e-12,-3.74346e-12
574,5,zone_2,-47.6187,-285.429,0,0,4.11793e-12,-3.74346e-12
574,1,zone_1,-80.317,-385.429,0,0,4.11793e-12,-3.74346e-12
574,1,zone_1,-80.317,-385.429,0,0,4.11793e-12,-3.74346e-12
574,6,zone_3,-49.5237,-85.4288,0,0,4.11793e-12,-3.74346e-12
574,6,zone_3,-49.5237,-85.4288,0,0,4.11793e-12,-3.74346e-12
574,2,zone_1,-63.4916,-385.429,0,0,4.11793e-12,-3.74346e-12
574,2,zone_1,-63.4916,-385.429,0,0,4.11793e-12,-3.74346e-12
574,7,zone_3,-32.6983,-85.4288,0,0,4.11793e-12,-3.74346e-12
574,3,zone_2,-81.2695,-285.429,0,0,4.11793e-12,-3.74346e-12
574,3,zone_2,-81.2695,-285.429,0,0,4.11793e-12,-3.74346e-12
574,7,zone_3,-32.6983,-85.4288,0,0,4.11793e-12,-3.74346e-12
576,8,zone_3,-15.8729,-85.4288,0,0,4.11793e-12,-3.74346e-12
576,8,zone_3,-15.8729,-85.4288,0,0,4.11793e-12,-3.74346e-12
576,0,zone_1,-97.1424,-385.429,0,0,4.11793e-12,-3.74346e-12
576,0,zone_1,-97.1424,-385.429,0,0,4.11793e-12,-3.74346e-12
576,4,zone_2,-64.4441,-285.429,0,0,4.11793e-12,-3.74346e-12
576,4,zone_2,-64.4441,-285.429,0,0,4.11793e-12,-3.74346e-12
576,1,zone_1,-80.317,-385.429,0,0,4.11793e-12,-3.74346e-12
576,1,zone_1,-80.317,-385.429,0,0,4.11793e-12,-3.74346e-12
576,5,zone_2,-47.6187,-285.429,0,0,4.11793e-12,-3.74346e-12
576,5,zone_2,-47.6187,-285.429,0,0,4.11793e-12,-3.74346e-12
576,2,zone_1,-63.4916,-385.429,0,0,4.11793e-12,-3.74346e-12
576,2,zone_1,-63.4916,-385.429,0,0,4.11793e-12,-3.74346e-12
576,6,zone_3,-49.5237,-85.4288,0,0,4.11793e-12,-3.74346e-12
576,6,zone_3,-49.5237,-85.4288,0,0,4.11793e-12,-3.74346e-12
576,3,zone_2,-81.2695,-285.429,0,0,4.11793e-12,-3.74346e-12
576,3,zone_2,-81.2695,-285.429,0,0,4.11793e-12,-3.74346e-12
576,7,zone_3,-32.6983,-85.4288,0,0,4.11793e-12,-3.74346e-12
576,7,zone_3,-32.6983,-85.4288,0,0,4.11793e-12,-3.74346e-12
578,8,zone_3,-15.8729,-85.4288,0,0,4.11793e-12,-3.74346e-12
578,8,zone_3,-15.8729,-85.4288,0,0,4.11793e-12,-3.74346e-12
578,0,zone_1,-97.1424,-385.429,0,0,4.11793e-12,-3.74346e-12
578,0,zone_1,-97.1424,-385.429,0,0,4.11793e-12,-3.74346e-12
578,4,zone_2,-64.4441,-285.429,0,0,4.11793e-12,-3.74346e-12
578,4,zone_2,-64.4441,-285.429,0,0,4.11793e-12,-3.74346e-12
578,1,zone_1,-80.317,-385.429,0,0,4.11793e-12,-3.74346e-12
578,1,zone_1,-80.317,-385.429,0,0,4.11793e-12,-3.74346e-12
578,5,zone_2,-47.6187,-285.429,0,0,4.11793e-12,-3.74346e-12
578,5,zone_2,-47.6187,-285.429,0,0,4.11793e-12,-3.74346e-12
578,2,zone_1,-63.4916,-385.429,0,0,4.11793e-12,-3.74346e-12
578,2,zone_1,-63.4916,-385.429,0,0,4.11793e-12,-3.74346e-12
578,6,zone_3,-49.5237,-85.4288,0,0,4.11793e-12,-3.74346e-12
578,6,zone_3,-49.5237,-85.4288,0,0,4.11793e-12,-3.74346e-12
578,3,zone_2,-81.2695,-285.429,0,0,4.11793e-12,-3.74346e-12
578,3,zone_2,-81.2695,-285.429,0,0,4.11793e-12,-3.74346e-12
578,7,zone_3,-32.6983,-85.4288,0,0,4.11793e-12,-3.74346e-12
578,7,zone_3,-32.6983,-85.4288,0,0,4.11793e-12,-3.74346e-12
580,0,zone_1,-97.1424,-385.429,0,0,4.11793e-12,-3.74346e-12
580,0,zone_1,-97.1424,-385.429,0,0,4.11793e-12,-3.74346e-12
580,8,zone_3,-15.8729,-85.4288,0,0,4.11793e-12,-3.74346e-12
580,4,zone_2,-64.4441,-285.429,0,0,4.11793e-12,-3.74346e-12
580,8,zone_3,-15.8729,-85.4288,0,0,4.11793e-12,-3.74346e-12
580,4,zone_2,-64.4441,-285.429,0,0,4.11793e-12,-3.74346e-12
580,1,zone_1,-80.317,-385.429,0,0,4.11793e-12,-3.74346e-12
580,1,zone_1,-80.317,-385.429,0,0,4.11793e-12,-3.74346e-12
580,5,zone_2,-47.6187,-285.429,0,0,4.11793e-12,-3.74346e-12
580,5,zone_2,-47.6187,-285.429,0,0,4.11793e-12,-3.74346e-12
580,2,zone_1,-63.4916,-385.429,0,0,4.11793e-12,-3.74346e-12
580,2,zone_1,-63.4916,-385.429,0,0,4.11793e-12,-3.74346e-12
580,6,zone_3,-49.5237,-85.4288,0,0,4.11793e-12,-3.74346e-12
580,6,zone_3,-49.5237,-85.4288,0,0,4.11793e-12,-3.74346e-12
580,3,zone_2,-81.2695,-285.429,0,0,4.11793e-12,-3.74346e-12
580,3,zone_2,-81.2695,-285.429,0,0,4.11793e-12,-3.74346e-12
580,7,zone_3,-32.6983,-85.4288,0,0,4.11793e-12,-3.74346e-12
580,7,zone_3,-32.6983,-85.4288,0,0,4.11793e-12,-3.74346e-12
582,4,zone_2,-64.4441,-285.429,0,0,4.11793e-12,-3.74346e-12
582,4,zone_2,-64.4441,-285.429,0,0,4.11793e-12,-3.74346e-12
582,0,zone_1,-97.1424,-385.429,0,0,4.11793e-12,-3.74346e-12
582,0,zone_1,-97.1424,-385.429,0,0,4.11793e-12,-3.74346e-12
582,8,zone_3,-15.8729,-85.4288,0,0,4.11793e-12,-3.74346e-12
582,8,zone_3,-15.8729,-85.4288,0,0,4.11793e-12,-3.74346e-12
582,5,zone_2,-47.6187,-285.429,0,0,4.11793e-12,-3.74346e-12
582,5,zone_2,-47.6187,-285.429,0,0,4.11793e-12,-3.74346e-12
582,1,zone_1,-80.317,-385.429,0,0,4.11793e-12,-3.74346e-12
582,1,zone_1,-80.317,-385.429,0,0,4.11793e-12,-3.74346e-12
582,6,zone_3,-49.5237,-85.4288,0,0,4.11793e-12,-3.74346e-12
582,6,zone_3,-49.5237,-85.4288,0,0,4.11793e-12,-3.74346e-12
582,2,zone_1,-63.4916,-385.429,0,0,4.11793e-12,-3.74346e-12
582,2,zone_1,-63.4916,-385.429,0,0,4.11793e-12,-3.74346e-12
582,7,zone_3,-32.6983,-85.4288,0,0,4.11793e-12,-3.74346e-12
582,3,zone_2,-81.2695,-285.429,0,0,4.11793e-12,-3.74346e-12
582,3,zone_2,-81.2695,-285.429,0,0,4.11793e-12,-3.74346e-12
582,7,zone_3,-32.6983,-85.4288,0,0,4.11793e-12,-3.74346e-12
584,4,zone_2,-64.4441,-285.429,0,0,4.11793e-12,-3.74346e-12
584,4,zone_2,-64.4441,-285.429,0,0,4.11793e-12,-3.74346e-12
584,0,zone_1,-97.1424,-385.429,0,0,4.11793e-12,-3.74346e-12
584,0,zone_1,-97.1424,-385.429,0,0,4.11793e-12,-3.74346e-12
584,8,zone_3,-15.8729,-85.4288,0,0,4.11793e-12,-3.74346e-12
584,8,zone_3,-15.8729,-85.4288,0,0,4.11793e-12,-3.74346e-12
584,5,zone_2,-47.6187,-285.429,0,0,4.11793e-12,-3.74346e-12
584,5,zone_2,-47.6187,-285.429,0,0,4.11793e-12,-3.74346e-12
584,1,zone_1,-80.317,-385.429,0,0,4.11793e-12,-3.74346e-12
584,1,zone_1,-80.317,-385.429,0,0,4.11793e-12,-3.74346e-12
584,2,zone_1,-63.4916,-385.429,0,0,4.11793e-12,-3.74346e-12
584,2,zone_1,-63.4916,-385.429,0,0,4.11793e-12,-3.74346e-12
584,6,zone_3,-49.5237,-85.4288,0,0,4.11793e-12,-3.74346e-12
584,6,zone_3,-49.5237,-85.4288,0,0,4.11793e-12,-3.74346e-12
584,3,zone_2,-81.2695,-285.429,0,0,4.11793e-12,-3.74346e-12
584,3,zone_2,-81.2695,-285.429,0,0,4.11793e-12,-3.74346e-12
584,7,zone_3,-32.6983,-85.4288,0,0,4.11793e-12,-3.74346e-12
584,7,zone_3,-32.6983,-85.4288,0,0,4.11793e-12,-3.74346e-12
586,0,zone_1,-97.1424,-385.429,0,0,4.11793e-12,-3.74346e-12
586,8,zone_3,-15.8729,-85.4288,0,0,4.11793e-12,-3.74346e-12
586,0,zone_1,-97.1424,-385.429,0,0,4.11793e-12,-3.74346e-12
586,8,zone_3,-15.8729,-85.4288,0,0,4.11793e-12,-3.74346e-12
586,4,zone_2,-64.4441,-285.429,0,0,4.11793e-12,-3.74346e-12
586,4,zone_2,-64.4441,-285.429,0,0,4.11793e-12,-3.74346e-12
586,1,zone_1,-80.317,-385.429,0,0,4.11793e-12,-3.74346e-12
586,1,zone_1,-80.317,-385.429,0,0,4.11793e-12,-3.74346e-12
586,5,zone_2,-47.6187,-285.429,0,0,4.11793e-12,-3.74346e-12
586,5,zone_2,-47.6187,-285.429,0,0,4.11793e-12,-3.74346e-12
586,2,zone_1,-63.4916,-385.429,0,0,4.11793e-12,-3.74346e-12
586,2,zone_1,-63.4916,-385.429,0,0,4.11793e-12,-3.74346e-12
586,6,zone_3,-49.5237,-85.4288,0,0,4.11793e-12,-3.74346e-12
586,6,zone_3,-49.5237,-85.4288,0,0,4.11793e-12,-3.74346e-12
586,3,zone_2,-81.2695,-285.429,0,0,4.11793e-12,-3.74346e-12
586,3,zone_2,-81.2695,-285.429,0,0,4.11793e-12,-3.74346e-12
586,7,zone_3,-32.6983,-85.4288,0,0,4.11793e-12,-3.74346e-12
586,7,zone_3,-32.6983,-85.4288,0,0,4.11793e-12,-3.74346e-12
588,0,zone_1,-97.1424,-385.429,0,0,4.11793e-12,-3.74346e-12
588,0,zone_1,-97.1424,-385.429,0,0,4.11793e-12,-3.74346e-12
588,8,zone_3,-15.8729,-85.4288,0,0,4.11793e-12,-3.74346e-12
588,4,zone_2,-64.4441,-285.429,0,0,4.11793e-12,-3.74346e-12
588,8,zone_3,-15.8729,-85.4288,0,0,4.11793e-12,-3.74346e-12
588,4,zone_2,-64.4441,-285.429,0,0,4.11793e-12,-3.74346e-12
588,1,zone_1,-80.317,-385.429,0,0,4.11793e-12,-3.74346e-12
588,1,zone_1,-80.317,-385.429,0,0,4.11793e-12,-3.74346e-12
588,5,zone_2,-47.6187,-285.429,0,0,4.11793e-12,-3.74346e-12
588,5,zone_2,-47.6187,-285.429,0,0,4.11793e-12,-3.74346e-12
588,2,zone_1,-63.4916,-385.429,0,0,4.11793e-12,-3.74346e-12
588,2,zone_1,-63.4916,-385.429,0,0,4.11793e-12,-3.74346e-12
588,6,zone_3,-49.5237,-85.4288,0,0,4.11793e-12,-3.74346e-12
588,6,zone_3,-49.5237,-85.4288,0,0,4.11793e-12,-3.74346e-12
588,3,zone_2,-81.2695,-285.429,0,0,4.11793e-12,-3.74346e-12
588,3,zone_2,-81.2695,-285.429,0,0,4.11793e-12,-3.74346e-12
588,7,zone_3,-32.6983,-85.4288,0,0,4.11793e-12,-3.74346e-12
588,7,zone_3,-32.6983,-85.4288,0,0,4.11793e-12,-3.74346e-12
590,8,zone_3,-15.8729,-85.4288,0,0,4.11793e-12,-3.74346e-12
590,8,zone_3,-15.8729,-85.4288,0,0,4.11793e-12,-3.74346e-12
590,0,zone_1,-97.1424,-385.429,0,0,4.11793e-12,-3.74346e-12
590,0,zone_1,-97.1424,-385.429,0,0,4.11793e-12,-3.74346e-12
590,4,zone_2,-64.4441,-285.429,0,0,4.11793e-12,-3.74346e-12
590,4,zone_2,-64.4441,-285.429,0,0,4.11793e-12,-3.74346e-12
590,1,zone_1,-80.317,-385.429,0,0,4.11793e-12,-3.74346e-12
590,1,zone_1,-80.317,-385.429,0,0,4.11793e-12,-3.74346e-12
590,5,zone_2,-47.6187,-285.429,0,0,4.11793e-12,-3.74346e-12
590,5,zone_2,-47.6187,-285.429,0,0,4.11793e-12,-3.74346e-12
590,2,zone_1,-63.4916,-385.429,0,0,4.11793e-12,-3.74346e-12
590,2,zone_1,-63.4916,-385.429,0,0,4.11793e-12,-3.74346e-12
590,6,zone_3,-49.5237,-85.4288,0,0,4.11793e-12,-3.74346e-12
590,6,zone_3,-49.5237,-85.4288,0,0,4.11793e-12,-3.74346e-12
590,3,zone_2,-81.2695,-285.429,0,0,4.11793e-12,-3.74346e-12
590,3,zone_2,-81.2695,-285.429,0,0,4.11793e-12,-3.74346e-12
590,7,zone_3,-32.6983,-85.4288,0,0,4.11793e-12,-3.74346e-12
590,7,zone_3,-32.6983,-85.4288,0,0,4.11793e-12,-3.74346e-12
592,0,zone_1,-97.1424,-385.429,0,0,4.11793e-12,-3.74346e-12
592,0,zone_1,-97.1424,-385.429,0,0,4.11793e-12,-3.74346e-12
592,8,zone_3,-15.8729,-85.4288,0,0,4.11793e-12,-3.74346e-12
592,8,zone_3,-15.8729,-85.4288,0,0,4.11793e-12,-3.74346e-12
592,4,zone_2,-64.4441,-285.429,0,0,4.11793e-12,-3.74346e-12
592,4,zone_2,-64.4441,-285.429,0,0,4.11793e-12,-3.74346e-12
592,1,zone_1,-80.317,-385.429,0,0,4.11793e-12,-3.74346e-12
592,1,zone_1,-80.317,-385.429,0,0,4.11793e-12,-3.74346e-12
592,5,zone_2,-47.6187,-285.429,0,0,4.11793e-12,-3.74346e-12
592,5,zone_2,-47.6187,-285.429,0,0,4.11793e-12,-3.74346e-12
592,2,zone_1,-63.4916,-385.429,0,0,4.11793e-12,-3.74346e-12
592,2,zone_1,-63.4916,-385.429,0,0,4.11793e-12,-3.74346e-12
592,6,zone_3,-49.5237,-85.4288,0,0,4.11793e-12,-3.74346e-12
592,6,zone_3,-49.5237,-85.4288,0,0,4.11793e-12,-3.74346e-12
592,3,zone_2,-81.2695,-285.429,0,0,4.11793e-12,-3.74346e-12
592,3,zone_2,-81.2695,-285.429,0,0,4.11793e-12,-3.74346e-12
592,7,zone_3,-32.6983,-85.4288,0,0,4.11793e-12,-3.74346e-12
592,7,zone_3,-32.6983,-85.4288,0,0,4.11793e-12,-3.74346e-12
594,8,zone_3,-15.8729,-85.4288,0,0,4.11793e-12,-3.74346e-12
594,8,zone_3,-15.8729,-85.4288,0,0,4.11793e-12,-3.74346e-12
594,0,zone_1,-97.1424,-385.429,0,0,4.11793e-12,-3.74346e-12
594,0,zone_1,-97.1424,-385.429,0,0,4.11793e-12,-3.74346e-12
594,4,zone_2,-64.4441,-285.429,0,0,4.11793e-12,-3.74346e-12
594,4,zone_2,-64.4441,-285.429,0,0,4.11793e-12,-3.74346e-12
594,1,zone_1,-80.317,-385.429,0,0,4.11793e-12,-3.74346e-12
594,1,zone_1,-80.317,-385.429,0,0,4.11793e-12,-3.74346e-12
594,5,zone_2,-47.6187,-285.429,0,0,4.11793e-12,-3.74346e-12
594,5,zone_2,-47.6187,-285.429,0,0,4.11793e-12,-3.74346e-12
594,2,zone_1,-63.4916,-385.429,0,0,4.11793e-12,-3.74346e-12
594,2,zone_1,-63.4916,-385.429,0,0,4.11793e-12,-3.74346e-12
594,6,zone_3,-49.5237,-85.4288,0,0,4.11793e-12,-3.74346e-12
594,6,zone_3,-49.5237,-85.4288,0,0,4.11793e-12,-3.74346e-12
594,3,zone_2,-81.2695,-285.429,0,0,4.11793e-12,-3.74346e-12
594,3,zone_2,-81.2695,-285.429,0,0,4.11793e-12,-3.74346e-12
594,7,zone_3,-32.6983,-85.4288,0,0,4.11793e-12,-3.74346e-12
594,7,zone_3,-32.6983,-85.4288,0,0,4.11793e-12,-3.74346e-12
596,4,zone_2,-64.4441,-285.429,0,0,4.11793e-12,-3.74346e-12
596,4,zone_2,-64.4441,-285.429,0,0,4.11793e-12,-3.74346e-12
596,8,zone_3,-15.8729,-85.4288,0,0,4.11793e-12,-3.74346e-12
596,8,zone_3,-15.8729,-85.4288,0,0,4.11793e-12,-3.74346e-12
596,0,zone_1,-97.1424,-385.429,0,0,4.11793e-12,-3.74346e-12
596,0,zone_1,-97.1424,-385.429,0,0,4.11793e-12,-3.74346e-12
596,5,zone_2,-47.6187,-285.429,0,0,4.11793e-12,-3.74346e-12
596,5,zone_2,-47.6187,-285.429,0,0,4.11793e-12,-3.74346e-12
596,1,zone_1,-80.317,-385.429,0,0,4.11793e-12,-3.74346e-12
596,1,zone_1,-80.317,-385.429,0,0,4.11793e-12,-3.74346e-12
596,2,zone_1,-63.4916,-385.429,0,0,4.11793e-12,-3.74346e-12
596,2,zone_1,-63.4916,-385.429,0,0,4.11793e-12,-3.74346e-12
596,6,zone_3,-49.5237,-85.4288,0,0,4.11793e-12,-3.74346e-12
596,6,zone_3,-49.5237,-85.4288,0,0,4.11793e-12,-3.74346e-12
596,3,zone_2,-81.2695,-285.429,0,0,4.11793e-12,-3.74346e-12
596,3,zone_2,-81.2695,-285.429,0,0,4.11793e-12,-3.74346e-12
596,7,zone_3,-32.6983,-85.4288,0,0,4.11793e-12,-3.74346e-12
596,7,zone_3,-32.6983,-85.4288,0,0,4.11793e-12,-3.74346e-12
598,0,zone_1,-97.1424,-385.429,0,0,4.11793e-12,-3.74346e-12
598,0,zone_1,-97.1424,-385.429,0,0,4.11793e-12,-3.74346e-12
598,8,zone_3,-15.8729,-85.4288,0,0,4.11793e-12,-3.74346e-12
598,8,zone_3,-15.8729,-85.4288,0,0,4.11793e-12,-3.74346e-12
598,4,zone_2,-64.4441,-285.429,0,0,4.11793e-12,-3.74346e-12
598,4,zone_2,-64.4441,-285.429,0,0,4.11793e-12,-3.74346e-12
598,1,zone_1,-80.317,-385.429,0,0,4.11793e-12,-3.74346e-12
598,1,zone_1,-80.317,-385.429,0,0,4.11793e-12,-3.74346e-12
598,5,zone_2,-47.6187,-285.429,0,0,4.11793e-12,-3.74346e-12
598,5,zone_2,-47.6187,-285.429,0,0,4.11793e-12,-3.74346e-12
598,2,zone_1,-63.4916,-385.429,0,0,4.11793e-12,-3.74346e-12
598,2,zone_1,-63.4916,-385.429,0,0,4.11793e-12,-3.74346e-12
598,6,zone_3,-49.5237,-85.4288,0,0,4.11793e-12,-3.74346e-12
598,6,zone_3,-49.5237,-85.4288,0,0,4.11793e-12,-3.74346e-12
598,3,zone_2,-81.2695,-285.429,0,0,4.11793e-12,-3.74346e-12
598,3,zone_2,-81.2695,-285.429,0,0,4.11793e-12,-3.74346e-12
598,7,zone_3,-32.6983,-85.4288,0,0,4.11793e-12,-3.74346e-12
598,7,zone_3,-32.6983,-85.4288,0,0,4.11793e-12,-3.74346e-12
600,4,zone_2,-64.4441,-285.429,0,0,4.11793e-12,-3.74346e-12
600,4,zone_2,-64.4441,-285.429,0,0,4.11793e-12,-3.74346e-12
600,0,zone_1,-97.1424,-385.429,0,0,4.11793e-12,-3.74346e-12
600,0,zone_1,-97.1424,-385.429,0,0,4.11793e-12,-3.74346e-12
600,8,zone_3,-15.8729,-85.4288,0,0,4.11793e-12,-3.74346e-12
600,8,zone_3,-15.8729,-85.4288,0,0,4.11793e-12,-3.74346e-12
600,5,zone_2,-47.6187,-285.429,0,0,4.11793e-12,-3.74346e-12
600,5,zone_2,-47.6187,-285.429,0,0,4.11793e-12,-3.74346e-12
600,1,zone_1,-80.317,-385.429,0,0,4.11793e-12,-3.74346e-12
600,1,zone_1,-80.317,-385.429,0,0,4.11793e-12,-3.74346e-12
600,2,zone_1,-63.4916,-385.429,0,0,4.11793e-12,-3.74346e-12
600,2,zone_1,-63.4916,-385.429,0,0,4.11793e-12,-3.74346e-12
600,6,zone_3,-49.5237,-85.4288,0,0,4.11793e-12,-3.74346e-12
600,6,zone_3,-49.5237,-85.4288,0,0,4.11793e-12,-3.74346e-12
600,3,zone_2,-81.2695,-285.429,0,0,4.11793e-12,-3.74346e-12
600,3,zone_2,-81.2695,-285.429,0,0,4.11793e-12,-3.74346e-12
600,7,zone_3,-32.6983,-85.4288,0,0,4.11793e-12,-3.74346e-12
600,7,zone_3,-32.6983,-85.4288,0,0,4.11793e-12,-3.74346e-12
602,0,zone_1,-97.1424,-385.429,0,0,4.11793e-12,-3.74346e-12
602,0,zone_1,-97.1424,-385.429,0,0,4.11793e-12,-3.74346e-12
602,4,zone_2,-64.4441,-285.429,0,0,4.11793e-12,-3.74346e-12
602,4,zone_2,-64.4441,-285.429,0,0,4.11793e-12,-3.74346e-12
602,8,zone_3,-15.8729,-85.4288,0,0,4.11793e-12,-3.74346e-12
602,8,zone_3,-15.8729,-85.4288,0,0,4.11793e-12,-3.74346e-12
602,1,zone_1,-80.317,-385.429,0,0,4.11793e-12,-3.74346e-12
602,1,zone_1,-80.317,-385.429,0,0,4.11793e-12,-3.74346e-12
602,5,zone_2,-47.6187,-285.429,0,0,4.11793e-12,-3.74346e-12
602,5,zone_2,-47.6187,-285.429,0,0,4.11793e-12,-3.74346e-12
602,2,zone_1,-63.4916,-385.429,0,0,4.11793e-12,-3.74346e-12
602,2,zone_1,-63.4916,-385.429,0,0,4.11793e-12,-3.74346e-12
602,6,zone_3,-49.5237,-85.4288,0,0,4.11793e-12,-3.74346e-12
602,6,zone_3,-49.5237,-85.4288,0,0,4.11793e-12,-3.74346e-12
602,3,zone_2,-81.2695,-285.429,0,0,4.11793e-12,-3.74346e-12
602,3,zone_2,-81.2695,-285.429,0,0,4.11793e-12,-3.74346e-12
602,7,zone_3,-32.6983,-85.4288,0,0,4.11793e-12,-3.74346e-12
602,7,zone_3,-32.6983,-85.4288,0,0,4.11793e-12,-3.74346e-12
604,8,zone_3,-15.8729,-85.4288,0,0,4.11793e-12,-3.74346e-12
604,8,zone_3,-15.8729,-85.4288,0,0,4.11793e-12,-3.74346e-12
604,0,zone_1,-97.1424,-385.429,0,0,4.11793e-12,-3.74346e-12
604,0,zone_1,-97.1424,-385.429,0,0,4.11793e-12,-3.74346e-12
604,4,zone_2,-64.4441,-285.429,0,0,4.11793e-12,-3.74346e-12
604,4,zone_2,-64.4441,-285.429,0,0,4.11793e-12,-3.74346e-12
604,1,zone_1,-80.317,-385.429,0,0,4.11793e-12,-3.74346e-12
604,1,zone_1,-80.317,-385.429,0,0,4.11793e-12,-3.74346e-12
604,5,zone_2,-47.6187,-285.429,0,0,4.11793e-12,-3.74346e-12
604,5,zone_2,-47.6187,-285.429,0,0,4.11793e-12,-3.74346e-12
604,2,zone_1,-63.4916,-385.429,0,0,4.11793e-12,-3.74346e-12
604,2,zone_1,-63.4916,-385.429,0,0,4.11793e-12,-3.74346e-12
604,6,zone_3,-49.5237,-85.4288,0,0,4.11793e-12,-3.74346e-12
604,6,zone_3,-49.5237,-85.4288,0,0,4.11793e-12,-3.74346e-12
604,3,zone_2,-81.2695,-285.429,0,0,4.11793e-12,-3.74346e-12
604,3,zone_2,-81.2695,-285.429,0,0,4.11793e-12,-3.74346e-12
604,7,zone_3,-32.6983,-85.4288,0,0,4.11793e-12,-3.74346e-12
604,7,zone_3,-32.6983,-85.4288,0,0,4.11793e-12,-3.74346e-12
606,0,zone_1,-97.1424,-385.429,0,0,4.11793e-12,-3.74346e-12
606,0,zone_1,-97.1424,-385.429,0,0,4.11793e-12,-3.74346e-12
606,8,zone_3,-15.8729,-85.4288,0,0,4.11793e-12,-3.74346e-12
606,8,zone_3,-15.8729,-85.4288,0,0,4.11793e-12,-3.74346e-12
606,4,zone_2,-64.4441,-285.429,0,0,4.11793e-12,-3.74346e-12
606,4,zone_2,-64.4441,-285.429,0,0,4.11793e-12,-3.74346e-12
606,1,zone_1,-80.317,-385.429,0,0,4.11793e-12,-3.74346e-12
606,1,zone_1,-80.317,-385.429,0,0,4.11793e-12,-3.74346e-12
606,5,zone_2,-47.6187,-285.429,0,0,4.11793e-12,-3.74346e-12
606,5,zone_2,-47.6187,-285.429,0,0,4.11793e-12,-3.74346e-12
606,2,zone_1,-63.4916,-385.429,0,0,4.11793e-12,-3.74346e-12
606,2,zone_1,-63.4916,-385.429,0,0,4.11793e-12,-3.74346e-12
606,6,zone_3,-49.5237,-85.4288,0,0,4.11793e-12,-3.74346e-12
606,6,zone_3,-49.5237,-85.4288,0,0,4.11793e-12,-3.74346e-12
606,3,zone_2,-81.2695,-285.429,0,0,4.11793e-12,-3.74346e-12
606,3,zone_2,-81.2695,-285.429,0,0,4.11793e-12,-3.74346e-12
606,7,zone_3,-32.6983,-85.4288,0,0,4.11793e-12,-3.74346e-12
606,7,zone_3,-32.6983,-85.4288,0,0,4.11793e-12,-3.74346e-12
608,0,zone_1,-97.1424,-385.429,0,0,4.11793e-12,-3.74346e-12
608,0,zone_1,-97.1424,-385.429,0,0,4.11793e-12,-3.74346e-12
608,8,zone_3,-15.8729,-85.4288,0,0,4.11793e-12,-3.74346e-12
608,8,zone_3,-15.8729,-85.4288,0,0,4.11793e-12,-3.74346e-12
608,4,zone_2,-64.4441,-285.429,0,0,4.11793e-12,-3.74346e-12
608,4,zone_2,-64.4441,-285.429,0,0,4.11793e-12,-3.74346e-12
608,1,zone_1,-80.317,-385.429,0,0,4.11793e-12,-3.74346e-12
608,1,zone_1,-80.317,-385.429,0,0,4.11793e-12,-3.74346e-12
608,5,zone_2,-47.6187,-285.429,0,0,4.11793e-12,-3.74346e-12
608,5,zone_2,-47.6187,-285.429,0,0,4.11793e-12,-3.74346e-12
608,2,zone_1,-63.4916,-385.429,0,0,4.11793e-12,-3.74346e-12
608,2,zone_1,-63.4916,-385.429,0,0,4.11793e-12,-3.74346e-12
608,6,zone_3,-49.5237,-85.4288,0,0,4.11793e-12,-3.74346e-12
608,6,zone_3,-49.5237,-85.4288,0,0,4.11793e-12,-3.74346e-12
608,3,zone_2,-81.2695,-285.429,0,0,4.11793e-12,-3.74346e-12
608,3,zone_2,-81.2695,-285.429,0,0,4.11793e-12,-3.74346e-12
608,7,zone_3,-32.6983,-85.4288,0,0,4.11793e-12,-3.74346e-12
608,7,zone_3,-32.6983,-85.4288,0,0,4.11793e-12,-3.74346e-12
610,0,zone_1,-97.1424,-385.429,0,0,4.11793e-12,-3.74346e-12
610,0,zone_1,-97.1424,-385.429,0,0,4.11793e-12,-3.74346e-12
610,4,zone_2,-64.4441,-285.429,0,0,4.11793e-12,-3.74346e-12
610,4,zone_2,-64.4441,-285.429,0,0,4.11793e-12,-3.74346e-12
610,8,zone_3,-15.8729,-85.4288,0,0,4.11793e-12,-3.74346e-12
610,8,zone_3,-15.8729,-85.4288,0,0,4.11793e-12,-3.74346e-12
610,1,zone_1,-80.317,-385.429,0,0,4.11793e-12,-3.74346e-12
610,1,zone_1,-80.317,-385.429,0,0,4.11793e-12,-3.74346e-12
610,5,zone_2,-47.6187,-285.429,0,0,4.11793e-12,-3.74346e-12
610,5,zone_2,-47.6187,-285.429,0,0,4.11793e-12,-3.74346e-12
610,2,zone_1,-63.4916,-385.429,0,0,4.11793e-12,-3.74346e-12
610,2,zone_1,-63.4916,-385.429,0,0,4.11793e-12,-3.74346e-12
610,6,zone_3,-49.5237,-85.4288,0,0,4.11793e-12,-3.74346e-12
610,6,zone_3,-49.5237,-85.4288,0,0,4.11793e-12,-3.74346e-12
610,3,zone_2,-81.2695,-285.429,0,0,4.11793e-12,-3.74346e-12
610,3,zone_2,-81.2695,-285.429,0,0,4.11793e-12,-3.74346e-12
610,7,zone_3,-32.6983,-85.4288,0,0,4.11793e-12,-3.74346e-12
610,7,zone_3,-32.6983,-85.4288,0,0,4.11793e-12,-3.74346e-12
612,4,zone_2,-64.4441,-285.429,0,0,4.11793e-12,-3.74346e-12
612,4,zone_2,-64.4441,-285.429,0,0,4.11793e-12,-3.74346e-12
612,0,zone_1,-97.1424,-385.429,0,0,4.11793e-12,-3.74346e-12
612,0,zone_1,-97.1424,-385.429,0,0,4.11793e-12,-3.74346e-12
612,8,zone_3,-15.8729,-85.4288,0,0,4.11793e-12,-3.74346e-12
612,8,zone_3,-15.8729,-85.4288,0,0,4.11793e-12,-3.74346e-12
612,5,zone_2,-47.6187,-285.429,0,0,4.11793e-12,-3.74346e-12
612,5,zone_2,-47.6187,-285.429,0,0,4.11793e-12,-3.74346e-12
612,1,zone_1,-80.317,-385.429,0,0,4.11793e-12,-3.74346e-12
612,1,zone_1,-80.317,-385.429,0,0,4.11793e-12,-3.74346e-12
612,6,zone_3,-49.5237,-85.4288,0,0,4.11793e-12,-3.74346e-12
612,6,zone_3,-49.5237,-85.4288,0,0,4.11793e-12,-3.74346e-12
612,2,zone_1,-63.4916,-385.429,0,0,4.11793e-12,-3.74346e-12
612,2,zone_1,-63.4916,-385.429,0,0,4.11793e-12,-3.74346e-12
612,3,zone_2,-81.2695,-285.429,0,0,4.11793e-12,-3.74346e-12
612,3,zone_2,-81.2695,-285.429,0,0,4.11793e-12,-3.74346e-12
612,7,zone_3,-32.6983,-85.4288,0,0,4.11793e-12,-3.74346e-12
612,7,zone_3,-32.6983,-85.4288,0,0,4.11793e-12,-3.74346e-12
614,4,zone_2,-64.4441,-285.429,0,0,4.11793e-12,-3.74346e-12
614,4,zone_2,-64.4441,-285.429,0,0,4.11793e-12,-3.74346e-12
614,8,zone_3,-15.8729,-85.4288,0,0,4.11793e-12,-3.74346e-12
614,8,zone_3,-15.8729,-85.4288,0,0,4.11793e-12,-3.74346e-12
614,0,zone_1,-97.1424,-385.429,0,0,4.11793e-12,-3.74346e-12
614,0,zone_1,-97.1424,-385.429,0,0,4.11793e-12,-3.74346e-12
614,5,zone_2,-47.6187,-285.429,0,0,4.11793e-12,-3.74346e-12
614,5,zone_2,-47.6187,-285.429,0,0,4.11793e-12,-3.74346e-12
614,1,zone_1,-80.317,-385.429,0,0,4.11793e-12,-3.74346e-12
614,1,zone_1,-80.317,-385.429,0,0,4.11793e-12,-3.74346e-12
614,6,zone_3,-49.5237,-85.4288,0,0,4.11793e-12,-3.74346e-12
614,6,zone_3,-49.5237,-85.4288,0,0,4.11793e-12,-3.74346e-12
614,2,zone_1,-63.4916,-385.429,0,0,4.11793e-12,-3.74346e-12
614,2,zone_1,-63.4916,-385.429,0,0,4.11793e-12,-3.74346e-12
614,7,zone_3,-32.6983,-85.4288,0,0,4.11793e-12,-3.74346e-12
614,7,zone_3,-32.6983,-85.4288,0,0,4.11793e-12,-3.74346e-12
614,3,zone_2,-81.2695,-285.429,0,0,4.11793e-12,-3.74346e-12
614,3,zone_2,-81.2695,-285.429,0,0,4.11793e-12,-3.74346e-12
616,4,zone_2,-64.4441,-285.429,0,0,4.11793e-12,-3.74346e-12
616,4,zone_2,-64.4441,-285.429,0,0,4.11793e-12,-3.74346e-12
616,0,zone_1,-97.1424,-385.429,0,0,4.11793e-12,-3.74346e-12
616,0,zone_1,-97.1424,-385.429,0,0,4.11793e-12,-3.74346e-12
616,8,zone_3,-15.8729,-85.4288,0,0,4.11793e-12,-3.74346e-12
616,8,zone_3,-15.8729,-85.4288,0,0,4.11793e-12,-3.74346e-12
616,5,zone_2,-47.6187,-285.429,0,0,4.11793e-12,-3.74346e-12
616,5,zone_2,-47.6187,-285.429,0,0,4.11793e-12,-3.74346e-12
616,1,zone_1,-80.317,-385.429,0,0,4.11793e-12,-3.74346e-12
616,1,zone_1,-80.317,-385.429,0,0,4.11793e-12,-3.74346e-12
616,2,zone_1,-63.4916,-385.429,0,0,4.11793e-12,-3.74346e-12
616,2,zone_1,-63.4916,-385.429,0,0,4.11793e-12,-3.74346e-12
616,6,zone_3,-49.5237,-85.4288,0,0,4.11793e-12,-3.74346e-12
616,6,zone_3,-49.5237,-85.4288,0,0,4.11793e-12,-3.74346e-12
616,3,zone_2,-81.2695,-285.429,0,0,4.11793e-12,-3.74346e-12
616,3,zone_2,-81.2695,-285.429,0,0,4.11793e-12,-3.74346e-12
616,7,zone_3,-32.6983,-85.4288,0,0,4.11793e-12,-3.74346e-12
616,7,zone_3,-32.6983,-85.4288,0,0,4.11793e-12,-3.74346e-12
618,4,zone_2,-64.4441,-285.429,0,0,4.11793e-12,-3.74346e-12
618,4,zone_2,-64.4441,-285.429,0,0,4.11793e-12,-3.74346e-12
618,0,zone_1,-97.1424,-385.429,0,0,4.11793e-12,-3.74346e-12
618,8,zone_3,-15.8729,-85.4288,0,0,4.11793e-12,-3.74346e-12
618,0,zone_1,-97.1424,-385.429,0,0,4.11793e-12,-3.74346e-12
618,8,zone_3,-15.8729,-85.4288,0,0,4.11793e-12,-3.74346e-12
618,5,zone_2,-47.6187,-285.429,0,0,4.11793e-12,-3.74346e-12
618,1,zone_1,-80.317,-385.429,0,0,4.11793e-12,-3.74346e-12
618,5,zone_2,-47.6187,-285.429,0,0,4.11793e-12,-3.74346e-12
618,1,zone_1,-80.317,-385.429,0,0,4.11793e-12,-3.74346e-12
618,2,zone_1,-63.4916,-385.429,0,0,4.11793e-12,-3.74346e-12
618,2,zone_1,-63.4916,-385.429,0,0,4.11793e-12,-3.74346e-12
618,6,zone_3,-49.5237,-85.4288,0,0,4.11793e-12,-3.74346e-12
618,6,zone_3,-49.5237,-85.4288,0,0,4.11793e-12,-3.74346e-12
618,3,zone_2,-81.2695,-285.429,0,0,4.11793e-12,-3.74346e-12
618,3,zone_2,-81.2695,-285.429,0,0,4.11793e-12,-3.74346e-12
618,7,zone_3,-32.6983,-85.4288,0,0,4.11793e-12,-3.74346e-12
618,7,zone_3,-32.6983,-85.4288,0,0,4.11793e-12,-3.74346e-12
620,4,zone_2,-64.4441,-285.429,0,0,4.11793e-12,-3.74346e-12
620,4,zone_2,-64.4441,-285.429,0,0,4.11793e-12,-3.74346e-12
620,8,zone_3,-15.8729,-85.4288,0,0,4.11793e-12,-3.74346e-12
620,8,zone_3,-15.8729,-85.4288,0,0,4.11793e-12,-3.74346e-12
620,0,zone_1,-97.1424,-385.429,0,0,4.11793e-12,-3.74346e-12
620,0,zone_1,-97.1424,-385.429,0,0,4.11793e-12,-3.74346e-12
620,5,zone_2,-47.6187,-285.429,0,0,4.11793e-12,-3.74346e-12
620,5,zone_2,-47.6187,-285.429,0,0,4.11793e-12,-3.74346e-12
620,1,zone_1,-80.317,-385.429,0,0,4.11793e-12,-3.74346e-12
620,1,zone_1,-80.317,-385.429,0,0,4.11793e-12,-3.74346e-12
620,6,zone_3,-49.5237,-85.4288,0,0,4.11793e-12,-3.74346e-12
620,6,zone_3,-49.5237,-85.4288,0,0,4.11793e-12,-3.74346e-12
620,2,zone_1,-63.4916,-385.429,0,0,4.11793e-12,-3.74346e-12
620,2,zone_1,-63.4916,-385.429,0,0,4.11793e-12,-3.74346e-12
620,7,zone_3,-32.6983,-85.4288,0,0,4.11793e-12,-3.74346e-12
620,7,zone_3,-32.6983,-85.4288,0,0,4.11793e-12,-3.74346e-12
620,3,zone_2,-81.2695,-285.429,0,0,4.11793e-12,-3.74346e-12
620,3,zone_2,-81.2695,-285.429,0,0,4.11793e-12,-3.74346e-12
622,0,zone_1,-97.1424,-385.429,0,0,4.11793e-12,-3.74346e-12
622,0,zone_1,-97.1424,-385.429,0,0,4.11793e-12,-3.74346e-12
622,8,zone_3,-15.8729,-85.4288,0,0,4.11793e-12,-3.74346e-12
622,8,zone_3,-15.8729,-85.4288,0,0,4.11793e-12,-3.74346e-12
622,4,zone_2,-64.4441,-285.429,0,0,4.11793e-12,-3.74346e-12
622,4,zone_2,-64.4441,-285.429,0,0,4.11793e-12,-3.74346e-12
622,1,zone_1,-80.317,-385.429,0,0,4.11793e-12,-3.74346e-12
622,1,zone_1,-80.317,-385.429,0,0,4.11793e-12,-3.74346e-12
622,5,zone_2,-47.6187,-285.429,0,0,4.11793e-12,-3.74346e-12
622,5,zone_2,-47.6187,-285.429,0,0,4.11793e-12,-3.74346e-12
622,2,zone_1,-63.4916,-385.429,0,0,4.11793e-12,-3.74346e-12
622,2,zone_1,-63.4916,-385.429,0,0,4.11793e-12,-3.74346e-12
622,6,zone_3,-49.5237,-85.4288,0,0,4.11793e-12,-3.74346e-12
622,6,zone_3,-49.5237,-85.4288,0,0,4.11793e-12,-3.74346e-12
622,3,zone_2,-81.2695,-285.429,0,0,4.11793e-12,-3.74346e-12
622,3,zone_2,-81.2695,-285.429,0,0,4.11793e-12,-3.74346e-12
622,7,zone_3,-32.6983,-85.4288,0,0,4.11793e-12,-3.74346e-12
622,7,zone_3,-32.6983,-85.4288,0,0,4.11793e-12,-3.74346e-12
624,0,zone_1,-97.1424,-385.429,0,0,4.11793e-12,-3.74346e-12
624,4,zone_2,-64.4441,-285.429,0,0,4.11793e-12,-3.74346e-12
624,0,zone_1,-97.1424,-385.429,0,0,4.11793e-12,-3.74346e-12
624,4,zone_2,-64.4441,-285.429,0,0,4.11793e-12,-3.74346e-12
624,8,zone_3,-15.8729,-85.4288,0,0,4.11793e-12,-3.74346e-12
624,8,zone_3,-15.8729,-85.4288,0,0,4.11793e-12,-3.74346e-12
624,5,zone_2,-47.6187,-285.429,0,0,4.11793e-12,-3.74346e-12
624,1,zone_1,-80.317,-385.429,0,0,4.11793e-12,-3.74346e-12
624,5,zone_2,-47.6187,-285.429,0,0,4.11793e-12,-3.74346e-12
624,1,zone_1,-80.317,-385.429,0,0,4.11793e-12,-3.74346e-12
624,2,zone_1,-63.4916,-385.429,0,0,4.11793e-12,-3.74346e-12
624,2,zone_1,-63.4916,-385.429,0,0,4.11793e-12,-3.74346e-12
624,6,zone_3,-49.5237,-85.4288,0,0,4.11793e-12,-3.74346e-12
624,6,zone_3,-49.5237,-85.4288,0,0,4.11793e-12,-3.74346e-12
624,3,zone_2,-81.2695,-285.429,0,0,4.11793e-12,-3.74346e-12
624,3,zone_2,-81.2695,-285.429,0,0,4.11793e-12,-3.74346e-12
624,7,zone_3,-32.6983,-85.4288,0,0,4.11793e-12,-3.74346e-12
624,7,zone_3,-32.6983,-85.4288,0,0,4.11793e-12,-3.74346e-12
626,8,zone_3,-15.8729,-85.4288,0,0,4.11793e-12,-3.74346e-12
626,8,zone_3,-15.8729,-85.4288,0,0,4.11793e-12,-3.74346e-12
626,0,zone_1,-97.1424,-385.429,0,0,4.11793e-12,-3.74346e-12
626,4,zone_2,-64.4441,-285.429,0,0,4.11793e-12,-3.74346e-12
626,0,zone_1,-97.1424,-385.429,0,0,4.11793e-12,-3.74346e-12
626,4,zone_2,-64.4441,-285.429,0,0,4.11793e-12,-3.74346e-12
626,5,zone_2,-47.6187,-285.429,0,0,4.11793e-12,-3.74346e-12
626,5,zone_2,-47.6187,-285.429,0,0,4.11793e-12,-3.74346e-12
626,1,zone_1,-80.317,-385.429,0,0,4.11793e-12,-3.74346e-12
626,1,zone_1,-80.317,-385.429,0,0,4.11793e-12,-3.74346e-12
626,6,zone_3,-49.5237,-85.4288,0,0,4.11793e-12,-3.74346e-12
626,6,zone_3,-49.5237,-85.4288,0,0,4.11793e-12,-3.74346e-12
626,2,zone_1,-63.4916,-385.429,0,0,4.11793e-12,-3.74346e-12
626,2,zone_1,-63.4916,-385.429,0,0,4.11793e-12,-3.74346e-12
626,3,zone_2,-81.2695,-285.429,0,0,4.11793e-12,-3.74346e-12
626,3,zone_2,-81.2695,-285.429,0,0,4.11793e-12,-3.74346e-12
626,7,zone_3,-32.6983,-85.4288,0,0,4.11793e-12,-3.74346e-12
626,7,zone_3,-32.6983,-85.4288,0,0,4.11793e-12,-3.74346e-12
628,0,zone_1,-97.1424,-385.429,0,0,4.11793e-12,-3.74346e-12
628,0,zone_1,-97.1424,-385.429,0,0,4.11793e-12,-3.74346e-12
628,8,zone_3,-15.8729,-85.4288,0,0,4.11793e-12,-3.74346e-12
628,8,zone_3,-15.8729,-85.4288,0,0,4.11793e-12,-3.74346e-12
628,4,zone_2,-64.4441,-285.429,0,0,4.11793e-12,-3.74346e-12
628,4,zone_2,-64.4441,-285.429,0,0,4.11793e-12,-3.74346e-12
628,1,zone_1,-80.317,-385.429,0,0,4.11793e-12,-3.74346e-12
628,1,zone_1,-80.317,-385.429,0,0,4.11793e-12,-3.74346e-12
628,5,zone_2,-47.6187,-285.429,0,0,4.11793e-12,-3.74346e-12
628,5,zone_2,-47.6187,-285.429,0,0,4.11793e-12,-3.74346e-12
628,2,zone_1,-63.4916,-385.429,0,0,4.11793e-12,-3.74346e-12
628,2,zone_1,-63.4916,-385.429,0,0,4.11793e-12,-3.74346e-12
628,6,zone_3,-49.5237,-85.4288,0,0,4.11793e-12,-3.74346e-12
628,6,zone_3,-49.5237,-85.4288,0,0,4.11793e-12,-3.74346e-12
628,3,zone_2,-81.2695,-285.429,0,0,4.11793e-12,-3.74346e-12
628,3,zone_2,-81.2695,-285.429,0,0,4.11793e-12,-3.74346e-12
628,7,zone_3,-32.6983,-85.4288,0,0,4.11793e-12,-3.74346e-12
628,7,zone_3,-32.6983,-85.4288,0,0,4.11793e-12,-3.74346e-12
630,0,zone_1,-97.1424,-385.429,0,0,4.11793e-12,-3.74346e-12
630,0,zone_1,-97.1424,-385.429,0,0,4.11793e-12,-3.74346e-12
630,4,zone_2,-64.4441,-285.429,0,0,4.11793e-12,-3.74346e-12
630,4,zone_2,-64.4441,-285.429,0,0,4.11793e-12,-3.74346e-12
630,8,zone_3,-15.8729,-85.4288,0,0,4.11793e-12,-3.74346e-12
630,8,zone_3,-15.8729,-85.4288,0,0,4.11793e-12,-3.74346e-12
630,1,zone_1,-80.317,-385.429,0,0,4.11793e-12,-3.74346e-12
630,1,zone_1,-80.317,-385.429,0,0,4.11793e-12,-3.74346e-12
630,5,zone_2,-47.6187,-285.429,0,0,4.11793e-12,-3.74346e-12
630,5,zone_2,-47.6187,-285.429,0,0,4.11793e-12,-3.74346e-12
630,2,zone_1,-63.4916,-385.429,0,0,4.11793e-12,-3.74346e-12
630,2,zone_1,-63.4916,-385.429,0,0,4.11793e-12,-3.74346e-12
630,6,zone_3,-49.5237,-85.4288,0,0,4.11793e-12,-3.74346e-12
630,6,zone_3,-49.5237,-85.4288,0,0,4.11793e-12,-3.74346e-12
630,3,zone_2,-81.2695,-285.429,0,0,4.11793e-12,-3.74346e-12
630,3,zone_2,-81.2695,-285.429,0,0,4.11793e-12,-3.74346e-12
630,7,zone_3,-32.6983,-85.4288,0,0,4.11793e-12,-3.74346e-12
630,7,zone_3,-32.6983,-85.4288,0,0,4.11793e-12,-3.74346e-12
632,8,zone_3,-15.8729,-85.4288,0,0,4.11793e-12,-3.74346e-12
632,8,zone_3,-15.8729,-85.4288,0,0,4.11793e-12,-3.74346e-12
632,0,zone_1,-97.1424,-385.429,0,0,4.11793e-12,-3.74346e-12
632,0,zone_1,-97.1424,-385.429,0,0,4.11793e-12,-3.74346e-12
632,4,zone_2,-64.4441,-285.429,0,0,4.11793e-12,-3.74346e-12
632,4,zone_2,-64.4441,-285.429,0,0,4.11793e-12,-3.74346e-12
632,1,zone_1,-80.317,-385.429,0,0,4.11793e-12,-3.74346e-12
632,1,zone_1,-80.317,-385.429,0,0,4.11793e-12,-3.74346e-12
632,5,zone_2,-47.6187,-285.429,0,0,4.11793e-12,-3.74346e-12
632,5,zone_2,-47.6187,-285.429,0,0,4.11793e-12,-3.74346e-12
632,2,zone_1,-63.4916,-385.429,0,0,4.11793e-12,-3.74346e-12
632,2,zone_1,-63.4916,-385.429,0,0,4.11793e-12,-3.74346e-12
632,6,zone_3,-49.5237,-85.4288,0,0,4.11793e-12,-3.74346e-12
632,6,zone_3,-49.5237,-85.4288,0,0,4.11793e-12,-3.74346e-12
632,3,zone_2,-81.2695,-285.429,0,0,4.11793e-12,-3.74346e-12
632,3,zone_2,-81.2695,-285.429,0,0,4.11793e-12,-3.74346e-12
632,7,zone_3,-32.6983,-85.4288,0,0,4.11793e-12,-3.74346e-12
632,7,zone_3,-32.6983,-85.4288,0,0,4.11793e-12,-3.74346e-12
634,8,zone_3,-15.8729,-85.4288,0,0,4.11793e-12,-3.74346e-12
634,8,zone_3,-15.8729,-85.4288,0,0,4.11793e-12,-3.74346e-12
634,0,zone_1,-97.1424,-385.429,0,0,4.11793e-12,-3.74346e-12
634,0,zone_1,-97.1424,-385.429,0,0,4.11793e-12,-3.74346e-12
634,4,zone_2,-64.4441,-285.429,0,0,4.11793e-12,-3.74346e-12
634,4,zone_2,-64.4441,-285.429,0,0,4.11793e-12,-3.74346e-12
634,1,zone_1,-80.317,-385.429,0,0,4.11793e-12,-3.74346e-12
634,1,zone_1,-80.317,-385.429,0,0,4.11793e-12,-3.74346e-12
634,5,zone_2,-47.6187,-285.429,0,0,4.11793e-12,-3.74346e-12
634,5,zone_2,-47.6187,-285.429,0,0,4.11793e-12,-3.74346e-12
634,2,zone_1,-63.4916,-385.429,0,0,4.11793e-12,-3.74346e-12
634,2,zone_1,-63.4916,-385.429,0,0,4.11793e-12,-3.74346e-12
634,6,zone_3,-49.5237,-85.4288,0,0,4.11793e-12,-3.74346e-12
634,6,zone_3,-49.5237,-85.4288,0,0,4.11793e-12,-3.74346e-12
634,3,zone_2,-81.2695,-285.429,0,0,4.11793e-12,-3.74346e-12
634,3,zone_2,-81.2695,-285.429,0,0,4.11793e-12,-3.74346e-12
634,7,zone_3,-32.6983,-85.4288,0,0,4.11793e-12,-3.74346e-12
634,7,zone_3,-32.6983,-85.4288,0,0,4.11793e-12,-3.74346e-12
636,4,zone_2,-64.4441,-285.429,0,0,4.11793e-12,-3.74346e-12
636,4,zone_2,-64.4441,-285.429,0,0,4.11793e-12,-3.74346e-12
636,8,zone_3,-15.8729,-85.4288,0,0,4.11793e-12,-3.74346e-12
636,0,zone_1,-97.1424,-385.429,0,0,4.11793e-12,-3.74346e-12
636,8,zone_3,-15.8729,-85.4288,0,0,4.11793e-12,-3.74346e-12
636,0,zone_1,-97.1424,-385.429,0,0,4.11793e-12,-3.74346e-12
636,5,zone_2,-47.6187,-285.429,0,0,4.11793e-12,-3.74346e-12
636,5,zone_2,-47.6187,-285.429,0,0,4.11793e-12,-3.74346e-12
636,1,zone_1,-80.317,-385.429,0,0,4.11793e-12,-3.74346e-12
636,1,zone_1,-80.317,-385.429,0,0,4.11793e-12,-3.74346e-12
636,6,zone_3,-49.5237,-85.4288,0,0,4.11793e-12,-3.74346e-12
636,6,zone_3,-49.5237,-85.4288,0,0,4.11793e-12,-3.74346e-12
636,2,zone_1,-63.4916,-385.429,0,0,4.11793e-12,-3.74346e-12
636,2,zone_1,-63.4916,-385.429,0,0,4.11793e-12,-3.74346e-12
636,3,zone_2,-81.2695,-285.429,0,0,4.11793e-12,-3.74346e-12
636,7,zone_3,-32.6983,-85.4288,0,0,4.11793e-12,-3.74346e-12
636,3,zone_2,-81.2695,-285.429,0,0,4.11793e-12,-3.74346e-12
636,7,zone_3,-32.6983,-85.4288,0,0,4.11793e-12,-3.74346e-12
638,0,zone_1,-97.1424,-385.429,0,0,4.11793e-12,-3.74346e-12
638,0,zone_1,-97.1424,-385.429,0,0,4.11793e-12,-3.74346e-12
638,8,zone_3,-15.8729,-85.4288,0,0,4.11793e-12,-3.74346e-12
638,8,zone_3,-15.8729,-85.4288,0,0,4.11793e-12,-3.74346e-12
638,4,zone_2,-64.4441,-285.429,0,0,4.11793e-12,-3.74346e-12
638,4,zone_2,-64.4441,-285.429,0,0,4.11793e-12,-3.74346e-12
638,1,zone_1,-80.317,-385.429,0,0,4.11793e-12,-3.74346e-12
638,1,zone_1,-80.317,-385.429,0,0,4.11793e-12,-3.74346e-12
638,5,zone_2,-47.6187,-285.429,0,0,4.11793e-12,-3.74346e-12
638,5,zone_2,-47.6187,-285.429,0,0,4.11793e-12,-3.74346e-12
638,2,zone_1,-63.4916,-385.429,0,0,4.11793e-12,-3.74346e-12
638,2,zone_1,-63.4916,-385.429,0,0,4.11793e-12,-3.74346e-12
638,6,zone_3,-49.5237,-85.4288,0,0,4.11793e-12,-3.74346e-12
638,6,zone_3,-49.5237,-85.4288,0,0,4.11793e-12,-3.74346e-12
638,3,zone_2,-81.2695,-285.429,0,0,4.11793e-12,-3.74346e-12
638,3,zone_2,-81.2695,-285.429,0,0,4.11793e-12,-3.74346e-12
638,7,zone_3,-32.6983,-85.4288,0,0,4.11793e-12,-3.74346e-12
638,7,zone_3,-32.6983,-85.4288,0,0,4.11793e-12,-3.74346e-12
640,4,zone_2,-64.4441,-285.429,0,0,4.11793e-12,-3.74346e-12
640,8,zone_3,-15.8729,-85.4288,0,0,4.11793e-12,-3.74346e-12
640,0,zone_1,-97.1424,-385.429,0,0,4.11793e-12,-3.74346e-12
640,8,zone_3,-15.8729,-85.4288,0,0,4.11793e-12,-3.74346e-12
640,4,zone_2,-64.4441,-285.429,0,0,4.11793e-12,-3.74346e-12
640,0,zone_1,-97.1424,-385.429,0,0,4.11793e-12,-3.74346e-12
640,1,zone_1,-80.317,-385.429,0,0,4.11793e-12,-3.74346e-12
640,1,zone_1,-80.317,-385.429,0,0,4.11793e-12,-3.74346e-12
640,5,zone_2,-47.6187,-285.429,0,0,4.11793e-12,-3.74346e-12
640,5,zone_2,-47.6187,-285.429,0,0,4.11793e-12,-3.74346e-12
640,2,zone_1,-63.4916,-385.429,0,0,4.11793e-12,-3.74346e-12
640,2,zone_1,-63.4916,-385.429,0,0,4.11793e-12,-3.74346e-12
640,6,zone_3,-49.5237,-85.4288,0,0,4.11793e-12,-3.74346e-12
640,6,zone_3,-49.5237,-85.4288,0,0,4.11793e-12,-3.74346e-12
640,3,zone_2,-81.2695,-285.429,0,0,4.11793e-12,-3.74346e-12
640,3,zone_2,-81.2695,-285.429,0,0,4.11793e-12,-3.74346e-12
640,7,zone_3,-32.6983,-85.4288,0,0,4.11793e-12,-3.74346e-12
640,7,zone_3,-32.6983,-85.4288,0,0,4.11793e-12,-3.74346e-12
642,4,zone_2,-64.4441,-285.429,0,0,4.11793e-12,-3.74346e-12
642,4,zone_2,-64.4441,-285.429,0,0,4.11793e-12,-3.74346e-12
642,0,zone_1,-97.1424,-385.429,0,0,4.11793e-12,-3.74346e-12
642,0,zone_1,-97.1424,-385.429,0,0,4.11793e-12,-3.74346e-12
642,8,zone_3,-15.8729,-85.4288,0,0,4.11793e-12,-3.74346e-12
642,8,zone_3,-15.8729,-85.4288,0,0,4.11793e-12,-3.74346e-12
642,1,zone_1,-80.317,-385.429,0,0,4.11793e-12,-3.74346e-12
642,1,zone_1,-80.317,-385.429,0,0,4.11793e-12,-3.74346e-12
642,5,zone_2,-47.6187,-285.429,0,0,4.11793e-12,-3.74346e-12
642,5,zone_2,-47.6187,-285.429,0,0,4.11793e-12,-3.74346e-12
642,2,zone_1,-63.4916,-385.429,0,0,4.11793e-12,-3.74346e-12
642,2,zone_1,-63.4916,-385.429,0,0,4.11793e-12,-3.74346e-12
642,6,zone_3,-49.5237,-85.4288,0,0,4.11793e-12,-3.74346e-12
642,6,zone_3,-49.5237,-85.4288,0,0,4.11793e-12,-3.74346e-12
642,3,zone_2,-81.2695,-285.429,0,0,4.11793e-12,-3.74346e-12
642,3,zone_2,-81.2695,-285.429,0,0,4.11793e-12,-3.74346e-12
642,7,zone_3,-32.6983,-85.4288,0,0,4.11793e-12,-3.74346e-12
642,7,zone_3,-32.6983,-85.4288,0,0,4.11793e-12,-3.74346e-12
644,0,zone_1,-97.1424,-385.429,0,0,4.11793e-12,-3.74346e-12
644,0,zone_1,-97.1424,-385.429,0,0,4.11793e-12,-3.74346e-12
644,8,zone_3,-15.8729,-85.4288,0,0,4.11793e-12,-3.74346e-12
644,8,zone_3,-15.8729,-85.4288,0,0,4.11793e-12,-3.74346e-12
644,4,zone_2,-64.4441,-285.429,0,0,4.11793e-12,-3.74346e-12
644,1,zone_1,-80.317,-385.429,0,0,4.11793e-12,-3.74346e-12
644,1,zone_1,-80.317,-385.429,0,0,4.11793e-12,-3.74346e-12
644,4,zone_2,-64.4441,-285.429,0,0,4.11793e-12,-3.74346e-12
644,2,zone_1,-63.4916,-385.429,0,0,4.11793e-12,-3.74346e-12
644,2,zone_1,-63.4916,-385.429,0,0,4.11793e-12,-3.74346e-12
644,5,zone_2,-47.6187,-285.429,0,0,4.11793e-12,-3.74346e-12
644,5,zone_2,-47.6187,-285.429,0,0,4.11793e-12,-3.74346e-12
644,3,zone_2,-81.2695,-285.429,0,0,4.11793e-12,-3.74346e-12
644,3,zone_2,-81.2695,-285.429,0,0,4.11793e-12,-3.74346e-12
644,6,zone_3,-49.5237,-85.4288,0,0,4.11793e-12,-3.74346e-12
644,6,zone_3,-49.5237,-85.4288,0,0,4.11793e-12,-3.74346e-12
644,7,zone_3,-32.6983,-85.4288,0,0,4.11793e-12,-3.74346e-12
644,7,zone_3,-32.6983,-85.4288,0,0,4.11793e-12,-3.74346e-12
646,0,zone_1,-97.1424,-385.429,0,0,4.11793e-12,-3.74346e-12
646,0,zone_1,-97.1424,-385.429,0,0,4.11793e-12,-3.74346e-12
646,8,zone_3,-15.8729,-85.4288,0,0,4.11793e-12,-3.74346e-12
646,4,zone_2,-64.4441,-285.429,0,0,4.11793e-12,-3.74346e-12
646,8,zone_3,-15.8729,-85.4288,0,0,4.11793e-12,-3.74346e-12
646,4,zone_2,-64.4441,-285.429,0,0,4.11793e-12,-3.74346e-12
646,1,zone_1,-80.317,-385.429,0,0,4.11793e-12,-3.74346e-12
646,1,zone_1,-80.317,-385.429,0,0,4.11793e-12,-3.74346e-12
646,5,zone_2,-47.6187,-285.429,0,0,4.11793e-12,-3.74346e-12
646,5,zone_2,-47.6187,-285.429,0,0,4.11793e-12,-3.74346e-12
646,2,zone_1,-63.4916,-385.429,0,0,4.11793e-12,-3.74346e-12
646,2,zone_1,-63.4916,-385.429,0,0,4.11793e-12,-3.74346e-12
646,6,zone_3,-49.5237,-85.4288,0,0,4.11793e-12,-3.74346e-12
646,6,zone_3,-49.5237,-85.4288,0,0,4.11793e-12,-3.74346e-12
646,3,zone_2,-81.2695,-285.429,0,0,4.11793e-12,-3.74346e-12
646,3,zone_2,-81.2695,-285.429,0,0,4.11793e-12,-3.74346e-12
646,7,zone_3,-32.6983,-85.4288,0,0,4.11793e-12,-3.74346e-12
646,7,zone_3,-32.6983,-85.4288,0,0,4.11793e-12,-3.74346e-12
648,8,zone_3,-15.8729,-85.4288,0,0,4.11793e-12,-3.74346e-12
648,8,zone_3,-15.8729,-85.4288,0,0,4.11793e-12,-3.74346e-12
648,0,zone_1,-97.1424,-385.429,0,0,4.11793e-12,-3.74346e-12
648,0,zone_1,-97.1424,-385.429,0,0,4.11793e-12,-3.74346e-12
648,4,zone_2,-64.4441,-285.429,0,0,4.11793e-12,-3.74346e-12
648,4,zone_2,-64.4441,-285.429,0,0,4.11793e-12,-3.74346e-12
648,1,zone_1,-80.317,-385.429,0,0,4.11793e-12,-3.74346e-12
648,1,zone_1,-80.317,-385.429,0,0,4.11793e-12,-3.74346e-12
648,5,zone_2,-47.6187,-285.429,0,0,4.11793e-12,-3.74346e-12
648,5,zone_2,-47.6187,-285.429,0,0,4.11793e-12,-3.74346e-12
648,2,zone_1,-63.4916,-385.429,0,0,4.11793e-12,-3.74346e-12
648,2,zone_1,-63.4916,-385.429,0,0,4.11793e-12,-3.74346e-12
648,6,zone_3,-49.5237,-85.4288,0,0,4.11793e-12,-3.74346e-12
648,6,zone_3,-49.5237,-85.4288,0,0,4.11793e-12,-3.74346e-12
648,3,zone_2,-81.2695,-285.429,0,0,4.11793e-12,-3.74346e-12
648,3,zone_2,-81.2695,-285.429,0,0,4.11793e-12,-3.74346e-12
648,7,zone_3,-32.6983,-85.4288,0,0,4.11793e-12,-3.74346e-12
648,7,zone_3,-32.6983,-85.4288,0,0,4.11793e-12,-3.74346e-12
650,0,zone_1,-97.1424,-385.429,0,0,4.11793e-12,-3.74346e-12
650,0,zone_1,-97.1424,-385.429,0,0,4.11793e-12,-3.74346e-12
650,4,zone_2,-64.4441,-285.429,0,0,4.11793e-12,-3.74346e-12
650,4,zone_2,-64.4441,-285.429,0,0,4.11793e-12,-3.74346e-12
650,8,zone_3,-15.8729,-85.4288,0,0,4.11793e-12,-3.74346e-12
650,8,zone_3,-15.8729,-85.4288,0,0,4.11793e-12,-3.74346e-12
650,1,zone_1,-80.317,-385.429,0,0,4.11793e-12,-3.74346e-12
650,1,zone_1,-80.317,-385.429,0,0,4.11793e-12,-3.74346e-12
650,5,zone_2,-47.6187,-285.429,0,0,4.11793e-12,-3.74346e-12
650,5,zone_2,-47.6187,-285.429,0,0,4.11793e-12,-3.74346e-12
650,2,zone_1,-63.4916,-385.429,0,0,4.11793e-12,-3.74346e-12
650,2,zone_1,-63.4916,-385.429,0,0,4.11793e-12,-3.74346e-12
650,6,zone_3,-49.5237,-85.4288,0,0,4.11793e-12,-3.74346e-12
650,6,zone_3,-49.5237,-85.4288,0,0,4.11793e-12,-3.74346e-12
650,3,zone_2,-81.2695,-285.429,0,0,4.11793e-12,-3.74346e-12
650,3,zone_2,-81.2695,-285.429,0,0,4.11793e-12,-3.74346e-12
650,7,zone_3,-32.6983,-85.4288,0,0,4.11793e-12,-3.74346e-12
650,7,zone_3,-32.6983,-85.4288,0,0,4.11793e-12,-3.74346e-12
652,8,zone_3,-15.8729,-85.4288,0,0,4.11793e-12,-3.74346e-12
652,8,zone_3,-15.8729,-85.4288,0,0,4.11793e-12,-3.74346e-12
652,0,zone_1,-97.1424,-385.429,0,0,4.11793e-12,-3.74346e-12
652,0,zone_1,-97.1424,-385.429,0,0,4.11793e-12,-3.74346e-12
652,4,zone_2,-64.4441,-285.429,0,0,4.11793e-12,-3.74346e-12
652,4,zone_2,-64.4441,-285.429,0,0,4.11793e-12,-3.74346e-12
652,1,zone_1,-80.317,-385.429,0,0,4.11793e-12,-3.74346e-12
652,1,zone_1,-80.317,-385.429,0,0,4.11793e-12,-3.74346e-12
652,5,zone_2,-47.6187,-285.429,0,0,4.11793e-12,-3.74346e-12
652,5,zone_2,-47.6187,-285.429,0,0,4.11793e-12,-3.74346e-12
652,2,zone_1,-63.4916,-385.429,0,0,4.11793e-12,-3.74346e-12
652,2,zone_1,-63.4916,-385.429,0,0,4.11793e-12,-3.74346e-12
652,6,zone_3,-49.5237,-85.4288,0,0,4.11793e-12,-3.74346e-12
652,6,zone_3,-49.5237,-85.4288,0,0,4.11793e-12,-3.74346e-12
652,3,zone_2,-81.2695,-285.429,0,0,4.11793e-12,-3.74346e-12
652,3,zone_2,-81.2695,-285.429,0,0,4.11793e-12,-3.74346e-12
652,7,zone_3,-32.6983,-85.4288,0,0,4.11793e-12,-3.74346e-12
652,7,zone_3,-32.6983,-85.4288,0,0,4.11793e-12,-3.74346e-12
654,0,zone_1,-97.1424,-385.429,0,0,4.11793e-12,-3.74346e-12
654,0,zone_1,-97.1424,-385.429,0,0,4.11793e-12,-3.74346e-12
654,8,zone_3,-15.8729,-85.4288,0,0,4.11793e-12,-3.74346e-12
654,8,zone_3,-15.8729,-85.4288,0,0,4.11793e-12,-3.74346e-12
654,4,zone_2,-64.4441,-285.429,0,0,4.11793e-12,-3.74346e-12
654,4,zone_2,-64.4441,-285.429,0,0,4.11793e-12,-3.74346e-12
654,1,zone_1,-80.317,-385.429,0,0,4.11793e-12,-3.74346e-12
654,1,zone_1,-80.317,-385.429,0,0,4.11793e-12,-3.74346e-12
654,5,zone_2,-47.6187,-285.429,0,0,4.11793e-12,-3.74346e-12
654,5,zone_2,-47.6187,-285.429,0,0,4.11793e-12,-3.74346e-12
654,2,zone_1,-63.4916,-385.429,0,0,4.11793e-12,-3.74346e-12
654,2,zone_1,-63.4916,-385.429,0,0,4.11793e-12,-3.74346e-12
654,6,zone_3,-49.5237,-85.4288,0,0,4.11793e-12,-3.74346e-12
654,3,zone_2,-81.2695,-285.429,0,0,4.11793e-12,-3.74346e-12
654,6,zone_3,-49.5237,-85.4288,0,0,4.11793e-12,-3.74346e-12
654,3,zone_2,-81.2695,-285.429,0,0,4.11793e-12,-3.74346e-12
654,7,zone_3,-32.6983,-85.4288,0,0,4.11793e-12,-3.74346e-12
654,7,zone_3,-32.6983,-85.4288,0,0,4.11793e-12,-3.74346e-12
656,0,zone_1,-97.1424,-385.429,0,0,4.11793e-12,-3.74346e-12
656,0,zone_1,-97.1424,-385.429,0,0,4.11793e-12,-3.74346e-12
656,8,zone_3,-15.8729,-85.4288,0,0,4.11793e-12,-3.74346e-12
656,8,zone_3,-15.8729,-85.4288,0,0,4.11793e-12,-3.74346e-12
656,4,zone_2,-64.4441,-285.429,0,0,4.11793e-12,-3.74346e-12
656,4,zone_2,-64.4441,-285.429,0,0,4.11793e-12,-3.74346e-12
656,1,zone_1,-80.317,-385.429,0,0,4.11793e-12,-3.74346e-12
656,1,zone_1,-80.317,-385.429,0,0,4.11793e-12,-3.74346e-12
656,5,zone_2,-47.6187,-285.429,0,0,4.11793e-12,-3.74346e-12
656,5,zone_2,-47.6187,-285.429,0,0,4.11793e-12,-3.74346e-12
656,2,zone_1,-63.4916,-385.429,0,0,4.11793e-12,-3.74346e-12
656,2,zone_1,-63.4916,-385.429,0,0,4.11793e-12,-3.74346e-12
656,6,zone_3,-49.5237,-85.4288,0,0,4.11793e-12,-3.74346e-12
656,6,zone_3,-49.5237,-85.4288,0,0,4.11793e-12,-3.74346e-12
656,3,zone_2,-81.2695,-285.429,0,0,4.11793e-12,-3.74346e-12
656,3,zone_2,-81.2695,-285.429,0,0,4.11793e-12,-3.74346e-12
656,7,zone_3,-32.6983,-85.4288,0,0,4.11793e-12,-3.74346e-12
656,7,zone_3,-32.6983,-85.4288,0,0,4.11793e-12,-3.74346e-12
658,0,zone_1,-97.1424,-385.429,0,0,4.11793e-12,-3.74346e-12
658,0,zone_1,-97.1424,-385.429,0,0,4.11793e-12,-3.74346e-12
658,8,zone_3,-15.8729,-85.4288,0,0,4.11793e-12,-3.74346e-12
658,8,zone_3,-15.8729,-85.4288,0,0,4.11793e-12,-3.74346e-12
658,4,zone_2,-64.4441,-285.429,0,0,4.11793e-12,-3.74346e-12
658,4,zone_2,-64.4441,-285.429,0,0,4.11793e-12,-3.74346e-12
658,1,zone_1,-80.317,-385.429,0,0,4.11793e-12,-3.74346e-12
658,1,zone_1,-80.317,-385.429,0,0,4.11793e-12,-3.74346e-12
658,5,zone_2,-47.6187,-285.429,0,0,4.11793e-12,-3.74346e-12
658,5,zone_2,-47.6187,-285.429,0,0,4.11793e-12,-3.74346e-12
658,2,zone_1,-63.4916,-385.429,0,0,4.11793e-12,-3.74346e-12
658,2,zone_1,-63.4916,-385.429,0,0,4.11793e-12,-3.74346e-12
658,6,zone_3,-49.5237,-85.4288,0,0,4.11793e-12,-3.74346e-12
658,6,zone_3,-49.5237,-85.4288,0,0,4.11793e-12,-3.74346e-12
658,3,zone_2,-81.2695,-285.429,0,0,4.11793e-12,-3.74346e-12
658,3,zone_2,-81.2695,-285.429,0,0,4.11793e-12,-3.74346e-12
658,7,zone_3,-32.6983,-85.4288,0,0,4.11793e-12,-3.74346e-12
658,7,zone_3,-32.6983,-85.4288,0,0,4.11793e-12,-3.74346e-12
660,4,zone_2,-64.4441,-285.429,0,0,4.11793e-12,-3.74346e-12
660,4,zone_2,-64.4441,-285.429,0,0,4.11793e-12,-3.74346e-12
660,0,zone_1,-97.1424,-385.429,0,0,4.11793e-12,-3.74346e-12
660,0,zone_1,-97.1424,-385.429,0,0,4.11793e-12,-3.74346e-12
660,8,zone_3,-15.8729,-85.4288,0,0,4.11793e-12,-3.74346e-12
660,8,zone_3,-15.8729,-85.4288,0,0,4.11793e-12,-3.74346e-12
660,5,zone_2,-47.6187,-285.429,0,0,4.11793e-12,-3.74346e-12
660,5,zone_2,-47.6187,-285.429,0,0,4.11793e-12,-3.74346e-12
660,1,zone_1,-80.317,-385.429,0,0,4.11793e-12,-3.74346e-12
660,1,zone_1,-80.317,-385.429,0,0,4.11793e-12,-3.74346e-12
660,6,zone_3,-49.5237,-85.4288,0,0,4.11793e-12,-3.74346e-12
660,6,zone_3,-49.5237,-85.4288,0,0,4.11793e-12,-3.74346e-12
660,2,zone_1,-63.4916,-385.429,0,0,4.11793e-12,-3.74346e-12
660,2,zone_1,-63.4916,-385.429,0,0,4.11793e-12,-3.74346e-12
660,7,zone_3,-32.6983,-85.4288,0,0,4.11793e-12,-3.74346e-12
660,7,zone_3,-32.6983,-85.4288,0,0,4.11793e-12,-3.74346e-12
660,3,zone_2,-81.2695,-285.429,0,0,4.11793e-12,-3.74346e-12
660,3,zone_2,-81.2695,-285.429,0,0,4.11793e-12,-3.74346e-12
662,4,zone_2,-64.4441,-285.429,0,0,4.11793e-12,-3.74346e-12
662,4,zone_2,-64.4441,-285.429,0,0,4.11793e-12,-3.74346e-12
662,0,zone_1,-97.1424,-385.429,0,0,4.11793e-12,-3.74346e-12
662,0,zone_1,-97.1424,-385.429,0,0,4.11793e-12,-3.74346e-12
662,8,zone_3,-15.8729,-85.4288,0,0,4.11793e-12,-3.74346e-12
662,8,zone_3,-15.8729,-85.4288,0,0,4.11793e-12,-3.74346e-12
662,5,zone_2,-47.6187,-285.429,0,0,4.11793e-12,-3.74346e-12
662,5,zone_2,-47.6187,-285.429,0,0,4.11793e-12,-3.74346e-12
662,1,zone_1,-80.317,-385.429,0,0,4.11793e-12,-3.74346e-12
662,1,zone_1,-80.317,-385.429,0,0,4.11793e-12,-3.74346e-12
662,6,zone_3,-49.5237,-85.4288,0,0,4.11793e-12,-3.74346e-12
662,6,zone_3,-49.5237,-85.4288,0,0,4.11793e-12,-3.74346e-12
662,2,zone_1,-63.4916,-385.429,0,0,4.11793e-12,-3.74346e-12
662,2,zone_1,-63.4916,-385.429,0,0,4.11793e-12,-3.74346e-12
662,3,zone_2,-81.2695,-285.429,0,0,4.11793e-12,-3.74346e-12
662,3,zone_2,-81.2695,-285.429,0,0,4.11793e-12,-3.74346e-12
662,7,zone_3,-32.6983,-85.4288,0,0,4.11793e-12,-3.74346e-12
662,7,zone_3,-32.6983,-85.4288,0,0,4.11793e-12,-3.74346e-12
664,8,zone_3,-15.8729,-85.4288,0,0,4.11793e-12,-3.74346e-12
664,8,zone_3,-15.8729,-85.4288,0,0,4.11793e-12,-3.74346e-12
664,0,zone_1,-97.1424,-385.429,0,0,4.11793e-12,-3.74346e-12
664,0,zone_1,-97.1424,-385.429,0,0,4.11793e-12,-3.74346e-12
664,4,zone_2,-64.4441,-285.429,0,0,4.11793e-12,-3.74346e-12
664,4,zone_2,-64.4441,-285.429,0,0,4.11793e-12,-3.74346e-12
664,1,zone_1,-80.317,-385.429,0,0,4.11793e-12,-3.74346e-12
664,1,zone_1,-80.317,-385.429,0,0,4.11793e-12,-3.74346e-12
664,5,zone_2,-47.6187,-285.429,0,0,4.11793e-12,-3.74346e-12
664,5,zone_2,-47.6187,-285.429,0,0,4.11793e-12,-3.74346e-12
664,2,zone_1,-63.4916,-385.429,0,0,4.11793e-12,-3.74346e-12
664,2,zone_1,-63.4916,-385.429,0,0,4.11793e-12,-3.74346e-12
664,6,zone_3,-49.5237,-85.4288,0,0,4.11793e-12,-3.74346e-12
664,6,zone_3,-49.5237,-85.4288,0,0,4.11793e-12,-3.74346e-12
664,3,zone_2,-81.2695,-285.429,0,0,4.11793e-12,-3.74346e-12
664,3,zone_2,-81.2695,-285.429,0,0,4.11793e-12,-3.74346e-12
664,7,zone_3,-32.6983,-85.4288,0,0,4.11793e-12,-3.74346e-12
664,7,zone_3,-32.6983,-85.4288,0,0,4.11793e-12,-3.74346e-12
666,4,zone_2,-64.4441,-285.429,0,0,4.11793e-12,-3.74346e-12
666,4,zone_2,-64.4441,-285.429,0,0,4.11793e-12,-3.74346e-12
666,0,zone_1,-97.1424,-385.429,0,0,4.11793e-12,-3.74346e-12
666,0,zone_1,-97.1424,-385.429,0,0,4.11793e-12,-3.74346e-12
666,8,zone_3,-15.8729,-85.4288,0,0,4.11793e-12,-3.74346e-12
666,8,zone_3,-15.8729,-85.4288,0,0,4.11793e-12,-3.74346e-12
666,5,zone_2,-47.6187,-285.429,0,0,4.11793e-12,-3.74346e-12
666,5,zone_2,-47.6187,-285.429,0,0,4.11793e-12,-3.74346e-12
666,1,zone_1,-80.317,-385.429,0,0,4.11793e-12,-3.74346e-12
666,1,zone_1,-80.317,-385.429,0,0,4.11793e-12,-3.74346e-12
666,6,zone_3,-49.5237,-85.4288,0,0,4.11793e-12,-3.74346e-12
666,6,zone_3,-49.5237,-85.4288,0,0,4.11793e-12,-3.74346e-12
666,2,zone_1,-63.4916,-385.429,0,0,4.11793e-12,-3.74346e-12
666,2,zone_1,-63.4916,-385.429,0,0,4.11793e-12,-3.74346e-12
666,7,zone_3,-32.6983,-85.4288,0,0,4.11793e-12,-3.74346e-12
666,7,zone_3,-32.6983,-85.4288,0,0,4.11793e-12,-3.74346e-12
666,3,zone_2,-81.2695,-285.429,0,0,4.11793e-12,-3.74346e-12
666,3,zone_2,-81.2695,-285.429,0,0,4.11793e-12,-3.74346e-12
668,0,zone_1,-97.1424,-385.429,0,0,4.11793e-12,-3.74346e-12
668,8,zone_3,-15.8729,-85.4288,0,0,4.11793e-12,-3.74346e-12
668,0,zone_1,-97.1424,-385.429,0,0,4.11793e-12,-3.74346e-12
668,8,zone_3,-15.8729,-85.4288,0,0,4.11793e-12,-3.74346e-12
668,4,zone_2,-64.4441,-285.429,0,0,4.11793e-12,-3.74346e-12
668,4,zone_2,-64.4441,-285.429,0,0,4.11793e-12,-3.74346e-12
668,1,zone_1,-80.317,-385.429,0,0,4.11793e-12,-3.74346e-12
668,1,zone_1,-80.317,-385.429,0,0,4.11793e-12,-3.74346e-12
668,5,zone_2,-47.6187,-285.429,0,0,4.11793e-12,-3.74346e-12
668,5,zone_2,-47.6187,-285.429,0,0,4.11793e-12,-3.74346e-12
668,2,zone_1,-63.4916,-385.429,0,0,4.11793e-12,-3.74346e-12
668,2,zone_1,-63.4916,-385.429,0,0,4.11793e-12,-3.74346e-12
668,6,zone_3,-49.5237,-85.4288,0,0,4.11793e-12,-3.74346e-12
668,6,zone_3,-49.5237,-85.4288,0,0,4.11793e-12,-3.74346e-12
668,3,zone_2,-81.2695,-285.429,0,0,4.11793e-12,-3.74346e-12
668,3,zone_2,-81.2695,-285.429,0,0,4.11793e-12,-3.74346e-12
668,7,zone_3,-32.6983,-85.4288,0,0,4.11793e-12,-3.74346e-12
668,7,zone_3,-32.6983,-85.4288,0,0,4.11793e-12,-3.74346e-12
670,4,zone_2,-64.4441,-285.429,0,0,4.11793e-12,-3.74346e-12
670,4,zone_2,-64.4441,-285.429,0,0,4.11793e-12,-3.74346e-12
670,8,zone_3,-15.8729,-85.4288,0,0,4.11793e-12,-3.74346e-12
670,8,zone_3,-15.8729,-85.4288,0,0,4.11793e-12,-3.74346e-12
670,0,zone_1,-97.1424,-385.429,0,0,4.11793e-12,-3.74346e-12
670,0,zone_1,-97.1424,-385.429,0,0,4.11793e-12,-3.74346e-12
670,5,zone_2,-47.6187,-285.429,0,0,4.11793e-12,-3.74346e-12
670,5,zone_2,-47.6187,-285.429,0,0,4.11793e-12,-3.74346e-12
670,1,zone_1,-80.317,-385.429,0,0,4.11793e-12,-3.74346e-12
670,1,zone_1,-80.317,-385.429,0,0,4.11793e-12,-3.74346e-12
670,6,zone_3,-49.5237,-85.4288,0,0,4.11793e-12,-3.74346e-12
670,2,zone_1,-63.4916,-385.429,0,0,4.11793e-12,-3.74346e-12
670,6,zone_3,-49.5237,-85.4288,0,0,4.11793e-12,-3.74346e-12
670,2,zone_1,-63.4916,-385.429,0,0,4.11793e-12,-3.74346e-12
670,3,zone_2,-81.2695,-285.429,0,0,4.11793e-12,-3.74346e-12
670,3,zone_2,-81.2695,-285.429,0,0,4.11793e-12,-3.74346e-12
670,7,zone_3,-32.6983,-85.4288,0,0,4.11793e-12,-3.74346e-12
670,7,zone_3,-32.6983,-85.4288,0,0,4.11793e-12,-3.74346e-12
672,4,zone_2,-64.4441,-285.429,0,0,4.11793e-12,-3.74346e-12
672,4,zone_2,-64.4441,-285.429,0,0,4.11793e-12,-3.74346e-12
672,0,zone_1,-97.1424,-385.429,0,0,4.11793e-12,-3.74346e-12
672,0,zone_1,-97.1424,-385.429,0,0,4.11793e-12,-3.74346e-12
672,8,zone_3,-15.8729,-85.4288,0,0,4.11793e-12,-3.74346e-12
672,8,zone_3,-15.8729,-85.4288,0,0,4.11793e-12,-3.74346e-12
672,5,zone_2,-47.6187,-285.429,0,0,4.11793e-12,-3.74346e-12
672,5,zone_2,-47.6187,-285.429,0,0,4.11793e-12,-3.74346e-12
672,1,zone_1,-80.317,-385.429,0,0,4.11793e-12,-3.74346e-12
672,1,zone_1,-80.317,-385.429,0,0,4.11793e-12,-3.74346e-12
672,2,zone_1,-63.4916,-385.429,0,0,4.11793e-12,-3.74346e-12
672,2,zone_1,-63.4916,-385.429,0,0,4.11793e-12,-3.74346e-12
672,6,zone_3,-49.5237,-85.4288,0,0,4.11793e-12,-3.74346e-12
672,6,zone_3,-49.5237,-85.4288,0,0,4.11793e-12,-3.74346e-12
672,3,zone_2,-81.2695,-285.429,0,0,4.11793e-12,-3.74346e-12
672,3,zone_2,-81.2695,-285.429,0,0,4.11793e-12,-3.74346e-12
672,7,zone_3,-32.6983,-85.4288,0,0,4.11793e-12,-3.74346e-12
672,7,zone_3,-32.6983,-85.4288,0,0,4.11793e-12,-3.74346e-12
674,8,zone_3,-15.8729,-85.4288,0,0,4.11793e-12,-3.74346e-12
674,8,zone_3,-15.8729,-85.4288,0,0,4.11793e-12,-3.74346e-12
674,0,zone_1,-97.1424,-385.429,0,0,4.11793e-12,-3.74346e-12
674,0,zone_1,-97.1424,-385.429,0,0,4.11793e-12,-3.74346e-12
674,4,zone_2,-64.4441,-285.429,0,0,4.11793e-12,-3.74346e-12
674,4,zone_2,-64.4441,-285.429,0,0,4.11793e-12,-3.74346e-12
674,1,zone_1,-80.317,-385.429,0,0,4.11793e-12,-3.74346e-12
674,1,zone_1,-80.317,-385.429,0,0,4.11793e-12,-3.74346e-12
674,5,zone_2,-47.6187,-285.429,0,0,4.11793e-12,-3.74346e-12
674,5,zone_2,-47.6187,-285.429,0,0,4.11793e-12,-3.74346e-12
674,2,zone_1,-63.4916,-385.429,0,0,4.11793e-12,-3.74346e-12
674,2,zone_1,-63.4916,-385.429,0,0,4.11793e-12,-3.74346e-12
674,6,zone_3,-49.5237,-85.4288,0,0,4.11793e-12,-3.74346e-12
674,6,zone_3,-49.5237,-85.4288,0,0,4.11793e-12,-3.74346e-12
674,3,zone_2,-81.2695,-285.429,0,0,4.11793e-12,-3.74346e-12
674,3,zone_2,-81.2695,-285.429,0,0,4.11793e-12,-3.74346e-12
674,7,zone_3,-32.6983,-85.4288,0,0,4.11793e-12,-3.74346e-12
674,7,zone_3,-32.6983,-85.4288,0,0,4.11793e-12,-3.74346e-12
676,8,zone_3,-15.8729,-85.4288,0,0,4.11793e-12,-3.74346e-12
676,8,zone_3,-15.8729,-85.4288,0,0,4.11793e-12,-3.74346e-12
676,0,zone_1,-97.1424,-385.429,0,0,4.11793e-12,-3.74346e-12
676,0,zone_1,-97.1424,-385.429,0,0,4.11793e-12,-3.74346e-12
676,4,zone_2,-64.4441,-285.429,0,0,4.11793e-12,-3.74346e-12
676,4,zone_2,-64.4441,-285.429,0,0,4.11793e-12,-3.74346e-12
676,1,zone_1,-80.317,-385.429,0,0,4.11793e-12,-3.74346e-12
676,1,zone_1,-80.317,-385.429,0,0,4.11793e-12,-3.74346e-12
676,5,zone_2,-47.6187,-285.429,0,0,4.11793e-12,-3.74346e-12
676,5,zone_2,-47.6187,-285.429,0,0,4.11793e-12,-3.74346e-12
676,2,zone_1,-63.4916,-385.429,0,0,4.11793e-12,-3.74346e-12
676,2,zone_1,-63.4916,-385.429,0,0,4.11793e-12,-3.74346e-12
676,6,zone_3,-49.5237,-85.4288,0,0,4.11793e-12,-3.74346e-12
676,6,zone_3,-49.5237,-85.4288,0,0,4.11793e-12,-3.74346e-12
676,3,zone_2,-81.2695,-285.429,0,0,4.11793e-12,-3.74346e-12
676,3,zone_2,-81.2695,-285.429,0,0,4.11793e-12,-3.74346e-12
676,7,zone_3,-32.6983,-85.4288,0,0,4.11793e-12,-3.74346e-12
676,7,zone_3,-32.6983,-85.4288,0,0,4.11793e-12,-3.74346e-12
678,8,zone_3,-15.8729,-85.4288,0,0,4.11793e-12,-3.74346e-12
678,8,zone_3,-15.8729,-85.4288,0,0,4.11793e-12,-3.74346e-12
678,0,zone_1,-97.1424,-385.429,0,0,4.11793e-12,-3.74346e-12
678,0,zone_1,-97.1424,-385.429,0,0,4.11793e-12,-3.74346e-12
678,4,zone_2,-64.4441,-285.429,0,0,4.11793e-12,-3.74346e-12
678,4,zone_2,-64.4441,-285.429,0,0,4.11793e-12,-3.74346e-12
678,1,zone_1,-80.317,-385.429,0,0,4.11793e-12,-3.74346e-12
678,1,zone_1,-80.317,-385.429,0,0,4.11793e-12,-3.74346e-12
678,5,zone_2,-47.6187,-285.429,0,0,4.11793e-12,-3.74346e-12
678,5,zone_2,-47.6187,-285.429,0,0,4.11793e-12,-3.74346e-12
678,2,zone_1,-63.4916,-385.429,0,0,4.11793e-12,-3.74346e-12
678,2,zone_1,-63.4916,-385.429,0,0,4.11793e-12,-3.74346e-12
678,6,zone_3,-49.5237,-85.4288,0,0,4.11793e-12,-3.74346e-12
678,6,zone_3,-49.5237,-85.4288,0,0,4.11793e-12,-3.74346e-12
678,3,zone_2,-81.2695,-285.429,0,0,4.11793e-12,-3.74346e-12
678,3,zone_2,-81.2695,-285.429,0,0,4.11793e-12,-3.74346e-12
678,7,zone_3,-32.6983,-85.4288,0,0,4.11793e-12,-3.74346e-12
678,7,zone_3,-32.6983,-85.4288,0,0,4.11793e-12,-3.74346e-12
680,4,zone_2,-64.4441,-285.429,0,0,4.11793e-12,-3.74346e-12
680,4,zone_2,-64.4441,-285.429,0,0,4.11793e-12,-3.74346e-12
680,0,zone_1,-97.1424,-385.429,0,0,4.11793e-12,-3.74346e-12
680,0,zone_1,-97.1424,-385.429,0,0,4.11793e-12,-3.74346e-12
680,8,zone_3,-15.8729,-85.4288,0,0,4.11793e-12,-3.74346e-12
680,8,zone_3,-15.8729,-85.4288,0,0,4.11793e-12,-3.74346e-12
680,1,zone_1,-80.317,-385.429,0,0,4.11793e-12,-3.74346e-12
680,1,zone_1,-80.317,-385.429,0,0,4.11793e-12,-3.74346e-12
680,5,zone_2,-47.6187,-285.429,0,0,4.11793e-12,-3.74346e-12
680,5,zone_2,-47.6187,-285.429,0,0,4.11793e-12,-3.74346e-12
680,2,zone_1,-63.4916,-385.429,0,0,4.11793e-12,-3.74346e-12
680,2,zone_1,-63.4916,-385.429,0,0,4.11793e-12,-3.74346e-12
680,6,zone_3,-49.5237,-85.4288,0,0,4.11793e-12,-3.74346e-12
680,6,zone_3,-49.5237,-85.4288,0,0,4.11793e-12,-3.74346e-12
680,3,zone_2,-81.2695,-285.429,0,0,4.11793e-12,-3.74346e-12
680,3,zone_2,-81.2695,-285.429,0,0,4.11793e-12,-3.74346e-12
680,7,zone_3,-32.6983,-85.4288,0,0,4.11793e-12,-3.74346e-12
680,7,zone_3,-32.6983,-85.4288,0,0,4.11793e-12,-3.74346e-12
682,4,zone_2,-64.4441,-285.429,0,0,4.11793e-12,-3.74346e-12
682,4,zone_2,-64.4441,-285.429,0,0,4.11793e-12,-3.74346e-12
682,0,zone_1,-97.1424,-385.429,0,0,4.11793e-12,-3.74346e-12
682,0,zone_1,-97.1424,-385.429,0,0,4.11793e-12,-3.74346e-12
682,8,zone_3,-15.8729,-85.4288,0,0,4.11793e-12,-3.74346e-12
682,8,zone_3,-15.8729,-85.4288,0,0,4.11793e-12,-3.74346e-12
682,5,zone_2,-47.6187,-285.429,0,0,4.11793e-12,-3.74346e-12
682,5,zone_2,-47.6187,-285.429,0,0,4.11793e-12,-3.74346e-12
682,1,zone_1,-80.317,-385.429,0,0,4.11793e-12,-3.74346e-12
682,1,zone_1,-80.317,-385.429,0,0,4.11793e-12,-3.74346e-12
682,6,zone_3,-49.5237,-85.4288,0,0,4.11793e-12,-3.74346e-12
682,2,zone_1,-63.4916,-385.429,0,0,4.11793e-12,-3.74346e-12
682,6,zone_3,-49.5237,-85.4288,0,0,4.11793e-12,-3.74346e-12
682,2,zone_1,-63.4916,-385.429,0,0,4.11793e-12,-3.74346e-12
682,3,zone_2,-81.2695,-285.429,0,0,4.11793e-12,-3.74346e-12
682,3,zone_2,-81.2695,-285.429,0,0,4.11793e-12,-3.74346e-12
682,7,zone_3,-32.6983,-85.4288,0,0,4.11793e-12,-3.74346e-12
682,7,zone_3,-32.6983,-85.4288,0,0,4.11793e-12,-3.74346e-12
684,4,zone_2,-64.4441,-285.429,0,0,4.11793e-12,-3.74346e-12
684,4,zone_2,-64.4441,-285.429,0,0,4.11793e-12,-3.74346e-12
684,0,zone_1,-97.1424,-385.429,0,0,4.11793e-12,-3.74346e-12
684,0,zone_1,-97.1424,-385.429,0,0,4.11793e-12,-3.74346e-12
684,8,zone_3,-15.8729,-85.4288,0,0,4.11793e-12,-3.74346e-12
684,8,zone_3,-15.8729,-85.4288,0,0,4.11793e-12,-3.74346e-12
684,5,zone_2,-47.6187,-285.429,0,0,4.11793e-12,-3.74346e-12
684,5,zone_2,-47.6187,-285.429,0,0,4.11793e-12,-3.74346e-12
684,1,zone_1,-80.317,-385.429,0,0,4.11793e-12,-3.74346e-12
684,1,zone_1,-80.317,-385.429,0,0,4.11793e-12,-3.74346e-12
684,6,zone_3,-49.5237,-85.4288,0,0,4.11793e-12,-3.74346e-12
684,6,zone_3,-49.5237,-85.4288,0,0,4.11793e-12,-3.74346e-12
684,2,zone_1,-63.4916,-385.429,0,0,4.11793e-12,-3.74346e-12
684,2,zone_1,-63.4916,-385.429,0,0,4.11793e-12,-3.74346e-12
684,3,zone_2,-81.2695,-285.429,0,0,4.11793e-12,-3.74346e-12
684,3,zone_2,-81.2695,-285.429,0,0,4.11793e-12,-3.74346e-12
684,7,zone_3,-32.6983,-85.4288,0,0,4.11793e-12,-3.74346e-12
684,7,zone_3,-32.6983,-85.4288,0,0,4.11793e-12,-3.74346e-12
686,0,zone_1,-97.1424,-385.429,0,0,4.11793e-12,-3.74346e-12
686,0,zone_1,-97.1424,-385.429,0,0,4.11793e-12,-3.74346e-12
686,8,zone_3,-15.8729,-85.4288,0,0,4.11793e-12,-3.74346e-12
686,8,zone_3,-15.8729,-85.4288,0,0,4.11793e-12,-3.74346e-12
686,4,zone_2,-64.4441,-285.429,0,0,4.11793e-12,-3.74346e-12
686,4,zone_2,-64.4441,-285.429,0,0,4.11793e-12,-3.74346e-12
686,1,zone_1,-80.317,-385.429,0,0,4.11793e-12,-3.74346e-12
686,1,zone_1,-80.317,-385.429,0,0,4.11793e-12,-3.74346e-12
686,5,zone_2,-47.6187,-285.429,0,0,4.11793e-12,-3.74346e-12
686,5,zone_2,-47.6187,-285.429,0,0,4.11793e-12,-3.74346e-12
686,2,zone_1,-63.4916,-385.429,0,0,4.11793e-12,-3.74346e-12
686,2,zone_1,-63.4916,-385.429,0,0,4.11793e-12,-3.74346e-12
686,6,zone_3,-49.5237,-85.4288,0,0,4.11793e-12,-3.74346e-12
686,6,zone_3,-49.5237,-85.4288,0,0,4.11793e-12,-3.74346e-12
686,3,zone_2,-81.2695,-285.429,0,0,4.11793e-12,-3.74346e-12
686,3,zone_2,-81.2695,-285.429,0,0,4.11793e-12,-3.74346e-12
686,7,zone_3,-32.6983,-85.4288,0,0,4.11793e-12,-3.74346e-12
686,7,zone_3,-32.6983,-85.4288,0,0,4.11793e-12,-3.74346e-12
688,0,zone_1,-97.1424,-385.429,0,0,4.11793e-12,-3.74346e-12
688,0,zone_1,-97.1424,-385.429,0,0,4.11793e-12,-3.74346e-12
688,8,zone_3,-15.8729,-85.4288,0,0,4.11793e-12,-3.74346e-12
688,8,zone_3,-15.8729,-85.4288,0,0,4.11793e-12,-3.74346e-12
688,4,zone_2,-64.4441,-285.429,0,0,4.11793e-12,-3.74346e-12
688,4,zone_2,-64.4441,-285.429,0,0,4.11793e-12,-3.74346e-12
688,1,zone_1,-80.317,-385.429,0,0,4.11793e-12,-3.74346e-12
688,1,zone_1,-80.317,-385.429,0,0,4.11793e-12,-3.74346e-12
688,5,zone_2,-47.6187,-285.429,0,0,4.11793e-12,-3.74346e-12
688,5,zone_2,-47.6187,-285.429,0,0,4.11793e-12,-3.74346e-12
688,2,zone_1,-63.4916,-385.429,0,0,4.11793e-12,-3.74346e-12
688,2,zone_1,-63.4916,-385.429,0,0,4.11793e-12,-3.74346e-12
688,3,zone_2,-81.2695,-285.429,0,0,4.11793e-12,-3.74346e-12
688,6,zone_3,-49.5237,-85.4288,0,0,4.11793e-12,-3.74346e-12
688,3,zone_2,-81.2695,-285.429,0,0,4.11793e-12,-3.74346e-12
688,6,zone_3,-49.5237,-85.4288,0,0,4.11793e-12,-3.74346e-12
688,7,zone_3,-32.6983,-85.4288,0,0,4.11793e-12,-3.74346e-12
688,7,zone_3,-32.6983,-85.4288,0,0,4.11793e-12,-3.74346e-12
690,4,zone_2,-64.4441,-285.429,0,0,4.11793e-12,-3.74346e-12
690,4,zone_2,-64.4441,-285.429,0,0,4.11793e-12,-3.74346e-12
690,0,zone_1,-97.1424,-385.429,0,0,4.11793e-12,-3.74346e-12
690,0,zone_1,-97.1424,-385.429,0,0,4.11793e-12,-3.74346e-12
690,8,zone_3,-15.8729,-85.4288,0,0,4.11793e-12,-3.74346e-12
690,8,zone_3,-15.8729,-85.4288,0,0,4.11793e-12,-3.74346e-12
690,5,zone_2,-47.6187,-285.429,0,0,4.11793e-12,-3.74346e-12
690,5,zone_2,-47.6187,-285.429,0,0,4.11793e-12,-3.74346e-12
690,1,zone_1,-80.317,-385.429,0,0,4.11793e-12,-3.74346e-12
690,1,zone_1,-80.317,-385.429,0,0,4.11793e-12,-3.74346e-12
690,6,zone_3,-49.5237,-85.4288,0,0,4.11793e-12,-3.74346e-12
690,6,zone_3,-49.5237,-85.4288,0,0,4.11793e-12,-3.74346e-12
690,2,zone_1,-63.4916,-385.429,0,0,4.11793e-12,-3.74346e-12
690,2,zone_1,-63.4916,-385.429,0,0,4.11793e-12,-3.74346e-12
690,7,zone_3,-32.6983,-85.4288,0,0,4.11793e-12,-3.74346e-12
690,7,zone_3,-32.6983,-85.4288,0,0,4.11793e-12,-3.74346e-12
690,3,zone_2,-81.2695,-285.429,0,0,4.11793e-12,-3.74346e-12
690,3,zone_2,-81.2695,-285.429,0,0,4.11793e-12,-3.74346e-12
692,0,zone_1,-97.1424,-385.429,0,0,4.11793e-12,-3.74346e-12
692,0,zone_1,-97.1424,-385.429,0,0,4.11793e-12,-3.74346e-12
692,4,zone_2,-64.4441,-285.429,0,0,4.11793e-12,-3.74346e-12
692,4,zone_2,-64.4441,-285.429,0,0,4.11793e-12,-3.74346e-12
692,8,zone_3,-15.8729,-85.4288,0,0,4.11793e-12,-3.74346e-12
692,8,zone_3,-15.8729,-85.4288,0,0,4.11793e-12,-3.74346e-12
692,1,zone_1,-80.317,-385.429,0,0,4.11793e-12,-3.74346e-12
692,1,zone_1,-80.317,-385.429,0,0,4.11793e-12,-3.74346e-12
692,5,zone_2,-47.6187,-285.429,0,0,4.11793e-12,-3.74346e-12
692,5,zone_2,-47.6187,-285.429,0,0,4.11793e-12,-3.74346e-12
692,2,zone_1,-63.4916,-385.429,0,0,4.11793e-12,-3.74346e-12
692,2,zone_1,-63.4916,-385.429,0,0,4.11793e-12,-3.74346e-12
692,6,zone_3,-49.5237,-85.4288,0,0,4.11793e-12,-3.74346e-12
692,3,zone_2,-81.2695,-285.429,0,0,4.11793e-12,-3.74346e-12
692,3,zone_2,-81.2695,-285.429,0,0,4.11793e-12,-3.74346e-12
692,6,zone_3,-49.5237,-85.4288,0,0,4.11793e-12,-3.74346e-12
692,7,zone_3,-32.6983,-85.4288,0,0,4.11793e-12,-3.74346e-12
692,7,zone_3,-32.6983,-85.4288,0,0,4.11793e-12,-3.74346e-12
694,0,zone_1,-97.1424,-385.429,0,0,4.11793e-12,-3.74346e-12
694,0,zone_1,-97.1424,-385.429,0,0,4.11793e-12,-3.74346e-12
694,4,zone_2,-64.4441,-285.429,0,0,4.11793e-12,-3.74346e-12
694,8,zone_3,-15.8729,-85.4288,0,0,4.11793e-12,-3.74346e-12
694,4,zone_2,-64.4441,-285.429,0,0,4.11793e-12,-3.74346e-12
694,8,zone_3,-15.8729,-85.4288,0,0,4.11793e-12,-3.74346e-12
694,1,zone_1,-80.317,-385.429,0,0,4.11793e-12,-3.74346e-12
694,1,zone_1,-80.317,-385.429,0,0,4.11793e-12,-3.74346e-12
694,5,zone_2,-47.6187,-285.429,0,0,4.11793e-12,-3.74346e-12
694,5,zone_2,-47.6187,-285.429,0,0,4.11793e-12,-3.74346e-12
694,2,zone_1,-63.4916,-385.429,0,0,4.11793e-12,-3.74346e-12
694,2,zone_1,-63.4916,-385.429,0,0,4.11793e-12,-3.74346e-12
694,6,zone_3,-49.5237,-85.4288,0,0,4.11793e-12,-3.74346e-12
694,6,zone_3,-49.5237,-85.4288,0,0,4.11793e-12,-3.74346e-12
694,3,zone_2,-81.2695,-285.429,0,0,4.11793e-12,-3.74346e-12
694,3,zone_2,-81.2695,-285.429,0,0,4.11793e-12,-3.74346e-12
694,7,zone_3,-32.6983,-85.4288,0,0,4.11793e-12,-3.74346e-12
694,7,zone_3,-32.6983,-85.4288,0,0,4.11793e-12,-3.74346e-12
696,4,zone_2,-64.4441,-285.429,0,0,4.11793e-12,-3.74346e-12
696,4,zone_2,-64.4441,-285.429,0,0,4.11793e-12,-3.74346e-12
696,0,zone_1,-97.1424,-385.429,0,0,4.11793e-12,-3.74346e-12
696,0,zone_1,-97.1424,-385.429,0,0,4.11793e-12,-3.74346e-12
696,8,zone_3,-15.8729,-85.4288,0,0,4.11793e-12,-3.74346e-12
696,8,zone_3,-15.8729,-85.4288,0,0,4.11793e-12,-3.74346e-12
696,5,zone_2,-47.6187,-285.429,0,0,4.11793e-12,-3.74346e-12
696,5,zone_2,-47.6187,-285.429,0,0,4.11793e-12,-3.74346e-12
696,1,zone_1,-80.317,-385.429,0,0,4.11793e-12,-3.74346e-12
696,1,zone_1,-80.317,-385.429,0,0,4.11793e-12,-3.74346e-12
696,6,zone_3,-49.5237,-85.4288,0,0,4.11793e-12,-3.74346e-12
696,2,zone_1,-63.4916,-385.429,0,0,4.11793e-12,-3.74346e-12
696,6,zone_3,-49.5237,-85.4288,0,0,4.11793e-12,-3.74346e-12
696,2,zone_1,-63.4916,-385.429,0,0,4.11793e-12,-3.74346e-12
696,3,zone_2,-81.2695,-285.429,0,0,4.11793e-12,-3.74346e-12
696,3,zone_2,-81.2695,-285.429,0,0,4.11793e-12,-3.74346e-12
696,7,zone_3,-32.6983,-85.4288,0,0,4.11793e-12,-3.74346e-12
696,7,zone_3,-32.6983,-85.4288,0,0,4.11793e-12,-3.74346e-12
698,0,zone_1,-97.1424,-385.429,0,0,4.11793e-12,-3.74346e-12
698,0,zone_1,-97.1424,-385.429,0,0,4.11793e-12,-3.74346e-12
698,4,zone_2,-64.4441,-285.429,0,0,4.11793e-12,-3.74346e-12
698,4,zone_2,-64.4441,-285.429,0,0,4.11793e-12,-3.74346e-12
698,8,zone_3,-15.8729,-85.4288,0,0,4.11793e-12,-3.74346e-12
698,8,zone_3,-15.8729,-85.4288,0,0,4.11793e-12,-3.74346e-12
698,1,zone_1,-80.317,-385.429,0,0,4.11793e-12,-3.74346e-12
698,1,zone_1,-80.317,-385.429,0,0,4.11793e-12,-3.74346e-12
698,5,zone_2,-47.6187,-285.429,0,0,4.11793e-12,-3.74346e-12
698,5,zone_2,-47.6187,-285.429,0,0,4.11793e-12,-3.74346e-12
698,2,zone_1,-63.4916,-385.429,0,0,4.11793e-12,-3.74346e-12
698,2,zone_1,-63.4916,-385.429,0,0,4.11793e-12,-3.74346e-12
698,6,zone_3,-49.5237,-85.4288,0,0,4.11793e-12,-3.74346e-12
698,6,zone_3,-49.5237,-85.4288,0,0,4.11793e-12,-3.74346e-12
698,3,zone_2,-81.2695,-285.429,0,0,4.11793e-12,-3.74346e-12
698,3,zone_2,-81.2695,-285.429,0,0,4.11793e-12,-3.74346e-12
698,7,zone_3,-32.6983,-85.4288,0,0,4.11793e-12,-3.74346e-12
698,7,zone_3,-32.6983,-85.4288,0,0,4.11793e-12,-3.74346e-12
700,0,zone_1,-97.1424,-385.429,0,0,4.11793e-12,-3.74346e-12
700,0,zone_1,-97.1424,-385.429,0,0,4.11793e-12,-3.74346e-12
700,8,zone_3,-15.8729,-85.4288,0,0,4.11793e-12,-3.74346e-12
700,8,zone_3,-15.8729,-85.4288,0,0,4.11793e-12,-3.74346e-12
700,4,zone_2,-64.4441,-285.429,0,0,4.11793e-12,-3.74346e-12
700,4,zone_2,-64.4441,-285.429,0,0,4.11793e-12,-3.74346e-12
700,1,zone_1,-80.317,-385.429,0,0,4.11793e-12,-3.74346e-12
700,1,zone_1,-80.317,-385.429,0,0,4.11793e-12,-3.74346e-12
700,5,zone_2,-47.6187,-285.429,0,0,4.11793e-12,-3.74346e-12
700,5,zone_2,-47.6187,-285.429,0,0,4.11793e-12,-3.74346e-12
700,2,zone_1,-63.4916,-385.429,0,0,4.11793e-12,-3.74346e-12
700,2,zone_1,-63.4916,-385.429,0,0,4.11793e-12,-3.74346e-12
700,6,zone_3,-49.5237,-85.4288,0,0,4.11793e-12,-3.74346e-12
700,3,zone_2,-81.2695,-285.429,0,0,4.11793e-12,-3.74346e-12
700,3,zone_2,-81.2695,-285.429,0,0,4.11793e-12,-3.74346e-12
700,6,zone_3,-49.5237,-85.4288,0,0,4.11793e-12,-3.74346e-12
700,7,zone_3,-32.6983,-85.4288,0,0,4.11793e-12,-3.74346e-12
700,7,zone_3,-32.6983,-85.4288,0,0,4.11793e-12,-3.74346e-12
702,0,zone_1,-97.1424,-385.429,0,0,4.11793e-12,-3.74346e-12
702,0,zone_1,-97.1424,-385.429,0,0,4.11793e-12,-3.74346e-12
702,4,zone_2,-64.4441,-285.429,0,0,4.11793e-12,-3.74346e-12
702,4,zone_2,-64.4441,-285.429,0,0,4.11793e-12,-3.74346e-12
702,8,zone_3,-15.8729,-85.4288,0,0,4.11793e-12,-3.74346e-12
702,8,zone_3,-15.8729,-85.4288,0,0,4.11793e-12,-3.74346e-12
702,1,zone_1,-80.317,-385.429,0,0,4.11793e-12,-3.74346e-12
702,1,zone_1,-80.317,-385.429,0,0,4.11793e-12,-3.74346e-12
702,5,zone_2,-47.6187,-285.429,0,0,4.11793e-12,-3.74346e-12
702,5,zone_2,-47.6187,-285.429,0,0,4.11793e-12,-3.74346e-12
702,2,zone_1,-63.4916,-385.429,0,0,4.11793e-12,-3.74346e-12
702,2,zone_1,-63.4916,-385.429,0,0,4.11793e-12,-3.74346e-12
702,6,zone_3,-49.5237,-85.4288,0,0,4.11793e-12,-3.74346e-12
702,6,zone_3,-49.5237,-85.4288,0,0,4.11793e-12,-3.74346e-12
702,3,zone_2,-81.2695,-285.429,0,0,4.11793e-12,-3.74346e-12
702,3,zone_2,-81.2695,-285.429,0,0,4.11793e-12,-3.74346e-12
702,7,zone_3,-32.6983,-85.4288,0,0,4.11793e-12,-3.74346e-12
702,7,zone_3,-32.6983,-85.4288,0,0,4.11793e-12,-3.74346e-12
704,8,zone_3,-15.8729,-85.4288,0,0,4.11793e-12,-3.74346e-12
704,8,zone_3,-15.8729,-85.4288,0,0,4.11793e-12,-3.74346e-12
704,0,zone_1,-97.1424,-385.429,0,0,4.11793e-12,-3.74346e-12
704,0,zone_1,-97.1424,-385.429,0,0,4.11793e-12,-3.74346e-12
704,4,zone_2,-64.4441,-285.429,0,0,4.11793e-12,-3.74346e-12
704,4,zone_2,-64.4441,-285.429,0,0,4.11793e-12,-3.74346e-12
704,1,zone_1,-80.317,-385.429,0,0,4.11793e-12,-3.74346e-12
704,1,zone_1,-80.317,-385.429,0,0,4.11793e-12,-3.74346e-12
704,5,zone_2,-47.6187,-285.429,0,0,4.11793e-12,-3.74346e-12
704,5,zone_2,-47.6187,-285.429,0,0,4.11793e-12,-3.74346e-12
704,2,zone_1,-63.4916,-385.429,0,0,4.11793e-12,-3.74346e-12
704,2,zone_1,-63.4916,-385.429,0,0,4.11793e-12,-3.74346e-12
704,6,zone_3,-49.5237,-85.4288,0,0,4.11793e-12,-3.74346e-12
704,6,zone_3,-49.5237,-85.4288,0,0,4.11793e-12,-3.74346e-12
704,3,zone_2,-81.2695,-285.429,0,0,4.11793e-12,-3.74346e-12
704,3,zone_2,-81.2695,-285.429,0,0,4.11793e-12,-3.74346e-12
704,7,zone_3,-32.6983,-85.4288,0,0,4.11793e-12,-3.74346e-12
704,7,zone_3,-32.6983,-85.4288,0,0,4.11793e-12,-3.74346e-12
706,4,zone_2,-64.4441,-285.429,0,0,4.11793e-12,-3.74346e-12
706,4,zone_2,-64.4441,-285.429,0,0,4.11793e-12,-3.74346e-12
706,8,zone_3,-15.8729,-85.4288,0,0,4.11793e-12,-3.74346e-12
706,0,zone_1,-97.1424,-385.429,0,0,4.11793e-12,-3.74346e-12
706,8,zone_3,-15.8729,-85.4288,0,0,4.11793e-12,-3.74346e-12
706,0,zone_1,-97.1424,-385.429,0,0,4.11793e-12,-3.74346e-12
706,5,zone_2,-47.6187,-285.429,0,0,4.11793e-12,-3.74346e-12
706,5,zone_2,-47.6187,-285.429,0,0,4.11793e-12,-3.74346e-12
706,1,zone_1,-80.317,-385.429,0,0,4.11793e-12,-3.74346e-12
706,1,zone_1,-80.317,-385.429,0,0,4.11793e-12,-3.74346e-12
706,6,zone_3,-49.5237,-85.4288,0,0,4.11793e-12,-3.74346e-12
706,6,zone_3,-49.5237,-85.4288,0,0,4.11793e-12,-3.74346e-12
706,2,zone_1,-63.4916,-385.429,0,0,4.11793e-12,-3.74346e-12
706,2,zone_1,-63.4916,-385.429,0,0,4.11793e-12,-3.74346e-12
706,7,zone_3,-32.6983,-85.4288,0,0,4.11793e-12,-3.74346e-12
706,7,zone_3,-32.6983,-85.4288,0,0,4.11793e-12,-3.74346e-12
706,3,zone_2,-81.2695,-285.429,0,0,4.11793e-12,-3.74346e-12
706,3,zone_2,-81.2695,-285.429,0,0,4.11793e-12,-3.74346e-12
708,4,zone_2,-64.4441,-285.429,0,0,4.11793e-12,-3.74346e-12
708,4,zone_2,-64.4441,-285.429,0,0,4.11793e-12,-3.74346e-12
708,0,zone_1,-97.1424,-385.429,0,0,4.11793e-12,-3.74346e-12
708,0,zone_1,-97.1424,-385.429,0,0,4.11793e-12,-3.74346e-12
708,8,zone_3,-15.8729,-85.4288,0,0,4.11793e-12,-3.74346e-12
708,8,zone_3,-15.8729,-85.4288,0,0,4.11793e-12,-3.74346e-12
708,5,zone_2,-47.6187,-285.429,0,0,4.11793e-12,-3.74346e-12
708,5,zone_2,-47.6187,-285.429,0,0,4.11793e-12,-3.74346e-12
708,1,zone_1,-80.317,-385.429,0,0,4.11793e-12,-3.74346e-12
708,1,zone_1,-80.317,-385.429,0,0,4.11793e-12,-3.74346e-12
708,6,zone_3,-49.5237,-85.4288,0,0,4.11793e-12,-3.74346e-12
708,6,zone_3,-49.5237,-85.4288,0,0,4.11793e-12,-3.74346e-12
708,2,zone_1,-63.4916,-385.429,0,0,4.11793e-12,-3.74346e-12
708,2,zone_1,-63.4916,-385.429,0,0,4.11793e-12,-3.74346e-12
708,3,zone_2,-81.2695,-285.429,0,0,4.11793e-12,-3.74346e-12
708,7,zone_3,-32.6983,-85.4288,0,0,4.11793e-12,-3.74346e-12
708,3,zone_2,-81.2695,-285.429,0,0,4.11793e-12,-3.74346e-12
708,7,zone_3,-32.6983,-85.4288,0,0,4.11793e-12,-3.74346e-12
710,0,zone_1,-97.1424,-385.429,0,0,4.11793e-12,-3.74346e-12
710,0,zone_1,-97.1424,-385.429,0,0,4.11793e-12,-3.74346e-12
710,8,zone_3,-15.8729,-85.4288,0,0,4.11793e-12,-3.74346e-12
710,8,zone_3,-15.8729,-85.4288,0,0,4.11793e-12,-3.74346e-12
710,4,zone_2,-64.4441,-285.429,0,0,4.11793e-12,-3.74346e-12
710,4,zone_2,-64.4441,-285.429,0,0,4.11793e-12,-3.74346e-12
710,1,zone_1,-80.317,-385.429,0,0,4.11793e-12,-3.74346e-12
710,1,zone_1,-80.317,-385.429,0,0,4.11793e-12,-3.74346e-12
710,5,zone_2,-47.6187,-285.429,0,0,4.11793e-12,-3.74346e-12
710,5,zone_2,-47.6187,-285.429,0,0,4.11793e-12,-3.74346e-12
710,2,zone_1,-63.4916,-385.429,0,0,4.11793e-12,-3.74346e-12
710,2,zone_1,-63.4916,-385.429,0,0,4.11793e-12,-3.74346e-12
710,6,zone_3,-49.5237,-85.4288,0,0,4.11793e-12,-3.74346e-12
710,6,zone_3,-49.5237,-85.4288,0,0,4.11793e-12,-3.74346e-12
710,3,zone_2,-81.2695,-285.429,0,0,4.11793e-12,-3.74346e-12
710,3,zone_2,-81.2695,-285.429,0,0,4.11793e-12,-3.74346e-12
710,7,zone_3,-32.6983,-85.4288,0,0,4.11793e-12,-3.74346e-12
710,7,zone_3,-32.6983,-85.4288,0,0,4.11793e-12,-3.74346e-12
712,0,zone_1,-97.1424,-385.429,0,0,4.11793e-12,-3.74346e-12
712,0,zone_1,-97.1424,-385.429,0,0,4.11793e-12,-3.74346e-12
712,8,zone_3,-15.8729,-85.4288,0,0,4.11793e-12,-3.74346e-12
712,4,zone_2,-64.4441,-285.429,0,0,4.11793e-12,-3.74346e-12
712,8,zone_3,-15.8729,-85.4288,0,0,4.11793e-12,-3.74346e-12
712,4,zone_2,-64.4441,-285.429,0,0,4.11793e-12,-3.74346e-12
712,1,zone_1,-80.317,-385.429,0,0,4.11793e-12,-3.74346e-12
712,1,zone_1,-80.317,-385.429,0,0,4.11793e-12,-3.74346e-12
712,5,zone_2,-47.6187,-285.429,0,0,4.11793e-12,-3.74346e-12
712,5,zone_2,-47.6187,-285.429,0,0,4.11793e-12,-3.74346e-12
712,2,zone_1,-63.4916,-385.429,0,0,4.11793e-12,-3.74346e-12
712,2,zone_1,-63.4916,-385.429,0,0,4.11793e-12,-3.74346e-12
712,3,zone_2,-81.2695,-285.429,0,0,4.11793e-12,-3.74346e-12
712,3,zone_2,-81.2695,-285.429,0,0,4.11793e-12,-3.74346e-12
712,6,zone_3,-49.5237,-85.4288,0,0,4.11793e-12,-3.74346e-12
712,6,zone_3,-49.5237,-85.4288,0,0,4.11793e-12,-3.74346e-12
712,7,zone_3,-32.6983,-85.4288,0,0,4.11793e-12,-3.74346e-12
712,7,zone_3,-32.6983,-85.4288,0,0,4.11793e-12,-3.74346e-12
714,8,zone_3,-15.8729,-85.4288,0,0,4.11793e-12,-3.74346e-12
714,8,zone_3,-15.8729,-85.4288,0,0,4.11793e-12,-3.74346e-12
714,0,zone_1,-97.1424,-385.429,0,0,4.11793e-12,-3.74346e-12
714,0,zone_1,-97.1424,-385.429,0,0,4.11793e-12,-3.74346e-12
714,4,zone_2,-64.4441,-285.429,0,0,4.11793e-12,-3.74346e-12
714,4,zone_2,-64.4441,-285.429,0,0,4.11793e-12,-3.74346e-12
714,1,zone_1,-80.317,-385.429,0,0,4.11793e-12,-3.74346e-12
714,1,zone_1,-80.317,-385.429,0,0,4.11793e-12,-3.74346e-12
714,5,zone_2,-47.6187,-285.429,0,0,4.11793e-12,-3.74346e-12
714,5,zone_2,-47.6187,-285.429,0,0,4.11793e-12,-3.74346e-12
714,2,zone_1,-63.4916,-385.429,0,0,4.11793e-12,-3.74346e-12
714,2,zone_1,-63.4916,-385.429,0,0,4.11793e-12,-3.74346e-12
714,6,zone_3,-49.5237,-85.4288,0,0,4.11793e-12,-3.74346e-12
714,6,zone_3,-49.5237,-85.4288,0,0,4.11793e-12,-3.74346e-12
714,3,zone_2,-81.2695,-285.429,0,0,4.11793e-12,-3.74346e-12
714,3,zone_2,-81.2695,-285.429,0,0,4.11793e-12,-3.74346e-12
714,7,zone_3,-32.6983,-85.4288,0,0,4.11793e-12,-3.74346e-12
714,7,zone_3,-32.6983,-85.4288,0,0,4.11793e-12,-3.74346e-12
716,4,zone_2,-64.4441,-285.429,0,0,4.11793e-12,-3.74346e-12
716,4,zone_2,-64.4441,-285.429,0,0,4.11793e-12,-3.74346e-12
716,0,zone_1,-97.1424,-385.429,0,0,4.11793e-12,-3.74346e-12
716,0,zone_1,-97.1424,-385.429,0,0,4.11793e-12,-3.74346e-12
716,8,zone_3,-15.8729,-85.4288,0,0,4.11793e-12,-3.74346e-12
716,8,zone_3,-15.8729,-85.4288,0,0,4.11793e-12,-3.74346e-12
716,1,zone_1,-80.317,-385.429,0,0,4.11793e-12,-3.74346e-12
716,1,zone_1,-80.317,-385.429,0,0,4.11793e-12,-3.74346e-12
716,5,zone_2,-47.6187,-285.429,0,0,4.11793e-12,-3.74346e-12
716,5,zone_2,-47.6187,-285.429,0,0,4.11793e-12,-3.74346e-12
716,2,zone_1,-63.4916,-385.429,0,0,4.11793e-12,-3.74346e-12
716,2,zone_1,-63.4916,-385.429,0,0,4.11793e-12,-3.74346e-12
716,6,zone_3,-49.5237,-85.4288,0,0,4.11793e-12,-3.74346e-12
716,6,zone_3,-49.5237,-85.4288,0,0,4.11793e-12,-3.74346e-12
716,3,zone_2,-81.2695,-285.429,0,0,4.11793e-12,-3.74346e-12
716,3,zone_2,-81.2695,-285.429,0,0,4.11793e-12,-3.74346e-12
716,7,zone_3,-32.6983,-85.4288,0,0,4.11793e-12,-3.74346e-12
716,7,zone_3,-32.6983,-85.4288,0,0,4.11793e-12,-3.74346e-12
718,0,zone_1,-97.1424,-385.429,0,0,4.11793e-12,-3.74346e-12
718,0,zone_1,-97.1424,-385.429,0,0,4.11793e-12,-3.74346e-12
718,4,zone_2,-64.4441,-285.429,0,0,4.11793e-12,-3.74346e-12
718,4,zone_2,-64.4441,-285.429,0,0,4.11793e-12,-3.74346e-12
718,8,zone_3,-15.8729,-85.4288,0,0,4.11793e-12,-3.74346e-12
718,8,zone_3,-15.8729,-85.4288,0,0,4.11793e-12,-3.74346e-12
718,1,zone_1,-80.317,-385.429,0,0,4.11793e-12,-3.74346e-12
718,1,zone_1,-80.317,-385.429,0,0,4.11793e-12,-3.74346e-12
718,5,zone_2,-47.6187,-285.429,0,0,4.11793e-12,-3.74346e-12
718,5,zone_2,-47.6187,-285.429,0,0,4.11793e-12,-3.74346e-12
718,2,zone_1,-63.4916,-385.429,0,0,4.11793e-12,-3.74346e-12
718,2,zone_1,-63.4916,-385.429,0,0,4.11793e-12,-3.74346e-12
718,6,zone_3,-49.5237,-85.4288,0,0,4.11793e-12,-3.74346e-12
718,6,zone_3,-49.5237,-85.4288,0,0,4.11793e-12,-3.74346e-12
718,3,zone_2,-81.2695,-285.429,0,0,4.11793e-12,-3.74346e-12
718,3,zone_2,-81.2695,-285.429,0,0,4.11793e-12,-3.74346e-12
718,7,zone_3,-32.6983,-85.4288,0,0,4.11793e-12,-3.74346e-12
718,7,zone_3,-32.6983,-85.4288,0,0,4.11793e-12,-3.74346e-12
720,8,zone_3,-15.8729,-85.4288,0,0,4.11793e-12,-3.74346e-12
720,8,zone_3,-15.8729,-85.4288,0,0,4.11793e-12,-3.74346e-12
720,0,zone_1,-97.1424,-385.429,0,0,4.11793e-12,-3.74346e-12
720,0,zone_1,-97.1424,-385.429,0,0,4.11793e-12,-3.74346e-12
720,4,zone_2,-64.4441,-285.429,0,0,4.11793e-12,-3.74346e-12
720,4,zone_2,-64.4441,-285.429,0,0,4.11793e-12,-3.74346e-12
720,1,zone_1,-80.317,-385.429,0,0,4.11793e-12,-3.74346e-12
720,1,zone_1,-80.317,-385.429,0,0,4.11793e-12,-3.74346e-12
720,5,zone_2,-47.6187,-285.429,0,0,4.11793e-12,-3.74346e-12
720,5,zone_2,-47.6187,-285.429,0,0,4.11793e-12,-3.74346e-12
720,2,zone_1,-63.4916,-385.429,0,0,4.11793e-12,-3.74346e-12
720,2,zone_1,-63.4916,-385.429,0,0,4.11793e-12,-3.74346e-12
720,6,zone_3,-49.5237,-85.4288,0,0,4.11793e-12,-3.74346e-12
720,6,zone_3,-49.5237,-85.4288,0,0,4.11793e-12,-3.74346e-12
720,3,zone_2,-81.2695,-285.429,0,0,4.11793e-12,-3.74346e-12
720,3,zone_2,-81.2695,-285.429,0,0,4.11793e-12,-3.74346e-12
720,7,zone_3,-32.6983,-85.4288,0,0,4.11793e-12,-3.74346e-12
720,7,zone_3,-32.6983,-85.4288,0,0,4.11793e-12,-3.74346e-12
