time,cell_id,cell_type,substrate,fba_reaction,flux_lb,flux_value,concentration_mM
2,0,zone_1,glucose,r1032,-9.09074,4.11793e-12,4.999
2,0,zone_1,oxygen,r0855,-19.7812,-3.74346e-12,45.213
2,4,zone_2,glucose,r1032,-9.09074,4.11793e-12,4.999
2,4,zone_2,oxygen,r0855,-19.7218,-3.74346e-12,35.4404
2,4,zone_2,glucose,r1032,-9.09074,4.11793e-12,4.999
2,4,zone_2,oxygen,r0855,-19.7218,-3.74346e-12,35.4404
2,0,zone_1,glucose,r1032,-9.09074,4.11793e-12,4.999
2,0,zone_1,oxygen,r0855,-19.7812,-3.74346e-12,45.213
2,8,zone_3,glucose,r1032,-9.09074,4.11793e-12,4.999
2,8,zone_3,oxygen,r0855,-19.4106,-3.74346e-12,16.4677
2,8,zone_3,glucose,r1032,-9.09074,4.11793e-12,4.999
2,8,zone_3,oxygen,r0855,-19.4106,-3.74346e-12,16.4677
2,1,zone_1,glucose,r1032,-9.09074,4.11793e-12,4.999
2,1,zone_1,oxygen,r0855,-19.7812,-3.74346e-12,45.213
2,1,zone_1,glucose,r1032,-9.09074,4.11793e-12,4.999
2,1,zone_1,oxygen,r0855,-19.7812,-3.74346e-12,45.213
2,5,zone_2,glucose,r1032,-9.09074,4.11793e-12,4.999
2,5,zone_2,oxygen,r0855,-19.7187,-3.74346e-12,35.0458
2,5,zone_2,glucose,r1032,-9.09074,4.11793e-12,4.999
2,5,zone_2,oxygen,r0855,-19.7187,-3.74346e-12,35.0458
2,2,zone_1,glucose,r1032,-9.09074,4.11793e-12,4.999
2,2,zone_1,oxygen,r0855,-19.7793,-3.74346e-12,44.8179
2,2,zone_1,glucose,r1032,-9.09074,4.11793e-12,4.999
2,2,zone_1,oxygen,r0855,-19.7793,-3.74346e-12,44.8179
2,6,zone_3,glucose,r1032,-9.09074,4.11793e-12,4.999
2,6,zone_3,oxygen,r0855,-19.4418,-3.74346e-12,17.416
2,6,zone_3,glucose,r1032,-9.09074,4.11793e-12,4.999
2,6,zone_3,oxygen,r0855,-19.4418,-3.74346e-12,17.416
2,3,zone_2,glucose,r1032,-9.09074,4.11793e-12,4.999
2,3,zone_2,oxygen,r0855,-19.7257,-3.74346e-12,35.9585
2,3,zone_2,glucose,r1032,-9.09074,4.11793e-12,4.999
2,3,zone_2,oxygen,r0855,-19.7257,-3.74346e-12,35.9585
2,7,zone_3,glucose,r1032,-9.09074,4.11793e-12,4.999
2,7,zone_3,oxygen,r0855,-19.4217,-3.74346e-12,16.7935
2,7,zone_3,glucose,r1032,-9.09074,4.11793e-12,4.999
2,7,zone_3,oxygen,r0855,-19.4217,-3.74346e-12,16.7935
4,8,zone_3,glucose,r1032,-9.09058,4.11793e-12,4.998
4,8,zone_3,oxygen,r0855,-19.4778,-3.74346e-12,18.6501
4,0,zone_1,glucose,r1032,-9.09058,4.11793e-12,4.998
4,0,zone_1,oxygen,r0855,-19.7798,-3.74346e-12,44.9109
4,0,zone_1,glucose,r1032,-9.09058,4.11793e-12,4.998
4,0,zone_1,oxygen,r0855,-19.7798,-3.74346e-12,44.9109
4,8,zone_3,glucose,r1032,-9.09058,4.11793e-12,4.998
4,8,zone_3,oxygen,r0855,-19.4778,-3.74346e-12,18.6501
4,4,zone_2,glucose,r1032,-9.09058,4.11793e-12,4.998
4,4,zone_2,oxygen,r0855,-19.726,-3.74346e-12,36.0029
4,4,zone_2,glucose,r1032,-9.09058,4.11793e-12,4.998
4,4,zone_2,oxygen,r0855,-19.726,-3.74346e-12,36.0029
4,1,zone_1,glucose,r1032,-9.09058,4.11793e-12,4.998
4,1,zone_1,oxygen,r0855,-19.7798,-3.74346e-12,44.9109
4,1,zone_1,glucose,r1032,-9.09058,4.11793e-12,4.998
4,1,zone_1,oxygen,r0855,-19.7798,-3.74346e-12,44.9109
4,5,zone_2,glucose,r1032,-9.09058,4.11793e-12,4.998
4,5,zone_2,oxygen,r0855,-19.7232,-3.74346e-12,35.6209
4,5,zone_2,glucose,r1032,-9.09058,4.11793e-12,4.998
4,5,zone_2,oxygen,r0855,-19.7232,-3.74346e-12,35.6209
4,2,zone_1,glucose,r1032,-9.09058,4.11793e-12,4.998
4,2,zone_1,oxygen,r0855,-19.7779,-3.74346e-12,44.5237
4,2,zone_1,glucose,r1032,-9.09058,4.11793e-12,4.998
4,2,zone_1,oxygen,r0855,-19.7779,-3.74346e-12,44.5237
4,6,zone_3,glucose,r1032,-9.09058,4.11793e-12,4.998
4,6,zone_3,oxygen,r0855,-19.4987,-3.74346e-12,19.4477
4,6,zone_3,glucose,r1032,-9.09058,4.11793e-12,4.998
4,6,zone_3,oxygen,r0855,-19.4987,-3.74346e-12,19.4477
4,3,zone_2,glucose,r1032,-9.09058,4.11793e-12,4.998
4,3,zone_2,oxygen,r0855,-19.7298,-3.74346e-12,36.5046
4,3,zone_2,glucose,r1032,-9.09058,4.11793e-12,4.998
4,3,zone_2,oxygen,r0855,-19.7298,-3.74346e-12,36.5046
4,7,zone_3,glucose,r1032,-9.09058,4.11793e-12,4.998
4,7,zone_3,oxygen,r0855,-19.4852,-3.74346e-12,18.9262
4,7,zone_3,glucose,r1032,-9.09058,4.11793e-12,4.998
4,7,zone_3,oxygen,r0855,-19.4852,-3.74346e-12,18.9262
6,8,zone_3,glucose,r1032,-9.09041,4.11793e-12,4.997
6,8,zone_3,oxygen,r0855,-19.5241,-3.74346e-12,20.5111
6,8,zone_3,glucose,r1032,-9.09041,4.11793e-12,4.997
6,8,zone_3,oxygen,r0855,-19.5241,-3.74346e-12,20.5111
6,0,zone_1,glucose,r1032,-9.09041,4.11793e-12,4.997
6,0,zone_1,oxygen,r0855,-19.7778,-3.74346e-12,44.4968
6,0,zone_1,glucose,r1032,-9.09041,4.11793e-12,4.997
6,0,zone_1,oxygen,r0855,-19.7778,-3.74346e-12,44.4968
6,4,zone_2,glucose,r1032,-9.09041,4.11793e-12,4.997
6,4,zone_2,oxygen,r0855,-19.7295,-3.74346e-12,36.4721
6,4,zone_2,glucose,r1032,-9.09041,4.11793e-12,4.997
6,4,zone_2,oxygen,r0855,-19.7295,-3.74346e-12,36.4721
6,1,zone_1,glucose,r1032,-9.09041,4.11793e-12,4.997
6,1,zone_1,oxygen,r0855,-19.7778,-3.74346e-12,44.4968
6,1,zone_1,glucose,r1032,-9.09041,4.11793e-12,4.997
6,1,zone_1,oxygen,r0855,-19.7778,-3.74346e-12,44.4968
6,5,zone_2,glucose,r1032,-9.09041,4.11793e-12,4.997
6,5,zone_2,oxygen,r0855,-19.7268,-3.74346e-12,36.104
6,5,zone_2,glucose,r1032,-9.09041,4.11793e-12,4.997
6,5,zone_2,oxygen,r0855,-19.7268,-3.74346e-12,36.104
6,2,zone_1,glucose,r1032,-9.09041,4.11793e-12,4.997
6,2,zone_1,oxygen,r0855,-19.7759,-3.74346e-12,44.1164
6,2,zone_1,glucose,r1032,-9.09041,4.11793e-12,4.997
6,2,zone_1,oxygen,r0855,-19.7759,-3.74346e-12,44.1164
6,6,zone_3,glucose,r1032,-9.09041,4.11793e-12,4.997
6,6,zone_3,oxygen,r0855,-19.5398,-3.74346e-12,21.2306
6,6,zone_3,glucose,r1032,-9.09041,4.11793e-12,4.997
6,6,zone_3,oxygen,r0855,-19.5398,-3.74346e-12,21.2306
6,3,zone_2,glucose,r1032,-9.09041,4.11793e-12,4.997
6,3,zone_2,oxygen,r0855,-19.733,-3.74346e-12,36.9562
6,3,zone_2,glucose,r1032,-9.09041,4.11793e-12,4.997
6,3,zone_2,oxygen,r0855,-19.733,-3.74346e-12,36.9562
6,7,zone_3,glucose,r1032,-9.09041,4.11793e-12,4.997
6,7,zone_3,oxygen,r0855,-19.5297,-3.74346e-12,20.7627
6,7,zone_3,glucose,r1032,-9.09041,4.11793e-12,4.997
6,7,zone_3,oxygen,r0855,-19.5297,-3.74346e-12,20.7627
8,0,zone_1,glucose,r1032,-9.09025,4.11793e-12,4.996
8,0,zone_1,oxygen,r0855,-19.7758,-3.74346e-12,44.0948
8,0,zone_1,glucose,r1032,-9.09025,4.11793e-12,4.996
8,0,zone_1,oxygen,r0855,-19.7758,-3.74346e-12,44.0948
8,4,zone_2,glucose,r1032,-9.09025,4.11793e-12,4.996
8,4,zone_2,oxygen,r0855,-19.7324,-3.74346e-12,36.8639
8,8,zone_3,glucose,r1032,-9.09025,4.11793e-12,4.996
8,8,zone_3,oxygen,r0855,-19.5583,-3.74346e-12,22.1375
8,4,zone_2,glucose,r1032,-9.09025,4.11793e-12,4.996
8,4,zone_2,oxygen,r0855,-19.7324,-3.74346e-12,36.8639
8,8,zone_3,glucose,r1032,-9.09025,4.11793e-12,4.996
8,8,zone_3,oxygen,r0855,-19.5583,-3.74346e-12,22.1375
8,1,zone_1,glucose,r1032,-9.09025,4.11793e-12,4.996
8,1,zone_1,oxygen,r0855,-19.7758,-3.74346e-12,44.0948
8,1,zone_1,glucose,r1032,-9.09025,4.11793e-12,4.996
8,1,zone_1,oxygen,r0855,-19.7758,-3.74346e-12,44.0948
8,5,zone_2,glucose,r1032,-9.09025,4.11793e-12,4.996
8,5,zone_2,oxygen,r0855,-19.7298,-3.74346e-12,36.5098
8,5,zone_2,glucose,r1032,-9.09025,4.11793e-12,4.996
8,5,zone_2,oxygen,r0855,-19.7298,-3.74346e-12,36.5098
8,2,zone_1,glucose,r1032,-9.09025,4.11793e-12,4.996
8,2,zone_1,oxygen,r0855,-19.7739,-3.74346e-12,43.7214
8,2,zone_1,glucose,r1032,-9.09025,4.11793e-12,4.996
8,2,zone_1,oxygen,r0855,-19.7739,-3.74346e-12,43.7214
8,6,zone_3,glucose,r1032,-9.09025,4.11793e-12,4.996
8,6,zone_3,oxygen,r0855,-19.571,-3.74346e-12,22.8095
8,6,zone_3,glucose,r1032,-9.09025,4.11793e-12,4.996
8,6,zone_3,oxygen,r0855,-19.571,-3.74346e-12,22.8095
8,3,zone_2,glucose,r1032,-9.09025,4.11793e-12,4.996
8,3,zone_2,oxygen,r0855,-19.7357,-3.74346e-12,37.3298
8,3,zone_2,glucose,r1032,-9.09025,4.11793e-12,4.996
8,3,zone_2,oxygen,r0855,-19.7357,-3.74346e-12,37.3298
8,7,zone_3,glucose,r1032,-9.09025,4.11793e-12,4.996
8,7,zone_3,oxygen,r0855,-19.5628,-3.74346e-12,22.3748
8,7,zone_3,glucose,r1032,-9.09025,4.11793e-12,4.996
8,7,zone_3,oxygen,r0855,-19.5628,-3.74346e-12,22.3748
10,4,zone_2,glucose,r1032,-9.09008,4.11793e-12,4.995
10,4,zone_2,oxygen,r0855,-19.7348,-3.74346e-12,37.2007
10,4,zone_2,glucose,r1032,-9.09008,4.11793e-12,4.995
10,4,zone_2,oxygen,r0855,-19.7348,-3.74346e-12,37.2007
10,0,zone_1,glucose,r1032,-9.09008,4.11793e-12,4.995
10,0,zone_1,oxygen,r0855,-19.7739,-3.74346e-12,43.7332
10,0,zone_1,glucose,r1032,-9.09008,4.11793e-12,4.995
10,0,zone_1,oxygen,r0855,-19.7739,-3.74346e-12,43.7332
10,8,zone_3,glucose,r1032,-9.09008,4.11793e-12,4.995
10,8,zone_3,oxygen,r0855,-19.5848,-3.74346e-12,23.5838
10,8,zone_3,glucose,r1032,-9.09008,4.11793e-12,4.995
10,8,zone_3,oxygen,r0855,-19.5848,-3.74346e-12,23.5838
10,5,zone_2,glucose,r1032,-9.09008,4.11793e-12,4.995
10,5,zone_2,oxygen,r0855,-19.7323,-3.74346e-12,36.861
10,5,zone_2,glucose,r1032,-9.09008,4.11793e-12,4.995
10,5,zone_2,oxygen,r0855,-19.7323,-3.74346e-12,36.861
10,1,zone_1,glucose,r1032,-9.09008,4.11793e-12,4.995
10,1,zone_1,oxygen,r0855,-19.7739,-3.74346e-12,43.7332
10,1,zone_1,glucose,r1032,-9.09008,4.11793e-12,4.995
10,1,zone_1,oxygen,r0855,-19.7739,-3.74346e-12,43.7332
10,6,zone_3,glucose,r1032,-9.09008,4.11793e-12,4.995
10,6,zone_3,oxygen,r0855,-19.5955,-3.74346e-12,24.223
10,6,zone_3,glucose,r1032,-9.09008,4.11793e-12,4.995
10,6,zone_3,oxygen,r0855,-19.5955,-3.74346e-12,24.223
10,2,zone_1,glucose,r1032,-9.09008,4.11793e-12,4.995
10,2,zone_1,oxygen,r0855,-19.772,-3.74346e-12,43.3683
10,2,zone_1,glucose,r1032,-9.09008,4.11793e-12,4.995
10,2,zone_1,oxygen,r0855,-19.772,-3.74346e-12,43.3683
10,7,zone_3,glucose,r1032,-9.09008,4.11793e-12,4.995
10,7,zone_3,oxygen,r0855,-19.5887,-3.74346e-12,23.8116
10,7,zone_3,glucose,r1032,-9.09008,4.11793e-12,4.995
10,7,zone_3,oxygen,r0855,-19.5887,-3.74346e-12,23.8116
10,3,zone_2,glucose,r1032,-9.09008,4.11793e-12,4.995
10,3,zone_2,oxygen,r0855,-19.7379,-3.74346e-12,37.6475
10,3,zone_2,glucose,r1032,-9.09008,4.11793e-12,4.995
10,3,zone_2,oxygen,r0855,-19.7379,-3.74346e-12,37.6475
12,0,zone_1,glucose,r1032,-9.08992,4.11793e-12,4.994
12,0,zone_1,oxygen,r0855,-19.7723,-3.74346e-12,43.4145
12,0,zone_1,glucose,r1032,-9.08992,4.11793e-12,4.994
12,0,zone_1,oxygen,r0855,-19.7723,-3.74346e-12,43.4145
12,8,zone_3,glucose,r1032,-9.08992,4.11793e-12,4.994
12,8,zone_3,oxygen,r0855,-19.606,-3.74346e-12,24.8816
12,8,zone_3,glucose,r1032,-9.08992,4.11793e-12,4.994
12,8,zone_3,oxygen,r0855,-19.606,-3.74346e-12,24.8816
12,4,zone_2,glucose,r1032,-9.08992,4.11793e-12,4.994
12,4,zone_2,oxygen,r0855,-19.7368,-3.74346e-12,37.4963
12,4,zone_2,glucose,r1032,-9.08992,4.11793e-12,4.994
12,4,zone_2,oxygen,r0855,-19.7368,-3.74346e-12,37.4963
12,1,zone_1,glucose,r1032,-9.08992,4.11793e-12,4.994
12,1,zone_1,oxygen,r0855,-19.7723,-3.74346e-12,43.4145
12,1,zone_1,glucose,r1032,-9.08992,4.11793e-12,4.994
12,1,zone_1,oxygen,r0855,-19.7723,-3.74346e-12,43.4145
12,5,zone_2,glucose,r1032,-9.08992,4.11793e-12,4.994
12,5,zone_2,oxygen,r0855,-19.7345,-3.74346e-12,37.1716
12,5,zone_2,glucose,r1032,-9.08992,4.11793e-12,4.994
12,5,zone_2,oxygen,r0855,-19.7345,-3.74346e-12,37.1716
12,2,zone_1,glucose,r1032,-9.08992,4.11793e-12,4.994
12,2,zone_1,oxygen,r0855,-19.7704,-3.74346e-12,43.0603
12,2,zone_1,glucose,r1032,-9.08992,4.11793e-12,4.994
12,2,zone_1,oxygen,r0855,-19.7704,-3.74346e-12,43.0603
12,6,zone_3,glucose,r1032,-9.08992,4.11793e-12,4.994
12,6,zone_3,oxygen,r0855,-19.6153,-3.74346e-12,25.4956
12,6,zone_3,glucose,r1032,-9.08992,4.11793e-12,4.994
12,6,zone_3,oxygen,r0855,-19.6153,-3.74346e-12,25.4956
12,3,zone_2,glucose,r1032,-9.08992,4.11793e-12,4.994
12,3,zone_2,oxygen,r0855,-19.7397,-3.74346e-12,37.923
12,3,zone_2,glucose,r1032,-9.08992,4.11793e-12,4.994
12,3,zone_2,oxygen,r0855,-19.7397,-3.74346e-12,37.923
12,7,zone_3,glucose,r1032,-9.08992,4.11793e-12,4.994
12,7,zone_3,oxygen,r0855,-19.6094,-3.74346e-12,25.1024
12,7,zone_3,glucose,r1032,-9.08992,4.11793e-12,4.994
12,7,zone_3,oxygen,r0855,-19.6094,-3.74346e-12,25.1024
14,0,zone_1,glucose,r1032,-9.08975,4.11793e-12,4.993
14,0,zone_1,oxygen,r0855,-19.7708,-3.74346e-12,43.1344
14,0,zone_1,glucose,r1032,-9.08975,4.11793e-12,4.993
14,0,zone_1,oxygen,r0855,-19.7708,-3.74346e-12,43.1344
14,8,zone_3,glucose,r1032,-9.08975,4.11793e-12,4.993
14,8,zone_3,oxygen,r0855,-19.6234,-3.74346e-12,26.0512
14,8,zone_3,glucose,r1032,-9.08975,4.11793e-12,4.993
14,8,zone_3,oxygen,r0855,-19.6234,-3.74346e-12,26.0512
14,1,zone_1,glucose,r1032,-9.08975,4.11793e-12,4.993
14,1,zone_1,oxygen,r0855,-19.7708,-3.74346e-12,43.1344
14,1,zone_1,glucose,r1032,-9.08975,4.11793e-12,4.993
14,1,zone_1,oxygen,r0855,-19.7708,-3.74346e-12,43.1344
14,4,zone_2,glucose,r1032,-9.08975,4.11793e-12,4.993
14,4,zone_2,oxygen,r0855,-19.7386,-3.74346e-12,37.7583
14,4,zone_2,glucose,r1032,-9.08975,4.11793e-12,4.993
14,4,zone_2,oxygen,r0855,-19.7386,-3.74346e-12,37.7583
14,2,zone_1,glucose,r1032,-9.08975,4.11793e-12,4.993
14,2,zone_1,oxygen,r0855,-19.769,-3.74346e-12,42.7931
14,2,zone_1,glucose,r1032,-9.08975,4.11793e-12,4.993
14,2,zone_1,oxygen,r0855,-19.769,-3.74346e-12,42.7931
14,5,zone_2,glucose,r1032,-9.08975,4.11793e-12,4.993
14,5,zone_2,oxygen,r0855,-19.7365,-3.74346e-12,37.4494
14,5,zone_2,glucose,r1032,-9.08975,4.11793e-12,4.993
14,5,zone_2,oxygen,r0855,-19.7365,-3.74346e-12,37.4494
14,3,zone_2,glucose,r1032,-9.08975,4.11793e-12,4.993
14,3,zone_2,oxygen,r0855,-19.7414,-3.74346e-12,38.1639
14,3,zone_2,glucose,r1032,-9.08975,4.11793e-12,4.993
14,3,zone_2,oxygen,r0855,-19.7414,-3.74346e-12,38.1639
14,6,zone_3,glucose,r1032,-9.08975,4.11793e-12,4.993
14,6,zone_3,oxygen,r0855,-19.6316,-3.74346e-12,26.644
14,6,zone_3,glucose,r1032,-9.08975,4.11793e-12,4.993
14,6,zone_3,oxygen,r0855,-19.6316,-3.74346e-12,26.644
14,7,zone_3,glucose,r1032,-9.08975,4.11793e-12,4.993
14,7,zone_3,oxygen,r0855,-19.6264,-3.74346e-12,26.2661
14,7,zone_3,glucose,r1032,-9.08975,4.11793e-12,4.993
14,7,zone_3,oxygen,r0855,-19.6264,-3.74346e-12,26.2661
16,4,zone_2,glucose,r1032,-9.08959,4.11793e-12,4.992
16,4,zone_2,oxygen,r0855,-19.7402,-3.74346e-12,37.9912
16,4,zone_2,glucose,r1032,-9.08959,4.11793e-12,4.992
16,4,zone_2,oxygen,r0855,-19.7402,-3.74346e-12,37.9912
16,8,zone_3,glucose,r1032,-9.08959,4.11793e-12,4.992
16,8,zone_3,oxygen,r0855,-19.6378,-3.74346e-12,27.1065
16,8,zone_3,glucose,r1032,-9.08959,4.11793e-12,4.992
16,8,zone_3,oxygen,r0855,-19.6378,-3.74346e-12,27.1065
16,0,zone_1,glucose,r1032,-9.08959,4.11793e-12,4.992
16,0,zone_1,oxygen,r0855,-19.7695,-3.74346e-12,42.8869
16,0,zone_1,glucose,r1032,-9.08959,4.11793e-12,4.992
16,0,zone_1,oxygen,r0855,-19.7695,-3.74346e-12,42.8869
16,5,zone_2,glucose,r1032,-9.08959,4.11793e-12,4.992
16,5,zone_2,oxygen,r0855,-19.7382,-3.74346e-12,37.6985
16,5,zone_2,glucose,r1032,-9.08959,4.11793e-12,4.992
16,5,zone_2,oxygen,r0855,-19.7382,-3.74346e-12,37.6985
16,1,zone_1,glucose,r1032,-9.08959,4.11793e-12,4.992
16,1,zone_1,oxygen,r0855,-19.7695,-3.74346e-12,42.8869
16,1,zone_1,glucose,r1032,-9.08959,4.11793e-12,4.992
16,1,zone_1,oxygen,r0855,-19.7695,-3.74346e-12,42.8869
16,6,zone_3,glucose,r1032,-9.08959,4.11793e-12,4.992
16,6,zone_3,oxygen,r0855,-19.6451,-3.74346e-12,27.6806
16,6,zone_3,glucose,r1032,-9.08959,4.11793e-12,4.992
16,6,zone_3,oxygen,r0855,-19.6451,-3.74346e-12,27.6806
16,2,zone_1,glucose,r1032,-9.08959,4.11793e-12,4.992
16,2,zone_1,oxygen,r0855,-19.7678,-3.74346e-12,42.5602
16,2,zone_1,glucose,r1032,-9.08959,4.11793e-12,4.992
16,2,zone_1,oxygen,r0855,-19.7678,-3.74346e-12,42.5602
16,7,zone_3,glucose,r1032,-9.08959,4.11793e-12,4.992
16,7,zone_3,oxygen,r0855,-19.6405,-3.74346e-12,27.3163
16,7,zone_3,glucose,r1032,-9.08959,4.11793e-12,4.992
16,7,zone_3,oxygen,r0855,-19.6405,-3.74346e-12,27.3163
16,3,zone_2,glucose,r1032,-9.08959,4.11793e-12,4.992
16,3,zone_2,oxygen,r0855,-19.7428,-3.74346e-12,38.3751
16,3,zone_2,glucose,r1032,-9.08959,4.11793e-12,4.992
16,3,zone_2,oxygen,r0855,-19.7428,-3.74346e-12,38.3751
18,4,zone_2,glucose,r1032,-9.08942,4.11793e-12,4.991
18,4,zone_2,oxygen,r0855,-19.7416,-3.74346e-12,38.1979
18,4,zone_2,glucose,r1032,-9.08942,4.11793e-12,4.991
18,4,zone_2,oxygen,r0855,-19.7416,-3.74346e-12,38.1979
18,0,zone_1,glucose,r1032,-9.08942,4.11793e-12,4.991
18,0,zone_1,oxygen,r0855,-19.7683,-3.74346e-12,42.6664
18,0,zone_1,glucose,r1032,-9.08942,4.11793e-12,4.991
18,0,zone_1,oxygen,r0855,-19.7683,-3.74346e-12,42.6664
18,8,zone_3,glucose,r1032,-9.08942,4.11793e-12,4.991
18,8,zone_3,oxygen,r0855,-19.6498,-3.74346e-12,28.0588
18,8,zone_3,glucose,r1032,-9.08942,4.11793e-12,4.991
18,8,zone_3,oxygen,r0855,-19.6498,-3.74346e-12,28.0588
18,1,zone_1,glucose,r1032,-9.08942,4.11793e-12,4.991
18,1,zone_1,oxygen,r0855,-19.7683,-3.74346e-12,42.6664
18,1,zone_1,glucose,r1032,-9.08942,4.11793e-12,4.991
18,1,zone_1,oxygen,r0855,-19.7683,-3.74346e-12,42.6664
18,5,zone_2,glucose,r1032,-9.08942,4.11793e-12,4.991
18,5,zone_2,oxygen,r0855,-19.7397,-3.74346e-12,37.9215
18,5,zone_2,glucose,r1032,-9.08942,4.11793e-12,4.991
18,5,zone_2,oxygen,r0855,-19.7397,-3.74346e-12,37.9215
18,2,zone_1,glucose,r1032,-9.08942,4.11793e-12,4.991
18,2,zone_1,oxygen,r0855,-19.7667,-3.74346e-12,42.3553
18,2,zone_1,glucose,r1032,-9.08942,4.11793e-12,4.991
18,2,zone_1,oxygen,r0855,-19.7667,-3.74346e-12,42.3553
18,6,zone_3,glucose,r1032,-9.08942,4.11793e-12,4.991
18,6,zone_3,oxygen,r0855,-19.6565,-3.74346e-12,28.6158
18,6,zone_3,glucose,r1032,-9.08942,4.11793e-12,4.991
18,6,zone_3,oxygen,r0855,-19.6565,-3.74346e-12,28.6158
18,3,zone_2,glucose,r1032,-9.08942,4.11793e-12,4.991
18,3,zone_2,oxygen,r0855,-19.744,-3.74346e-12,38.56
18,3,zone_2,glucose,r1032,-9.08942,4.11793e-12,4.991
18,3,zone_2,oxygen,r0855,-19.744,-3.74346e-12,38.56
18,7,zone_3,glucose,r1032,-9.08942,4.11793e-12,4.991
18,7,zone_3,oxygen,r0855,-19.6523,-3.74346e-12,28.2639
18,7,zone_3,glucose,r1032,-9.08942,4.11793e-12,4.991
18,7,zone_3,oxygen,r0855,-19.6523,-3.74346e-12,28.2639
20,8,zone_3,glucose,r1032,-9.08925,4.11793e-12,4.99001
20,8,zone_3,oxygen,r0855,-19.6601,-3.74346e-12,28.9173
20,0,zone_1,glucose,r1032,-9.08925,4.11793e-12,4.99001
20,0,zone_1,oxygen,r0855,-19.7673,-3.74346e-12,42.4678
20,8,zone_3,glucose,r1032,-9.08925,4.11793e-12,4.99001
20,8,zone_3,oxygen,r0855,-19.6601,-3.74346e-12,28.9173
20,0,zone_1,glucose,r1032,-9.08925,4.11793e-12,4.99001
20,0,zone_1,oxygen,r0855,-19.7673,-3.74346e-12,42.4678
20,4,zone_2,glucose,r1032,-9.08925,4.11793e-12,4.99001
20,4,zone_2,oxygen,r0855,-19.7428,-3.74346e-12,38.3805
20,4,zone_2,glucose,r1032,-9.08925,4.11793e-12,4.99001
20,4,zone_2,oxygen,r0855,-19.7428,-3.74346e-12,38.3805
20,1,zone_1,glucose,r1032,-9.08925,4.11793e-12,4.99001
20,1,zone_1,oxygen,r0855,-19.7673,-3.74346e-12,42.4678
20,1,zone_1,glucose,r1032,-9.08925,4.11793e-12,4.99001
20,1,zone_1,oxygen,r0855,-19.7673,-3.74346e-12,42.4678
20,5,zone_2,glucose,r1032,-9.08925,4.11793e-12,4.99001
20,5,zone_2,oxygen,r0855,-19.7411,-3.74346e-12,38.1203
20,5,zone_2,glucose,r1032,-9.08925,4.11793e-12,4.99001
20,5,zone_2,oxygen,r0855,-19.7411,-3.74346e-12,38.1203
20,2,zone_1,glucose,r1032,-9.08925,4.11793e-12,4.99001
20,2,zone_1,oxygen,r0855,-19.7657,-3.74346e-12,42.1731
20,2,zone_1,glucose,r1032,-9.08925,4.11793e-12,4.99001
20,2,zone_1,oxygen,r0855,-19.7657,-3.74346e-12,42.1731
20,6,zone_3,glucose,r1032,-9.08925,4.11793e-12,4.99001
20,6,zone_3,oxygen,r0855,-19.6662,-3.74346e-12,29.4587
20,6,zone_3,glucose,r1032,-9.08925,4.11793e-12,4.99001
20,6,zone_3,oxygen,r0855,-19.6662,-3.74346e-12,29.4587
20,3,zone_2,glucose,r1032,-9.08925,4.11793e-12,4.99001
20,3,zone_2,oxygen,r0855,-19.745,-3.74346e-12,38.721
20,3,zone_2,glucose,r1032,-9.08925,4.11793e-12,4.99001
20,3,zone_2,oxygen,r0855,-19.745,-3.74346e-12,38.721
20,7,zone_3,glucose,r1032,-9.08925,4.11793e-12,4.99001
20,7,zone_3,oxygen,r0855,-19.6624,-3.74346e-12,29.1181
20,7,zone_3,glucose,r1032,-9.08925,4.11793e-12,4.99001
20,7,zone_3,oxygen,r0855,-19.6624,-3.74346e-12,29.1181
22,0,zone_1,glucose,r1032,-9.08909,4.11793e-12,4.98901
22,0,zone_1,oxygen,r0855,-19.7663,-3.74346e-12,42.2871
22,0,zone_1,glucose,r1032,-9.08909,4.11793e-12,4.98901
22,0,zone_1,oxygen,r0855,-19.7663,-3.74346e-12,42.2871
22,8,zone_3,glucose,r1032,-9.08909,4.11793e-12,4.98901
22,8,zone_3,oxygen,r0855,-19.6688,-3.74346e-12,29.6905
22,8,zone_3,glucose,r1032,-9.08909,4.11793e-12,4.98901
22,8,zone_3,oxygen,r0855,-19.6688,-3.74346e-12,29.6905
22,4,zone_2,glucose,r1032,-9.08909,4.11793e-12,4.98901
22,4,zone_2,oxygen,r0855,-19.7439,-3.74346e-12,38.5408
22,4,zone_2,glucose,r1032,-9.08909,4.11793e-12,4.98901
22,4,zone_2,oxygen,r0855,-19.7439,-3.74346e-12,38.5408
22,1,zone_1,glucose,r1032,-9.08909,4.11793e-12,4.98901
22,1,zone_1,oxygen,r0855,-19.7663,-3.74346e-12,42.2871
22,1,zone_1,glucose,r1032,-9.08909,4.11793e-12,4.98901
22,1,zone_1,oxygen,r0855,-19.7663,-3.74346e-12,42.2871
22,5,zone_2,glucose,r1032,-9.08909,4.11793e-12,4.98901
22,5,zone_2,oxygen,r0855,-19.7422,-3.74346e-12,38.2964
22,5,zone_2,glucose,r1032,-9.08909,4.11793e-12,4.98901
22,5,zone_2,oxygen,r0855,-19.7422,-3.74346e-12,38.2964
22,2,zone_1,glucose,r1032,-9.08909,4.11793e-12,4.98901
22,2,zone_1,oxygen,r0855,-19.7648,-3.74346e-12,42.009
22,2,zone_1,glucose,r1032,-9.08909,4.11793e-12,4.98901
22,2,zone_1,oxygen,r0855,-19.7648,-3.74346e-12,42.009
22,6,zone_3,glucose,r1032,-9.08909,4.11793e-12,4.98901
22,6,zone_3,oxygen,r0855,-19.6745,-3.74346e-12,30.2174
22,6,zone_3,glucose,r1032,-9.08909,4.11793e-12,4.98901
22,6,zone_3,oxygen,r0855,-19.6745,-3.74346e-12,30.2174
22,3,zone_2,glucose,r1032,-9.08909,4.11793e-12,4.98901
22,3,zone_2,oxygen,r0855,-19.7459,-3.74346e-12,38.8604
22,3,zone_2,glucose,r1032,-9.08909,4.11793e-12,4.98901
22,3,zone_2,oxygen,r0855,-19.7459,-3.74346e-12,38.8604
22,7,zone_3,glucose,r1032,-9.08909,4.11793e-12,4.98901
22,7,zone_3,oxygen,r0855,-19.6709,-3.74346e-12,29.8873
22,7,zone_3,glucose,r1032,-9.08909,4.11793e-12,4.98901
22,7,zone_3,oxygen,r0855,-19.6709,-3.74346e-12,29.8873
24,4,zone_2,glucose,r1032,-9.08892,4.11793e-12,4.98801
24,4,zone_2,oxygen,r0855,-19.7448,-3.74346e-12,38.6804
24,4,zone_2,glucose,r1032,-9.08892,4.11793e-12,4.98801
24,4,zone_2,oxygen,r0855,-19.7448,-3.74346e-12,38.6804
24,0,zone_1,glucose,r1032,-9.08892,4.11793e-12,4.98801
24,0,zone_1,oxygen,r0855,-19.7654,-3.74346e-12,42.1208
24,0,zone_1,glucose,r1032,-9.08892,4.11793e-12,4.98801
24,0,zone_1,oxygen,r0855,-19.7654,-3.74346e-12,42.1208
24,8,zone_3,glucose,r1032,-9.08892,4.11793e-12,4.98801
24,8,zone_3,oxygen,r0855,-19.6762,-3.74346e-12,30.3858
24,8,zone_3,glucose,r1032,-9.08892,4.11793e-12,4.98801
24,8,zone_3,oxygen,r0855,-19.6762,-3.74346e-12,30.3858
24,5,zone_2,glucose,r1032,-9.08892,4.11793e-12,4.98801
24,5,zone_2,oxygen,r0855,-19.7433,-3.74346e-12,38.4512
24,1,zone_1,glucose,r1032,-9.08892,4.11793e-12,4.98801
24,1,zone_1,oxygen,r0855,-19.7654,-3.74346e-12,42.1208
24,5,zone_2,glucose,r1032,-9.08892,4.11793e-12,4.98801
24,5,zone_2,oxygen,r0855,-19.7433,-3.74346e-12,38.4512
24,1,zone_1,glucose,r1032,-9.08892,4.11793e-12,4.98801
24,1,zone_1,oxygen,r0855,-19.7654,-3.74346e-12,42.1208
24,2,zone_1,glucose,r1032,-9.08892,4.11793e-12,4.98801
24,2,zone_1,oxygen,r0855,-19.7639,-3.74346e-12,41.8592
24,2,zone_1,glucose,r1032,-9.08892,4.11793e-12,4.98801
24,2,zone_1,oxygen,r0855,-19.7639,-3.74346e-12,41.8592
24,6,zone_3,glucose,r1032,-9.08892,4.11793e-12,4.98801
24,6,zone_3,oxygen,r0855,-19.6815,-3.74346e-12,30.8994
24,6,zone_3,glucose,r1032,-9.08892,4.11793e-12,4.98801
24,6,zone_3,oxygen,r0855,-19.6815,-3.74346e-12,30.8994
24,3,zone_2,glucose,r1032,-9.08892,4.11793e-12,4.98801
24,3,zone_2,oxygen,r0855,-19.7467,-3.74346e-12,38.9799
24,3,zone_2,glucose,r1032,-9.08892,4.11793e-12,4.98801
24,3,zone_2,oxygen,r0855,-19.7467,-3.74346e-12,38.9799
24,7,zone_3,glucose,r1032,-9.08892,4.11793e-12,4.98801
24,7,zone_3,oxygen,r0855,-19.6782,-3.74346e-12,30.5789
24,7,zone_3,glucose,r1032,-9.08892,4.11793e-12,4.98801
24,7,zone_3,oxygen,r0855,-19.6782,-3.74346e-12,30.5789
26,0,zone_1,glucose,r1032,-9.08876,4.11793e-12,4.98701
26,0,zone_1,oxygen,r0855,-19.7645,-3.74346e-12,41.9663
26,8,zone_3,glucose,r1032,-9.08876,4.11793e-12,4.98701
26,8,zone_3,oxygen,r0855,-19.6826,-3.74346e-12,31.0101
26,8,zone_3,glucose,r1032,-9.08876,4.11793e-12,4.98701
26,8,zone_3,oxygen,r0855,-19.6826,-3.74346e-12,31.0101
26,0,zone_1,glucose,r1032,-9.08876,4.11793e-12,4.98701
26,0,zone_1,oxygen,r0855,-19.7645,-3.74346e-12,41.9663
26,4,zone_2,glucose,r1032,-9.08876,4.11793e-12,4.98701
26,4,zone_2,oxygen,r0855,-19.7456,-3.74346e-12,38.8008
26,4,zone_2,glucose,r1032,-9.08876,4.11793e-12,4.98701
26,4,zone_2,oxygen,r0855,-19.7456,-3.74346e-12,38.8008
26,1,zone_1,glucose,r1032,-9.08876,4.11793e-12,4.98701
26,1,zone_1,oxygen,r0855,-19.7645,-3.74346e-12,41.9663
26,1,zone_1,glucose,r1032,-9.08876,4.11793e-12,4.98701
26,1,zone_1,oxygen,r0855,-19.7645,-3.74346e-12,41.9663
26,5,zone_2,glucose,r1032,-9.08876,4.11793e-12,4.98701
26,5,zone_2,oxygen,r0855,-19.7442,-3.74346e-12,38.5861
26,5,zone_2,glucose,r1032,-9.08876,4.11793e-12,4.98701
26,5,zone_2,oxygen,r0855,-19.7442,-3.74346e-12,38.5861
26,2,zone_1,glucose,r1032,-9.08876,4.11793e-12,4.98701
26,2,zone_1,oxygen,r0855,-19.7631,-3.74346e-12,41.7207
26,2,zone_1,glucose,r1032,-9.08876,4.11793e-12,4.98701
26,2,zone_1,oxygen,r0855,-19.7631,-3.74346e-12,41.7207
26,6,zone_3,glucose,r1032,-9.08876,4.11793e-12,4.98701
26,6,zone_3,oxygen,r0855,-19.6876,-3.74346e-12,31.5114
26,6,zone_3,glucose,r1032,-9.08876,4.11793e-12,4.98701
26,6,zone_3,oxygen,r0855,-19.6876,-3.74346e-12,31.5114
26,3,zone_2,glucose,r1032,-9.08876,4.11793e-12,4.98701
26,3,zone_2,oxygen,r0855,-19.7474,-3.74346e-12,39.0811
26,3,zone_2,glucose,r1032,-9.08876,4.11793e-12,4.98701
26,3,zone_2,oxygen,r0855,-19.7474,-3.74346e-12,39.0811
26,7,zone_3,glucose,r1032,-9.08876,4.11793e-12,4.98701
26,7,zone_3,oxygen,r0855,-19.6845,-3.74346e-12,31.1999
26,7,zone_3,glucose,r1032,-9.08876,4.11793e-12,4.98701
26,7,zone_3,oxygen,r0855,-19.6845,-3.74346e-12,31.1999
28,4,zone_2,glucose,r1032,-9.08859,4.11793e-12,4.98601
28,4,zone_2,oxygen,r0855,-19.7462,-3.74346e-12,38.9034
28,4,zone_2,glucose,r1032,-9.08859,4.11793e-12,4.98601
28,4,zone_2,oxygen,r0855,-19.7462,-3.74346e-12,38.9034
28,0,zone_1,glucose,r1032,-9.08859,4.11793e-12,4.98601
28,0,zone_1,oxygen,r0855,-19.7637,-3.74346e-12,41.8212
28,0,zone_1,glucose,r1032,-9.08859,4.11793e-12,4.98601
28,0,zone_1,oxygen,r0855,-19.7637,-3.74346e-12,41.8212
28,8,zone_3,glucose,r1032,-9.08859,4.11793e-12,4.98601
28,8,zone_3,oxygen,r0855,-19.6882,-3.74346e-12,31.5698
28,8,zone_3,glucose,r1032,-9.08859,4.11793e-12,4.98601
28,8,zone_3,oxygen,r0855,-19.6882,-3.74346e-12,31.5698
28,5,zone_2,glucose,r1032,-9.08859,4.11793e-12,4.98601
28,5,zone_2,oxygen,r0855,-19.7449,-3.74346e-12,38.7023
28,5,zone_2,glucose,r1032,-9.08859,4.11793e-12,4.98601
28,5,zone_2,oxygen,r0855,-19.7449,-3.74346e-12,38.7023
28,1,zone_1,glucose,r1032,-9.08859,4.11793e-12,4.98601
28,1,zone_1,oxygen,r0855,-19.7637,-3.74346e-12,41.8212
28,1,zone_1,glucose,r1032,-9.08859,4.11793e-12,4.98601
28,1,zone_1,oxygen,r0855,-19.7637,-3.74346e-12,41.8212
28,2,zone_1,glucose,r1032,-9.08859,4.11793e-12,4.98601
28,2,zone_1,oxygen,r0855,-19.7624,-3.74346e-12,41.5911
28,6,zone_3,glucose,r1032,-9.08859,4.11793e-12,4.98601
28,6,zone_3,oxygen,r0855,-19.6929,-3.74346e-12,32.0597
28,2,zone_1,glucose,r1032,-9.08859,4.11793e-12,4.98601
28,2,zone_1,oxygen,r0855,-19.7624,-3.74346e-12,41.5911
28,6,zone_3,glucose,r1032,-9.08859,4.11793e-12,4.98601
28,6,zone_3,oxygen,r0855,-19.6929,-3.74346e-12,32.0597
28,3,zone_2,glucose,r1032,-9.08859,4.11793e-12,4.98601
28,3,zone_2,oxygen,r0855,-19.7479,-3.74346e-12,39.1655
28,3,zone_2,glucose,r1032,-9.08859,4.11793e-12,4.98601
28,3,zone_2,oxygen,r0855,-19.7479,-3.74346e-12,39.1655
28,7,zone_3,glucose,r1032,-9.08859,4.11793e-12,4.98601
28,7,zone_3,oxygen,r0855,-19.69,-3.74346e-12,31.7564
28,7,zone_3,glucose,r1032,-9.08859,4.11793e-12,4.98601
28,7,zone_3,oxygen,r0855,-19.69,-3.74346e-12,31.7564
30,0,zone_1,glucose,r1032,-9.08843,4.11793e-12,4.98502
30,0,zone_1,oxygen,r0855,-19.7629,-3.74346e-12,41.6837
30,0,zone_1,glucose,r1032,-9.08843,4.11793e-12,4.98502
30,0,zone_1,oxygen,r0855,-19.7629,-3.74346e-12,41.6837
30,8,zone_3,glucose,r1032,-9.08843,4.11793e-12,4.98502
30,8,zone_3,oxygen,r0855,-19.693,-3.74346e-12,32.0707
30,8,zone_3,glucose,r1032,-9.08843,4.11793e-12,4.98502
30,8,zone_3,oxygen,r0855,-19.693,-3.74346e-12,32.0707
30,4,zone_2,glucose,r1032,-9.08843,4.11793e-12,4.98502
30,4,zone_2,oxygen,r0855,-19.7468,-3.74346e-12,38.9893
30,4,zone_2,glucose,r1032,-9.08843,4.11793e-12,4.98502
30,4,zone_2,oxygen,r0855,-19.7468,-3.74346e-12,38.9893
30,1,zone_1,glucose,r1032,-9.08843,4.11793e-12,4.98502
30,1,zone_1,oxygen,r0855,-19.7629,-3.74346e-12,41.6837
30,1,zone_1,glucose,r1032,-9.08843,4.11793e-12,4.98502
30,1,zone_1,oxygen,r0855,-19.7629,-3.74346e-12,41.6837
30,5,zone_2,glucose,r1032,-9.08843,4.11793e-12,4.98502
30,5,zone_2,oxygen,r0855,-19.7456,-3.74346e-12,38.8012
30,5,zone_2,glucose,r1032,-9.08843,4.11793e-12,4.98502
30,5,zone_2,oxygen,r0855,-19.7456,-3.74346e-12,38.8012
30,2,zone_1,glucose,r1032,-9.08843,4.11793e-12,4.98502
30,2,zone_1,oxygen,r0855,-19.7617,-3.74346e-12,41.4685
30,2,zone_1,glucose,r1032,-9.08843,4.11793e-12,4.98502
30,2,zone_1,oxygen,r0855,-19.7617,-3.74346e-12,41.4685
30,6,zone_3,glucose,r1032,-9.08843,4.11793e-12,4.98502
30,6,zone_3,oxygen,r0855,-19.6974,-3.74346e-12,32.5501
30,6,zone_3,glucose,r1032,-9.08843,4.11793e-12,4.98502
30,6,zone_3,oxygen,r0855,-19.6974,-3.74346e-12,32.5501
30,3,zone_2,glucose,r1032,-9.08843,4.11793e-12,4.98502
30,3,zone_2,oxygen,r0855,-19.7483,-3.74346e-12,39.2345
30,3,zone_2,glucose,r1032,-9.08843,4.11793e-12,4.98502
30,3,zone_2,oxygen,r0855,-19.7483,-3.74346e-12,39.2345
30,7,zone_3,glucose,r1032,-9.08843,4.11793e-12,4.98502
30,7,zone_3,oxygen,r0855,-19.6947,-3.74346e-12,32.2543
30,7,zone_3,glucose,r1032,-9.08843,4.11793e-12,4.98502
30,7,zone_3,oxygen,r0855,-19.6947,-3.74346e-12,32.2543
32,8,zone_3,glucose,r1032,-9.08826,4.11793e-12,4.98402
32,8,zone_3,oxygen,r0855,-19.6971,-3.74346e-12,32.5179
32,8,zone_3,glucose,r1032,-9.08826,4.11793e-12,4.98402
32,8,zone_3,oxygen,r0855,-19.6971,-3.74346e-12,32.5179
32,0,zone_1,glucose,r1032,-9.08826,4.11793e-12,4.98402
32,0,zone_1,oxygen,r0855,-19.7622,-3.74346e-12,41.5524
32,0,zone_1,glucose,r1032,-9.08826,4.11793e-12,4.98402
32,0,zone_1,oxygen,r0855,-19.7622,-3.74346e-12,41.5524
32,4,zone_2,glucose,r1032,-9.08826,4.11793e-12,4.98402
32,4,zone_2,oxygen,r0855,-19.7472,-3.74346e-12,39.0599
32,4,zone_2,glucose,r1032,-9.08826,4.11793e-12,4.98402
32,4,zone_2,oxygen,r0855,-19.7472,-3.74346e-12,39.0599
32,1,zone_1,glucose,r1032,-9.08826,4.11793e-12,4.98402
32,1,zone_1,oxygen,r0855,-19.7622,-3.74346e-12,41.5524
32,1,zone_1,glucose,r1032,-9.08826,4.11793e-12,4.98402
32,1,zone_1,oxygen,r0855,-19.7622,-3.74346e-12,41.5524
32,5,zone_2,glucose,r1032,-9.08826,4.11793e-12,4.98402
32,5,zone_2,oxygen,r0855,-19.7461,-3.74346e-12,38.8839
32,5,zone_2,glucose,r1032,-9.08826,4.11793e-12,4.98402
32,5,zone_2,oxygen,r0855,-19.7461,-3.74346e-12,38.8839
32,2,zone_1,glucose,r1032,-9.08826,4.11793e-12,4.98402
32,2,zone_1,oxygen,r0855,-19.7611,-3.74346e-12,41.3512
32,2,zone_1,glucose,r1032,-9.08826,4.11793e-12,4.98402
32,2,zone_1,oxygen,r0855,-19.7611,-3.74346e-12,41.3512
32,6,zone_3,glucose,r1032,-9.08826,4.11793e-12,4.98402
32,6,zone_3,oxygen,r0855,-19.7014,-3.74346e-12,32.9878
32,6,zone_3,glucose,r1032,-9.08826,4.11793e-12,4.98402
32,6,zone_3,oxygen,r0855,-19.7014,-3.74346e-12,32.9878
32,3,zone_2,glucose,r1032,-9.08826,4.11793e-12,4.98402
32,3,zone_2,oxygen,r0855,-19.7487,-3.74346e-12,39.2891
32,3,zone_2,glucose,r1032,-9.08826,4.11793e-12,4.98402
32,3,zone_2,oxygen,r0855,-19.7487,-3.74346e-12,39.2891
32,7,zone_3,glucose,r1032,-9.08826,4.11793e-12,4.98402
32,7,zone_3,oxygen,r0855,-19.6988,-3.74346e-12,32.6989
32,7,zone_3,glucose,r1032,-9.08826,4.11793e-12,4.98402
32,7,zone_3,oxygen,r0855,-19.6988,-3.74346e-12,32.6989
34,0,zone_1,glucose,r1032,-9.08809,4.11793e-12,4.98302
34,0,zone_1,oxygen,r0855,-19.7615,-3.74346e-12,41.4261
34,4,zone_2,glucose,r1032,-9.08809,4.11793e-12,4.98302
34,4,zone_2,oxygen,r0855,-19.7476,-3.74346e-12,39.1163
34,4,zone_2,glucose,r1032,-9.08809,4.11793e-12,4.98302
34,4,zone_2,oxygen,r0855,-19.7476,-3.74346e-12,39.1163
34,0,zone_1,glucose,r1032,-9.08809,4.11793e-12,4.98302
34,0,zone_1,oxygen,r0855,-19.7615,-3.74346e-12,41.4261
34,8,zone_3,glucose,r1032,-9.08809,4.11793e-12,4.98302
34,8,zone_3,oxygen,r0855,-19.7007,-3.74346e-12,32.9165
34,8,zone_3,glucose,r1032,-9.08809,4.11793e-12,4.98302
34,8,zone_3,oxygen,r0855,-19.7007,-3.74346e-12,32.9165
34,1,zone_1,glucose,r1032,-9.08809,4.11793e-12,4.98302
34,1,zone_1,oxygen,r0855,-19.7615,-3.74346e-12,41.4261
34,5,zone_2,glucose,r1032,-9.08809,4.11793e-12,4.98302
34,5,zone_2,oxygen,r0855,-19.7465,-3.74346e-12,38.9515
34,5,zone_2,glucose,r1032,-9.08809,4.11793e-12,4.98302
34,5,zone_2,oxygen,r0855,-19.7465,-3.74346e-12,38.9515
34,1,zone_1,glucose,r1032,-9.08809,4.11793e-12,4.98302
34,1,zone_1,oxygen,r0855,-19.7615,-3.74346e-12,41.4261
34,2,zone_1,glucose,r1032,-9.08809,4.11793e-12,4.98302
34,2,zone_1,oxygen,r0855,-19.7604,-3.74346e-12,41.2382
34,2,zone_1,glucose,r1032,-9.08809,4.11793e-12,4.98302
34,2,zone_1,oxygen,r0855,-19.7604,-3.74346e-12,41.2382
34,6,zone_3,glucose,r1032,-9.08809,4.11793e-12,4.98302
34,6,zone_3,oxygen,r0855,-19.7048,-3.74346e-12,33.3774
34,6,zone_3,glucose,r1032,-9.08809,4.11793e-12,4.98302
34,6,zone_3,oxygen,r0855,-19.7048,-3.74346e-12,33.3774
34,3,zone_2,glucose,r1032,-9.08809,4.11793e-12,4.98302
34,3,zone_2,oxygen,r0855,-19.7489,-3.74346e-12,39.3306
34,3,zone_2,glucose,r1032,-9.08809,4.11793e-12,4.98302
34,3,zone_2,oxygen,r0855,-19.7489,-3.74346e-12,39.3306
34,7,zone_3,glucose,r1032,-9.08809,4.11793e-12,4.98302
34,7,zone_3,oxygen,r0855,-19.7023,-3.74346e-12,33.095
34,7,zone_3,glucose,r1032,-9.08809,4.11793e-12,4.98302
34,7,zone_3,oxygen,r0855,-19.7023,-3.74346e-12,33.095
36,0,zone_1,glucose,r1032,-9.08793,4.11793e-12,4.98203
36,0,zone_1,oxygen,r0855,-19.7608,-3.74346e-12,41.3037
36,0,zone_1,glucose,r1032,-9.08793,4.11793e-12,4.98203
36,0,zone_1,oxygen,r0855,-19.7608,-3.74346e-12,41.3037
36,4,zone_2,glucose,r1032,-9.08793,4.11793e-12,4.98203
36,4,zone_2,oxygen,r0855,-19.7479,-3.74346e-12,39.1594
36,4,zone_2,glucose,r1032,-9.08793,4.11793e-12,4.98203
36,4,zone_2,oxygen,r0855,-19.7479,-3.74346e-12,39.1594
36,8,zone_3,glucose,r1032,-9.08793,4.11793e-12,4.98203
36,8,zone_3,oxygen,r0855,-19.7039,-3.74346e-12,33.2707
36,8,zone_3,glucose,r1032,-9.08793,4.11793e-12,4.98203
36,8,zone_3,oxygen,r0855,-19.7039,-3.74346e-12,33.2707
36,1,zone_1,glucose,r1032,-9.08793,4.11793e-12,4.98203
36,1,zone_1,oxygen,r0855,-19.7608,-3.74346e-12,41.3037
36,1,zone_1,glucose,r1032,-9.08793,4.11793e-12,4.98203
36,1,zone_1,oxygen,r0855,-19.7608,-3.74346e-12,41.3037
36,5,zone_2,glucose,r1032,-9.08793,4.11793e-12,4.98203
36,5,zone_2,oxygen,r0855,-19.7469,-3.74346e-12,39.0052
36,5,zone_2,glucose,r1032,-9.08793,4.11793e-12,4.98203
36,5,zone_2,oxygen,r0855,-19.7469,-3.74346e-12,39.0052
36,2,zone_1,glucose,r1032,-9.08793,4.11793e-12,4.98203
36,2,zone_1,oxygen,r0855,-19.7598,-3.74346e-12,41.1284
36,2,zone_1,glucose,r1032,-9.08793,4.11793e-12,4.98203
36,2,zone_1,oxygen,r0855,-19.7598,-3.74346e-12,41.1284
36,6,zone_3,glucose,r1032,-9.08793,4.11793e-12,4.98203
36,6,zone_3,oxygen,r0855,-19.7078,-3.74346e-12,33.7235
36,6,zone_3,glucose,r1032,-9.08793,4.11793e-12,4.98203
36,6,zone_3,oxygen,r0855,-19.7078,-3.74346e-12,33.7235
36,3,zone_2,glucose,r1032,-9.08793,4.11793e-12,4.98203
36,3,zone_2,oxygen,r0855,-19.7491,-3.74346e-12,39.36
36,3,zone_2,glucose,r1032,-9.08793,4.11793e-12,4.98203
36,3,zone_2,oxygen,r0855,-19.7491,-3.74346e-12,39.36
36,7,zone_3,glucose,r1032,-9.08793,4.11793e-12,4.98203
36,7,zone_3,oxygen,r0855,-19.7054,-3.74346e-12,33.4469
36,7,zone_3,glucose,r1032,-9.08793,4.11793e-12,4.98203
36,7,zone_3,oxygen,r0855,-19.7054,-3.74346e-12,33.4469
38,0,zone_1,glucose,r1032,-9.08776,4.11793e-12,4.98103
38,0,zone_1,oxygen,r0855,-19.7601,-3.74346e-12,41.1845
38,0,zone_1,glucose,r1032,-9.08776,4.11793e-12,4.98103
38,0,zone_1,oxygen,r0855,-19.7601,-3.74346e-12,41.1845
38,8,zone_3,glucose,r1032,-9.08776,4.11793e-12,4.98103
38,8,zone_3,oxygen,r0855,-19.7066,-3.74346e-12,33.5847
38,8,zone_3,glucose,r1032,-9.08776,4.11793e-12,4.98103
38,8,zone_3,oxygen,r0855,-19.7066,-3.74346e-12,33.5847
38,4,zone_2,glucose,r1032,-9.08776,4.11793e-12,4.98103
38,4,zone_2,oxygen,r0855,-19.7481,-3.74346e-12,39.1904
38,4,zone_2,glucose,r1032,-9.08776,4.11793e-12,4.98103
38,4,zone_2,oxygen,r0855,-19.7481,-3.74346e-12,39.1904
38,1,zone_1,glucose,r1032,-9.08776,4.11793e-12,4.98103
38,1,zone_1,oxygen,r0855,-19.7601,-3.74346e-12,41.1845
38,1,zone_1,glucose,r1032,-9.08776,4.11793e-12,4.98103
38,1,zone_1,oxygen,r0855,-19.7601,-3.74346e-12,41.1845
38,5,zone_2,glucose,r1032,-9.08776,4.11793e-12,4.98103
38,5,zone_2,oxygen,r0855,-19.7471,-3.74346e-12,39.0459
38,5,zone_2,glucose,r1032,-9.08776,4.11793e-12,4.98103
38,5,zone_2,oxygen,r0855,-19.7471,-3.74346e-12,39.0459
38,2,zone_1,glucose,r1032,-9.08776,4.11793e-12,4.98103
38,2,zone_1,oxygen,r0855,-19.7592,-3.74346e-12,41.0209
38,2,zone_1,glucose,r1032,-9.08776,4.11793e-12,4.98103
38,2,zone_1,oxygen,r0855,-19.7592,-3.74346e-12,41.0209
38,6,zone_3,glucose,r1032,-9.08776,4.11793e-12,4.98103
38,6,zone_3,oxygen,r0855,-19.7104,-3.74346e-12,34.0299
38,6,zone_3,glucose,r1032,-9.08776,4.11793e-12,4.98103
38,6,zone_3,oxygen,r0855,-19.7104,-3.74346e-12,34.0299
38,3,zone_2,glucose,r1032,-9.08776,4.11793e-12,4.98103
38,3,zone_2,oxygen,r0855,-19.7492,-3.74346e-12,39.3781
38,3,zone_2,glucose,r1032,-9.08776,4.11793e-12,4.98103
38,3,zone_2,oxygen,r0855,-19.7492,-3.74346e-12,39.3781
38,7,zone_3,glucose,r1032,-9.08776,4.11793e-12,4.98103
38,7,zone_3,oxygen,r0855,-19.7081,-3.74346e-12,33.7587
38,7,zone_3,glucose,r1032,-9.08776,4.11793e-12,4.98103
38,7,zone_3,oxygen,r0855,-19.7081,-3.74346e-12,33.7587
40,0,zone_1,glucose,r1032,-9.0876,4.11793e-12,4.98003
40,0,zone_1,oxygen,r0855,-19.7594,-3.74346e-12,41.0679
40,0,zone_1,glucose,r1032,-9.0876,4.11793e-12,4.98003
40,0,zone_1,oxygen,r0855,-19.7594,-3.74346e-12,41.0679
40,4,zone_2,glucose,r1032,-9.0876,4.11793e-12,4.98003
40,4,zone_2,oxygen,r0855,-19.7482,-3.74346e-12,39.2101
40,8,zone_3,glucose,r1032,-9.0876,4.11793e-12,4.98003
40,8,zone_3,oxygen,r0855,-19.709,-3.74346e-12,33.8619
40,8,zone_3,glucose,r1032,-9.0876,4.11793e-12,4.98003
40,8,zone_3,oxygen,r0855,-19.709,-3.74346e-12,33.8619
40,4,zone_2,glucose,r1032,-9.0876,4.11793e-12,4.98003
40,4,zone_2,oxygen,r0855,-19.7482,-3.74346e-12,39.2101
40,1,zone_1,glucose,r1032,-9.0876,4.11793e-12,4.98003
40,1,zone_1,oxygen,r0855,-19.7594,-3.74346e-12,41.0679
40,1,zone_1,glucose,r1032,-9.0876,4.11793e-12,4.98003
40,1,zone_1,oxygen,r0855,-19.7594,-3.74346e-12,41.0679
40,5,zone_2,glucose,r1032,-9.0876,4.11793e-12,4.98003
40,5,zone_2,oxygen,r0855,-19.7473,-3.74346e-12,39.0746
40,5,zone_2,glucose,r1032,-9.0876,4.11793e-12,4.98003
40,5,zone_2,oxygen,r0855,-19.7473,-3.74346e-12,39.0746
40,2,zone_1,glucose,r1032,-9.0876,4.11793e-12,4.98003
40,2,zone_1,oxygen,r0855,-19.7585,-3.74346e-12,40.9152
40,2,zone_1,glucose,r1032,-9.0876,4.11793e-12,4.98003
40,2,zone_1,oxygen,r0855,-19.7585,-3.74346e-12,40.9152
40,6,zone_3,glucose,r1032,-9.0876,4.11793e-12,4.98003
40,6,zone_3,oxygen,r0855,-19.7126,-3.74346e-12,34.3003
40,6,zone_3,glucose,r1032,-9.0876,4.11793e-12,4.98003
40,6,zone_3,oxygen,r0855,-19.7126,-3.74346e-12,34.3003
40,3,zone_2,glucose,r1032,-9.0876,4.11793e-12,4.98003
40,3,zone_2,oxygen,r0855,-19.7493,-3.74346e-12,39.3859
40,3,zone_2,glucose,r1032,-9.0876,4.11793e-12,4.98003
40,3,zone_2,oxygen,r0855,-19.7493,-3.74346e-12,39.3859
40,7,zone_3,glucose,r1032,-9.0876,4.11793e-12,4.98003
40,7,zone_3,oxygen,r0855,-19.7104,-3.74346e-12,34.034
40,7,zone_3,glucose,r1032,-9.0876,4.11793e-12,4.98003
40,7,zone_3,oxygen,r0855,-19.7104,-3.74346e-12,34.034
42,8,zone_3,glucose,r1032,-9.08743,4.11793e-12,4.97904
42,8,zone_3,oxygen,r0855,-19.711,-3.74346e-12,34.1058
42,0,zone_1,glucose,r1032,-9.08743,4.11793e-12,4.97904
42,0,zone_1,oxygen,r0855,-19.7588,-3.74346e-12,40.9533
42,0,zone_1,glucose,r1032,-9.08743,4.11793e-12,4.97904
42,0,zone_1,oxygen,r0855,-19.7588,-3.74346e-12,40.9533
42,8,zone_3,glucose,r1032,-9.08743,4.11793e-12,4.97904
42,8,zone_3,oxygen,r0855,-19.711,-3.74346e-12,34.1058
42,4,zone_2,glucose,r1032,-9.08743,4.11793e-12,4.97904
42,4,zone_2,oxygen,r0855,-19.7482,-3.74346e-12,39.2195
42,4,zone_2,glucose,r1032,-9.08743,4.11793e-12,4.97904
42,4,zone_2,oxygen,r0855,-19.7482,-3.74346e-12,39.2195
42,1,zone_1,glucose,r1032,-9.08743,4.11793e-12,4.97904
42,1,zone_1,oxygen,r0855,-19.7588,-3.74346e-12,40.9533
42,1,zone_1,glucose,r1032,-9.08743,4.11793e-12,4.97904
42,1,zone_1,oxygen,r0855,-19.7588,-3.74346e-12,40.9533
42,5,zone_2,glucose,r1032,-9.08743,4.11793e-12,4.97904
42,5,zone_2,oxygen,r0855,-19.7474,-3.74346e-12,39.0923
42,5,zone_2,glucose,r1032,-9.08743,4.11793e-12,4.97904
42,5,zone_2,oxygen,r0855,-19.7474,-3.74346e-12,39.0923
42,2,zone_1,glucose,r1032,-9.08743,4.11793e-12,4.97904
42,2,zone_1,oxygen,r0855,-19.7579,-3.74346e-12,40.8109
42,2,zone_1,glucose,r1032,-9.08743,4.11793e-12,4.97904
42,2,zone_1,oxygen,r0855,-19.7579,-3.74346e-12,40.8109
42,3,zone_2,glucose,r1032,-9.08743,4.11793e-12,4.97904
42,3,zone_2,oxygen,r0855,-19.7493,-3.74346e-12,39.3843
42,3,zone_2,glucose,r1032,-9.08743,4.11793e-12,4.97904
42,3,zone_2,oxygen,r0855,-19.7493,-3.74346e-12,39.3843
42,6,zone_3,glucose,r1032,-9.08743,4.11793e-12,4.97904
42,6,zone_3,oxygen,r0855,-19.7146,-3.74346e-12,34.5378
42,6,zone_3,glucose,r1032,-9.08743,4.11793e-12,4.97904
42,6,zone_3,oxygen,r0855,-19.7146,-3.74346e-12,34.5378
42,7,zone_3,glucose,r1032,-9.08743,4.11793e-12,4.97904
42,7,zone_3,oxygen,r0855,-19.7124,-3.74346e-12,34.2761
42,7,zone_3,glucose,r1032,-9.08743,4.11793e-12,4.97904
42,7,zone_3,oxygen,r0855,-19.7124,-3.74346e-12,34.2761
44,0,zone_1,glucose,r1032,-9.08727,4.11793e-12,4.97804
44,0,zone_1,oxygen,r0855,-19.7581,-3.74346e-12,40.8403
44,0,zone_1,glucose,r1032,-9.08727,4.11793e-12,4.97804
44,0,zone_1,oxygen,r0855,-19.7581,-3.74346e-12,40.8403
44,4,zone_2,glucose,r1032,-9.08727,4.11793e-12,4.97804
44,4,zone_2,oxygen,r0855,-19.7482,-3.74346e-12,39.2192
44,4,zone_2,glucose,r1032,-9.08727,4.11793e-12,4.97804
44,4,zone_2,oxygen,r0855,-19.7482,-3.74346e-12,39.2192
44,8,zone_3,glucose,r1032,-9.08727,4.11793e-12,4.97804
44,8,zone_3,oxygen,r0855,-19.7128,-3.74346e-12,34.3194
44,8,zone_3,glucose,r1032,-9.08727,4.11793e-12,4.97804
44,8,zone_3,oxygen,r0855,-19.7128,-3.74346e-12,34.3194
44,1,zone_1,glucose,r1032,-9.08727,4.11793e-12,4.97804
44,1,zone_1,oxygen,r0855,-19.7581,-3.74346e-12,40.8403
44,1,zone_1,glucose,r1032,-9.08727,4.11793e-12,4.97804
44,1,zone_1,oxygen,r0855,-19.7581,-3.74346e-12,40.8403
44,5,zone_2,glucose,r1032,-9.08727,4.11793e-12,4.97804
44,5,zone_2,oxygen,r0855,-19.7475,-3.74346e-12,39.0998
44,5,zone_2,glucose,r1032,-9.08727,4.11793e-12,4.97804
44,5,zone_2,oxygen,r0855,-19.7475,-3.74346e-12,39.0998
44,2,zone_1,glucose,r1032,-9.08727,4.11793e-12,4.97804
44,2,zone_1,oxygen,r0855,-19.7573,-3.74346e-12,40.7074
44,2,zone_1,glucose,r1032,-9.08727,4.11793e-12,4.97804
44,2,zone_1,oxygen,r0855,-19.7573,-3.74346e-12,40.7074
44,6,zone_3,glucose,r1032,-9.08727,4.11793e-12,4.97804
44,6,zone_3,oxygen,r0855,-19.7163,-3.74346e-12,34.7455
44,6,zone_3,glucose,r1032,-9.08727,4.11793e-12,4.97804
44,6,zone_3,oxygen,r0855,-19.7163,-3.74346e-12,34.7455
44,3,zone_2,glucose,r1032,-9.08727,4.11793e-12,4.97804
44,3,zone_2,oxygen,r0855,-19.7492,-3.74346e-12,39.3739
44,3,zone_2,glucose,r1032,-9.08727,4.11793e-12,4.97804
44,3,zone_2,oxygen,r0855,-19.7492,-3.74346e-12,39.3739
44,7,zone_3,glucose,r1032,-9.08727,4.11793e-12,4.97804
44,7,zone_3,oxygen,r0855,-19.7142,-3.74346e-12,34.488
44,7,zone_3,glucose,r1032,-9.08727,4.11793e-12,4.97804
44,7,zone_3,oxygen,r0855,-19.7142,-3.74346e-12,34.488
46,0,zone_1,glucose,r1032,-9.0871,4.11793e-12,4.97705
46,0,zone_1,oxygen,r0855,-19.7574,-3.74346e-12,40.7285
46,0,zone_1,glucose,r1032,-9.0871,4.11793e-12,4.97705
46,0,zone_1,oxygen,r0855,-19.7574,-3.74346e-12,40.7285
46,4,zone_2,glucose,r1032,-9.0871,4.11793e-12,4.97705
46,4,zone_2,oxygen,r0855,-19.7482,-3.74346e-12,39.2101
46,4,zone_2,glucose,r1032,-9.0871,4.11793e-12,4.97705
46,4,zone_2,oxygen,r0855,-19.7482,-3.74346e-12,39.2101
46,8,zone_3,glucose,r1032,-9.0871,4.11793e-12,4.97705
46,8,zone_3,oxygen,r0855,-19.7143,-3.74346e-12,34.5054
46,8,zone_3,glucose,r1032,-9.0871,4.11793e-12,4.97705
46,8,zone_3,oxygen,r0855,-19.7143,-3.74346e-12,34.5054
46,1,zone_1,glucose,r1032,-9.0871,4.11793e-12,4.97705
46,1,zone_1,oxygen,r0855,-19.7574,-3.74346e-12,40.7285
46,1,zone_1,glucose,r1032,-9.0871,4.11793e-12,4.97705
46,1,zone_1,oxygen,r0855,-19.7574,-3.74346e-12,40.7285
46,5,zone_2,glucose,r1032,-9.0871,4.11793e-12,4.97705
46,5,zone_2,oxygen,r0855,-19.7475,-3.74346e-12,39.0978
46,5,zone_2,glucose,r1032,-9.0871,4.11793e-12,4.97705
46,5,zone_2,oxygen,r0855,-19.7475,-3.74346e-12,39.0978
46,2,zone_1,glucose,r1032,-9.0871,4.11793e-12,4.97705
46,2,zone_1,oxygen,r0855,-19.7567,-3.74346e-12,40.6045
46,2,zone_1,glucose,r1032,-9.0871,4.11793e-12,4.97705
46,2,zone_1,oxygen,r0855,-19.7567,-3.74346e-12,40.6045
46,6,zone_3,glucose,r1032,-9.0871,4.11793e-12,4.97705
46,6,zone_3,oxygen,r0855,-19.7177,-3.74346e-12,34.926
46,6,zone_3,glucose,r1032,-9.0871,4.11793e-12,4.97705
46,6,zone_3,oxygen,r0855,-19.7177,-3.74346e-12,34.926
46,3,zone_2,glucose,r1032,-9.0871,4.11793e-12,4.97705
46,3,zone_2,oxygen,r0855,-19.7491,-3.74346e-12,39.3554
46,3,zone_2,glucose,r1032,-9.0871,4.11793e-12,4.97705
46,3,zone_2,oxygen,r0855,-19.7491,-3.74346e-12,39.3554
46,7,zone_3,glucose,r1032,-9.0871,4.11793e-12,4.97705
46,7,zone_3,oxygen,r0855,-19.7157,-3.74346e-12,34.6724
46,7,zone_3,glucose,r1032,-9.0871,4.11793e-12,4.97705
46,7,zone_3,oxygen,r0855,-19.7157,-3.74346e-12,34.6724
48,8,zone_3,glucose,r1032,-9.08693,4.11793e-12,4.97605
48,8,zone_3,oxygen,r0855,-19.7156,-3.74346e-12,34.6662
48,8,zone_3,glucose,r1032,-9.08693,4.11793e-12,4.97605
48,8,zone_3,oxygen,r0855,-19.7156,-3.74346e-12,34.6662
48,0,zone_1,glucose,r1032,-9.08693,4.11793e-12,4.97605
48,0,zone_1,oxygen,r0855,-19.7568,-3.74346e-12,40.6178
48,0,zone_1,glucose,r1032,-9.08693,4.11793e-12,4.97605
48,0,zone_1,oxygen,r0855,-19.7568,-3.74346e-12,40.6178
48,4,zone_2,glucose,r1032,-9.08693,4.11793e-12,4.97605
48,4,zone_2,oxygen,r0855,-19.7481,-3.74346e-12,39.1929
48,4,zone_2,glucose,r1032,-9.08693,4.11793e-12,4.97605
48,4,zone_2,oxygen,r0855,-19.7481,-3.74346e-12,39.1929
48,1,zone_1,glucose,r1032,-9.08693,4.11793e-12,4.97605
48,1,zone_1,oxygen,r0855,-19.7568,-3.74346e-12,40.6178
48,1,zone_1,glucose,r1032,-9.08693,4.11793e-12,4.97605
48,1,zone_1,oxygen,r0855,-19.7568,-3.74346e-12,40.6178
48,5,zone_2,glucose,r1032,-9.08693,4.11793e-12,4.97605
48,5,zone_2,oxygen,r0855,-19.7474,-3.74346e-12,39.0871
48,5,zone_2,glucose,r1032,-9.08693,4.11793e-12,4.97605
48,5,zone_2,oxygen,r0855,-19.7474,-3.74346e-12,39.0871
48,2,zone_1,glucose,r1032,-9.08693,4.11793e-12,4.97605
48,2,zone_1,oxygen,r0855,-19.7561,-3.74346e-12,40.502
48,2,zone_1,glucose,r1032,-9.08693,4.11793e-12,4.97605
48,2,zone_1,oxygen,r0855,-19.7561,-3.74346e-12,40.502
48,6,zone_3,glucose,r1032,-9.08693,4.11793e-12,4.97605
48,6,zone_3,oxygen,r0855,-19.719,-3.74346e-12,35.0818
48,6,zone_3,glucose,r1032,-9.08693,4.11793e-12,4.97605
48,6,zone_3,oxygen,r0855,-19.719,-3.74346e-12,35.0818
48,3,zone_2,glucose,r1032,-9.08693,4.11793e-12,4.97605
48,3,zone_2,oxygen,r0855,-19.7489,-3.74346e-12,39.3295
48,3,zone_2,glucose,r1032,-9.08693,4.11793e-12,4.97605
48,3,zone_2,oxygen,r0855,-19.7489,-3.74346e-12,39.3295
48,7,zone_3,glucose,r1032,-9.08693,4.11793e-12,4.97605
48,7,zone_3,oxygen,r0855,-19.717,-3.74346e-12,34.8318
48,7,zone_3,glucose,r1032,-9.08693,4.11793e-12,4.97605
48,7,zone_3,oxygen,r0855,-19.717,-3.74346e-12,34.8318
50,8,zone_3,glucose,r1032,-9.08677,4.11793e-12,4.97506
50,8,zone_3,oxygen,r0855,-19.7167,-3.74346e-12,34.8042
50,8,zone_3,glucose,r1032,-9.08677,4.11793e-12,4.97506
50,8,zone_3,oxygen,r0855,-19.7167,-3.74346e-12,34.8042
50,0,zone_1,glucose,r1032,-9.08677,4.11793e-12,4.97506
50,0,zone_1,oxygen,r0855,-19.7561,-3.74346e-12,40.5079
50,0,zone_1,glucose,r1032,-9.08677,4.11793e-12,4.97506
50,0,zone_1,oxygen,r0855,-19.7561,-3.74346e-12,40.5079
50,4,zone_2,glucose,r1032,-9.08677,4.11793e-12,4.97506
50,4,zone_2,oxygen,r0855,-19.7479,-3.74346e-12,39.1682
50,4,zone_2,glucose,r1032,-9.08677,4.11793e-12,4.97506
50,4,zone_2,oxygen,r0855,-19.7479,-3.74346e-12,39.1682
50,1,zone_1,glucose,r1032,-9.08677,4.11793e-12,4.97506
50,1,zone_1,oxygen,r0855,-19.7561,-3.74346e-12,40.5079
50,5,zone_2,glucose,r1032,-9.08677,4.11793e-12,4.97506
50,5,zone_2,oxygen,r0855,-19.7473,-3.74346e-12,39.0685
50,5,zone_2,glucose,r1032,-9.08677,4.11793e-12,4.97506
50,5,zone_2,oxygen,r0855,-19.7473,-3.74346e-12,39.0685
50,1,zone_1,glucose,r1032,-9.08677,4.11793e-12,4.97506
50,1,zone_1,oxygen,r0855,-19.7561,-3.74346e-12,40.5079
50,2,zone_1,glucose,r1032,-9.08677,4.11793e-12,4.97506
50,2,zone_1,oxygen,r0855,-19.7555,-3.74346e-12,40.3996
50,2,zone_1,glucose,r1032,-9.08677,4.11793e-12,4.97506
50,2,zone_1,oxygen,r0855,-19.7555,-3.74346e-12,40.3996
50,6,zone_3,glucose,r1032,-9.08677,4.11793e-12,4.97506
50,6,zone_3,oxygen,r0855,-19.72,-3.74346e-12,35.2151
50,6,zone_3,glucose,r1032,-9.08677,4.11793e-12,4.97506
50,6,zone_3,oxygen,r0855,-19.72,-3.74346e-12,35.2151
50,3,zone_2,glucose,r1032,-9.08677,4.11793e-12,4.97506
50,3,zone_2,oxygen,r0855,-19.7487,-3.74346e-12,39.2968
50,3,zone_2,glucose,r1032,-9.08677,4.11793e-12,4.97506
50,3,zone_2,oxygen,r0855,-19.7487,-3.74346e-12,39.2968
50,7,zone_3,glucose,r1032,-9.08677,4.11793e-12,4.97506
50,7,zone_3,oxygen,r0855,-19.7181,-3.74346e-12,34.9684
50,7,zone_3,glucose,r1032,-9.08677,4.11793e-12,4.97506
50,7,zone_3,oxygen,r0855,-19.7181,-3.74346e-12,34.9684
52,0,zone_1,glucose,r1032,-9.0866,4.11793e-12,4.97406
52,0,zone_1,oxygen,r0855,-19.7555,-3.74346e-12,40.3985
52,0,zone_1,glucose,r1032,-9.0866,4.11793e-12,4.97406
52,0,zone_1,oxygen,r0855,-19.7555,-3.74346e-12,40.3985
52,4,zone_2,glucose,r1032,-9.0866,4.11793e-12,4.97406
52,4,zone_2,oxygen,r0855,-19.7477,-3.74346e-12,39.1365
52,4,zone_2,glucose,r1032,-9.0866,4.11793e-12,4.97406
52,4,zone_2,oxygen,r0855,-19.7477,-3.74346e-12,39.1365
52,1,zone_1,glucose,r1032,-9.0866,4.11793e-12,4.97406
52,1,zone_1,oxygen,r0855,-19.7555,-3.74346e-12,40.3985
52,1,zone_1,glucose,r1032,-9.0866,4.11793e-12,4.97406
52,1,zone_1,oxygen,r0855,-19.7555,-3.74346e-12,40.3985
52,8,zone_3,glucose,r1032,-9.0866,4.11793e-12,4.97406
52,8,zone_3,oxygen,r0855,-19.7177,-3.74346e-12,34.9213
52,8,zone_3,glucose,r1032,-9.0866,4.11793e-12,4.97406
52,8,zone_3,oxygen,r0855,-19.7177,-3.74346e-12,34.9213
52,5,zone_2,glucose,r1032,-9.0866,4.11793e-12,4.97406
52,5,zone_2,oxygen,r0855,-19.7471,-3.74346e-12,39.0424
52,5,zone_2,glucose,r1032,-9.0866,4.11793e-12,4.97406
52,5,zone_2,oxygen,r0855,-19.7471,-3.74346e-12,39.0424
52,2,zone_1,glucose,r1032,-9.0866,4.11793e-12,4.97406
52,2,zone_1,oxygen,r0855,-19.7549,-3.74346e-12,40.2973
52,2,zone_1,glucose,r1032,-9.0866,4.11793e-12,4.97406
52,2,zone_1,oxygen,r0855,-19.7549,-3.74346e-12,40.2973
52,6,zone_3,glucose,r1032,-9.0866,4.11793e-12,4.97406
52,6,zone_3,oxygen,r0855,-19.7209,-3.74346e-12,35.3279
52,6,zone_3,glucose,r1032,-9.0866,4.11793e-12,4.97406
52,6,zone_3,oxygen,r0855,-19.7209,-3.74346e-12,35.3279
52,3,zone_2,glucose,r1032,-9.0866,4.11793e-12,4.97406
52,3,zone_2,oxygen,r0855,-19.7485,-3.74346e-12,39.2578
52,3,zone_2,glucose,r1032,-9.0866,4.11793e-12,4.97406
52,3,zone_2,oxygen,r0855,-19.7485,-3.74346e-12,39.2578
52,7,zone_3,glucose,r1032,-9.0866,4.11793e-12,4.97406
52,7,zone_3,oxygen,r0855,-19.719,-3.74346e-12,35.0842
52,7,zone_3,glucose,r1032,-9.0866,4.11793e-12,4.97406
52,7,zone_3,oxygen,r0855,-19.719,-3.74346e-12,35.0842
54,0,zone_1,glucose,r1032,-9.08644,4.11793e-12,4.97307
54,0,zone_1,oxygen,r0855,-19.7548,-3.74346e-12,40.2896
54,0,zone_1,glucose,r1032,-9.08644,4.11793e-12,4.97307
54,0,zone_1,oxygen,r0855,-19.7548,-3.74346e-12,40.2896
54,4,zone_2,glucose,r1032,-9.08644,4.11793e-12,4.97307
54,4,zone_2,oxygen,r0855,-19.7475,-3.74346e-12,39.0986
54,4,zone_2,glucose,r1032,-9.08644,4.11793e-12,4.97307
54,4,zone_2,oxygen,r0855,-19.7475,-3.74346e-12,39.0986
54,8,zone_3,glucose,r1032,-9.08644,4.11793e-12,4.97307
54,8,zone_3,oxygen,r0855,-19.7185,-3.74346e-12,35.0195
54,8,zone_3,glucose,r1032,-9.08644,4.11793e-12,4.97307
54,8,zone_3,oxygen,r0855,-19.7185,-3.74346e-12,35.0195
54,1,zone_1,glucose,r1032,-9.08644,4.11793e-12,4.97307
54,1,zone_1,oxygen,r0855,-19.7548,-3.74346e-12,40.2896
54,1,zone_1,glucose,r1032,-9.08644,4.11793e-12,4.97307
54,1,zone_1,oxygen,r0855,-19.7548,-3.74346e-12,40.2896
54,5,zone_2,glucose,r1032,-9.08644,4.11793e-12,4.97307
54,5,zone_2,oxygen,r0855,-19.7469,-3.74346e-12,39.0097
54,5,zone_2,glucose,r1032,-9.08644,4.11793e-12,4.97307
54,5,zone_2,oxygen,r0855,-19.7469,-3.74346e-12,39.0097
54,2,zone_1,glucose,r1032,-9.08644,4.11793e-12,4.97307
54,2,zone_1,oxygen,r0855,-19.7543,-3.74346e-12,40.1949
54,2,zone_1,glucose,r1032,-9.08644,4.11793e-12,4.97307
54,2,zone_1,oxygen,r0855,-19.7543,-3.74346e-12,40.1949
54,6,zone_3,glucose,r1032,-9.08644,4.11793e-12,4.97307
54,6,zone_3,oxygen,r0855,-19.7216,-3.74346e-12,35.422
54,6,zone_3,glucose,r1032,-9.08644,4.11793e-12,4.97307
54,6,zone_3,oxygen,r0855,-19.7216,-3.74346e-12,35.422
54,3,zone_2,glucose,r1032,-9.08644,4.11793e-12,4.97307
54,3,zone_2,oxygen,r0855,-19.7482,-3.74346e-12,39.2131
54,3,zone_2,glucose,r1032,-9.08644,4.11793e-12,4.97307
54,3,zone_2,oxygen,r0855,-19.7482,-3.74346e-12,39.2131
54,7,zone_3,glucose,r1032,-9.08644,4.11793e-12,4.97307
54,7,zone_3,oxygen,r0855,-19.7197,-3.74346e-12,35.1812
54,7,zone_3,glucose,r1032,-9.08644,4.11793e-12,4.97307
54,7,zone_3,oxygen,r0855,-19.7197,-3.74346e-12,35.1812
56,0,zone_1,glucose,r1032,-9.08627,4.11793e-12,4.97207
56,0,zone_1,oxygen,r0855,-19.7542,-3.74346e-12,40.1811
56,0,zone_1,glucose,r1032,-9.08627,4.11793e-12,4.97207
56,0,zone_1,oxygen,r0855,-19.7542,-3.74346e-12,40.1811
56,4,zone_2,glucose,r1032,-9.08627,4.11793e-12,4.97207
56,4,zone_2,oxygen,r0855,-19.7472,-3.74346e-12,39.0549
56,4,zone_2,glucose,r1032,-9.08627,4.11793e-12,4.97207
56,4,zone_2,oxygen,r0855,-19.7472,-3.74346e-12,39.0549
56,8,zone_3,glucose,r1032,-9.08627,4.11793e-12,4.97207
56,8,zone_3,oxygen,r0855,-19.7191,-3.74346e-12,35.1004
56,8,zone_3,glucose,r1032,-9.08627,4.11793e-12,4.97207
56,8,zone_3,oxygen,r0855,-19.7191,-3.74346e-12,35.1004
56,1,zone_1,glucose,r1032,-9.08627,4.11793e-12,4.97207
56,1,zone_1,oxygen,r0855,-19.7542,-3.74346e-12,40.1811
56,1,zone_1,glucose,r1032,-9.08627,4.11793e-12,4.97207
56,1,zone_1,oxygen,r0855,-19.7542,-3.74346e-12,40.1811
56,5,zone_2,glucose,r1032,-9.08627,4.11793e-12,4.97207
56,5,zone_2,oxygen,r0855,-19.7466,-3.74346e-12,38.9706
56,5,zone_2,glucose,r1032,-9.08627,4.11793e-12,4.97207
56,5,zone_2,oxygen,r0855,-19.7466,-3.74346e-12,38.9706
56,2,zone_1,glucose,r1032,-9.08627,4.11793e-12,4.97207
56,2,zone_1,oxygen,r0855,-19.7536,-3.74346e-12,40.0923
56,2,zone_1,glucose,r1032,-9.08627,4.11793e-12,4.97207
56,2,zone_1,oxygen,r0855,-19.7536,-3.74346e-12,40.0923
56,6,zone_3,glucose,r1032,-9.08627,4.11793e-12,4.97207
56,6,zone_3,oxygen,r0855,-19.7222,-3.74346e-12,35.4992
56,6,zone_3,glucose,r1032,-9.08627,4.11793e-12,4.97207
56,6,zone_3,oxygen,r0855,-19.7222,-3.74346e-12,35.4992
56,3,zone_2,glucose,r1032,-9.08627,4.11793e-12,4.97207
56,3,zone_2,oxygen,r0855,-19.7479,-3.74346e-12,39.1631
56,3,zone_2,glucose,r1032,-9.08627,4.11793e-12,4.97207
56,3,zone_2,oxygen,r0855,-19.7479,-3.74346e-12,39.1631
56,7,zone_3,glucose,r1032,-9.08627,4.11793e-12,4.97207
56,7,zone_3,oxygen,r0855,-19.7204,-3.74346e-12,35.261
56,7,zone_3,glucose,r1032,-9.08627,4.11793e-12,4.97207
56,7,zone_3,oxygen,r0855,-19.7204,-3.74346e-12,35.261
58,0,zone_1,glucose,r1032,-9.0861,4.11793e-12,4.97108
58,0,zone_1,oxygen,r0855,-19.7535,-3.74346e-12,40.0728
58,0,zone_1,glucose,r1032,-9.0861,4.11793e-12,4.97108
58,0,zone_1,oxygen,r0855,-19.7535,-3.74346e-12,40.0728
58,4,zone_2,glucose,r1032,-9.0861,4.11793e-12,4.97108
58,4,zone_2,oxygen,r0855,-19.7469,-3.74346e-12,39.0058
58,4,zone_2,glucose,r1032,-9.0861,4.11793e-12,4.97108
58,4,zone_2,oxygen,r0855,-19.7469,-3.74346e-12,39.0058
58,8,zone_3,glucose,r1032,-9.0861,4.11793e-12,4.97108
58,8,zone_3,oxygen,r0855,-19.7196,-3.74346e-12,35.1656
58,8,zone_3,glucose,r1032,-9.0861,4.11793e-12,4.97108
58,8,zone_3,oxygen,r0855,-19.7196,-3.74346e-12,35.1656
58,5,zone_2,glucose,r1032,-9.0861,4.11793e-12,4.97108
58,5,zone_2,oxygen,r0855,-19.7464,-3.74346e-12,38.9259
58,1,zone_1,glucose,r1032,-9.0861,4.11793e-12,4.97108
58,1,zone_1,oxygen,r0855,-19.7535,-3.74346e-12,40.0728
58,5,zone_2,glucose,r1032,-9.0861,4.11793e-12,4.97108
58,5,zone_2,oxygen,r0855,-19.7464,-3.74346e-12,38.9259
58,1,zone_1,glucose,r1032,-9.0861,4.11793e-12,4.97108
58,1,zone_1,oxygen,r0855,-19.7535,-3.74346e-12,40.0728
58,2,zone_1,glucose,r1032,-9.0861,4.11793e-12,4.97108
58,2,zone_1,oxygen,r0855,-19.753,-3.74346e-12,39.9896
58,2,zone_1,glucose,r1032,-9.0861,4.11793e-12,4.97108
58,2,zone_1,oxygen,r0855,-19.753,-3.74346e-12,39.9896
58,6,zone_3,glucose,r1032,-9.0861,4.11793e-12,4.97108
58,6,zone_3,oxygen,r0855,-19.7227,-3.74346e-12,35.5608
58,6,zone_3,glucose,r1032,-9.0861,4.11793e-12,4.97108
58,6,zone_3,oxygen,r0855,-19.7227,-3.74346e-12,35.5608
58,3,zone_2,glucose,r1032,-9.0861,4.11793e-12,4.97108
58,3,zone_2,oxygen,r0855,-19.7475,-3.74346e-12,39.1083
58,3,zone_2,glucose,r1032,-9.0861,4.11793e-12,4.97108
58,3,zone_2,oxygen,r0855,-19.7475,-3.74346e-12,39.1083
58,7,zone_3,glucose,r1032,-9.0861,4.11793e-12,4.97108
58,7,zone_3,oxygen,r0855,-19.7209,-3.74346e-12,35.3251
58,7,zone_3,glucose,r1032,-9.0861,4.11793e-12,4.97108
58,7,zone_3,oxygen,r0855,-19.7209,-3.74346e-12,35.3251
60,8,zone_3,glucose,r1032,-9.08594,4.11793e-12,4.97008
60,8,zone_3,oxygen,r0855,-19.72,-3.74346e-12,35.2164
60,8,zone_3,glucose,r1032,-9.08594,4.11793e-12,4.97008
60,8,zone_3,oxygen,r0855,-19.72,-3.74346e-12,35.2164
60,0,zone_1,glucose,r1032,-9.08594,4.11793e-12,4.97008
60,0,zone_1,oxygen,r0855,-19.7529,-3.74346e-12,39.9648
60,0,zone_1,glucose,r1032,-9.08594,4.11793e-12,4.97008
60,0,zone_1,oxygen,r0855,-19.7529,-3.74346e-12,39.9648
60,4,zone_2,glucose,r1032,-9.08594,4.11793e-12,4.97008
60,4,zone_2,oxygen,r0855,-19.7465,-3.74346e-12,38.9518
60,4,zone_2,glucose,r1032,-9.08594,4.11793e-12,4.97008
60,4,zone_2,oxygen,r0855,-19.7465,-3.74346e-12,38.9518
60,1,zone_1,glucose,r1032,-9.08594,4.11793e-12,4.97008
60,1,zone_1,oxygen,r0855,-19.7529,-3.74346e-12,39.9648
60,1,zone_1,glucose,r1032,-9.08594,4.11793e-12,4.97008
60,1,zone_1,oxygen,r0855,-19.7529,-3.74346e-12,39.9648
60,5,zone_2,glucose,r1032,-9.08594,4.11793e-12,4.97008
60,5,zone_2,oxygen,r0855,-19.746,-3.74346e-12,38.876
60,5,zone_2,glucose,r1032,-9.08594,4.11793e-12,4.97008
60,5,zone_2,oxygen,r0855,-19.746,-3.74346e-12,38.876
60,2,zone_1,glucose,r1032,-9.08594,4.11793e-12,4.97008
60,2,zone_1,oxygen,r0855,-19.7524,-3.74346e-12,39.8866
60,2,zone_1,glucose,r1032,-9.08594,4.11793e-12,4.97008
60,2,zone_1,oxygen,r0855,-19.7524,-3.74346e-12,39.8866
60,6,zone_3,glucose,r1032,-9.08594,4.11793e-12,4.97008
60,6,zone_3,oxygen,r0855,-19.7231,-3.74346e-12,35.6083
60,6,zone_3,glucose,r1032,-9.08594,4.11793e-12,4.97008
60,6,zone_3,oxygen,r0855,-19.7231,-3.74346e-12,35.6083
60,3,zone_2,glucose,r1032,-9.08594,4.11793e-12,4.97008
60,3,zone_2,oxygen,r0855,-19.7471,-3.74346e-12,39.0491
60,7,zone_3,glucose,r1032,-9.08594,4.11793e-12,4.97008
60,7,zone_3,oxygen,r0855,-19.7213,-3.74346e-12,35.3749
60,3,zone_2,glucose,r1032,-9.08594,4.11793e-12,4.97008
60,3,zone_2,oxygen,r0855,-19.7471,-3.74346e-12,39.0491
60,7,zone_3,glucose,r1032,-9.08594,4.11793e-12,4.97008
60,7,zone_3,oxygen,r0855,-19.7213,-3.74346e-12,35.3749
62,0,zone_1,glucose,r1032,-9.08577,4.11793e-12,4.96909
62,0,zone_1,oxygen,r0855,-19.7522,-3.74346e-12,39.8569
62,0,zone_1,glucose,r1032,-9.08577,4.11793e-12,4.96909
62,0,zone_1,oxygen,r0855,-19.7522,-3.74346e-12,39.8569
62,8,zone_3,glucose,r1032,-9.08577,4.11793e-12,4.96909
62,8,zone_3,oxygen,r0855,-19.7203,-3.74346e-12,35.2541
62,8,zone_3,glucose,r1032,-9.08577,4.11793e-12,4.96909
62,8,zone_3,oxygen,r0855,-19.7203,-3.74346e-12,35.2541
62,1,zone_1,glucose,r1032,-9.08577,4.11793e-12,4.96909
62,1,zone_1,oxygen,r0855,-19.7522,-3.74346e-12,39.8569
62,1,zone_1,glucose,r1032,-9.08577,4.11793e-12,4.96909
62,1,zone_1,oxygen,r0855,-19.7522,-3.74346e-12,39.8569
62,4,zone_2,glucose,r1032,-9.08577,4.11793e-12,4.96909
62,4,zone_2,oxygen,r0855,-19.7462,-3.74346e-12,38.8934
62,4,zone_2,glucose,r1032,-9.08577,4.11793e-12,4.96909
62,4,zone_2,oxygen,r0855,-19.7462,-3.74346e-12,38.8934
62,5,zone_2,glucose,r1032,-9.08577,4.11793e-12,4.96909
62,5,zone_2,oxygen,r0855,-19.7457,-3.74346e-12,38.8212
62,5,zone_2,glucose,r1032,-9.08577,4.11793e-12,4.96909
62,5,zone_2,oxygen,r0855,-19.7457,-3.74346e-12,38.8212
62,2,zone_1,glucose,r1032,-9.08577,4.11793e-12,4.96909
62,2,zone_1,oxygen,r0855,-19.7518,-3.74346e-12,39.7834
62,2,zone_1,glucose,r1032,-9.08577,4.11793e-12,4.96909
62,2,zone_1,oxygen,r0855,-19.7518,-3.74346e-12,39.7834
62,3,zone_2,glucose,r1032,-9.08577,4.11793e-12,4.96909
62,3,zone_2,oxygen,r0855,-19.7467,-3.74346e-12,38.9858
62,3,zone_2,glucose,r1032,-9.08577,4.11793e-12,4.96909
62,3,zone_2,oxygen,r0855,-19.7467,-3.74346e-12,38.9858
62,6,zone_3,glucose,r1032,-9.08577,4.11793e-12,4.96909
62,6,zone_3,oxygen,r0855,-19.7233,-3.74346e-12,35.643
62,6,zone_3,glucose,r1032,-9.08577,4.11793e-12,4.96909
62,6,zone_3,oxygen,r0855,-19.7233,-3.74346e-12,35.643
62,7,zone_3,glucose,r1032,-9.08577,4.11793e-12,4.96909
62,7,zone_3,oxygen,r0855,-19.7215,-3.74346e-12,35.4117
62,7,zone_3,glucose,r1032,-9.08577,4.11793e-12,4.96909
62,7,zone_3,oxygen,r0855,-19.7215,-3.74346e-12,35.4117
64,0,zone_1,glucose,r1032,-9.08561,4.11793e-12,4.9681
64,0,zone_1,oxygen,r0855,-19.7515,-3.74346e-12,39.7492
64,0,zone_1,glucose,r1032,-9.08561,4.11793e-12,4.9681
64,0,zone_1,oxygen,r0855,-19.7515,-3.74346e-12,39.7492
64,8,zone_3,glucose,r1032,-9.08561,4.11793e-12,4.9681
64,8,zone_3,oxygen,r0855,-19.7205,-3.74346e-12,35.2799
64,8,zone_3,glucose,r1032,-9.08561,4.11793e-12,4.9681
64,8,zone_3,oxygen,r0855,-19.7205,-3.74346e-12,35.2799
64,4,zone_2,glucose,r1032,-9.08561,4.11793e-12,4.9681
64,4,zone_2,oxygen,r0855,-19.7457,-3.74346e-12,38.8309
64,4,zone_2,glucose,r1032,-9.08561,4.11793e-12,4.9681
64,4,zone_2,oxygen,r0855,-19.7457,-3.74346e-12,38.8309
64,1,zone_1,glucose,r1032,-9.08561,4.11793e-12,4.9681
64,1,zone_1,oxygen,r0855,-19.7515,-3.74346e-12,39.7492
64,1,zone_1,glucose,r1032,-9.08561,4.11793e-12,4.9681
64,1,zone_1,oxygen,r0855,-19.7515,-3.74346e-12,39.7492
64,5,zone_2,glucose,r1032,-9.08561,4.11793e-12,4.9681
64,5,zone_2,oxygen,r0855,-19.7453,-3.74346e-12,38.7621
64,5,zone_2,glucose,r1032,-9.08561,4.11793e-12,4.9681
64,5,zone_2,oxygen,r0855,-19.7453,-3.74346e-12,38.7621
64,2,zone_1,glucose,r1032,-9.08561,4.11793e-12,4.9681
64,2,zone_1,oxygen,r0855,-19.7511,-3.74346e-12,39.68
64,2,zone_1,glucose,r1032,-9.08561,4.11793e-12,4.9681
64,2,zone_1,oxygen,r0855,-19.7511,-3.74346e-12,39.68
64,6,zone_3,glucose,r1032,-9.08561,4.11793e-12,4.9681
64,6,zone_3,oxygen,r0855,-19.7235,-3.74346e-12,35.6659
64,6,zone_3,glucose,r1032,-9.08561,4.11793e-12,4.9681
64,6,zone_3,oxygen,r0855,-19.7235,-3.74346e-12,35.6659
64,3,zone_2,glucose,r1032,-9.08561,4.11793e-12,4.9681
64,3,zone_2,oxygen,r0855,-19.7463,-3.74346e-12,38.9188
64,3,zone_2,glucose,r1032,-9.08561,4.11793e-12,4.9681
64,3,zone_2,oxygen,r0855,-19.7463,-3.74346e-12,38.9188
64,7,zone_3,glucose,r1032,-9.08561,4.11793e-12,4.9681
64,7,zone_3,oxygen,r0855,-19.7217,-3.74346e-12,35.4367
64,7,zone_3,glucose,r1032,-9.08561,4.11793e-12,4.9681
64,7,zone_3,oxygen,r0855,-19.7217,-3.74346e-12,35.4367
66,0,zone_1,glucose,r1032,-9.08544,4.11793e-12,4.9671
66,0,zone_1,oxygen,r0855,-19.7509,-3.74346e-12,39.6416
66,0,zone_1,glucose,r1032,-9.08544,4.11793e-12,4.9671
66,0,zone_1,oxygen,r0855,-19.7509,-3.74346e-12,39.6416
66,8,zone_3,glucose,r1032,-9.08544,4.11793e-12,4.9671
66,8,zone_3,oxygen,r0855,-19.7206,-3.74346e-12,35.2949
66,8,zone_3,glucose,r1032,-9.08544,4.11793e-12,4.9671
66,8,zone_3,oxygen,r0855,-19.7206,-3.74346e-12,35.2949
66,4,zone_2,glucose,r1032,-9.08544,4.11793e-12,4.9671
66,4,zone_2,oxygen,r0855,-19.7453,-3.74346e-12,38.7646
66,4,zone_2,glucose,r1032,-9.08544,4.11793e-12,4.9671
66,4,zone_2,oxygen,r0855,-19.7453,-3.74346e-12,38.7646
66,1,zone_1,glucose,r1032,-9.08544,4.11793e-12,4.9671
66,1,zone_1,oxygen,r0855,-19.7509,-3.74346e-12,39.6416
66,1,zone_1,glucose,r1032,-9.08544,4.11793e-12,4.9671
66,1,zone_1,oxygen,r0855,-19.7509,-3.74346e-12,39.6416
66,5,zone_2,glucose,r1032,-9.08544,4.11793e-12,4.9671
66,5,zone_2,oxygen,r0855,-19.7449,-3.74346e-12,38.6989
66,5,zone_2,glucose,r1032,-9.08544,4.11793e-12,4.9671
66,5,zone_2,oxygen,r0855,-19.7449,-3.74346e-12,38.6989
66,2,zone_1,glucose,r1032,-9.08544,4.11793e-12,4.9671
66,2,zone_1,oxygen,r0855,-19.7505,-3.74346e-12,39.5764
66,2,zone_1,glucose,r1032,-9.08544,4.11793e-12,4.9671
66,2,zone_1,oxygen,r0855,-19.7505,-3.74346e-12,39.5764
66,6,zone_3,glucose,r1032,-9.08544,4.11793e-12,4.9671
66,6,zone_3,oxygen,r0855,-19.7236,-3.74346e-12,35.6782
66,6,zone_3,glucose,r1032,-9.08544,4.11793e-12,4.9671
66,6,zone_3,oxygen,r0855,-19.7236,-3.74346e-12,35.6782
66,3,zone_2,glucose,r1032,-9.08544,4.11793e-12,4.9671
66,3,zone_2,oxygen,r0855,-19.7459,-3.74346e-12,38.8484
66,3,zone_2,glucose,r1032,-9.08544,4.11793e-12,4.9671
66,3,zone_2,oxygen,r0855,-19.7459,-3.74346e-12,38.8484
66,7,zone_3,glucose,r1032,-9.08544,4.11793e-12,4.9671
66,7,zone_3,oxygen,r0855,-19.7218,-3.74346e-12,35.4508
66,7,zone_3,glucose,r1032,-9.08544,4.11793e-12,4.9671
66,7,zone_3,oxygen,r0855,-19.7218,-3.74346e-12,35.4508
68,8,zone_3,glucose,r1032,-9.08527,4.11793e-12,4.96611
68,8,zone_3,oxygen,r0855,-19.7207,-3.74346e-12,35.2999
68,0,zone_1,glucose,r1032,-9.08527,4.11793e-12,4.96611
68,0,zone_1,oxygen,r0855,-19.7502,-3.74346e-12,39.534
68,0,zone_1,glucose,r1032,-9.08527,4.11793e-12,4.96611
68,0,zone_1,oxygen,r0855,-19.7502,-3.74346e-12,39.534
68,8,zone_3,glucose,r1032,-9.08527,4.11793e-12,4.96611
68,8,zone_3,oxygen,r0855,-19.7207,-3.74346e-12,35.2999
68,4,zone_2,glucose,r1032,-9.08527,4.11793e-12,4.96611
68,4,zone_2,oxygen,r0855,-19.7449,-3.74346e-12,38.6949
68,4,zone_2,glucose,r1032,-9.08527,4.11793e-12,4.96611
68,4,zone_2,oxygen,r0855,-19.7449,-3.74346e-12,38.6949
68,1,zone_1,glucose,r1032,-9.08527,4.11793e-12,4.96611
68,1,zone_1,oxygen,r0855,-19.7502,-3.74346e-12,39.534
68,1,zone_1,glucose,r1032,-9.08527,4.11793e-12,4.96611
68,1,zone_1,oxygen,r0855,-19.7502,-3.74346e-12,39.534
68,5,zone_2,glucose,r1032,-9.08527,4.11793e-12,4.96611
68,5,zone_2,oxygen,r0855,-19.7445,-3.74346e-12,38.6321
68,5,zone_2,glucose,r1032,-9.08527,4.11793e-12,4.96611
68,5,zone_2,oxygen,r0855,-19.7445,-3.74346e-12,38.6321
68,2,zone_1,glucose,r1032,-9.08527,4.11793e-12,4.96611
68,2,zone_1,oxygen,r0855,-19.7498,-3.74346e-12,39.4725
68,2,zone_1,glucose,r1032,-9.08527,4.11793e-12,4.96611
68,2,zone_1,oxygen,r0855,-19.7498,-3.74346e-12,39.4725
68,6,zone_3,glucose,r1032,-9.08527,4.11793e-12,4.96611
68,6,zone_3,oxygen,r0855,-19.7236,-3.74346e-12,35.6807
68,6,zone_3,glucose,r1032,-9.08527,4.11793e-12,4.96611
68,6,zone_3,oxygen,r0855,-19.7236,-3.74346e-12,35.6807
68,3,zone_2,glucose,r1032,-9.08527,4.11793e-12,4.96611
68,3,zone_2,oxygen,r0855,-19.7454,-3.74346e-12,38.775
68,3,zone_2,glucose,r1032,-9.08527,4.11793e-12,4.96611
68,3,zone_2,oxygen,r0855,-19.7454,-3.74346e-12,38.775
68,7,zone_3,glucose,r1032,-9.08527,4.11793e-12,4.96611
68,7,zone_3,oxygen,r0855,-19.7219,-3.74346e-12,35.455
68,7,zone_3,glucose,r1032,-9.08527,4.11793e-12,4.96611
68,7,zone_3,oxygen,r0855,-19.7219,-3.74346e-12,35.455
70,0,zone_1,glucose,r1032,-9.08511,4.11793e-12,4.96512
70,0,zone_1,oxygen,r0855,-19.7495,-3.74346e-12,39.4266
70,0,zone_1,glucose,r1032,-9.08511,4.11793e-12,4.96512
70,0,zone_1,oxygen,r0855,-19.7495,-3.74346e-12,39.4266
70,4,zone_2,glucose,r1032,-9.08511,4.11793e-12,4.96512
70,4,zone_2,oxygen,r0855,-19.7444,-3.74346e-12,38.6222
70,4,zone_2,glucose,r1032,-9.08511,4.11793e-12,4.96512
70,4,zone_2,oxygen,r0855,-19.7444,-3.74346e-12,38.6222
70,8,zone_3,glucose,r1032,-9.08511,4.11793e-12,4.96512
70,8,zone_3,oxygen,r0855,-19.7206,-3.74346e-12,35.296
70,8,zone_3,glucose,r1032,-9.08511,4.11793e-12,4.96512
70,8,zone_3,oxygen,r0855,-19.7206,-3.74346e-12,35.296
70,1,zone_1,glucose,r1032,-9.08511,4.11793e-12,4.96512
70,1,zone_1,oxygen,r0855,-19.7495,-3.74346e-12,39.4266
70,1,zone_1,glucose,r1032,-9.08511,4.11793e-12,4.96512
70,1,zone_1,oxygen,r0855,-19.7495,-3.74346e-12,39.4266
70,5,zone_2,glucose,r1032,-9.08511,4.11793e-12,4.96512
70,5,zone_2,oxygen,r0855,-19.744,-3.74346e-12,38.562
70,5,zone_2,glucose,r1032,-9.08511,4.11793e-12,4.96512
70,5,zone_2,oxygen,r0855,-19.744,-3.74346e-12,38.562
70,2,zone_1,glucose,r1032,-9.08511,4.11793e-12,4.96512
70,2,zone_1,oxygen,r0855,-19.7492,-3.74346e-12,39.3684
70,2,zone_1,glucose,r1032,-9.08511,4.11793e-12,4.96512
70,2,zone_1,oxygen,r0855,-19.7492,-3.74346e-12,39.3684
70,6,zone_3,glucose,r1032,-9.08511,4.11793e-12,4.96512
70,6,zone_3,oxygen,r0855,-19.7236,-3.74346e-12,35.6743
70,6,zone_3,glucose,r1032,-9.08511,4.11793e-12,4.96512
70,6,zone_3,oxygen,r0855,-19.7236,-3.74346e-12,35.6743
70,3,zone_2,glucose,r1032,-9.08511,4.11793e-12,4.96512
70,3,zone_2,oxygen,r0855,-19.7449,-3.74346e-12,38.6987
70,3,zone_2,glucose,r1032,-9.08511,4.11793e-12,4.96512
70,3,zone_2,oxygen,r0855,-19.7449,-3.74346e-12,38.6987
70,7,zone_3,glucose,r1032,-9.08511,4.11793e-12,4.96512
70,7,zone_3,oxygen,r0855,-19.7218,-3.74346e-12,35.4503
70,7,zone_3,glucose,r1032,-9.08511,4.11793e-12,4.96512
70,7,zone_3,oxygen,r0855,-19.7218,-3.74346e-12,35.4503
72,0,zone_1,glucose,r1032,-9.08494,4.11793e-12,4.96412
72,0,zone_1,oxygen,r0855,-19.7489,-3.74346e-12,39.3192
72,0,zone_1,glucose,r1032,-9.08494,4.11793e-12,4.96412
72,0,zone_1,oxygen,r0855,-19.7489,-3.74346e-12,39.3192
72,8,zone_3,glucose,r1032,-9.08494,4.11793e-12,4.96412
72,8,zone_3,oxygen,r0855,-19.7205,-3.74346e-12,35.2838
72,8,zone_3,glucose,r1032,-9.08494,4.11793e-12,4.96412
72,8,zone_3,oxygen,r0855,-19.7205,-3.74346e-12,35.2838
72,4,zone_2,glucose,r1032,-9.08494,4.11793e-12,4.96412
72,4,zone_2,oxygen,r0855,-19.7439,-3.74346e-12,38.5466
72,4,zone_2,glucose,r1032,-9.08494,4.11793e-12,4.96412
72,4,zone_2,oxygen,r0855,-19.7439,-3.74346e-12,38.5466
72,1,zone_1,glucose,r1032,-9.08494,4.11793e-12,4.96412
72,1,zone_1,oxygen,r0855,-19.7489,-3.74346e-12,39.3192
72,1,zone_1,glucose,r1032,-9.08494,4.11793e-12,4.96412
72,1,zone_1,oxygen,r0855,-19.7489,-3.74346e-12,39.3192
72,5,zone_2,glucose,r1032,-9.08494,4.11793e-12,4.96412
72,5,zone_2,oxygen,r0855,-19.7435,-3.74346e-12,38.4888
72,5,zone_2,glucose,r1032,-9.08494,4.11793e-12,4.96412
72,5,zone_2,oxygen,r0855,-19.7435,-3.74346e-12,38.4888
72,2,zone_1,glucose,r1032,-9.08494,4.11793e-12,4.96412
72,2,zone_1,oxygen,r0855,-19.7485,-3.74346e-12,39.2641
72,2,zone_1,glucose,r1032,-9.08494,4.11793e-12,4.96412
72,2,zone_1,oxygen,r0855,-19.7485,-3.74346e-12,39.2641
72,6,zone_3,glucose,r1032,-9.08494,4.11793e-12,4.96412
72,6,zone_3,oxygen,r0855,-19.7234,-3.74346e-12,35.6598
72,6,zone_3,glucose,r1032,-9.08494,4.11793e-12,4.96412
72,6,zone_3,oxygen,r0855,-19.7234,-3.74346e-12,35.6598
72,3,zone_2,glucose,r1032,-9.08494,4.11793e-12,4.96412
72,3,zone_2,oxygen,r0855,-19.7444,-3.74346e-12,38.6199
72,3,zone_2,glucose,r1032,-9.08494,4.11793e-12,4.96412
72,3,zone_2,oxygen,r0855,-19.7444,-3.74346e-12,38.6199
72,7,zone_3,glucose,r1032,-9.08494,4.11793e-12,4.96412
72,7,zone_3,oxygen,r0855,-19.7217,-3.74346e-12,35.4374
72,7,zone_3,glucose,r1032,-9.08494,4.11793e-12,4.96412
72,7,zone_3,oxygen,r0855,-19.7217,-3.74346e-12,35.4374
74,0,zone_1,glucose,r1032,-9.08477,4.11793e-12,4.96313
74,0,zone_1,oxygen,r0855,-19.7482,-3.74346e-12,39.212
74,0,zone_1,glucose,r1032,-9.08477,4.11793e-12,4.96313
74,0,zone_1,oxygen,r0855,-19.7482,-3.74346e-12,39.212
74,8,zone_3,glucose,r1032,-9.08477,4.11793e-12,4.96313
74,8,zone_3,oxygen,r0855,-19.7204,-3.74346e-12,35.2641
74,8,zone_3,glucose,r1032,-9.08477,4.11793e-12,4.96313
74,8,zone_3,oxygen,r0855,-19.7204,-3.74346e-12,35.2641
74,4,zone_2,glucose,r1032,-9.08477,4.11793e-12,4.96313
74,4,zone_2,oxygen,r0855,-19.7434,-3.74346e-12,38.4684
74,4,zone_2,glucose,r1032,-9.08477,4.11793e-12,4.96313
74,4,zone_2,oxygen,r0855,-19.7434,-3.74346e-12,38.4684
74,1,zone_1,glucose,r1032,-9.08477,4.11793e-12,4.96313
74,1,zone_1,oxygen,r0855,-19.7482,-3.74346e-12,39.212
74,1,zone_1,glucose,r1032,-9.08477,4.11793e-12,4.96313
74,1,zone_1,oxygen,r0855,-19.7482,-3.74346e-12,39.212
74,2,zone_1,glucose,r1032,-9.08477,4.11793e-12,4.96313
74,2,zone_1,oxygen,r0855,-19.7479,-3.74346e-12,39.1597
74,2,zone_1,glucose,r1032,-9.08477,4.11793e-12,4.96313
74,2,zone_1,oxygen,r0855,-19.7479,-3.74346e-12,39.1597
74,5,zone_2,glucose,r1032,-9.08477,4.11793e-12,4.96313
74,5,zone_2,oxygen,r0855,-19.743,-3.74346e-12,38.4128
74,5,zone_2,glucose,r1032,-9.08477,4.11793e-12,4.96313
74,5,zone_2,oxygen,r0855,-19.743,-3.74346e-12,38.4128
74,3,zone_2,glucose,r1032,-9.08477,4.11793e-12,4.96313
74,3,zone_2,oxygen,r0855,-19.7438,-3.74346e-12,38.5388
74,3,zone_2,glucose,r1032,-9.08477,4.11793e-12,4.96313
74,3,zone_2,oxygen,r0855,-19.7438,-3.74346e-12,38.5388
74,6,zone_3,glucose,r1032,-9.08477,4.11793e-12,4.96313
74,6,zone_3,oxygen,r0855,-19.7233,-3.74346e-12,35.638
74,6,zone_3,glucose,r1032,-9.08477,4.11793e-12,4.96313
74,6,zone_3,oxygen,r0855,-19.7233,-3.74346e-12,35.638
74,7,zone_3,glucose,r1032,-9.08477,4.11793e-12,4.96313
74,7,zone_3,oxygen,r0855,-19.7216,-3.74346e-12,35.417
74,7,zone_3,glucose,r1032,-9.08477,4.11793e-12,4.96313
74,7,zone_3,oxygen,r0855,-19.7216,-3.74346e-12,35.417
76,4,zone_2,glucose,r1032,-9.08461,4.11793e-12,4.96214
76,4,zone_2,oxygen,r0855,-19.7429,-3.74346e-12,38.3878
76,4,zone_2,glucose,r1032,-9.08461,4.11793e-12,4.96214
76,4,zone_2,oxygen,r0855,-19.7429,-3.74346e-12,38.3878
76,0,zone_1,glucose,r1032,-9.08461,4.11793e-12,4.96214
76,0,zone_1,oxygen,r0855,-19.7475,-3.74346e-12,39.1048
76,0,zone_1,glucose,r1032,-9.08461,4.11793e-12,4.96214
76,0,zone_1,oxygen,r0855,-19.7475,-3.74346e-12,39.1048
76,8,zone_3,glucose,r1032,-9.08461,4.11793e-12,4.96214
76,8,zone_3,oxygen,r0855,-19.7202,-3.74346e-12,35.2376
76,8,zone_3,glucose,r1032,-9.08461,4.11793e-12,4.96214
76,8,zone_3,oxygen,r0855,-19.7202,-3.74346e-12,35.2376
76,5,zone_2,glucose,r1032,-9.08461,4.11793e-12,4.96214
76,5,zone_2,oxygen,r0855,-19.7425,-3.74346e-12,38.3343
76,5,zone_2,glucose,r1032,-9.08461,4.11793e-12,4.96214
76,5,zone_2,oxygen,r0855,-19.7425,-3.74346e-12,38.3343
76,1,zone_1,glucose,r1032,-9.08461,4.11793e-12,4.96214
76,1,zone_1,oxygen,r0855,-19.7475,-3.74346e-12,39.1048
76,1,zone_1,glucose,r1032,-9.08461,4.11793e-12,4.96214
76,1,zone_1,oxygen,r0855,-19.7475,-3.74346e-12,39.1048
76,6,zone_3,glucose,r1032,-9.08461,4.11793e-12,4.96214
76,6,zone_3,oxygen,r0855,-19.7231,-3.74346e-12,35.6094
76,6,zone_3,glucose,r1032,-9.08461,4.11793e-12,4.96214
76,6,zone_3,oxygen,r0855,-19.7231,-3.74346e-12,35.6094
76,2,zone_1,glucose,r1032,-9.08461,4.11793e-12,4.96214
76,2,zone_1,oxygen,r0855,-19.7472,-3.74346e-12,39.0551
76,2,zone_1,glucose,r1032,-9.08461,4.11793e-12,4.96214
76,2,zone_1,oxygen,r0855,-19.7472,-3.74346e-12,39.0551
76,7,zone_3,glucose,r1032,-9.08461,4.11793e-12,4.96214
76,7,zone_3,oxygen,r0855,-19.7214,-3.74346e-12,35.3898
76,7,zone_3,glucose,r1032,-9.08461,4.11793e-12,4.96214
76,7,zone_3,oxygen,r0855,-19.7214,-3.74346e-12,35.3898
76,3,zone_2,glucose,r1032,-9.08461,4.11793e-12,4.96214
76,3,zone_2,oxygen,r0855,-19.7433,-3.74346e-12,38.4556
76,3,zone_2,glucose,r1032,-9.08461,4.11793e-12,4.96214
76,3,zone_2,oxygen,r0855,-19.7433,-3.74346e-12,38.4556
78,8,zone_3,glucose,r1032,-9.08444,4.11793e-12,4.96115
78,8,zone_3,oxygen,r0855,-19.7199,-3.74346e-12,35.2049
78,8,zone_3,glucose,r1032,-9.08444,4.11793e-12,4.96115
78,8,zone_3,oxygen,r0855,-19.7199,-3.74346e-12,35.2049
78,0,zone_1,glucose,r1032,-9.08444,4.11793e-12,4.96115
78,0,zone_1,oxygen,r0855,-19.7468,-3.74346e-12,38.9978
78,0,zone_1,glucose,r1032,-9.08444,4.11793e-12,4.96115
78,0,zone_1,oxygen,r0855,-19.7468,-3.74346e-12,38.9978
78,4,zone_2,glucose,r1032,-9.08444,4.11793e-12,4.96115
78,4,zone_2,oxygen,r0855,-19.7423,-3.74346e-12,38.3052
78,4,zone_2,glucose,r1032,-9.08444,4.11793e-12,4.96115
78,4,zone_2,oxygen,r0855,-19.7423,-3.74346e-12,38.3052
78,1,zone_1,glucose,r1032,-9.08444,4.11793e-12,4.96115
78,1,zone_1,oxygen,r0855,-19.7468,-3.74346e-12,38.9978
78,1,zone_1,glucose,r1032,-9.08444,4.11793e-12,4.96115
78,1,zone_1,oxygen,r0855,-19.7468,-3.74346e-12,38.9978
78,5,zone_2,glucose,r1032,-9.08444,4.11793e-12,4.96115
78,5,zone_2,oxygen,r0855,-19.742,-3.74346e-12,38.2536
78,5,zone_2,glucose,r1032,-9.08444,4.11793e-12,4.96115
78,5,zone_2,oxygen,r0855,-19.742,-3.74346e-12,38.2536
78,2,zone_1,glucose,r1032,-9.08444,4.11793e-12,4.96115
78,2,zone_1,oxygen,r0855,-19.7465,-3.74346e-12,38.9504
78,2,zone_1,glucose,r1032,-9.08444,4.11793e-12,4.96115
78,2,zone_1,oxygen,r0855,-19.7465,-3.74346e-12,38.9504
78,6,zone_3,glucose,r1032,-9.08444,4.11793e-12,4.96115
78,6,zone_3,oxygen,r0855,-19.7228,-3.74346e-12,35.5747
78,6,zone_3,glucose,r1032,-9.08444,4.11793e-12,4.96115
78,6,zone_3,oxygen,r0855,-19.7228,-3.74346e-12,35.5747
78,3,zone_2,glucose,r1032,-9.08444,4.11793e-12,4.96115
78,3,zone_2,oxygen,r0855,-19.7427,-3.74346e-12,38.3705
78,3,zone_2,glucose,r1032,-9.08444,4.11793e-12,4.96115
78,3,zone_2,oxygen,r0855,-19.7427,-3.74346e-12,38.3705
78,7,zone_3,glucose,r1032,-9.08444,4.11793e-12,4.96115
78,7,zone_3,oxygen,r0855,-19.7211,-3.74346e-12,35.3565
78,7,zone_3,glucose,r1032,-9.08444,4.11793e-12,4.96115
78,7,zone_3,oxygen,r0855,-19.7211,-3.74346e-12,35.3565
80,4,zone_2,glucose,r1032,-9.08428,4.11793e-12,4.96015
80,4,zone_2,oxygen,r0855,-19.7417,-3.74346e-12,38.2206
80,4,zone_2,glucose,r1032,-9.08428,4.11793e-12,4.96015
80,4,zone_2,oxygen,r0855,-19.7417,-3.74346e-12,38.2206
80,8,zone_3,glucose,r1032,-9.08428,4.11793e-12,4.96015
80,8,zone_3,oxygen,r0855,-19.7196,-3.74346e-12,35.1665
80,8,zone_3,glucose,r1032,-9.08428,4.11793e-12,4.96015
80,8,zone_3,oxygen,r0855,-19.7196,-3.74346e-12,35.1665
80,0,zone_1,glucose,r1032,-9.08428,4.11793e-12,4.96015
80,0,zone_1,oxygen,r0855,-19.7461,-3.74346e-12,38.8908
80,0,zone_1,glucose,r1032,-9.08428,4.11793e-12,4.96015
80,0,zone_1,oxygen,r0855,-19.7461,-3.74346e-12,38.8908
80,5,zone_2,glucose,r1032,-9.08428,4.11793e-12,4.96015
80,5,zone_2,oxygen,r0855,-19.7414,-3.74346e-12,38.1707
80,5,zone_2,glucose,r1032,-9.08428,4.11793e-12,4.96015
80,5,zone_2,oxygen,r0855,-19.7414,-3.74346e-12,38.1707
80,1,zone_1,glucose,r1032,-9.08428,4.11793e-12,4.96015
80,1,zone_1,oxygen,r0855,-19.7461,-3.74346e-12,38.8908
80,1,zone_1,glucose,r1032,-9.08428,4.11793e-12,4.96015
80,1,zone_1,oxygen,r0855,-19.7461,-3.74346e-12,38.8908
80,6,zone_3,glucose,r1032,-9.08428,4.11793e-12,4.96015
80,6,zone_3,oxygen,r0855,-19.7225,-3.74346e-12,35.5344
80,2,zone_1,glucose,r1032,-9.08428,4.11793e-12,4.96015
80,2,zone_1,oxygen,r0855,-19.7458,-3.74346e-12,38.8456
80,2,zone_1,glucose,r1032,-9.08428,4.11793e-12,4.96015
80,2,zone_1,oxygen,r0855,-19.7458,-3.74346e-12,38.8456
80,6,zone_3,glucose,r1032,-9.08428,4.11793e-12,4.96015
80,6,zone_3,oxygen,r0855,-19.7225,-3.74346e-12,35.5344
80,3,zone_2,glucose,r1032,-9.08428,4.11793e-12,4.96015
80,3,zone_2,oxygen,r0855,-19.7422,-3.74346e-12,38.2837
80,3,zone_2,glucose,r1032,-9.08428,4.11793e-12,4.96015
80,3,zone_2,oxygen,r0855,-19.7422,-3.74346e-12,38.2837
80,7,zone_3,glucose,r1032,-9.08428,4.11793e-12,4.96015
80,7,zone_3,oxygen,r0855,-19.7208,-3.74346e-12,35.3175
80,7,zone_3,glucose,r1032,-9.08428,4.11793e-12,4.96015
80,7,zone_3,oxygen,r0855,-19.7208,-3.74346e-12,35.3175
82,4,zone_2,glucose,r1032,-9.08411,4.11793e-12,4.95916
82,4,zone_2,oxygen,r0855,-19.7412,-3.74346e-12,38.1343
82,0,zone_1,glucose,r1032,-9.08411,4.11793e-12,4.95916
82,0,zone_1,oxygen,r0855,-19.7454,-3.74346e-12,38.784
82,4,zone_2,glucose,r1032,-9.08411,4.11793e-12,4.95916
82,4,zone_2,oxygen,r0855,-19.7412,-3.74346e-12,38.1343
82,0,zone_1,glucose,r1032,-9.08411,4.11793e-12,4.95916
82,0,zone_1,oxygen,r0855,-19.7454,-3.74346e-12,38.784
82,8,zone_3,glucose,r1032,-9.08411,4.11793e-12,4.95916
82,8,zone_3,oxygen,r0855,-19.7193,-3.74346e-12,35.1229
82,8,zone_3,glucose,r1032,-9.08411,4.11793e-12,4.95916
82,8,zone_3,oxygen,r0855,-19.7193,-3.74346e-12,35.1229
82,1,zone_1,glucose,r1032,-9.08411,4.11793e-12,4.95916
82,1,zone_1,oxygen,r0855,-19.7454,-3.74346e-12,38.784
82,1,zone_1,glucose,r1032,-9.08411,4.11793e-12,4.95916
82,1,zone_1,oxygen,r0855,-19.7454,-3.74346e-12,38.784
82,5,zone_2,glucose,r1032,-9.08411,4.11793e-12,4.95916
82,5,zone_2,oxygen,r0855,-19.7408,-3.74346e-12,38.086
82,5,zone_2,glucose,r1032,-9.08411,4.11793e-12,4.95916
82,5,zone_2,oxygen,r0855,-19.7408,-3.74346e-12,38.086
82,2,zone_1,glucose,r1032,-9.08411,4.11793e-12,4.95916
82,2,zone_1,oxygen,r0855,-19.7452,-3.74346e-12,38.7408
82,2,zone_1,glucose,r1032,-9.08411,4.11793e-12,4.95916
82,2,zone_1,oxygen,r0855,-19.7452,-3.74346e-12,38.7408
82,3,zone_2,glucose,r1032,-9.08411,4.11793e-12,4.95916
82,3,zone_2,oxygen,r0855,-19.7416,-3.74346e-12,38.1953
82,3,zone_2,glucose,r1032,-9.08411,4.11793e-12,4.95916
82,3,zone_2,oxygen,r0855,-19.7416,-3.74346e-12,38.1953
82,6,zone_3,glucose,r1032,-9.08411,4.11793e-12,4.95916
82,6,zone_3,oxygen,r0855,-19.7221,-3.74346e-12,35.4891
82,6,zone_3,glucose,r1032,-9.08411,4.11793e-12,4.95916
82,6,zone_3,oxygen,r0855,-19.7221,-3.74346e-12,35.4891
82,7,zone_3,glucose,r1032,-9.08411,4.11793e-12,4.95916
82,7,zone_3,oxygen,r0855,-19.7205,-3.74346e-12,35.2733
82,7,zone_3,glucose,r1032,-9.08411,4.11793e-12,4.95916
82,7,zone_3,oxygen,r0855,-19.7205,-3.74346e-12,35.2733
84,8,zone_3,glucose,r1032,-9.08394,4.11793e-12,4.95817
84,8,zone_3,oxygen,r0855,-19.7189,-3.74346e-12,35.0747
84,8,zone_3,glucose,r1032,-9.08394,4.11793e-12,4.95817
84,8,zone_3,oxygen,r0855,-19.7189,-3.74346e-12,35.0747
84,0,zone_1,glucose,r1032,-9.08394,4.11793e-12,4.95817
84,0,zone_1,oxygen,r0855,-19.7448,-3.74346e-12,38.6773
84,4,zone_2,glucose,r1032,-9.08394,4.11793e-12,4.95817
84,4,zone_2,oxygen,r0855,-19.7406,-3.74346e-12,38.0465
84,0,zone_1,glucose,r1032,-9.08394,4.11793e-12,4.95817
84,0,zone_1,oxygen,r0855,-19.7448,-3.74346e-12,38.6773
84,4,zone_2,glucose,r1032,-9.08394,4.11793e-12,4.95817
84,4,zone_2,oxygen,r0855,-19.7406,-3.74346e-12,38.0465
84,5,zone_2,glucose,r1032,-9.08394,4.11793e-12,4.95817
84,5,zone_2,oxygen,r0855,-19.7403,-3.74346e-12,37.9996
84,1,zone_1,glucose,r1032,-9.08394,4.11793e-12,4.95817
84,1,zone_1,oxygen,r0855,-19.7448,-3.74346e-12,38.6773
84,5,zone_2,glucose,r1032,-9.08394,4.11793e-12,4.95817
84,5,zone_2,oxygen,r0855,-19.7403,-3.74346e-12,37.9996
84,1,zone_1,glucose,r1032,-9.08394,4.11793e-12,4.95817
84,1,zone_1,oxygen,r0855,-19.7448,-3.74346e-12,38.6773
84,2,zone_1,glucose,r1032,-9.08394,4.11793e-12,4.95817
84,2,zone_1,oxygen,r0855,-19.7445,-3.74346e-12,38.6359
84,6,zone_3,glucose,r1032,-9.08394,4.11793e-12,4.95817
84,6,zone_3,oxygen,r0855,-19.7218,-3.74346e-12,35.4392
84,2,zone_1,glucose,r1032,-9.08394,4.11793e-12,4.95817
84,2,zone_1,oxygen,r0855,-19.7445,-3.74346e-12,38.6359
84,6,zone_3,glucose,r1032,-9.08394,4.11793e-12,4.95817
84,6,zone_3,oxygen,r0855,-19.7218,-3.74346e-12,35.4392
84,3,zone_2,glucose,r1032,-9.08394,4.11793e-12,4.95817
84,3,zone_2,oxygen,r0855,-19.741,-3.74346e-12,38.1055
84,3,zone_2,glucose,r1032,-9.08394,4.11793e-12,4.95817
84,3,zone_2,oxygen,r0855,-19.741,-3.74346e-12,38.1055
84,7,zone_3,glucose,r1032,-9.08394,4.11793e-12,4.95817
84,7,zone_3,oxygen,r0855,-19.7201,-3.74346e-12,35.2245
84,7,zone_3,glucose,r1032,-9.08394,4.11793e-12,4.95817
84,7,zone_3,oxygen,r0855,-19.7201,-3.74346e-12,35.2245
86,8,zone_3,glucose,r1032,-9.08378,4.11793e-12,4.95718
86,8,zone_3,oxygen,r0855,-19.7185,-3.74346e-12,35.0222
86,8,zone_3,glucose,r1032,-9.08378,4.11793e-12,4.95718
86,8,zone_3,oxygen,r0855,-19.7185,-3.74346e-12,35.0222
86,0,zone_1,glucose,r1032,-9.08378,4.11793e-12,4.95718
86,0,zone_1,oxygen,r0855,-19.7441,-3.74346e-12,38.5708
86,0,zone_1,glucose,r1032,-9.08378,4.11793e-12,4.95718
86,0,zone_1,oxygen,r0855,-19.7441,-3.74346e-12,38.5708
86,4,zone_2,glucose,r1032,-9.08378,4.11793e-12,4.95718
86,4,zone_2,oxygen,r0855,-19.74,-3.74346e-12,37.9572
86,4,zone_2,glucose,r1032,-9.08378,4.11793e-12,4.95718
86,4,zone_2,oxygen,r0855,-19.74,-3.74346e-12,37.9572
86,1,zone_1,glucose,r1032,-9.08378,4.11793e-12,4.95718
86,1,zone_1,oxygen,r0855,-19.7441,-3.74346e-12,38.5708
86,1,zone_1,glucose,r1032,-9.08378,4.11793e-12,4.95718
86,1,zone_1,oxygen,r0855,-19.7441,-3.74346e-12,38.5708
86,5,zone_2,glucose,r1032,-9.08378,4.11793e-12,4.95718
86,5,zone_2,oxygen,r0855,-19.7397,-3.74346e-12,37.9117
86,5,zone_2,glucose,r1032,-9.08378,4.11793e-12,4.95718
86,5,zone_2,oxygen,r0855,-19.7397,-3.74346e-12,37.9117
86,2,zone_1,glucose,r1032,-9.08378,4.11793e-12,4.95718
86,2,zone_1,oxygen,r0855,-19.7438,-3.74346e-12,38.5311
86,2,zone_1,glucose,r1032,-9.08378,4.11793e-12,4.95718
86,2,zone_1,oxygen,r0855,-19.7438,-3.74346e-12,38.5311
86,6,zone_3,glucose,r1032,-9.08378,4.11793e-12,4.95718
86,6,zone_3,oxygen,r0855,-19.7213,-3.74346e-12,35.3851
86,6,zone_3,glucose,r1032,-9.08378,4.11793e-12,4.95718
86,6,zone_3,oxygen,r0855,-19.7213,-3.74346e-12,35.3851
86,3,zone_2,glucose,r1032,-9.08378,4.11793e-12,4.95718
86,3,zone_2,oxygen,r0855,-19.7404,-3.74346e-12,38.0145
86,3,zone_2,glucose,r1032,-9.08378,4.11793e-12,4.95718
86,3,zone_2,oxygen,r0855,-19.7404,-3.74346e-12,38.0145
86,7,zone_3,glucose,r1032,-9.08378,4.11793e-12,4.95718
86,7,zone_3,oxygen,r0855,-19.7197,-3.74346e-12,35.1715
86,7,zone_3,glucose,r1032,-9.08378,4.11793e-12,4.95718
86,7,zone_3,oxygen,r0855,-19.7197,-3.74346e-12,35.1715
88,4,zone_2,glucose,r1032,-9.08361,4.11793e-12,4.95619
88,4,zone_2,oxygen,r0855,-19.7394,-3.74346e-12,37.8667
88,4,zone_2,glucose,r1032,-9.08361,4.11793e-12,4.95619
88,4,zone_2,oxygen,r0855,-19.7394,-3.74346e-12,37.8667
88,0,zone_1,glucose,r1032,-9.08361,4.11793e-12,4.95619
88,0,zone_1,oxygen,r0855,-19.7434,-3.74346e-12,38.4645
88,0,zone_1,glucose,r1032,-9.08361,4.11793e-12,4.95619
88,0,zone_1,oxygen,r0855,-19.7434,-3.74346e-12,38.4645
88,8,zone_3,glucose,r1032,-9.08361,4.11793e-12,4.95619
88,8,zone_3,oxygen,r0855,-19.718,-3.74346e-12,34.9658
88,8,zone_3,glucose,r1032,-9.08361,4.11793e-12,4.95619
88,8,zone_3,oxygen,r0855,-19.718,-3.74346e-12,34.9658
88,1,zone_1,glucose,r1032,-9.08361,4.11793e-12,4.95619
88,1,zone_1,oxygen,r0855,-19.7434,-3.74346e-12,38.4645
88,1,zone_1,glucose,r1032,-9.08361,4.11793e-12,4.95619
88,1,zone_1,oxygen,r0855,-19.7434,-3.74346e-12,38.4645
88,5,zone_2,glucose,r1032,-9.08361,4.11793e-12,4.95619
88,5,zone_2,oxygen,r0855,-19.7391,-3.74346e-12,37.8224
88,5,zone_2,glucose,r1032,-9.08361,4.11793e-12,4.95619
88,5,zone_2,oxygen,r0855,-19.7391,-3.74346e-12,37.8224
88,2,zone_1,glucose,r1032,-9.08361,4.11793e-12,4.95619
88,2,zone_1,oxygen,r0855,-19.7431,-3.74346e-12,38.4262
88,2,zone_1,glucose,r1032,-9.08361,4.11793e-12,4.95619
88,2,zone_1,oxygen,r0855,-19.7431,-3.74346e-12,38.4262
88,6,zone_3,glucose,r1032,-9.08361,4.11793e-12,4.95619
88,6,zone_3,oxygen,r0855,-19.7209,-3.74346e-12,35.3271
88,6,zone_3,glucose,r1032,-9.08361,4.11793e-12,4.95619
88,6,zone_3,oxygen,r0855,-19.7209,-3.74346e-12,35.3271
88,3,zone_2,glucose,r1032,-9.08361,4.11793e-12,4.95619
88,3,zone_2,oxygen,r0855,-19.7397,-3.74346e-12,37.9224
88,3,zone_2,glucose,r1032,-9.08361,4.11793e-12,4.95619
88,3,zone_2,oxygen,r0855,-19.7397,-3.74346e-12,37.9224
88,7,zone_3,glucose,r1032,-9.08361,4.11793e-12,4.95619
88,7,zone_3,oxygen,r0855,-19.7192,-3.74346e-12,35.1146
88,7,zone_3,glucose,r1032,-9.08361,4.11793e-12,4.95619
88,7,zone_3,oxygen,r0855,-19.7192,-3.74346e-12,35.1146
90,8,zone_3,glucose,r1032,-9.08344,4.11793e-12,4.9552
90,8,zone_3,oxygen,r0855,-19.7176,-3.74346e-12,34.9059
90,8,zone_3,glucose,r1032,-9.08344,4.11793e-12,4.9552
90,8,zone_3,oxygen,r0855,-19.7176,-3.74346e-12,34.9059
90,0,zone_1,glucose,r1032,-9.08344,4.11793e-12,4.9552
90,0,zone_1,oxygen,r0855,-19.7427,-3.74346e-12,38.3583
90,0,zone_1,glucose,r1032,-9.08344,4.11793e-12,4.9552
90,0,zone_1,oxygen,r0855,-19.7427,-3.74346e-12,38.3583
90,4,zone_2,glucose,r1032,-9.08344,4.11793e-12,4.9552
90,4,zone_2,oxygen,r0855,-19.7387,-3.74346e-12,37.7751
90,4,zone_2,glucose,r1032,-9.08344,4.11793e-12,4.9552
90,4,zone_2,oxygen,r0855,-19.7387,-3.74346e-12,37.7751
90,5,zone_2,glucose,r1032,-9.08344,4.11793e-12,4.9552
90,5,zone_2,oxygen,r0855,-19.7384,-3.74346e-12,37.7318
90,5,zone_2,glucose,r1032,-9.08344,4.11793e-12,4.9552
90,5,zone_2,oxygen,r0855,-19.7384,-3.74346e-12,37.7318
90,1,zone_1,glucose,r1032,-9.08344,4.11793e-12,4.9552
90,1,zone_1,oxygen,r0855,-19.7427,-3.74346e-12,38.3583
90,1,zone_1,glucose,r1032,-9.08344,4.11793e-12,4.9552
90,1,zone_1,oxygen,r0855,-19.7427,-3.74346e-12,38.3583
90,2,zone_1,glucose,r1032,-9.08344,4.11793e-12,4.9552
90,2,zone_1,oxygen,r0855,-19.7424,-3.74346e-12,38.3214
90,2,zone_1,glucose,r1032,-9.08344,4.11793e-12,4.9552
90,2,zone_1,oxygen,r0855,-19.7424,-3.74346e-12,38.3214
90,6,zone_3,glucose,r1032,-9.08344,4.11793e-12,4.9552
90,6,zone_3,oxygen,r0855,-19.7204,-3.74346e-12,35.2657
90,6,zone_3,glucose,r1032,-9.08344,4.11793e-12,4.9552
90,6,zone_3,oxygen,r0855,-19.7204,-3.74346e-12,35.2657
90,3,zone_2,glucose,r1032,-9.08344,4.11793e-12,4.9552
90,3,zone_2,oxygen,r0855,-19.7391,-3.74346e-12,37.8293
90,3,zone_2,glucose,r1032,-9.08344,4.11793e-12,4.9552
90,3,zone_2,oxygen,r0855,-19.7391,-3.74346e-12,37.8293
90,7,zone_3,glucose,r1032,-9.08344,4.11793e-12,4.9552
90,7,zone_3,oxygen,r0855,-19.7187,-3.74346e-12,35.0542
90,7,zone_3,glucose,r1032,-9.08344,4.11793e-12,4.9552
90,7,zone_3,oxygen,r0855,-19.7187,-3.74346e-12,35.0542
92,8,zone_3,glucose,r1032,-9.08328,4.11793e-12,4.95421
92,8,zone_3,oxygen,r0855,-19.7171,-3.74346e-12,34.8429
92,8,zone_3,glucose,r1032,-9.08328,4.11793e-12,4.95421
92,8,zone_3,oxygen,r0855,-19.7171,-3.74346e-12,34.8429
92,0,zone_1,glucose,r1032,-9.08328,4.11793e-12,4.95421
92,0,zone_1,oxygen,r0855,-19.742,-3.74346e-12,38.2524
92,0,zone_1,glucose,r1032,-9.08328,4.11793e-12,4.95421
92,0,zone_1,oxygen,r0855,-19.742,-3.74346e-12,38.2524
92,4,zone_2,glucose,r1032,-9.08328,4.11793e-12,4.95421
92,4,zone_2,oxygen,r0855,-19.7381,-3.74346e-12,37.6824
92,4,zone_2,glucose,r1032,-9.08328,4.11793e-12,4.95421
92,4,zone_2,oxygen,r0855,-19.7381,-3.74346e-12,37.6824
92,1,zone_1,glucose,r1032,-9.08328,4.11793e-12,4.95421
92,1,zone_1,oxygen,r0855,-19.742,-3.74346e-12,38.2524
92,1,zone_1,glucose,r1032,-9.08328,4.11793e-12,4.95421
92,1,zone_1,oxygen,r0855,-19.742,-3.74346e-12,38.2524
92,5,zone_2,glucose,r1032,-9.08328,4.11793e-12,4.95421
92,5,zone_2,oxygen,r0855,-19.7378,-3.74346e-12,37.6402
92,5,zone_2,glucose,r1032,-9.08328,4.11793e-12,4.95421
92,5,zone_2,oxygen,r0855,-19.7378,-3.74346e-12,37.6402
92,2,zone_1,glucose,r1032,-9.08328,4.11793e-12,4.95421
92,2,zone_1,oxygen,r0855,-19.7417,-3.74346e-12,38.2167
92,2,zone_1,glucose,r1032,-9.08328,4.11793e-12,4.95421
92,2,zone_1,oxygen,r0855,-19.7417,-3.74346e-12,38.2167
92,6,zone_3,glucose,r1032,-9.08328,4.11793e-12,4.95421
92,6,zone_3,oxygen,r0855,-19.7199,-3.74346e-12,35.2012
92,6,zone_3,glucose,r1032,-9.08328,4.11793e-12,4.95421
92,6,zone_3,oxygen,r0855,-19.7199,-3.74346e-12,35.2012
92,3,zone_2,glucose,r1032,-9.08328,4.11793e-12,4.95421
92,3,zone_2,oxygen,r0855,-19.7385,-3.74346e-12,37.7353
92,3,zone_2,glucose,r1032,-9.08328,4.11793e-12,4.95421
92,3,zone_2,oxygen,r0855,-19.7385,-3.74346e-12,37.7353
92,7,zone_3,glucose,r1032,-9.08328,4.11793e-12,4.95421
92,7,zone_3,oxygen,r0855,-19.7182,-3.74346e-12,34.9906
92,7,zone_3,glucose,r1032,-9.08328,4.11793e-12,4.95421
92,7,zone_3,oxygen,r0855,-19.7182,-3.74346e-12,34.9906
94,8,zone_3,glucose,r1032,-9.08311,4.11793e-12,4.95322
94,8,zone_3,oxygen,r0855,-19.7165,-3.74346e-12,34.7769
94,8,zone_3,glucose,r1032,-9.08311,4.11793e-12,4.95322
94,8,zone_3,oxygen,r0855,-19.7165,-3.74346e-12,34.7769
94,0,zone_1,glucose,r1032,-9.08311,4.11793e-12,4.95322
94,0,zone_1,oxygen,r0855,-19.7412,-3.74346e-12,38.1466
94,0,zone_1,glucose,r1032,-9.08311,4.11793e-12,4.95322
94,0,zone_1,oxygen,r0855,-19.7412,-3.74346e-12,38.1466
94,4,zone_2,glucose,r1032,-9.08311,4.11793e-12,4.95322
94,4,zone_2,oxygen,r0855,-19.7375,-3.74346e-12,37.5889
94,4,zone_2,glucose,r1032,-9.08311,4.11793e-12,4.95322
94,4,zone_2,oxygen,r0855,-19.7375,-3.74346e-12,37.5889
94,1,zone_1,glucose,r1032,-9.08311,4.11793e-12,4.95322
94,1,zone_1,oxygen,r0855,-19.7412,-3.74346e-12,38.1466
94,5,zone_2,glucose,r1032,-9.08311,4.11793e-12,4.95322
94,5,zone_2,oxygen,r0855,-19.7372,-3.74346e-12,37.5476
94,1,zone_1,glucose,r1032,-9.08311,4.11793e-12,4.95322
94,1,zone_1,oxygen,r0855,-19.7412,-3.74346e-12,38.1466
94,5,zone_2,glucose,r1032,-9.08311,4.11793e-12,4.95322
94,5,zone_2,oxygen,r0855,-19.7372,-3.74346e-12,37.5476
94,2,zone_1,glucose,r1032,-9.08311,4.11793e-12,4.95322
94,2,zone_1,oxygen,r0855,-19.741,-3.74346e-12,38.1121
94,2,zone_1,glucose,r1032,-9.08311,4.11793e-12,4.95322
94,2,zone_1,oxygen,r0855,-19.741,-3.74346e-12,38.1121
94,6,zone_3,glucose,r1032,-9.08311,4.11793e-12,4.95322
94,6,zone_3,oxygen,r0855,-19.7194,-3.74346e-12,35.1338
94,6,zone_3,glucose,r1032,-9.08311,4.11793e-12,4.95322
94,6,zone_3,oxygen,r0855,-19.7194,-3.74346e-12,35.1338
94,3,zone_2,glucose,r1032,-9.08311,4.11793e-12,4.95322
94,3,zone_2,oxygen,r0855,-19.7378,-3.74346e-12,37.6405
94,3,zone_2,glucose,r1032,-9.08311,4.11793e-12,4.95322
94,3,zone_2,oxygen,r0855,-19.7378,-3.74346e-12,37.6405
94,7,zone_3,glucose,r1032,-9.08311,4.11793e-12,4.95322
94,7,zone_3,oxygen,r0855,-19.7177,-3.74346e-12,34.9241
94,7,zone_3,glucose,r1032,-9.08311,4.11793e-12,4.95322
94,7,zone_3,oxygen,r0855,-19.7177,-3.74346e-12,34.9241
96,8,zone_3,glucose,r1032,-9.08294,4.11793e-12,4.95222
96,8,zone_3,oxygen,r0855,-19.716,-3.74346e-12,34.7083
96,8,zone_3,glucose,r1032,-9.08294,4.11793e-12,4.95222
96,8,zone_3,oxygen,r0855,-19.716,-3.74346e-12,34.7083
96,4,zone_2,glucose,r1032,-9.08294,4.11793e-12,4.95222
96,4,zone_2,oxygen,r0855,-19.7368,-3.74346e-12,37.4946
96,4,zone_2,glucose,r1032,-9.08294,4.11793e-12,4.95222
96,4,zone_2,oxygen,r0855,-19.7368,-3.74346e-12,37.4946
96,0,zone_1,glucose,r1032,-9.08294,4.11793e-12,4.95222
96,0,zone_1,oxygen,r0855,-19.7405,-3.74346e-12,38.041
96,0,zone_1,glucose,r1032,-9.08294,4.11793e-12,4.95222
96,0,zone_1,oxygen,r0855,-19.7405,-3.74346e-12,38.041
96,1,zone_1,glucose,r1032,-9.08294,4.11793e-12,4.95222
96,1,zone_1,oxygen,r0855,-19.7405,-3.74346e-12,38.041
96,1,zone_1,glucose,r1032,-9.08294,4.11793e-12,4.95222
96,1,zone_1,oxygen,r0855,-19.7405,-3.74346e-12,38.041
96,5,zone_2,glucose,r1032,-9.08294,4.11793e-12,4.95222
96,5,zone_2,oxygen,r0855,-19.7365,-3.74346e-12,37.4542
96,5,zone_2,glucose,r1032,-9.08294,4.11793e-12,4.95222
96,5,zone_2,oxygen,r0855,-19.7365,-3.74346e-12,37.4542
96,2,zone_1,glucose,r1032,-9.08294,4.11793e-12,4.95222
96,2,zone_1,oxygen,r0855,-19.7403,-3.74346e-12,38.0076
96,2,zone_1,glucose,r1032,-9.08294,4.11793e-12,4.95222
96,2,zone_1,oxygen,r0855,-19.7403,-3.74346e-12,38.0076
96,6,zone_3,glucose,r1032,-9.08294,4.11793e-12,4.95222
96,6,zone_3,oxygen,r0855,-19.7188,-3.74346e-12,35.0638
96,6,zone_3,glucose,r1032,-9.08294,4.11793e-12,4.95222
96,6,zone_3,oxygen,r0855,-19.7188,-3.74346e-12,35.0638
96,3,zone_2,glucose,r1032,-9.08294,4.11793e-12,4.95222
96,3,zone_2,oxygen,r0855,-19.7372,-3.74346e-12,37.5451
96,3,zone_2,glucose,r1032,-9.08294,4.11793e-12,4.95222
96,3,zone_2,oxygen,r0855,-19.7372,-3.74346e-12,37.5451
96,7,zone_3,glucose,r1032,-9.08294,4.11793e-12,4.95222
96,7,zone_3,oxygen,r0855,-19.7172,-3.74346e-12,34.855
96,7,zone_3,glucose,r1032,-9.08294,4.11793e-12,4.95222
96,7,zone_3,oxygen,r0855,-19.7172,-3.74346e-12,34.855
98,0,zone_1,glucose,r1032,-9.08278,4.11793e-12,4.95123
98,0,zone_1,oxygen,r0855,-19.7398,-3.74346e-12,37.9357
98,0,zone_1,glucose,r1032,-9.08278,4.11793e-12,4.95123
98,0,zone_1,oxygen,r0855,-19.7398,-3.74346e-12,37.9357
98,8,zone_3,glucose,r1032,-9.08278,4.11793e-12,4.95123
98,8,zone_3,oxygen,r0855,-19.7154,-3.74346e-12,34.6373
98,4,zone_2,glucose,r1032,-9.08278,4.11793e-12,4.95123
98,4,zone_2,oxygen,r0855,-19.7361,-3.74346e-12,37.3996
98,8,zone_3,glucose,r1032,-9.08278,4.11793e-12,4.95123
98,8,zone_3,oxygen,r0855,-19.7154,-3.74346e-12,34.6373
98,4,zone_2,glucose,r1032,-9.08278,4.11793e-12,4.95123
98,4,zone_2,oxygen,r0855,-19.7361,-3.74346e-12,37.3996
98,1,zone_1,glucose,r1032,-9.08278,4.11793e-12,4.95123
98,1,zone_1,oxygen,r0855,-19.7398,-3.74346e-12,37.9357
98,1,zone_1,glucose,r1032,-9.08278,4.11793e-12,4.95123
98,1,zone_1,oxygen,r0855,-19.7398,-3.74346e-12,37.9357
98,5,zone_2,glucose,r1032,-9.08278,4.11793e-12,4.95123
98,5,zone_2,oxygen,r0855,-19.7359,-3.74346e-12,37.36
98,5,zone_2,glucose,r1032,-9.08278,4.11793e-12,4.95123
98,5,zone_2,oxygen,r0855,-19.7359,-3.74346e-12,37.36
98,2,zone_1,glucose,r1032,-9.08278,4.11793e-12,4.95123
98,2,zone_1,oxygen,r0855,-19.7396,-3.74346e-12,37.9032
98,2,zone_1,glucose,r1032,-9.08278,4.11793e-12,4.95123
98,2,zone_1,oxygen,r0855,-19.7396,-3.74346e-12,37.9032
98,3,zone_2,glucose,r1032,-9.08278,4.11793e-12,4.95123
98,3,zone_2,oxygen,r0855,-19.7365,-3.74346e-12,37.4491
98,3,zone_2,glucose,r1032,-9.08278,4.11793e-12,4.95123
98,3,zone_2,oxygen,r0855,-19.7365,-3.74346e-12,37.4491
98,6,zone_3,glucose,r1032,-9.08278,4.11793e-12,4.95123
98,6,zone_3,oxygen,r0855,-19.7182,-3.74346e-12,34.9915
98,6,zone_3,glucose,r1032,-9.08278,4.11793e-12,4.95123
98,6,zone_3,oxygen,r0855,-19.7182,-3.74346e-12,34.9915
98,7,zone_3,glucose,r1032,-9.08278,4.11793e-12,4.95123
98,7,zone_3,oxygen,r0855,-19.7166,-3.74346e-12,34.7836
98,7,zone_3,glucose,r1032,-9.08278,4.11793e-12,4.95123
98,7,zone_3,oxygen,r0855,-19.7166,-3.74346e-12,34.7836
100,8,zone_3,glucose,r1032,-9.08261,4.11793e-12,4.95024
100,8,zone_3,oxygen,r0855,-19.7148,-3.74346e-12,34.5642
100,8,zone_3,glucose,r1032,-9.08261,4.11793e-12,4.95024
100,8,zone_3,oxygen,r0855,-19.7148,-3.74346e-12,34.5642
100,0,zone_1,glucose,r1032,-9.08261,4.11793e-12,4.95024
100,0,zone_1,oxygen,r0855,-19.7391,-3.74346e-12,37.8307
100,0,zone_1,glucose,r1032,-9.08261,4.11793e-12,4.95024
100,0,zone_1,oxygen,r0855,-19.7391,-3.74346e-12,37.8307
100,4,zone_2,glucose,r1032,-9.08261,4.11793e-12,4.95024
100,4,zone_2,oxygen,r0855,-19.7355,-3.74346e-12,37.304
100,4,zone_2,glucose,r1032,-9.08261,4.11793e-12,4.95024
100,4,zone_2,oxygen,r0855,-19.7355,-3.74346e-12,37.304
100,1,zone_1,glucose,r1032,-9.08261,4.11793e-12,4.95024
100,1,zone_1,oxygen,r0855,-19.7391,-3.74346e-12,37.8307
100,1,zone_1,glucose,r1032,-9.08261,4.11793e-12,4.95024
100,1,zone_1,oxygen,r0855,-19.7391,-3.74346e-12,37.8307
100,2,zone_1,glucose,r1032,-9.08261,4.11793e-12,4.95024
100,2,zone_1,oxygen,r0855,-19.7389,-3.74346e-12,37.799
100,2,zone_1,glucose,r1032,-9.08261,4.11793e-12,4.95024
100,2,zone_1,oxygen,r0855,-19.7389,-3.74346e-12,37.799
100,5,zone_2,glucose,r1032,-9.08261,4.11793e-12,4.95024
100,5,zone_2,oxygen,r0855,-19.7352,-3.74346e-12,37.2651
100,5,zone_2,glucose,r1032,-9.08261,4.11793e-12,4.95024
100,5,zone_2,oxygen,r0855,-19.7352,-3.74346e-12,37.2651
100,3,zone_2,glucose,r1032,-9.08261,4.11793e-12,4.95024
100,3,zone_2,oxygen,r0855,-19.7358,-3.74346e-12,37.3525
100,3,zone_2,glucose,r1032,-9.08261,4.11793e-12,4.95024
100,3,zone_2,oxygen,r0855,-19.7358,-3.74346e-12,37.3525
100,6,zone_3,glucose,r1032,-9.08261,4.11793e-12,4.95024
100,6,zone_3,oxygen,r0855,-19.7177,-3.74346e-12,34.9172
100,6,zone_3,glucose,r1032,-9.08261,4.11793e-12,4.95024
100,6,zone_3,oxygen,r0855,-19.7177,-3.74346e-12,34.9172
100,7,zone_3,glucose,r1032,-9.08261,4.11793e-12,4.95024
100,7,zone_3,oxygen,r0855,-19.716,-3.74346e-12,34.71
100,7,zone_3,glucose,r1032,-9.08261,4.11793e-12,4.95024
100,7,zone_3,oxygen,r0855,-19.716,-3.74346e-12,34.71
102,4,zone_2,glucose,r1032,-9.08244,4.11793e-12,4.94925
102,4,zone_2,oxygen,r0855,-19.7348,-3.74346e-12,37.2079
102,4,zone_2,glucose,r1032,-9.08244,4.11793e-12,4.94925
102,4,zone_2,oxygen,r0855,-19.7348,-3.74346e-12,37.2079
102,0,zone_1,glucose,r1032,-9.08244,4.11793e-12,4.94925
102,0,zone_1,oxygen,r0855,-19.7384,-3.74346e-12,37.7258
102,0,zone_1,glucose,r1032,-9.08244,4.11793e-12,4.94925
102,0,zone_1,oxygen,r0855,-19.7384,-3.74346e-12,37.7258
102,8,zone_3,glucose,r1032,-9.08244,4.11793e-12,4.94925
102,8,zone_3,oxygen,r0855,-19.7142,-3.74346e-12,34.4892
102,8,zone_3,glucose,r1032,-9.08244,4.11793e-12,4.94925
102,8,zone_3,oxygen,r0855,-19.7142,-3.74346e-12,34.4892
102,5,zone_2,glucose,r1032,-9.08244,4.11793e-12,4.94925
102,5,zone_2,oxygen,r0855,-19.7345,-3.74346e-12,37.1696
102,5,zone_2,glucose,r1032,-9.08244,4.11793e-12,4.94925
102,5,zone_2,oxygen,r0855,-19.7345,-3.74346e-12,37.1696
102,1,zone_1,glucose,r1032,-9.08244,4.11793e-12,4.94925
102,1,zone_1,oxygen,r0855,-19.7384,-3.74346e-12,37.7258
102,1,zone_1,glucose,r1032,-9.08244,4.11793e-12,4.94925
102,1,zone_1,oxygen,r0855,-19.7384,-3.74346e-12,37.7258
102,6,zone_3,glucose,r1032,-9.08244,4.11793e-12,4.94925
102,6,zone_3,oxygen,r0855,-19.717,-3.74346e-12,34.8409
102,6,zone_3,glucose,r1032,-9.08244,4.11793e-12,4.94925
102,6,zone_3,oxygen,r0855,-19.717,-3.74346e-12,34.8409
102,2,zone_1,glucose,r1032,-9.08244,4.11793e-12,4.94925
102,2,zone_1,oxygen,r0855,-19.7382,-3.74346e-12,37.6949
102,2,zone_1,glucose,r1032,-9.08244,4.11793e-12,4.94925
102,2,zone_1,oxygen,r0855,-19.7382,-3.74346e-12,37.6949
102,7,zone_3,glucose,r1032,-9.08244,4.11793e-12,4.94925
102,7,zone_3,oxygen,r0855,-19.7154,-3.74346e-12,34.6345
102,7,zone_3,glucose,r1032,-9.08244,4.11793e-12,4.94925
102,7,zone_3,oxygen,r0855,-19.7154,-3.74346e-12,34.6345
102,3,zone_2,glucose,r1032,-9.08244,4.11793e-12,4.94925
102,3,zone_2,oxygen,r0855,-19.7351,-3.74346e-12,37.2555
102,3,zone_2,glucose,r1032,-9.08244,4.11793e-12,4.94925
102,3,zone_2,oxygen,r0855,-19.7351,-3.74346e-12,37.2555
104,0,zone_1,glucose,r1032,-9.08228,4.11793e-12,4.94826
104,0,zone_1,oxygen,r0855,-19.7377,-3.74346e-12,37.6213
104,0,zone_1,glucose,r1032,-9.08228,4.11793e-12,4.94826
104,0,zone_1,oxygen,r0855,-19.7377,-3.74346e-12,37.6213
104,4,zone_2,glucose,r1032,-9.08228,4.11793e-12,4.94826
104,4,zone_2,oxygen,r0855,-19.7341,-3.74346e-12,37.1113
104,4,zone_2,glucose,r1032,-9.08228,4.11793e-12,4.94826
104,4,zone_2,oxygen,r0855,-19.7341,-3.74346e-12,37.1113
104,8,zone_3,glucose,r1032,-9.08228,4.11793e-12,4.94826
104,8,zone_3,oxygen,r0855,-19.7136,-3.74346e-12,34.4124
104,8,zone_3,glucose,r1032,-9.08228,4.11793e-12,4.94826
104,8,zone_3,oxygen,r0855,-19.7136,-3.74346e-12,34.4124
104,5,zone_2,glucose,r1032,-9.08228,4.11793e-12,4.94826
104,5,zone_2,oxygen,r0855,-19.7339,-3.74346e-12,37.0737
104,5,zone_2,glucose,r1032,-9.08228,4.11793e-12,4.94826
104,5,zone_2,oxygen,r0855,-19.7339,-3.74346e-12,37.0737
104,1,zone_1,glucose,r1032,-9.08228,4.11793e-12,4.94826
104,1,zone_1,oxygen,r0855,-19.7377,-3.74346e-12,37.6213
104,1,zone_1,glucose,r1032,-9.08228,4.11793e-12,4.94826
104,1,zone_1,oxygen,r0855,-19.7377,-3.74346e-12,37.6213
104,2,zone_1,glucose,r1032,-9.08228,4.11793e-12,4.94826
104,2,zone_1,oxygen,r0855,-19.7375,-3.74346e-12,37.591
104,2,zone_1,glucose,r1032,-9.08228,4.11793e-12,4.94826
104,2,zone_1,oxygen,r0855,-19.7375,-3.74346e-12,37.591
104,6,zone_3,glucose,r1032,-9.08228,4.11793e-12,4.94826
104,6,zone_3,oxygen,r0855,-19.7164,-3.74346e-12,34.7629
104,6,zone_3,glucose,r1032,-9.08228,4.11793e-12,4.94826
104,6,zone_3,oxygen,r0855,-19.7164,-3.74346e-12,34.7629
104,3,zone_2,glucose,r1032,-9.08228,4.11793e-12,4.94826
104,3,zone_2,oxygen,r0855,-19.7345,-3.74346e-12,37.1582
104,3,zone_2,glucose,r1032,-9.08228,4.11793e-12,4.94826
104,3,zone_2,oxygen,r0855,-19.7345,-3.74346e-12,37.1582
104,7,zone_3,glucose,r1032,-9.08228,4.11793e-12,4.94826
104,7,zone_3,oxygen,r0855,-19.7148,-3.74346e-12,34.5573
104,7,zone_3,glucose,r1032,-9.08228,4.11793e-12,4.94826
104,7,zone_3,oxygen,r0855,-19.7148,-3.74346e-12,34.5573
106,0,zone_1,glucose,r1032,-9.08211,4.11793e-12,4.94727
106,0,zone_1,oxygen,r0855,-19.737,-3.74346e-12,37.517
106,0,zone_1,glucose,r1032,-9.08211,4.11793e-12,4.94727
106,0,zone_1,oxygen,r0855,-19.737,-3.74346e-12,37.517
106,8,zone_3,glucose,r1032,-9.08211,4.11793e-12,4.94727
106,8,zone_3,oxygen,r0855,-19.7129,-3.74346e-12,34.3341
106,8,zone_3,glucose,r1032,-9.08211,4.11793e-12,4.94727
106,8,zone_3,oxygen,r0855,-19.7129,-3.74346e-12,34.3341
106,4,zone_2,glucose,r1032,-9.08211,4.11793e-12,4.94727
106,4,zone_2,oxygen,r0855,-19.7334,-3.74346e-12,37.0144
106,4,zone_2,glucose,r1032,-9.08211,4.11793e-12,4.94727
106,4,zone_2,oxygen,r0855,-19.7334,-3.74346e-12,37.0144
106,1,zone_1,glucose,r1032,-9.08211,4.11793e-12,4.94727
106,1,zone_1,oxygen,r0855,-19.737,-3.74346e-12,37.517
106,1,zone_1,glucose,r1032,-9.08211,4.11793e-12,4.94727
106,1,zone_1,oxygen,r0855,-19.737,-3.74346e-12,37.517
106,5,zone_2,glucose,r1032,-9.08211,4.11793e-12,4.94727
106,5,zone_2,oxygen,r0855,-19.7332,-3.74346e-12,36.9773
106,5,zone_2,glucose,r1032,-9.08211,4.11793e-12,4.94727
106,5,zone_2,oxygen,r0855,-19.7332,-3.74346e-12,36.9773
106,2,zone_1,glucose,r1032,-9.08211,4.11793e-12,4.94727
106,2,zone_1,oxygen,r0855,-19.7368,-3.74346e-12,37.4874
106,2,zone_1,glucose,r1032,-9.08211,4.11793e-12,4.94727
106,2,zone_1,oxygen,r0855,-19.7368,-3.74346e-12,37.4874
106,6,zone_3,glucose,r1032,-9.08211,4.11793e-12,4.94727
106,6,zone_3,oxygen,r0855,-19.7158,-3.74346e-12,34.6834
106,6,zone_3,glucose,r1032,-9.08211,4.11793e-12,4.94727
106,6,zone_3,oxygen,r0855,-19.7158,-3.74346e-12,34.6834
106,3,zone_2,glucose,r1032,-9.08211,4.11793e-12,4.94727
106,3,zone_2,oxygen,r0855,-19.7338,-3.74346e-12,37.0605
106,3,zone_2,glucose,r1032,-9.08211,4.11793e-12,4.94727
106,3,zone_2,oxygen,r0855,-19.7338,-3.74346e-12,37.0605
106,7,zone_3,glucose,r1032,-9.08211,4.11793e-12,4.94727
106,7,zone_3,oxygen,r0855,-19.7141,-3.74346e-12,34.4786
106,7,zone_3,glucose,r1032,-9.08211,4.11793e-12,4.94727
106,7,zone_3,oxygen,r0855,-19.7141,-3.74346e-12,34.4786
108,4,zone_2,glucose,r1032,-9.08194,4.11793e-12,4.94629
108,4,zone_2,oxygen,r0855,-19.7327,-3.74346e-12,36.9172
108,4,zone_2,glucose,r1032,-9.08194,4.11793e-12,4.94629
108,4,zone_2,oxygen,r0855,-19.7327,-3.74346e-12,36.9172
108,0,zone_1,glucose,r1032,-9.08194,4.11793e-12,4.94629
108,0,zone_1,oxygen,r0855,-19.7362,-3.74346e-12,37.413
108,0,zone_1,glucose,r1032,-9.08194,4.11793e-12,4.94629
108,0,zone_1,oxygen,r0855,-19.7362,-3.74346e-12,37.413
108,8,zone_3,glucose,r1032,-9.08194,4.11793e-12,4.94629
108,8,zone_3,oxygen,r0855,-19.7123,-3.74346e-12,34.2544
108,8,zone_3,glucose,r1032,-9.08194,4.11793e-12,4.94629
108,8,zone_3,oxygen,r0855,-19.7123,-3.74346e-12,34.2544
108,1,zone_1,glucose,r1032,-9.08194,4.11793e-12,4.94629
108,1,zone_1,oxygen,r0855,-19.7362,-3.74346e-12,37.413
108,1,zone_1,glucose,r1032,-9.08194,4.11793e-12,4.94629
108,1,zone_1,oxygen,r0855,-19.7362,-3.74346e-12,37.413
108,5,zone_2,glucose,r1032,-9.08194,4.11793e-12,4.94629
108,5,zone_2,oxygen,r0855,-19.7325,-3.74346e-12,36.8806
108,5,zone_2,glucose,r1032,-9.08194,4.11793e-12,4.94629
108,5,zone_2,oxygen,r0855,-19.7325,-3.74346e-12,36.8806
108,2,zone_1,glucose,r1032,-9.08194,4.11793e-12,4.94629
108,2,zone_1,oxygen,r0855,-19.736,-3.74346e-12,37.3839
108,2,zone_1,glucose,r1032,-9.08194,4.11793e-12,4.94629
108,2,zone_1,oxygen,r0855,-19.736,-3.74346e-12,37.3839
108,6,zone_3,glucose,r1032,-9.08194,4.11793e-12,4.94629
108,6,zone_3,oxygen,r0855,-19.7151,-3.74346e-12,34.6025
108,6,zone_3,glucose,r1032,-9.08194,4.11793e-12,4.94629
108,6,zone_3,oxygen,r0855,-19.7151,-3.74346e-12,34.6025
108,3,zone_2,glucose,r1032,-9.08194,4.11793e-12,4.94629
108,3,zone_2,oxygen,r0855,-19.7331,-3.74346e-12,36.9626
108,3,zone_2,glucose,r1032,-9.08194,4.11793e-12,4.94629
108,3,zone_2,oxygen,r0855,-19.7331,-3.74346e-12,36.9626
108,7,zone_3,glucose,r1032,-9.08194,4.11793e-12,4.94629
108,7,zone_3,oxygen,r0855,-19.7135,-3.74346e-12,34.3984
108,7,zone_3,glucose,r1032,-9.08194,4.11793e-12,4.94629
108,7,zone_3,oxygen,r0855,-19.7135,-3.74346e-12,34.3984
110,0,zone_1,glucose,r1032,-9.08178,4.11793e-12,4.9453
110,0,zone_1,oxygen,r0855,-19.7355,-3.74346e-12,37.3093
110,0,zone_1,glucose,r1032,-9.08178,4.11793e-12,4.9453
110,0,zone_1,oxygen,r0855,-19.7355,-3.74346e-12,37.3093
110,8,zone_3,glucose,r1032,-9.08178,4.11793e-12,4.9453
110,8,zone_3,oxygen,r0855,-19.7116,-3.74346e-12,34.1734
110,8,zone_3,glucose,r1032,-9.08178,4.11793e-12,4.9453
110,8,zone_3,oxygen,r0855,-19.7116,-3.74346e-12,34.1734
110,4,zone_2,glucose,r1032,-9.08178,4.11793e-12,4.9453
110,4,zone_2,oxygen,r0855,-19.732,-3.74346e-12,36.8197
110,4,zone_2,glucose,r1032,-9.08178,4.11793e-12,4.9453
110,4,zone_2,oxygen,r0855,-19.732,-3.74346e-12,36.8197
110,1,zone_1,glucose,r1032,-9.08178,4.11793e-12,4.9453
110,1,zone_1,oxygen,r0855,-19.7355,-3.74346e-12,37.3093
110,1,zone_1,glucose,r1032,-9.08178,4.11793e-12,4.9453
110,1,zone_1,oxygen,r0855,-19.7355,-3.74346e-12,37.3093
110,5,zone_2,glucose,r1032,-9.08178,4.11793e-12,4.9453
110,5,zone_2,oxygen,r0855,-19.7318,-3.74346e-12,36.7835
110,5,zone_2,glucose,r1032,-9.08178,4.11793e-12,4.9453
110,5,zone_2,oxygen,r0855,-19.7318,-3.74346e-12,36.7835
110,2,zone_1,glucose,r1032,-9.08178,4.11793e-12,4.9453
110,2,zone_1,oxygen,r0855,-19.7353,-3.74346e-12,37.2807
110,2,zone_1,glucose,r1032,-9.08178,4.11793e-12,4.9453
110,2,zone_1,oxygen,r0855,-19.7353,-3.74346e-12,37.2807
110,6,zone_3,glucose,r1032,-9.08178,4.11793e-12,4.9453
110,6,zone_3,oxygen,r0855,-19.7145,-3.74346e-12,34.5203
110,6,zone_3,glucose,r1032,-9.08178,4.11793e-12,4.9453
110,6,zone_3,oxygen,r0855,-19.7145,-3.74346e-12,34.5203
110,3,zone_2,glucose,r1032,-9.08178,4.11793e-12,4.9453
110,3,zone_2,oxygen,r0855,-19.7324,-3.74346e-12,36.8645
110,3,zone_2,glucose,r1032,-9.08178,4.11793e-12,4.9453
110,3,zone_2,oxygen,r0855,-19.7324,-3.74346e-12,36.8645
110,7,zone_3,glucose,r1032,-9.08178,4.11793e-12,4.9453
110,7,zone_3,oxygen,r0855,-19.7128,-3.74346e-12,34.317
110,7,zone_3,glucose,r1032,-9.08178,4.11793e-12,4.9453
110,7,zone_3,oxygen,r0855,-19.7128,-3.74346e-12,34.317
112,0,zone_1,glucose,r1032,-9.08161,4.11793e-12,4.94431
112,0,zone_1,oxygen,r0855,-19.7348,-3.74346e-12,37.2059
112,0,zone_1,glucose,r1032,-9.08161,4.11793e-12,4.94431
112,0,zone_1,oxygen,r0855,-19.7348,-3.74346e-12,37.2059
112,8,zone_3,glucose,r1032,-9.08161,4.11793e-12,4.94431
112,8,zone_3,oxygen,r0855,-19.7109,-3.74346e-12,34.0913
112,8,zone_3,glucose,r1032,-9.08161,4.11793e-12,4.94431
112,8,zone_3,oxygen,r0855,-19.7109,-3.74346e-12,34.0913
112,4,zone_2,glucose,r1032,-9.08161,4.11793e-12,4.94431
112,4,zone_2,oxygen,r0855,-19.7313,-3.74346e-12,36.722
112,4,zone_2,glucose,r1032,-9.08161,4.11793e-12,4.94431
112,4,zone_2,oxygen,r0855,-19.7313,-3.74346e-12,36.722
112,1,zone_1,glucose,r1032,-9.08161,4.11793e-12,4.94431
112,1,zone_1,oxygen,r0855,-19.7348,-3.74346e-12,37.2059
112,1,zone_1,glucose,r1032,-9.08161,4.11793e-12,4.94431
112,1,zone_1,oxygen,r0855,-19.7348,-3.74346e-12,37.2059
112,5,zone_2,glucose,r1032,-9.08161,4.11793e-12,4.94431
112,5,zone_2,oxygen,r0855,-19.7311,-3.74346e-12,36.6863
112,5,zone_2,glucose,r1032,-9.08161,4.11793e-12,4.94431
112,5,zone_2,oxygen,r0855,-19.7311,-3.74346e-12,36.6863
112,2,zone_1,glucose,r1032,-9.08161,4.11793e-12,4.94431
112,2,zone_1,oxygen,r0855,-19.7346,-3.74346e-12,37.1778
112,2,zone_1,glucose,r1032,-9.08161,4.11793e-12,4.94431
112,2,zone_1,oxygen,r0855,-19.7346,-3.74346e-12,37.1778
112,6,zone_3,glucose,r1032,-9.08161,4.11793e-12,4.94431
112,6,zone_3,oxygen,r0855,-19.7138,-3.74346e-12,34.4371
112,6,zone_3,glucose,r1032,-9.08161,4.11793e-12,4.94431
112,6,zone_3,oxygen,r0855,-19.7138,-3.74346e-12,34.4371
112,3,zone_2,glucose,r1032,-9.08161,4.11793e-12,4.94431
112,3,zone_2,oxygen,r0855,-19.7317,-3.74346e-12,36.7663
112,3,zone_2,glucose,r1032,-9.08161,4.11793e-12,4.94431
112,3,zone_2,oxygen,r0855,-19.7317,-3.74346e-12,36.7663
112,7,zone_3,glucose,r1032,-9.08161,4.11793e-12,4.94431
112,7,zone_3,oxygen,r0855,-19.7121,-3.74346e-12,34.2344
112,7,zone_3,glucose,r1032,-9.08161,4.11793e-12,4.94431
112,7,zone_3,oxygen,r0855,-19.7121,-3.74346e-12,34.2344
114,8,zone_3,glucose,r1032,-9.08144,4.11793e-12,4.94332
114,8,zone_3,oxygen,r0855,-19.7102,-3.74346e-12,34.0082
114,8,zone_3,glucose,r1032,-9.08144,4.11793e-12,4.94332
114,8,zone_3,oxygen,r0855,-19.7102,-3.74346e-12,34.0082
114,0,zone_1,glucose,r1032,-9.08144,4.11793e-12,4.94332
114,0,zone_1,oxygen,r0855,-19.7341,-3.74346e-12,37.1028
114,0,zone_1,glucose,r1032,-9.08144,4.11793e-12,4.94332
114,0,zone_1,oxygen,r0855,-19.7341,-3.74346e-12,37.1028
114,4,zone_2,glucose,r1032,-9.08144,4.11793e-12,4.94332
114,4,zone_2,oxygen,r0855,-19.7306,-3.74346e-12,36.6242
114,4,zone_2,glucose,r1032,-9.08144,4.11793e-12,4.94332
114,4,zone_2,oxygen,r0855,-19.7306,-3.74346e-12,36.6242
114,1,zone_1,glucose,r1032,-9.08144,4.11793e-12,4.94332
114,1,zone_1,oxygen,r0855,-19.7341,-3.74346e-12,37.1028
114,1,zone_1,glucose,r1032,-9.08144,4.11793e-12,4.94332
114,1,zone_1,oxygen,r0855,-19.7341,-3.74346e-12,37.1028
114,5,zone_2,glucose,r1032,-9.08144,4.11793e-12,4.94332
114,5,zone_2,oxygen,r0855,-19.7304,-3.74346e-12,36.5888
114,5,zone_2,glucose,r1032,-9.08144,4.11793e-12,4.94332
114,5,zone_2,oxygen,r0855,-19.7304,-3.74346e-12,36.5888
114,2,zone_1,glucose,r1032,-9.08144,4.11793e-12,4.94332
114,2,zone_1,oxygen,r0855,-19.7339,-3.74346e-12,37.0751
114,2,zone_1,glucose,r1032,-9.08144,4.11793e-12,4.94332
114,2,zone_1,oxygen,r0855,-19.7339,-3.74346e-12,37.0751
114,6,zone_3,glucose,r1032,-9.08144,4.11793e-12,4.94332
114,6,zone_3,oxygen,r0855,-19.7131,-3.74346e-12,34.3529
114,6,zone_3,glucose,r1032,-9.08144,4.11793e-12,4.94332
114,6,zone_3,oxygen,r0855,-19.7131,-3.74346e-12,34.3529
114,3,zone_2,glucose,r1032,-9.08144,4.11793e-12,4.94332
114,3,zone_2,oxygen,r0855,-19.731,-3.74346e-12,36.6679
114,3,zone_2,glucose,r1032,-9.08144,4.11793e-12,4.94332
114,3,zone_2,oxygen,r0855,-19.731,-3.74346e-12,36.6679
114,7,zone_3,glucose,r1032,-9.08144,4.11793e-12,4.94332
114,7,zone_3,oxygen,r0855,-19.7114,-3.74346e-12,34.1509
114,7,zone_3,glucose,r1032,-9.08144,4.11793e-12,4.94332
114,7,zone_3,oxygen,r0855,-19.7114,-3.74346e-12,34.1509
116,0,zone_1,glucose,r1032,-9.08128,4.11793e-12,4.94233
116,0,zone_1,oxygen,r0855,-19.7333,-3.74346e-12,37
116,0,zone_1,glucose,r1032,-9.08128,4.11793e-12,4.94233
116,0,zone_1,oxygen,r0855,-19.7333,-3.74346e-12,37
116,4,zone_2,glucose,r1032,-9.08128,4.11793e-12,4.94233
116,4,zone_2,oxygen,r0855,-19.7299,-3.74346e-12,36.5262
116,4,zone_2,glucose,r1032,-9.08128,4.11793e-12,4.94233
116,4,zone_2,oxygen,r0855,-19.7299,-3.74346e-12,36.5262
116,8,zone_3,glucose,r1032,-9.08128,4.11793e-12,4.94233
116,8,zone_3,oxygen,r0855,-19.7095,-3.74346e-12,33.9242
116,8,zone_3,glucose,r1032,-9.08128,4.11793e-12,4.94233
116,8,zone_3,oxygen,r0855,-19.7095,-3.74346e-12,33.9242
116,1,zone_1,glucose,r1032,-9.08128,4.11793e-12,4.94233
116,1,zone_1,oxygen,r0855,-19.7333,-3.74346e-12,37
116,1,zone_1,glucose,r1032,-9.08128,4.11793e-12,4.94233
116,1,zone_1,oxygen,r0855,-19.7333,-3.74346e-12,37
116,5,zone_2,glucose,r1032,-9.08128,4.11793e-12,4.94233
116,5,zone_2,oxygen,r0855,-19.7297,-3.74346e-12,36.4912
116,5,zone_2,glucose,r1032,-9.08128,4.11793e-12,4.94233
116,5,zone_2,oxygen,r0855,-19.7297,-3.74346e-12,36.4912
116,2,zone_1,glucose,r1032,-9.08128,4.11793e-12,4.94233
116,2,zone_1,oxygen,r0855,-19.7331,-3.74346e-12,36.9727
116,2,zone_1,glucose,r1032,-9.08128,4.11793e-12,4.94233
116,2,zone_1,oxygen,r0855,-19.7331,-3.74346e-12,36.9727
116,6,zone_3,glucose,r1032,-9.08128,4.11793e-12,4.94233
116,6,zone_3,oxygen,r0855,-19.7124,-3.74346e-12,34.2679
116,6,zone_3,glucose,r1032,-9.08128,4.11793e-12,4.94233
116,6,zone_3,oxygen,r0855,-19.7124,-3.74346e-12,34.2679
116,3,zone_2,glucose,r1032,-9.08128,4.11793e-12,4.94233
116,3,zone_2,oxygen,r0855,-19.7302,-3.74346e-12,36.5695
116,3,zone_2,glucose,r1032,-9.08128,4.11793e-12,4.94233
116,3,zone_2,oxygen,r0855,-19.7302,-3.74346e-12,36.5695
116,7,zone_3,glucose,r1032,-9.08128,4.11793e-12,4.94233
116,7,zone_3,oxygen,r0855,-19.7107,-3.74346e-12,34.0666
116,7,zone_3,glucose,r1032,-9.08128,4.11793e-12,4.94233
116,7,zone_3,oxygen,r0855,-19.7107,-3.74346e-12,34.0666
118,8,zone_3,glucose,r1032,-9.08111,4.11793e-12,4.94134
118,8,zone_3,oxygen,r0855,-19.7088,-3.74346e-12,33.8394
118,0,zone_1,glucose,r1032,-9.08111,4.11793e-12,4.94134
118,0,zone_1,oxygen,r0855,-19.7326,-3.74346e-12,36.8975
118,8,zone_3,glucose,r1032,-9.08111,4.11793e-12,4.94134
118,8,zone_3,oxygen,r0855,-19.7088,-3.74346e-12,33.8394
118,0,zone_1,glucose,r1032,-9.08111,4.11793e-12,4.94134
118,0,zone_1,oxygen,r0855,-19.7326,-3.74346e-12,36.8975
118,4,zone_2,glucose,r1032,-9.08111,4.11793e-12,4.94134
118,4,zone_2,oxygen,r0855,-19.7292,-3.74346e-12,36.4282
118,4,zone_2,glucose,r1032,-9.08111,4.11793e-12,4.94134
118,4,zone_2,oxygen,r0855,-19.7292,-3.74346e-12,36.4282
118,1,zone_1,glucose,r1032,-9.08111,4.11793e-12,4.94134
118,1,zone_1,oxygen,r0855,-19.7326,-3.74346e-12,36.8975
118,1,zone_1,glucose,r1032,-9.08111,4.11793e-12,4.94134
118,1,zone_1,oxygen,r0855,-19.7326,-3.74346e-12,36.8975
118,5,zone_2,glucose,r1032,-9.08111,4.11793e-12,4.94134
118,5,zone_2,oxygen,r0855,-19.7289,-3.74346e-12,36.3935
118,5,zone_2,glucose,r1032,-9.08111,4.11793e-12,4.94134
118,5,zone_2,oxygen,r0855,-19.7289,-3.74346e-12,36.3935
118,2,zone_1,glucose,r1032,-9.08111,4.11793e-12,4.94134
118,2,zone_1,oxygen,r0855,-19.7324,-3.74346e-12,36.8705
118,2,zone_1,glucose,r1032,-9.08111,4.11793e-12,4.94134
118,2,zone_1,oxygen,r0855,-19.7324,-3.74346e-12,36.8705
118,6,zone_3,glucose,r1032,-9.08111,4.11793e-12,4.94134
118,6,zone_3,oxygen,r0855,-19.7117,-3.74346e-12,34.1821
118,6,zone_3,glucose,r1032,-9.08111,4.11793e-12,4.94134
118,6,zone_3,oxygen,r0855,-19.7117,-3.74346e-12,34.1821
118,3,zone_2,glucose,r1032,-9.08111,4.11793e-12,4.94134
118,3,zone_2,oxygen,r0855,-19.7295,-3.74346e-12,36.4711
118,3,zone_2,glucose,r1032,-9.08111,4.11793e-12,4.94134
118,3,zone_2,oxygen,r0855,-19.7295,-3.74346e-12,36.4711
118,7,zone_3,glucose,r1032,-9.08111,4.11793e-12,4.94134
118,7,zone_3,oxygen,r0855,-19.71,-3.74346e-12,33.9814
118,7,zone_3,glucose,r1032,-9.08111,4.11793e-12,4.94134
118,7,zone_3,oxygen,r0855,-19.71,-3.74346e-12,33.9814
120,4,zone_2,glucose,r1032,-9.08094,4.11793e-12,4.94035
120,4,zone_2,oxygen,r0855,-19.7285,-3.74346e-12,36.3302
120,4,zone_2,glucose,r1032,-9.08094,4.11793e-12,4.94035
120,4,zone_2,oxygen,r0855,-19.7285,-3.74346e-12,36.3302
120,0,zone_1,glucose,r1032,-9.08094,4.11793e-12,4.94035
120,0,zone_1,oxygen,r0855,-19.7319,-3.74346e-12,36.7954
120,0,zone_1,glucose,r1032,-9.08094,4.11793e-12,4.94035
120,0,zone_1,oxygen,r0855,-19.7319,-3.74346e-12,36.7954
120,8,zone_3,glucose,r1032,-9.08094,4.11793e-12,4.94035
120,8,zone_3,oxygen,r0855,-19.7081,-3.74346e-12,33.754
120,8,zone_3,glucose,r1032,-9.08094,4.11793e-12,4.94035
120,8,zone_3,oxygen,r0855,-19.7081,-3.74346e-12,33.754
120,5,zone_2,glucose,r1032,-9.08094,4.11793e-12,4.94035
120,5,zone_2,oxygen,r0855,-19.7282,-3.74346e-12,36.2958
120,5,zone_2,glucose,r1032,-9.08094,4.11793e-12,4.94035
120,5,zone_2,oxygen,r0855,-19.7282,-3.74346e-12,36.2958
120,1,zone_1,glucose,r1032,-9.08094,4.11793e-12,4.94035
120,1,zone_1,oxygen,r0855,-19.7319,-3.74346e-12,36.7954
120,1,zone_1,glucose,r1032,-9.08094,4.11793e-12,4.94035
120,1,zone_1,oxygen,r0855,-19.7319,-3.74346e-12,36.7954
120,2,zone_1,glucose,r1032,-9.08094,4.11793e-12,4.94035
120,2,zone_1,oxygen,r0855,-19.7317,-3.74346e-12,36.7686
120,2,zone_1,glucose,r1032,-9.08094,4.11793e-12,4.94035
120,2,zone_1,oxygen,r0855,-19.7317,-3.74346e-12,36.7686
120,6,zone_3,glucose,r1032,-9.08094,4.11793e-12,4.94035
120,6,zone_3,oxygen,r0855,-19.7109,-3.74346e-12,34.0956
120,6,zone_3,glucose,r1032,-9.08094,4.11793e-12,4.94035
120,6,zone_3,oxygen,r0855,-19.7109,-3.74346e-12,34.0956
120,3,zone_2,glucose,r1032,-9.08094,4.11793e-12,4.94035
120,3,zone_2,oxygen,r0855,-19.7288,-3.74346e-12,36.3727
120,3,zone_2,glucose,r1032,-9.08094,4.11793e-12,4.94035
120,3,zone_2,oxygen,r0855,-19.7288,-3.74346e-12,36.3727
120,7,zone_3,glucose,r1032,-9.08094,4.11793e-12,4.94035
120,7,zone_3,oxygen,r0855,-19.7093,-3.74346e-12,33.8956
120,7,zone_3,glucose,r1032,-9.08094,4.11793e-12,4.94035
120,7,zone_3,oxygen,r0855,-19.7093,-3.74346e-12,33.8956
122,0,zone_1,glucose,r1032,-9.08078,4.11793e-12,4.93937
122,0,zone_1,oxygen,r0855,-19.7311,-3.74346e-12,36.6936
122,0,zone_1,glucose,r1032,-9.08078,4.11793e-12,4.93937
122,0,zone_1,oxygen,r0855,-19.7311,-3.74346e-12,36.6936
122,8,zone_3,glucose,r1032,-9.08078,4.11793e-12,4.93937
122,8,zone_3,oxygen,r0855,-19.7073,-3.74346e-12,33.668
122,8,zone_3,glucose,r1032,-9.08078,4.11793e-12,4.93937
122,8,zone_3,oxygen,r0855,-19.7073,-3.74346e-12,33.668
122,4,zone_2,glucose,r1032,-9.08078,4.11793e-12,4.93937
122,4,zone_2,oxygen,r0855,-19.7278,-3.74346e-12,36.2322
122,4,zone_2,glucose,r1032,-9.08078,4.11793e-12,4.93937
122,4,zone_2,oxygen,r0855,-19.7278,-3.74346e-12,36.2322
122,1,zone_1,glucose,r1032,-9.08078,4.11793e-12,4.93937
122,1,zone_1,oxygen,r0855,-19.7311,-3.74346e-12,36.6936
122,1,zone_1,glucose,r1032,-9.08078,4.11793e-12,4.93937
122,1,zone_1,oxygen,r0855,-19.7311,-3.74346e-12,36.6936
122,5,zone_2,glucose,r1032,-9.08078,4.11793e-12,4.93937
122,5,zone_2,oxygen,r0855,-19.7275,-3.74346e-12,36.198
122,5,zone_2,glucose,r1032,-9.08078,4.11793e-12,4.93937
122,5,zone_2,oxygen,r0855,-19.7275,-3.74346e-12,36.198
122,2,zone_1,glucose,r1032,-9.08078,4.11793e-12,4.93937
122,2,zone_1,oxygen,r0855,-19.7309,-3.74346e-12,36.6671
122,2,zone_1,glucose,r1032,-9.08078,4.11793e-12,4.93937
122,2,zone_1,oxygen,r0855,-19.7309,-3.74346e-12,36.6671
122,3,zone_2,glucose,r1032,-9.08078,4.11793e-12,4.93937
122,3,zone_2,oxygen,r0855,-19.7281,-3.74346e-12,36.2743
122,3,zone_2,glucose,r1032,-9.08078,4.11793e-12,4.93937
122,3,zone_2,oxygen,r0855,-19.7281,-3.74346e-12,36.2743
122,6,zone_3,glucose,r1032,-9.08078,4.11793e-12,4.93937
122,6,zone_3,oxygen,r0855,-19.7102,-3.74346e-12,34.0086
122,6,zone_3,glucose,r1032,-9.08078,4.11793e-12,4.93937
122,6,zone_3,oxygen,r0855,-19.7102,-3.74346e-12,34.0086
122,7,zone_3,glucose,r1032,-9.08078,4.11793e-12,4.93937
122,7,zone_3,oxygen,r0855,-19.7085,-3.74346e-12,33.8092
122,7,zone_3,glucose,r1032,-9.08078,4.11793e-12,4.93937
122,7,zone_3,oxygen,r0855,-19.7085,-3.74346e-12,33.8092
124,0,zone_1,glucose,r1032,-9.08061,4.11793e-12,4.93838
124,0,zone_1,oxygen,r0855,-19.7304,-3.74346e-12,36.5921
124,0,zone_1,glucose,r1032,-9.08061,4.11793e-12,4.93838
124,0,zone_1,oxygen,r0855,-19.7304,-3.74346e-12,36.5921
124,8,zone_3,glucose,r1032,-9.08061,4.11793e-12,4.93838
124,8,zone_3,oxygen,r0855,-19.7066,-3.74346e-12,33.5815
124,8,zone_3,glucose,r1032,-9.08061,4.11793e-12,4.93838
124,8,zone_3,oxygen,r0855,-19.7066,-3.74346e-12,33.5815
124,4,zone_2,glucose,r1032,-9.08061,4.11793e-12,4.93838
124,4,zone_2,oxygen,r0855,-19.727,-3.74346e-12,36.1342
124,4,zone_2,glucose,r1032,-9.08061,4.11793e-12,4.93838
124,4,zone_2,oxygen,r0855,-19.727,-3.74346e-12,36.1342
124,1,zone_1,glucose,r1032,-9.08061,4.11793e-12,4.93838
124,1,zone_1,oxygen,r0855,-19.7304,-3.74346e-12,36.5921
124,1,zone_1,glucose,r1032,-9.08061,4.11793e-12,4.93838
124,1,zone_1,oxygen,r0855,-19.7304,-3.74346e-12,36.5921
124,5,zone_2,glucose,r1032,-9.08061,4.11793e-12,4.93838
124,5,zone_2,oxygen,r0855,-19.7268,-3.74346e-12,36.1003
124,5,zone_2,glucose,r1032,-9.08061,4.11793e-12,4.93838
124,5,zone_2,oxygen,r0855,-19.7268,-3.74346e-12,36.1003
124,2,zone_1,glucose,r1032,-9.08061,4.11793e-12,4.93838
124,2,zone_1,oxygen,r0855,-19.7302,-3.74346e-12,36.5658
124,2,zone_1,glucose,r1032,-9.08061,4.11793e-12,4.93838
124,2,zone_1,oxygen,r0855,-19.7302,-3.74346e-12,36.5658
124,6,zone_3,glucose,r1032,-9.08061,4.11793e-12,4.93838
124,6,zone_3,oxygen,r0855,-19.7095,-3.74346e-12,33.9211
124,6,zone_3,glucose,r1032,-9.08061,4.11793e-12,4.93838
124,6,zone_3,oxygen,r0855,-19.7095,-3.74346e-12,33.9211
124,3,zone_2,glucose,r1032,-9.08061,4.11793e-12,4.93838
124,3,zone_2,oxygen,r0855,-19.7273,-3.74346e-12,36.176
124,3,zone_2,glucose,r1032,-9.08061,4.11793e-12,4.93838
124,3,zone_2,oxygen,r0855,-19.7273,-3.74346e-12,36.176
124,7,zone_3,glucose,r1032,-9.08061,4.11793e-12,4.93838
124,7,zone_3,oxygen,r0855,-19.7078,-3.74346e-12,33.7222
124,7,zone_3,glucose,r1032,-9.08061,4.11793e-12,4.93838
124,7,zone_3,oxygen,r0855,-19.7078,-3.74346e-12,33.7222
126,0,zone_1,glucose,r1032,-9.08044,4.11793e-12,4.93739
126,0,zone_1,oxygen,r0855,-19.7297,-3.74346e-12,36.491
126,0,zone_1,glucose,r1032,-9.08044,4.11793e-12,4.93739
126,0,zone_1,oxygen,r0855,-19.7297,-3.74346e-12,36.491
126,8,zone_3,glucose,r1032,-9.08044,4.11793e-12,4.93739
126,8,zone_3,oxygen,r0855,-19.7058,-3.74346e-12,33.4945
126,8,zone_3,glucose,r1032,-9.08044,4.11793e-12,4.93739
126,8,zone_3,oxygen,r0855,-19.7058,-3.74346e-12,33.4945
126,4,zone_2,glucose,r1032,-9.08044,4.11793e-12,4.93739
126,4,zone_2,oxygen,r0855,-19.7263,-3.74346e-12,36.0363
126,4,zone_2,glucose,r1032,-9.08044,4.11793e-12,4.93739
126,4,zone_2,oxygen,r0855,-19.7263,-3.74346e-12,36.0363
126,1,zone_1,glucose,r1032,-9.08044,4.11793e-12,4.93739
126,1,zone_1,oxygen,r0855,-19.7297,-3.74346e-12,36.491
126,1,zone_1,glucose,r1032,-9.08044,4.11793e-12,4.93739
126,1,zone_1,oxygen,r0855,-19.7297,-3.74346e-12,36.491
126,5,zone_2,glucose,r1032,-9.08044,4.11793e-12,4.93739
126,5,zone_2,oxygen,r0855,-19.726,-3.74346e-12,36.0026
126,5,zone_2,glucose,r1032,-9.08044,4.11793e-12,4.93739
126,5,zone_2,oxygen,r0855,-19.726,-3.74346e-12,36.0026
126,2,zone_1,glucose,r1032,-9.08044,4.11793e-12,4.93739
126,2,zone_1,oxygen,r0855,-19.7295,-3.74346e-12,36.4649
126,2,zone_1,glucose,r1032,-9.08044,4.11793e-12,4.93739
126,2,zone_1,oxygen,r0855,-19.7295,-3.74346e-12,36.4649
126,6,zone_3,glucose,r1032,-9.08044,4.11793e-12,4.93739
126,6,zone_3,oxygen,r0855,-19.7087,-3.74346e-12,33.8331
126,6,zone_3,glucose,r1032,-9.08044,4.11793e-12,4.93739
126,6,zone_3,oxygen,r0855,-19.7087,-3.74346e-12,33.8331
126,3,zone_2,glucose,r1032,-9.08044,4.11793e-12,4.93739
126,3,zone_2,oxygen,r0855,-19.7266,-3.74346e-12,36.0778
126,3,zone_2,glucose,r1032,-9.08044,4.11793e-12,4.93739
126,3,zone_2,oxygen,r0855,-19.7266,-3.74346e-12,36.0778
126,7,zone_3,glucose,r1032,-9.08044,4.11793e-12,4.93739
126,7,zone_3,oxygen,r0855,-19.707,-3.74346e-12,33.6349
126,7,zone_3,glucose,r1032,-9.08044,4.11793e-12,4.93739
126,7,zone_3,oxygen,r0855,-19.707,-3.74346e-12,33.6349
128,0,zone_1,glucose,r1032,-9.08027,4.11793e-12,4.9364
128,0,zone_1,oxygen,r0855,-19.7289,-3.74346e-12,36.3902
128,0,zone_1,glucose,r1032,-9.08027,4.11793e-12,4.9364
128,0,zone_1,oxygen,r0855,-19.7289,-3.74346e-12,36.3902
128,8,zone_3,glucose,r1032,-9.08027,4.11793e-12,4.9364
128,8,zone_3,oxygen,r0855,-19.7051,-3.74346e-12,33.4071
128,8,zone_3,glucose,r1032,-9.08027,4.11793e-12,4.9364
128,8,zone_3,oxygen,r0855,-19.7051,-3.74346e-12,33.4071
128,4,zone_2,glucose,r1032,-9.08027,4.11793e-12,4.9364
128,4,zone_2,oxygen,r0855,-19.7256,-3.74346e-12,35.9385
128,4,zone_2,glucose,r1032,-9.08027,4.11793e-12,4.9364
128,4,zone_2,oxygen,r0855,-19.7256,-3.74346e-12,35.9385
128,1,zone_1,glucose,r1032,-9.08027,4.11793e-12,4.9364
128,1,zone_1,oxygen,r0855,-19.7289,-3.74346e-12,36.3902
128,1,zone_1,glucose,r1032,-9.08027,4.11793e-12,4.9364
128,1,zone_1,oxygen,r0855,-19.7289,-3.74346e-12,36.3902
128,5,zone_2,glucose,r1032,-9.08027,4.11793e-12,4.9364
128,5,zone_2,oxygen,r0855,-19.7253,-3.74346e-12,35.905
128,5,zone_2,glucose,r1032,-9.08027,4.11793e-12,4.9364
128,5,zone_2,oxygen,r0855,-19.7253,-3.74346e-12,35.905
128,2,zone_1,glucose,r1032,-9.08027,4.11793e-12,4.9364
128,2,zone_1,oxygen,r0855,-19.7287,-3.74346e-12,36.3642
128,2,zone_1,glucose,r1032,-9.08027,4.11793e-12,4.9364
128,2,zone_1,oxygen,r0855,-19.7287,-3.74346e-12,36.3642
128,6,zone_3,glucose,r1032,-9.08027,4.11793e-12,4.9364
128,6,zone_3,oxygen,r0855,-19.708,-3.74346e-12,33.7448
128,6,zone_3,glucose,r1032,-9.08027,4.11793e-12,4.9364
128,6,zone_3,oxygen,r0855,-19.708,-3.74346e-12,33.7448
128,3,zone_2,glucose,r1032,-9.08027,4.11793e-12,4.9364
128,3,zone_2,oxygen,r0855,-19.7259,-3.74346e-12,35.9797
128,3,zone_2,glucose,r1032,-9.08027,4.11793e-12,4.9364
128,3,zone_2,oxygen,r0855,-19.7259,-3.74346e-12,35.9797
128,7,zone_3,glucose,r1032,-9.08027,4.11793e-12,4.9364
128,7,zone_3,oxygen,r0855,-19.7063,-3.74346e-12,33.5471
128,7,zone_3,glucose,r1032,-9.08027,4.11793e-12,4.9364
128,7,zone_3,oxygen,r0855,-19.7063,-3.74346e-12,33.5471
130,0,zone_1,glucose,r1032,-9.08011,4.11793e-12,4.93542
130,0,zone_1,oxygen,r0855,-19.7282,-3.74346e-12,36.2898
130,0,zone_1,glucose,r1032,-9.08011,4.11793e-12,4.93542
130,0,zone_1,oxygen,r0855,-19.7282,-3.74346e-12,36.2898
130,4,zone_2,glucose,r1032,-9.08011,4.11793e-12,4.93542
130,4,zone_2,oxygen,r0855,-19.7248,-3.74346e-12,35.8408
130,4,zone_2,glucose,r1032,-9.08011,4.11793e-12,4.93542
130,4,zone_2,oxygen,r0855,-19.7248,-3.74346e-12,35.8408
130,8,zone_3,glucose,r1032,-9.08011,4.11793e-12,4.93542
130,8,zone_3,oxygen,r0855,-19.7043,-3.74346e-12,33.3195
130,8,zone_3,glucose,r1032,-9.08011,4.11793e-12,4.93542
130,8,zone_3,oxygen,r0855,-19.7043,-3.74346e-12,33.3195
130,1,zone_1,glucose,r1032,-9.08011,4.11793e-12,4.93542
130,1,zone_1,oxygen,r0855,-19.7282,-3.74346e-12,36.2898
130,1,zone_1,glucose,r1032,-9.08011,4.11793e-12,4.93542
130,1,zone_1,oxygen,r0855,-19.7282,-3.74346e-12,36.2898
130,5,zone_2,glucose,r1032,-9.08011,4.11793e-12,4.93542
130,5,zone_2,oxygen,r0855,-19.7246,-3.74346e-12,35.8075
130,5,zone_2,glucose,r1032,-9.08011,4.11793e-12,4.93542
130,5,zone_2,oxygen,r0855,-19.7246,-3.74346e-12,35.8075
130,2,zone_1,glucose,r1032,-9.08011,4.11793e-12,4.93542
130,2,zone_1,oxygen,r0855,-19.728,-3.74346e-12,36.2639
130,2,zone_1,glucose,r1032,-9.08011,4.11793e-12,4.93542
130,2,zone_1,oxygen,r0855,-19.728,-3.74346e-12,36.2639
130,3,zone_2,glucose,r1032,-9.08011,4.11793e-12,4.93542
130,3,zone_2,oxygen,r0855,-19.7251,-3.74346e-12,35.8818
130,3,zone_2,glucose,r1032,-9.08011,4.11793e-12,4.93542
130,3,zone_2,oxygen,r0855,-19.7251,-3.74346e-12,35.8818
130,6,zone_3,glucose,r1032,-9.08011,4.11793e-12,4.93542
130,6,zone_3,oxygen,r0855,-19.7072,-3.74346e-12,33.6562
130,6,zone_3,glucose,r1032,-9.08011,4.11793e-12,4.93542
130,6,zone_3,oxygen,r0855,-19.7072,-3.74346e-12,33.6562
130,7,zone_3,glucose,r1032,-9.08011,4.11793e-12,4.93542
130,7,zone_3,oxygen,r0855,-19.7055,-3.74346e-12,33.4591
130,7,zone_3,glucose,r1032,-9.08011,4.11793e-12,4.93542
130,7,zone_3,oxygen,r0855,-19.7055,-3.74346e-12,33.4591
132,4,zone_2,glucose,r1032,-9.07994,4.11793e-12,4.93443
132,4,zone_2,oxygen,r0855,-19.7241,-3.74346e-12,35.7432
132,4,zone_2,glucose,r1032,-9.07994,4.11793e-12,4.93443
132,4,zone_2,oxygen,r0855,-19.7241,-3.74346e-12,35.7432
132,8,zone_3,glucose,r1032,-9.07994,4.11793e-12,4.93443
132,8,zone_3,oxygen,r0855,-19.7035,-3.74346e-12,33.2316
132,8,zone_3,glucose,r1032,-9.07994,4.11793e-12,4.93443
132,8,zone_3,oxygen,r0855,-19.7035,-3.74346e-12,33.2316
132,0,zone_1,glucose,r1032,-9.07994,4.11793e-12,4.93443
132,0,zone_1,oxygen,r0855,-19.7274,-3.74346e-12,36.1897
132,0,zone_1,glucose,r1032,-9.07994,4.11793e-12,4.93443
132,0,zone_1,oxygen,r0855,-19.7274,-3.74346e-12,36.1897
132,5,zone_2,glucose,r1032,-9.07994,4.11793e-12,4.93443
132,5,zone_2,oxygen,r0855,-19.7238,-3.74346e-12,35.7101
132,5,zone_2,glucose,r1032,-9.07994,4.11793e-12,4.93443
132,5,zone_2,oxygen,r0855,-19.7238,-3.74346e-12,35.7101
132,1,zone_1,glucose,r1032,-9.07994,4.11793e-12,4.93443
132,1,zone_1,oxygen,r0855,-19.7274,-3.74346e-12,36.1897
132,1,zone_1,glucose,r1032,-9.07994,4.11793e-12,4.93443
132,1,zone_1,oxygen,r0855,-19.7274,-3.74346e-12,36.1897
132,6,zone_3,glucose,r1032,-9.07994,4.11793e-12,4.93443
132,6,zone_3,oxygen,r0855,-19.7065,-3.74346e-12,33.5673
132,6,zone_3,glucose,r1032,-9.07994,4.11793e-12,4.93443
132,6,zone_3,oxygen,r0855,-19.7065,-3.74346e-12,33.5673
132,2,zone_1,glucose,r1032,-9.07994,4.11793e-12,4.93443
132,2,zone_1,oxygen,r0855,-19.7273,-3.74346e-12,36.164
132,2,zone_1,glucose,r1032,-9.07994,4.11793e-12,4.93443
132,2,zone_1,oxygen,r0855,-19.7273,-3.74346e-12,36.164
132,7,zone_3,glucose,r1032,-9.07994,4.11793e-12,4.93443
132,7,zone_3,oxygen,r0855,-19.7048,-3.74346e-12,33.3708
132,7,zone_3,glucose,r1032,-9.07994,4.11793e-12,4.93443
132,7,zone_3,oxygen,r0855,-19.7048,-3.74346e-12,33.3708
132,3,zone_2,glucose,r1032,-9.07994,4.11793e-12,4.93443
132,3,zone_2,oxygen,r0855,-19.7244,-3.74346e-12,35.784
132,3,zone_2,glucose,r1032,-9.07994,4.11793e-12,4.93443
132,3,zone_2,oxygen,r0855,-19.7244,-3.74346e-12,35.784
134,8,zone_3,glucose,r1032,-9.07977,4.11793e-12,4.93344
134,8,zone_3,oxygen,r0855,-19.7028,-3.74346e-12,33.1435
134,4,zone_2,glucose,r1032,-9.07977,4.11793e-12,4.93344
134,4,zone_2,oxygen,r0855,-19.7233,-3.74346e-12,35.6458
134,8,zone_3,glucose,r1032,-9.07977,4.11793e-12,4.93344
134,8,zone_3,oxygen,r0855,-19.7028,-3.74346e-12,33.1435
134,4,zone_2,glucose,r1032,-9.07977,4.11793e-12,4.93344
134,4,zone_2,oxygen,r0855,-19.7233,-3.74346e-12,35.6458
134,0,zone_1,glucose,r1032,-9.07977,4.11793e-12,4.93344
134,0,zone_1,oxygen,r0855,-19.7267,-3.74346e-12,36.09
134,0,zone_1,glucose,r1032,-9.07977,4.11793e-12,4.93344
134,0,zone_1,oxygen,r0855,-19.7267,-3.74346e-12,36.09
134,5,zone_2,glucose,r1032,-9.07977,4.11793e-12,4.93344
134,5,zone_2,oxygen,r0855,-19.7231,-3.74346e-12,35.6129
134,5,zone_2,glucose,r1032,-9.07977,4.11793e-12,4.93344
134,5,zone_2,oxygen,r0855,-19.7231,-3.74346e-12,35.6129
134,1,zone_1,glucose,r1032,-9.07977,4.11793e-12,4.93344
134,1,zone_1,oxygen,r0855,-19.7267,-3.74346e-12,36.09
134,1,zone_1,glucose,r1032,-9.07977,4.11793e-12,4.93344
134,1,zone_1,oxygen,r0855,-19.7267,-3.74346e-12,36.09
134,2,zone_1,glucose,r1032,-9.07977,4.11793e-12,4.93344
134,2,zone_1,oxygen,r0855,-19.7265,-3.74346e-12,36.0643
134,2,zone_1,glucose,r1032,-9.07977,4.11793e-12,4.93344
134,2,zone_1,oxygen,r0855,-19.7265,-3.74346e-12,36.0643
134,6,zone_3,glucose,r1032,-9.07977,4.11793e-12,4.93344
134,6,zone_3,oxygen,r0855,-19.7057,-3.74346e-12,33.4783
134,6,zone_3,glucose,r1032,-9.07977,4.11793e-12,4.93344
134,6,zone_3,oxygen,r0855,-19.7057,-3.74346e-12,33.4783
134,3,zone_2,glucose,r1032,-9.07977,4.11793e-12,4.93344
134,3,zone_2,oxygen,r0855,-19.7237,-3.74346e-12,35.6864
134,3,zone_2,glucose,r1032,-9.07977,4.11793e-12,4.93344
134,3,zone_2,oxygen,r0855,-19.7237,-3.74346e-12,35.6864
134,7,zone_3,glucose,r1032,-9.07977,4.11793e-12,4.93344
134,7,zone_3,oxygen,r0855,-19.704,-3.74346e-12,33.2824
134,7,zone_3,glucose,r1032,-9.07977,4.11793e-12,4.93344
134,7,zone_3,oxygen,r0855,-19.704,-3.74346e-12,33.2824
136,8,zone_3,glucose,r1032,-9.07961,4.11793e-12,4.93246
136,8,zone_3,oxygen,r0855,-19.702,-3.74346e-12,33.0552
136,8,zone_3,glucose,r1032,-9.07961,4.11793e-12,4.93246
136,8,zone_3,oxygen,r0855,-19.702,-3.74346e-12,33.0552
136,0,zone_1,glucose,r1032,-9.07961,4.11793e-12,4.93246
136,0,zone_1,oxygen,r0855,-19.726,-3.74346e-12,35.9906
136,0,zone_1,glucose,r1032,-9.07961,4.11793e-12,4.93246
136,0,zone_1,oxygen,r0855,-19.726,-3.74346e-12,35.9906
136,4,zone_2,glucose,r1032,-9.07961,4.11793e-12,4.93246
136,4,zone_2,oxygen,r0855,-19.7226,-3.74346e-12,35.5486
136,4,zone_2,glucose,r1032,-9.07961,4.11793e-12,4.93246
136,4,zone_2,oxygen,r0855,-19.7226,-3.74346e-12,35.5486
136,5,zone_2,glucose,r1032,-9.07961,4.11793e-12,4.93246
136,5,zone_2,oxygen,r0855,-19.7223,-3.74346e-12,35.5158
136,1,zone_1,glucose,r1032,-9.07961,4.11793e-12,4.93246
136,1,zone_1,oxygen,r0855,-19.726,-3.74346e-12,35.9906
136,5,zone_2,glucose,r1032,-9.07961,4.11793e-12,4.93246
136,5,zone_2,oxygen,r0855,-19.7223,-3.74346e-12,35.5158
136,1,zone_1,glucose,r1032,-9.07961,4.11793e-12,4.93246
136,1,zone_1,oxygen,r0855,-19.726,-3.74346e-12,35.9906
136,2,zone_1,glucose,r1032,-9.07961,4.11793e-12,4.93246
136,2,zone_1,oxygen,r0855,-19.7258,-3.74346e-12,35.965
136,2,zone_1,glucose,r1032,-9.07961,4.11793e-12,4.93246
136,2,zone_1,oxygen,r0855,-19.7258,-3.74346e-12,35.965
136,6,zone_3,glucose,r1032,-9.07961,4.11793e-12,4.93246
136,6,zone_3,oxygen,r0855,-19.7049,-3.74346e-12,33.3891
136,6,zone_3,glucose,r1032,-9.07961,4.11793e-12,4.93246
136,6,zone_3,oxygen,r0855,-19.7049,-3.74346e-12,33.3891
136,3,zone_2,glucose,r1032,-9.07961,4.11793e-12,4.93246
136,3,zone_2,oxygen,r0855,-19.7229,-3.74346e-12,35.589
136,3,zone_2,glucose,r1032,-9.07961,4.11793e-12,4.93246
136,3,zone_2,oxygen,r0855,-19.7229,-3.74346e-12,35.589
136,7,zone_3,glucose,r1032,-9.07961,4.11793e-12,4.93246
136,7,zone_3,oxygen,r0855,-19.7032,-3.74346e-12,33.1937
136,7,zone_3,glucose,r1032,-9.07961,4.11793e-12,4.93246
136,7,zone_3,oxygen,r0855,-19.7032,-3.74346e-12,33.1937
138,0,zone_1,glucose,r1032,-9.07944,4.11793e-12,4.93147
138,0,zone_1,oxygen,r0855,-19.7252,-3.74346e-12,35.8916
138,0,zone_1,glucose,r1032,-9.07944,4.11793e-12,4.93147
138,0,zone_1,oxygen,r0855,-19.7252,-3.74346e-12,35.8916
138,8,zone_3,glucose,r1032,-9.07944,4.11793e-12,4.93147
138,8,zone_3,oxygen,r0855,-19.7012,-3.74346e-12,32.9669
138,8,zone_3,glucose,r1032,-9.07944,4.11793e-12,4.93147
138,8,zone_3,oxygen,r0855,-19.7012,-3.74346e-12,32.9669
138,4,zone_2,glucose,r1032,-9.07944,4.11793e-12,4.93147
138,4,zone_2,oxygen,r0855,-19.7218,-3.74346e-12,35.4516
138,4,zone_2,glucose,r1032,-9.07944,4.11793e-12,4.93147
138,4,zone_2,oxygen,r0855,-19.7218,-3.74346e-12,35.4516
138,1,zone_1,glucose,r1032,-9.07944,4.11793e-12,4.93147
138,1,zone_1,oxygen,r0855,-19.7252,-3.74346e-12,35.8916
138,1,zone_1,glucose,r1032,-9.07944,4.11793e-12,4.93147
138,1,zone_1,oxygen,r0855,-19.7252,-3.74346e-12,35.8916
138,5,zone_2,glucose,r1032,-9.07944,4.11793e-12,4.93147
138,5,zone_2,oxygen,r0855,-19.7216,-3.74346e-12,35.4189
138,5,zone_2,glucose,r1032,-9.07944,4.11793e-12,4.93147
138,5,zone_2,oxygen,r0855,-19.7216,-3.74346e-12,35.4189
138,2,zone_1,glucose,r1032,-9.07944,4.11793e-12,4.93147
138,2,zone_1,oxygen,r0855,-19.725,-3.74346e-12,35.8661
138,2,zone_1,glucose,r1032,-9.07944,4.11793e-12,4.93147
138,2,zone_1,oxygen,r0855,-19.725,-3.74346e-12,35.8661
138,6,zone_3,glucose,r1032,-9.07944,4.11793e-12,4.93147
138,6,zone_3,oxygen,r0855,-19.7041,-3.74346e-12,33.2998
138,6,zone_3,glucose,r1032,-9.07944,4.11793e-12,4.93147
138,6,zone_3,oxygen,r0855,-19.7041,-3.74346e-12,33.2998
138,3,zone_2,glucose,r1032,-9.07944,4.11793e-12,4.93147
138,3,zone_2,oxygen,r0855,-19.7222,-3.74346e-12,35.4919
138,3,zone_2,glucose,r1032,-9.07944,4.11793e-12,4.93147
138,3,zone_2,oxygen,r0855,-19.7222,-3.74346e-12,35.4919
138,7,zone_3,glucose,r1032,-9.07944,4.11793e-12,4.93147
138,7,zone_3,oxygen,r0855,-19.7024,-3.74346e-12,33.105
138,7,zone_3,glucose,r1032,-9.07944,4.11793e-12,4.93147
138,7,zone_3,oxygen,r0855,-19.7024,-3.74346e-12,33.105
140,0,zone_1,glucose,r1032,-9.07927,4.11793e-12,4.93048
140,0,zone_1,oxygen,r0855,-19.7245,-3.74346e-12,35.793
140,0,zone_1,glucose,r1032,-9.07927,4.11793e-12,4.93048
140,0,zone_1,oxygen,r0855,-19.7245,-3.74346e-12,35.793
140,4,zone_2,glucose,r1032,-9.07927,4.11793e-12,4.93048
140,4,zone_2,oxygen,r0855,-19.7211,-3.74346e-12,35.3548
140,4,zone_2,glucose,r1032,-9.07927,4.11793e-12,4.93048
140,4,zone_2,oxygen,r0855,-19.7211,-3.74346e-12,35.3548
140,8,zone_3,glucose,r1032,-9.07927,4.11793e-12,4.93048
140,8,zone_3,oxygen,r0855,-19.7004,-3.74346e-12,32.8784
140,8,zone_3,glucose,r1032,-9.07927,4.11793e-12,4.93048
140,8,zone_3,oxygen,r0855,-19.7004,-3.74346e-12,32.8784
140,5,zone_2,glucose,r1032,-9.07927,4.11793e-12,4.93048
140,5,zone_2,oxygen,r0855,-19.7208,-3.74346e-12,35.3222
140,5,zone_2,glucose,r1032,-9.07927,4.11793e-12,4.93048
140,5,zone_2,oxygen,r0855,-19.7208,-3.74346e-12,35.3222
140,1,zone_1,glucose,r1032,-9.07927,4.11793e-12,4.93048
140,1,zone_1,oxygen,r0855,-19.7245,-3.74346e-12,35.793
140,1,zone_1,glucose,r1032,-9.07927,4.11793e-12,4.93048
140,1,zone_1,oxygen,r0855,-19.7245,-3.74346e-12,35.793
140,2,zone_1,glucose,r1032,-9.07927,4.11793e-12,4.93048
140,2,zone_1,oxygen,r0855,-19.7243,-3.74346e-12,35.7675
140,2,zone_1,glucose,r1032,-9.07927,4.11793e-12,4.93048
140,2,zone_1,oxygen,r0855,-19.7243,-3.74346e-12,35.7675
140,6,zone_3,glucose,r1032,-9.07927,4.11793e-12,4.93048
140,6,zone_3,oxygen,r0855,-19.7034,-3.74346e-12,33.2105
140,6,zone_3,glucose,r1032,-9.07927,4.11793e-12,4.93048
140,6,zone_3,oxygen,r0855,-19.7034,-3.74346e-12,33.2105
140,3,zone_2,glucose,r1032,-9.07927,4.11793e-12,4.93048
140,3,zone_2,oxygen,r0855,-19.7214,-3.74346e-12,35.3949
140,3,zone_2,glucose,r1032,-9.07927,4.11793e-12,4.93048
140,3,zone_2,oxygen,r0855,-19.7214,-3.74346e-12,35.3949
140,7,zone_3,glucose,r1032,-9.07927,4.11793e-12,4.93048
140,7,zone_3,oxygen,r0855,-19.7016,-3.74346e-12,33.0162
140,7,zone_3,glucose,r1032,-9.07927,4.11793e-12,4.93048
140,7,zone_3,oxygen,r0855,-19.7016,-3.74346e-12,33.0162
142,4,zone_2,glucose,r1032,-9.0791,4.11793e-12,4.9295
142,4,zone_2,oxygen,r0855,-19.7203,-3.74346e-12,35.2583
142,4,zone_2,glucose,r1032,-9.0791,4.11793e-12,4.9295
142,4,zone_2,oxygen,r0855,-19.7203,-3.74346e-12,35.2583
142,0,zone_1,glucose,r1032,-9.0791,4.11793e-12,4.9295
142,0,zone_1,oxygen,r0855,-19.7237,-3.74346e-12,35.6947
142,0,zone_1,glucose,r1032,-9.0791,4.11793e-12,4.9295
142,0,zone_1,oxygen,r0855,-19.7237,-3.74346e-12,35.6947
142,8,zone_3,glucose,r1032,-9.0791,4.11793e-12,4.9295
142,8,zone_3,oxygen,r0855,-19.6996,-3.74346e-12,32.79
142,8,zone_3,glucose,r1032,-9.0791,4.11793e-12,4.9295
142,8,zone_3,oxygen,r0855,-19.6996,-3.74346e-12,32.79
142,5,zone_2,glucose,r1032,-9.0791,4.11793e-12,4.9295
142,5,zone_2,oxygen,r0855,-19.7201,-3.74346e-12,35.2258
142,5,zone_2,glucose,r1032,-9.0791,4.11793e-12,4.9295
142,5,zone_2,oxygen,r0855,-19.7201,-3.74346e-12,35.2258
142,1,zone_1,glucose,r1032,-9.0791,4.11793e-12,4.9295
142,1,zone_1,oxygen,r0855,-19.7237,-3.74346e-12,35.6947
142,1,zone_1,glucose,r1032,-9.0791,4.11793e-12,4.9295
142,1,zone_1,oxygen,r0855,-19.7237,-3.74346e-12,35.6947
142,6,zone_3,glucose,r1032,-9.0791,4.11793e-12,4.9295
142,6,zone_3,oxygen,r0855,-19.7026,-3.74346e-12,33.1211
142,6,zone_3,glucose,r1032,-9.0791,4.11793e-12,4.9295
142,6,zone_3,oxygen,r0855,-19.7026,-3.74346e-12,33.1211
142,2,zone_1,glucose,r1032,-9.0791,4.11793e-12,4.9295
142,2,zone_1,oxygen,r0855,-19.7235,-3.74346e-12,35.6692
142,2,zone_1,glucose,r1032,-9.0791,4.11793e-12,4.9295
142,2,zone_1,oxygen,r0855,-19.7235,-3.74346e-12,35.6692
142,7,zone_3,glucose,r1032,-9.0791,4.11793e-12,4.9295
142,7,zone_3,oxygen,r0855,-19.7008,-3.74346e-12,32.9274
142,7,zone_3,glucose,r1032,-9.0791,4.11793e-12,4.9295
142,7,zone_3,oxygen,r0855,-19.7008,-3.74346e-12,32.9274
142,3,zone_2,glucose,r1032,-9.0791,4.11793e-12,4.9295
142,3,zone_2,oxygen,r0855,-19.7207,-3.74346e-12,35.2983
142,3,zone_2,glucose,r1032,-9.0791,4.11793e-12,4.9295
142,3,zone_2,oxygen,r0855,-19.7207,-3.74346e-12,35.2983
144,0,zone_1,glucose,r1032,-9.07894,4.11793e-12,4.92851
144,0,zone_1,oxygen,r0855,-19.723,-3.74346e-12,35.5968
144,0,zone_1,glucose,r1032,-9.07894,4.11793e-12,4.92851
144,0,zone_1,oxygen,r0855,-19.723,-3.74346e-12,35.5968
144,8,zone_3,glucose,r1032,-9.07894,4.11793e-12,4.92851
144,8,zone_3,oxygen,r0855,-19.6988,-3.74346e-12,32.7015
144,4,zone_2,glucose,r1032,-9.07894,4.11793e-12,4.92851
144,4,zone_2,oxygen,r0855,-19.7196,-3.74346e-12,35.162
144,8,zone_3,glucose,r1032,-9.07894,4.11793e-12,4.92851
144,8,zone_3,oxygen,r0855,-19.6988,-3.74346e-12,32.7015
144,4,zone_2,glucose,r1032,-9.07894,4.11793e-12,4.92851
144,4,zone_2,oxygen,r0855,-19.7196,-3.74346e-12,35.162
144,1,zone_1,glucose,r1032,-9.07894,4.11793e-12,4.92851
144,1,zone_1,oxygen,r0855,-19.723,-3.74346e-12,35.5968
144,1,zone_1,glucose,r1032,-9.07894,4.11793e-12,4.92851
144,1,zone_1,oxygen,r0855,-19.723,-3.74346e-12,35.5968
144,2,zone_1,glucose,r1032,-9.07894,4.11793e-12,4.92851
144,2,zone_1,oxygen,r0855,-19.7228,-3.74346e-12,35.5713
144,2,zone_1,glucose,r1032,-9.07894,4.11793e-12,4.92851
144,2,zone_1,oxygen,r0855,-19.7228,-3.74346e-12,35.5713
144,5,zone_2,glucose,r1032,-9.07894,4.11793e-12,4.92851
144,5,zone_2,oxygen,r0855,-19.7193,-3.74346e-12,35.1296
144,5,zone_2,glucose,r1032,-9.07894,4.11793e-12,4.92851
144,5,zone_2,oxygen,r0855,-19.7193,-3.74346e-12,35.1296
144,3,zone_2,glucose,r1032,-9.07894,4.11793e-12,4.92851
144,3,zone_2,oxygen,r0855,-19.7199,-3.74346e-12,35.2018
144,3,zone_2,glucose,r1032,-9.07894,4.11793e-12,4.92851
144,3,zone_2,oxygen,r0855,-19.7199,-3.74346e-12,35.2018
144,6,zone_3,glucose,r1032,-9.07894,4.11793e-12,4.92851
144,6,zone_3,oxygen,r0855,-19.7018,-3.74346e-12,33.0318
144,6,zone_3,glucose,r1032,-9.07894,4.11793e-12,4.92851
144,6,zone_3,oxygen,r0855,-19.7018,-3.74346e-12,33.0318
144,7,zone_3,glucose,r1032,-9.07894,4.11793e-12,4.92851
144,7,zone_3,oxygen,r0855,-19.7,-3.74346e-12,32.8386
144,7,zone_3,glucose,r1032,-9.07894,4.11793e-12,4.92851
144,7,zone_3,oxygen,r0855,-19.7,-3.74346e-12,32.8386
146,0,zone_1,glucose,r1032,-9.07877,4.11793e-12,4.92753
146,0,zone_1,oxygen,r0855,-19.7222,-3.74346e-12,35.4993
146,0,zone_1,glucose,r1032,-9.07877,4.11793e-12,4.92753
146,0,zone_1,oxygen,r0855,-19.7222,-3.74346e-12,35.4993
146,4,zone_2,glucose,r1032,-9.07877,4.11793e-12,4.92753
146,4,zone_2,oxygen,r0855,-19.7188,-3.74346e-12,35.0659
146,4,zone_2,glucose,r1032,-9.07877,4.11793e-12,4.92753
146,4,zone_2,oxygen,r0855,-19.7188,-3.74346e-12,35.0659
146,8,zone_3,glucose,r1032,-9.07877,4.11793e-12,4.92753
146,8,zone_3,oxygen,r0855,-19.698,-3.74346e-12,32.6131
146,8,zone_3,glucose,r1032,-9.07877,4.11793e-12,4.92753
146,8,zone_3,oxygen,r0855,-19.698,-3.74346e-12,32.6131
146,1,zone_1,glucose,r1032,-9.07877,4.11793e-12,4.92753
146,1,zone_1,oxygen,r0855,-19.7222,-3.74346e-12,35.4993
146,1,zone_1,glucose,r1032,-9.07877,4.11793e-12,4.92753
146,1,zone_1,oxygen,r0855,-19.7222,-3.74346e-12,35.4993
146,5,zone_2,glucose,r1032,-9.07877,4.11793e-12,4.92753
146,5,zone_2,oxygen,r0855,-19.7186,-3.74346e-12,35.0336
146,5,zone_2,glucose,r1032,-9.07877,4.11793e-12,4.92753
146,5,zone_2,oxygen,r0855,-19.7186,-3.74346e-12,35.0336
146,2,zone_1,glucose,r1032,-9.07877,4.11793e-12,4.92753
146,2,zone_1,oxygen,r0855,-19.722,-3.74346e-12,35.4738
146,2,zone_1,glucose,r1032,-9.07877,4.11793e-12,4.92753
146,2,zone_1,oxygen,r0855,-19.722,-3.74346e-12,35.4738
146,6,zone_3,glucose,r1032,-9.07877,4.11793e-12,4.92753
146,6,zone_3,oxygen,r0855,-19.701,-3.74346e-12,32.9424
146,6,zone_3,glucose,r1032,-9.07877,4.11793e-12,4.92753
146,6,zone_3,oxygen,r0855,-19.701,-3.74346e-12,32.9424
146,3,zone_2,glucose,r1032,-9.07877,4.11793e-12,4.92753
146,3,zone_2,oxygen,r0855,-19.7191,-3.74346e-12,35.1057
146,3,zone_2,glucose,r1032,-9.07877,4.11793e-12,4.92753
146,3,zone_2,oxygen,r0855,-19.7191,-3.74346e-12,35.1057
146,7,zone_3,glucose,r1032,-9.07877,4.11793e-12,4.92753
146,7,zone_3,oxygen,r0855,-19.6992,-3.74346e-12,32.7498
146,7,zone_3,glucose,r1032,-9.07877,4.11793e-12,4.92753
146,7,zone_3,oxygen,r0855,-19.6992,-3.74346e-12,32.7498
148,0,zone_1,glucose,r1032,-9.0786,4.11793e-12,4.92654
148,0,zone_1,oxygen,r0855,-19.7215,-3.74346e-12,35.4021
148,0,zone_1,glucose,r1032,-9.0786,4.11793e-12,4.92654
148,0,zone_1,oxygen,r0855,-19.7215,-3.74346e-12,35.4021
148,4,zone_2,glucose,r1032,-9.0786,4.11793e-12,4.92654
148,4,zone_2,oxygen,r0855,-19.7181,-3.74346e-12,34.9701
148,4,zone_2,glucose,r1032,-9.0786,4.11793e-12,4.92654
148,4,zone_2,oxygen,r0855,-19.7181,-3.74346e-12,34.9701
148,8,zone_3,glucose,r1032,-9.0786,4.11793e-12,4.92654
148,8,zone_3,oxygen,r0855,-19.6972,-3.74346e-12,32.5247
148,8,zone_3,glucose,r1032,-9.0786,4.11793e-12,4.92654
148,8,zone_3,oxygen,r0855,-19.6972,-3.74346e-12,32.5247
148,1,zone_1,glucose,r1032,-9.0786,4.11793e-12,4.92654
148,1,zone_1,oxygen,r0855,-19.7215,-3.74346e-12,35.4021
148,1,zone_1,glucose,r1032,-9.0786,4.11793e-12,4.92654
148,1,zone_1,oxygen,r0855,-19.7215,-3.74346e-12,35.4021
148,5,zone_2,glucose,r1032,-9.0786,4.11793e-12,4.92654
148,5,zone_2,oxygen,r0855,-19.7178,-3.74346e-12,34.9379
148,5,zone_2,glucose,r1032,-9.0786,4.11793e-12,4.92654
148,5,zone_2,oxygen,r0855,-19.7178,-3.74346e-12,34.9379
148,2,zone_1,glucose,r1032,-9.0786,4.11793e-12,4.92654
148,2,zone_1,oxygen,r0855,-19.7213,-3.74346e-12,35.3766
148,2,zone_1,glucose,r1032,-9.0786,4.11793e-12,4.92654
148,2,zone_1,oxygen,r0855,-19.7213,-3.74346e-12,35.3766
148,6,zone_3,glucose,r1032,-9.0786,4.11793e-12,4.92654
148,6,zone_3,oxygen,r0855,-19.7002,-3.74346e-12,32.8532
148,6,zone_3,glucose,r1032,-9.0786,4.11793e-12,4.92654
148,6,zone_3,oxygen,r0855,-19.7002,-3.74346e-12,32.8532
148,3,zone_2,glucose,r1032,-9.0786,4.11793e-12,4.92654
148,3,zone_2,oxygen,r0855,-19.7184,-3.74346e-12,35.0098
148,3,zone_2,glucose,r1032,-9.0786,4.11793e-12,4.92654
148,3,zone_2,oxygen,r0855,-19.7184,-3.74346e-12,35.0098
148,7,zone_3,glucose,r1032,-9.0786,4.11793e-12,4.92654
148,7,zone_3,oxygen,r0855,-19.6984,-3.74346e-12,32.6611
148,7,zone_3,glucose,r1032,-9.0786,4.11793e-12,4.92654
148,7,zone_3,oxygen,r0855,-19.6984,-3.74346e-12,32.6611
150,0,zone_1,glucose,r1032,-9.07844,4.11793e-12,4.92555
150,0,zone_1,oxygen,r0855,-19.7207,-3.74346e-12,35.3053
150,0,zone_1,glucose,r1032,-9.07844,4.11793e-12,4.92555
150,0,zone_1,oxygen,r0855,-19.7207,-3.74346e-12,35.3053
150,4,zone_2,glucose,r1032,-9.07844,4.11793e-12,4.92555
150,4,zone_2,oxygen,r0855,-19.7173,-3.74346e-12,34.8746
150,4,zone_2,glucose,r1032,-9.07844,4.11793e-12,4.92555
150,4,zone_2,oxygen,r0855,-19.7173,-3.74346e-12,34.8746
150,8,zone_3,glucose,r1032,-9.07844,4.11793e-12,4.92555
150,8,zone_3,oxygen,r0855,-19.6964,-3.74346e-12,32.4364
150,8,zone_3,glucose,r1032,-9.07844,4.11793e-12,4.92555
150,8,zone_3,oxygen,r0855,-19.6964,-3.74346e-12,32.4364
150,1,zone_1,glucose,r1032,-9.07844,4.11793e-12,4.92555
150,1,zone_1,oxygen,r0855,-19.7207,-3.74346e-12,35.3053
150,1,zone_1,glucose,r1032,-9.07844,4.11793e-12,4.92555
150,1,zone_1,oxygen,r0855,-19.7207,-3.74346e-12,35.3053
150,5,zone_2,glucose,r1032,-9.07844,4.11793e-12,4.92555
150,5,zone_2,oxygen,r0855,-19.7171,-3.74346e-12,34.8424
150,5,zone_2,glucose,r1032,-9.07844,4.11793e-12,4.92555
150,5,zone_2,oxygen,r0855,-19.7171,-3.74346e-12,34.8424
150,6,zone_3,glucose,r1032,-9.07844,4.11793e-12,4.92555
150,6,zone_3,oxygen,r0855,-19.6994,-3.74346e-12,32.764
150,2,zone_1,glucose,r1032,-9.07844,4.11793e-12,4.92555
150,2,zone_1,oxygen,r0855,-19.7205,-3.74346e-12,35.2798
150,2,zone_1,glucose,r1032,-9.07844,4.11793e-12,4.92555
150,2,zone_1,oxygen,r0855,-19.7205,-3.74346e-12,35.2798
150,6,zone_3,glucose,r1032,-9.07844,4.11793e-12,4.92555
150,6,zone_3,oxygen,r0855,-19.6994,-3.74346e-12,32.764
150,3,zone_2,glucose,r1032,-9.07844,4.11793e-12,4.92555
150,3,zone_2,oxygen,r0855,-19.7176,-3.74346e-12,34.9142
150,3,zone_2,glucose,r1032,-9.07844,4.11793e-12,4.92555
150,3,zone_2,oxygen,r0855,-19.7176,-3.74346e-12,34.9142
150,7,zone_3,glucose,r1032,-9.07844,4.11793e-12,4.92555
150,7,zone_3,oxygen,r0855,-19.6976,-3.74346e-12,32.5724
150,7,zone_3,glucose,r1032,-9.07844,4.11793e-12,4.92555
150,7,zone_3,oxygen,r0855,-19.6976,-3.74346e-12,32.5724
152,0,zone_1,glucose,r1032,-9.07827,4.11793e-12,4.92457
152,0,zone_1,oxygen,r0855,-19.72,-3.74346e-12,35.2089
152,0,zone_1,glucose,r1032,-9.07827,4.11793e-12,4.92457
152,0,zone_1,oxygen,r0855,-19.72,-3.74346e-12,35.2089
152,8,zone_3,glucose,r1032,-9.07827,4.11793e-12,4.92457
152,8,zone_3,oxygen,r0855,-19.6956,-3.74346e-12,32.3482
152,8,zone_3,glucose,r1032,-9.07827,4.11793e-12,4.92457
152,8,zone_3,oxygen,r0855,-19.6956,-3.74346e-12,32.3482
152,4,zone_2,glucose,r1032,-9.07827,4.11793e-12,4.92457
152,4,zone_2,oxygen,r0855,-19.7165,-3.74346e-12,34.7794
152,4,zone_2,glucose,r1032,-9.07827,4.11793e-12,4.92457
152,4,zone_2,oxygen,r0855,-19.7165,-3.74346e-12,34.7794
152,1,zone_1,glucose,r1032,-9.07827,4.11793e-12,4.92457
152,1,zone_1,oxygen,r0855,-19.72,-3.74346e-12,35.2089
152,1,zone_1,glucose,r1032,-9.07827,4.11793e-12,4.92457
152,1,zone_1,oxygen,r0855,-19.72,-3.74346e-12,35.2089
152,5,zone_2,glucose,r1032,-9.07827,4.11793e-12,4.92457
152,5,zone_2,oxygen,r0855,-19.7163,-3.74346e-12,34.7472
152,5,zone_2,glucose,r1032,-9.07827,4.11793e-12,4.92457
152,5,zone_2,oxygen,r0855,-19.7163,-3.74346e-12,34.7472
152,2,zone_1,glucose,r1032,-9.07827,4.11793e-12,4.92457
152,2,zone_1,oxygen,r0855,-19.7198,-3.74346e-12,35.1834
152,2,zone_1,glucose,r1032,-9.07827,4.11793e-12,4.92457
152,2,zone_1,oxygen,r0855,-19.7198,-3.74346e-12,35.1834
152,3,zone_2,glucose,r1032,-9.07827,4.11793e-12,4.92457
152,3,zone_2,oxygen,r0855,-19.7169,-3.74346e-12,34.8189
152,6,zone_3,glucose,r1032,-9.07827,4.11793e-12,4.92457
152,6,zone_3,oxygen,r0855,-19.6986,-3.74346e-12,32.675
152,6,zone_3,glucose,r1032,-9.07827,4.11793e-12,4.92457
152,6,zone_3,oxygen,r0855,-19.6986,-3.74346e-12,32.675
152,3,zone_2,glucose,r1032,-9.07827,4.11793e-12,4.92457
152,3,zone_2,oxygen,r0855,-19.7169,-3.74346e-12,34.8189
152,7,zone_3,glucose,r1032,-9.07827,4.11793e-12,4.92457
152,7,zone_3,oxygen,r0855,-19.6968,-3.74346e-12,32.4839
152,7,zone_3,glucose,r1032,-9.07827,4.11793e-12,4.92457
152,7,zone_3,oxygen,r0855,-19.6968,-3.74346e-12,32.4839
154,4,zone_2,glucose,r1032,-9.0781,4.11793e-12,4.92358
154,4,zone_2,oxygen,r0855,-19.7158,-3.74346e-12,34.6844
154,4,zone_2,glucose,r1032,-9.0781,4.11793e-12,4.92358
154,4,zone_2,oxygen,r0855,-19.7158,-3.74346e-12,34.6844
154,0,zone_1,glucose,r1032,-9.0781,4.11793e-12,4.92358
154,0,zone_1,oxygen,r0855,-19.7192,-3.74346e-12,35.1129
154,0,zone_1,glucose,r1032,-9.0781,4.11793e-12,4.92358
154,0,zone_1,oxygen,r0855,-19.7192,-3.74346e-12,35.1129
154,8,zone_3,glucose,r1032,-9.0781,4.11793e-12,4.92358
154,8,zone_3,oxygen,r0855,-19.6948,-3.74346e-12,32.2602
154,8,zone_3,glucose,r1032,-9.0781,4.11793e-12,4.92358
154,8,zone_3,oxygen,r0855,-19.6948,-3.74346e-12,32.2602
154,5,zone_2,glucose,r1032,-9.0781,4.11793e-12,4.92358
154,5,zone_2,oxygen,r0855,-19.7155,-3.74346e-12,34.6523
154,5,zone_2,glucose,r1032,-9.0781,4.11793e-12,4.92358
154,5,zone_2,oxygen,r0855,-19.7155,-3.74346e-12,34.6523
154,1,zone_1,glucose,r1032,-9.0781,4.11793e-12,4.92358
154,1,zone_1,oxygen,r0855,-19.7192,-3.74346e-12,35.1129
154,1,zone_1,glucose,r1032,-9.0781,4.11793e-12,4.92358
154,1,zone_1,oxygen,r0855,-19.7192,-3.74346e-12,35.1129
154,6,zone_3,glucose,r1032,-9.0781,4.11793e-12,4.92358
154,6,zone_3,oxygen,r0855,-19.6978,-3.74346e-12,32.5861
154,6,zone_3,glucose,r1032,-9.0781,4.11793e-12,4.92358
154,6,zone_3,oxygen,r0855,-19.6978,-3.74346e-12,32.5861
154,2,zone_1,glucose,r1032,-9.0781,4.11793e-12,4.92358
154,2,zone_1,oxygen,r0855,-19.719,-3.74346e-12,35.0873
154,2,zone_1,glucose,r1032,-9.0781,4.11793e-12,4.92358
154,2,zone_1,oxygen,r0855,-19.719,-3.74346e-12,35.0873
154,7,zone_3,glucose,r1032,-9.0781,4.11793e-12,4.92358
154,7,zone_3,oxygen,r0855,-19.696,-3.74346e-12,32.3955
154,7,zone_3,glucose,r1032,-9.0781,4.11793e-12,4.92358
154,7,zone_3,oxygen,r0855,-19.696,-3.74346e-12,32.3955
154,3,zone_2,glucose,r1032,-9.0781,4.11793e-12,4.92358
154,3,zone_2,oxygen,r0855,-19.7161,-3.74346e-12,34.7239
154,3,zone_2,glucose,r1032,-9.0781,4.11793e-12,4.92358
154,3,zone_2,oxygen,r0855,-19.7161,-3.74346e-12,34.7239
156,4,zone_2,glucose,r1032,-9.07793,4.11793e-12,4.9226
156,4,zone_2,oxygen,r0855,-19.715,-3.74346e-12,34.5898
156,4,zone_2,glucose,r1032,-9.07793,4.11793e-12,4.9226
156,4,zone_2,oxygen,r0855,-19.715,-3.74346e-12,34.5898
156,0,zone_1,glucose,r1032,-9.07793,4.11793e-12,4.9226
156,0,zone_1,oxygen,r0855,-19.7184,-3.74346e-12,35.0172
156,0,zone_1,glucose,r1032,-9.07793,4.11793e-12,4.9226
156,0,zone_1,oxygen,r0855,-19.7184,-3.74346e-12,35.0172
156,8,zone_3,glucose,r1032,-9.07793,4.11793e-12,4.9226
156,8,zone_3,oxygen,r0855,-19.6939,-3.74346e-12,32.1723
156,8,zone_3,glucose,r1032,-9.07793,4.11793e-12,4.9226
156,8,zone_3,oxygen,r0855,-19.6939,-3.74346e-12,32.1723
156,5,zone_2,glucose,r1032,-9.07793,4.11793e-12,4.9226
156,5,zone_2,oxygen,r0855,-19.7148,-3.74346e-12,34.5577
156,5,zone_2,glucose,r1032,-9.07793,4.11793e-12,4.9226
156,5,zone_2,oxygen,r0855,-19.7148,-3.74346e-12,34.5577
156,1,zone_1,glucose,r1032,-9.07793,4.11793e-12,4.9226
156,1,zone_1,oxygen,r0855,-19.7184,-3.74346e-12,35.0172
156,1,zone_1,glucose,r1032,-9.07793,4.11793e-12,4.9226
156,1,zone_1,oxygen,r0855,-19.7184,-3.74346e-12,35.0172
156,6,zone_3,glucose,r1032,-9.07793,4.11793e-12,4.9226
156,6,zone_3,oxygen,r0855,-19.6969,-3.74346e-12,32.4973
156,6,zone_3,glucose,r1032,-9.07793,4.11793e-12,4.9226
156,6,zone_3,oxygen,r0855,-19.6969,-3.74346e-12,32.4973
156,2,zone_1,glucose,r1032,-9.07793,4.11793e-12,4.9226
156,2,zone_1,oxygen,r0855,-19.7182,-3.74346e-12,34.9915
156,2,zone_1,glucose,r1032,-9.07793,4.11793e-12,4.9226
156,2,zone_1,oxygen,r0855,-19.7182,-3.74346e-12,34.9915
156,7,zone_3,glucose,r1032,-9.07793,4.11793e-12,4.9226
156,7,zone_3,oxygen,r0855,-19.6952,-3.74346e-12,32.3073
156,3,zone_2,glucose,r1032,-9.07793,4.11793e-12,4.9226
156,3,zone_2,oxygen,r0855,-19.7153,-3.74346e-12,34.6292
156,7,zone_3,glucose,r1032,-9.07793,4.11793e-12,4.9226
156,7,zone_3,oxygen,r0855,-19.6952,-3.74346e-12,32.3073
156,3,zone_2,glucose,r1032,-9.07793,4.11793e-12,4.9226
156,3,zone_2,oxygen,r0855,-19.7153,-3.74346e-12,34.6292
158,8,zone_3,glucose,r1032,-9.07777,4.11793e-12,4.92162
158,8,zone_3,oxygen,r0855,-19.6931,-3.74346e-12,32.0846
158,8,zone_3,glucose,r1032,-9.07777,4.11793e-12,4.92162
158,8,zone_3,oxygen,r0855,-19.6931,-3.74346e-12,32.0846
158,4,zone_2,glucose,r1032,-9.07777,4.11793e-12,4.92162
158,4,zone_2,oxygen,r0855,-19.7142,-3.74346e-12,34.4955
158,4,zone_2,glucose,r1032,-9.07777,4.11793e-12,4.92162
158,4,zone_2,oxygen,r0855,-19.7142,-3.74346e-12,34.4955
158,0,zone_1,glucose,r1032,-9.07777,4.11793e-12,4.92162
158,0,zone_1,oxygen,r0855,-19.7177,-3.74346e-12,34.9219
158,0,zone_1,glucose,r1032,-9.07777,4.11793e-12,4.92162
158,0,zone_1,oxygen,r0855,-19.7177,-3.74346e-12,34.9219
158,5,zone_2,glucose,r1032,-9.07777,4.11793e-12,4.92162
158,5,zone_2,oxygen,r0855,-19.714,-3.74346e-12,34.4635
158,5,zone_2,glucose,r1032,-9.07777,4.11793e-12,4.92162
158,5,zone_2,oxygen,r0855,-19.714,-3.74346e-12,34.4635
158,1,zone_1,glucose,r1032,-9.07777,4.11793e-12,4.92162
158,1,zone_1,oxygen,r0855,-19.7177,-3.74346e-12,34.9219
158,1,zone_1,glucose,r1032,-9.07777,4.11793e-12,4.92162
158,1,zone_1,oxygen,r0855,-19.7177,-3.74346e-12,34.9219
158,6,zone_3,glucose,r1032,-9.07777,4.11793e-12,4.92162
158,6,zone_3,oxygen,r0855,-19.6961,-3.74346e-12,32.4087
158,6,zone_3,glucose,r1032,-9.07777,4.11793e-12,4.92162
158,6,zone_3,oxygen,r0855,-19.6961,-3.74346e-12,32.4087
158,2,zone_1,glucose,r1032,-9.07777,4.11793e-12,4.92162
158,2,zone_1,oxygen,r0855,-19.7175,-3.74346e-12,34.8962
158,2,zone_1,glucose,r1032,-9.07777,4.11793e-12,4.92162
158,2,zone_1,oxygen,r0855,-19.7175,-3.74346e-12,34.8962
158,7,zone_3,glucose,r1032,-9.07777,4.11793e-12,4.92162
158,7,zone_3,oxygen,r0855,-19.6944,-3.74346e-12,32.2192
158,7,zone_3,glucose,r1032,-9.07777,4.11793e-12,4.92162
158,7,zone_3,oxygen,r0855,-19.6944,-3.74346e-12,32.2192
158,3,zone_2,glucose,r1032,-9.07777,4.11793e-12,4.92162
158,3,zone_2,oxygen,r0855,-19.7146,-3.74346e-12,34.5348
158,3,zone_2,glucose,r1032,-9.07777,4.11793e-12,4.92162
158,3,zone_2,oxygen,r0855,-19.7146,-3.74346e-12,34.5348
160,0,zone_1,glucose,r1032,-9.0776,4.11793e-12,4.92063
160,0,zone_1,oxygen,r0855,-19.7169,-3.74346e-12,34.827
160,0,zone_1,glucose,r1032,-9.0776,4.11793e-12,4.92063
160,0,zone_1,oxygen,r0855,-19.7169,-3.74346e-12,34.827
160,8,zone_3,glucose,r1032,-9.0776,4.11793e-12,4.92063
160,8,zone_3,oxygen,r0855,-19.6923,-3.74346e-12,31.997
160,8,zone_3,glucose,r1032,-9.0776,4.11793e-12,4.92063
160,8,zone_3,oxygen,r0855,-19.6923,-3.74346e-12,31.997
160,4,zone_2,glucose,r1032,-9.0776,4.11793e-12,4.92063
160,4,zone_2,oxygen,r0855,-19.7135,-3.74346e-12,34.4015
160,4,zone_2,glucose,r1032,-9.0776,4.11793e-12,4.92063
160,4,zone_2,oxygen,r0855,-19.7135,-3.74346e-12,34.4015
160,1,zone_1,glucose,r1032,-9.0776,4.11793e-12,4.92063
160,1,zone_1,oxygen,r0855,-19.7169,-3.74346e-12,34.827
160,1,zone_1,glucose,r1032,-9.0776,4.11793e-12,4.92063
160,1,zone_1,oxygen,r0855,-19.7169,-3.74346e-12,34.827
160,2,zone_1,glucose,r1032,-9.0776,4.11793e-12,4.92063
160,2,zone_1,oxygen,r0855,-19.7167,-3.74346e-12,34.8012
160,2,zone_1,glucose,r1032,-9.0776,4.11793e-12,4.92063
160,2,zone_1,oxygen,r0855,-19.7167,-3.74346e-12,34.8012
160,5,zone_2,glucose,r1032,-9.0776,4.11793e-12,4.92063
160,5,zone_2,oxygen,r0855,-19.7132,-3.74346e-12,34.3695
160,5,zone_2,glucose,r1032,-9.0776,4.11793e-12,4.92063
160,5,zone_2,oxygen,r0855,-19.7132,-3.74346e-12,34.3695
160,3,zone_2,glucose,r1032,-9.0776,4.11793e-12,4.92063
160,3,zone_2,oxygen,r0855,-19.7138,-3.74346e-12,34.4407
160,3,zone_2,glucose,r1032,-9.0776,4.11793e-12,4.92063
160,3,zone_2,oxygen,r0855,-19.7138,-3.74346e-12,34.4407
160,6,zone_3,glucose,r1032,-9.0776,4.11793e-12,4.92063
160,6,zone_3,oxygen,r0855,-19.6953,-3.74346e-12,32.3204
160,6,zone_3,glucose,r1032,-9.0776,4.11793e-12,4.92063
160,6,zone_3,oxygen,r0855,-19.6953,-3.74346e-12,32.3204
160,7,zone_3,glucose,r1032,-9.0776,4.11793e-12,4.92063
160,7,zone_3,oxygen,r0855,-19.6935,-3.74346e-12,32.1313
160,7,zone_3,glucose,r1032,-9.0776,4.11793e-12,4.92063
160,7,zone_3,oxygen,r0855,-19.6935,-3.74346e-12,32.1313
162,0,zone_1,glucose,r1032,-9.07743,4.11793e-12,4.91965
162,0,zone_1,oxygen,r0855,-19.7162,-3.74346e-12,34.7325
162,0,zone_1,glucose,r1032,-9.07743,4.11793e-12,4.91965
162,0,zone_1,oxygen,r0855,-19.7162,-3.74346e-12,34.7325
162,4,zone_2,glucose,r1032,-9.07743,4.11793e-12,4.91965
162,4,zone_2,oxygen,r0855,-19.7127,-3.74346e-12,34.3077
162,4,zone_2,glucose,r1032,-9.07743,4.11793e-12,4.91965
162,4,zone_2,oxygen,r0855,-19.7127,-3.74346e-12,34.3077
162,8,zone_3,glucose,r1032,-9.07743,4.11793e-12,4.91965
162,8,zone_3,oxygen,r0855,-19.6915,-3.74346e-12,31.9097
162,8,zone_3,glucose,r1032,-9.07743,4.11793e-12,4.91965
162,8,zone_3,oxygen,r0855,-19.6915,-3.74346e-12,31.9097
162,1,zone_1,glucose,r1032,-9.07743,4.11793e-12,4.91965
162,1,zone_1,oxygen,r0855,-19.7162,-3.74346e-12,34.7325
162,1,zone_1,glucose,r1032,-9.07743,4.11793e-12,4.91965
162,1,zone_1,oxygen,r0855,-19.7162,-3.74346e-12,34.7325
162,5,zone_2,glucose,r1032,-9.07743,4.11793e-12,4.91965
162,5,zone_2,oxygen,r0855,-19.7124,-3.74346e-12,34.2758
162,5,zone_2,glucose,r1032,-9.07743,4.11793e-12,4.91965
162,5,zone_2,oxygen,r0855,-19.7124,-3.74346e-12,34.2758
162,2,zone_1,glucose,r1032,-9.07743,4.11793e-12,4.91965
162,2,zone_1,oxygen,r0855,-19.716,-3.74346e-12,34.7066
162,2,zone_1,glucose,r1032,-9.07743,4.11793e-12,4.91965
162,2,zone_1,oxygen,r0855,-19.716,-3.74346e-12,34.7066
162,3,zone_2,glucose,r1032,-9.07743,4.11793e-12,4.91965
162,3,zone_2,oxygen,r0855,-19.713,-3.74346e-12,34.347
162,3,zone_2,glucose,r1032,-9.07743,4.11793e-12,4.91965
162,3,zone_2,oxygen,r0855,-19.713,-3.74346e-12,34.347
162,6,zone_3,glucose,r1032,-9.07743,4.11793e-12,4.91965
162,6,zone_3,oxygen,r0855,-19.6945,-3.74346e-12,32.2322
162,6,zone_3,glucose,r1032,-9.07743,4.11793e-12,4.91965
162,6,zone_3,oxygen,r0855,-19.6945,-3.74346e-12,32.2322
162,7,zone_3,glucose,r1032,-9.07743,4.11793e-12,4.91965
162,7,zone_3,oxygen,r0855,-19.6927,-3.74346e-12,32.0436
162,7,zone_3,glucose,r1032,-9.07743,4.11793e-12,4.91965
162,7,zone_3,oxygen,r0855,-19.6927,-3.74346e-12,32.0436
164,4,zone_2,glucose,r1032,-9.07726,4.11793e-12,4.91866
164,4,zone_2,oxygen,r0855,-19.7119,-3.74346e-12,34.2144
164,4,zone_2,glucose,r1032,-9.07726,4.11793e-12,4.91866
164,4,zone_2,oxygen,r0855,-19.7119,-3.74346e-12,34.2144
164,8,zone_3,glucose,r1032,-9.07726,4.11793e-12,4.91866
164,8,zone_3,oxygen,r0855,-19.6906,-3.74346e-12,31.8225
164,8,zone_3,glucose,r1032,-9.07726,4.11793e-12,4.91866
164,8,zone_3,oxygen,r0855,-19.6906,-3.74346e-12,31.8225
164,0,zone_1,glucose,r1032,-9.07726,4.11793e-12,4.91866
164,0,zone_1,oxygen,r0855,-19.7154,-3.74346e-12,34.6383
164,0,zone_1,glucose,r1032,-9.07726,4.11793e-12,4.91866
164,0,zone_1,oxygen,r0855,-19.7154,-3.74346e-12,34.6383
164,1,zone_1,glucose,r1032,-9.07726,4.11793e-12,4.91866
164,1,zone_1,oxygen,r0855,-19.7154,-3.74346e-12,34.6383
164,5,zone_2,glucose,r1032,-9.07726,4.11793e-12,4.91866
164,5,zone_2,oxygen,r0855,-19.7117,-3.74346e-12,34.1824
164,1,zone_1,glucose,r1032,-9.07726,4.11793e-12,4.91866
164,1,zone_1,oxygen,r0855,-19.7154,-3.74346e-12,34.6383
164,5,zone_2,glucose,r1032,-9.07726,4.11793e-12,4.91866
164,5,zone_2,oxygen,r0855,-19.7117,-3.74346e-12,34.1824
164,2,zone_1,glucose,r1032,-9.07726,4.11793e-12,4.91866
164,2,zone_1,oxygen,r0855,-19.7152,-3.74346e-12,34.6124
164,6,zone_3,glucose,r1032,-9.07726,4.11793e-12,4.91866
164,6,zone_3,oxygen,r0855,-19.6937,-3.74346e-12,32.1442
164,2,zone_1,glucose,r1032,-9.07726,4.11793e-12,4.91866
164,2,zone_1,oxygen,r0855,-19.7152,-3.74346e-12,34.6124
164,6,zone_3,glucose,r1032,-9.07726,4.11793e-12,4.91866
164,6,zone_3,oxygen,r0855,-19.6937,-3.74346e-12,32.1442
164,3,zone_2,glucose,r1032,-9.07726,4.11793e-12,4.91866
164,3,zone_2,oxygen,r0855,-19.7123,-3.74346e-12,34.2535
164,3,zone_2,glucose,r1032,-9.07726,4.11793e-12,4.91866
164,3,zone_2,oxygen,r0855,-19.7123,-3.74346e-12,34.2535
164,7,zone_3,glucose,r1032,-9.07726,4.11793e-12,4.91866
164,7,zone_3,oxygen,r0855,-19.6919,-3.74346e-12,31.9561
164,7,zone_3,glucose,r1032,-9.07726,4.11793e-12,4.91866
164,7,zone_3,oxygen,r0855,-19.6919,-3.74346e-12,31.9561
166,0,zone_1,glucose,r1032,-9.0771,4.11793e-12,4.91768
166,0,zone_1,oxygen,r0855,-19.7146,-3.74346e-12,34.5445
166,0,zone_1,glucose,r1032,-9.0771,4.11793e-12,4.91768
166,0,zone_1,oxygen,r0855,-19.7146,-3.74346e-12,34.5445
166,4,zone_2,glucose,r1032,-9.0771,4.11793e-12,4.91768
166,4,zone_2,oxygen,r0855,-19.7112,-3.74346e-12,34.1213
166,4,zone_2,glucose,r1032,-9.0771,4.11793e-12,4.91768
166,4,zone_2,oxygen,r0855,-19.7112,-3.74346e-12,34.1213
166,8,zone_3,glucose,r1032,-9.0771,4.11793e-12,4.91768
166,8,zone_3,oxygen,r0855,-19.6898,-3.74346e-12,31.7356
166,8,zone_3,glucose,r1032,-9.0771,4.11793e-12,4.91768
166,8,zone_3,oxygen,r0855,-19.6898,-3.74346e-12,31.7356
166,1,zone_1,glucose,r1032,-9.0771,4.11793e-12,4.91768
166,1,zone_1,oxygen,r0855,-19.7146,-3.74346e-12,34.5445
166,1,zone_1,glucose,r1032,-9.0771,4.11793e-12,4.91768
166,1,zone_1,oxygen,r0855,-19.7146,-3.74346e-12,34.5445
166,5,zone_2,glucose,r1032,-9.0771,4.11793e-12,4.91768
166,5,zone_2,oxygen,r0855,-19.7109,-3.74346e-12,34.0894
166,5,zone_2,glucose,r1032,-9.0771,4.11793e-12,4.91768
166,5,zone_2,oxygen,r0855,-19.7109,-3.74346e-12,34.0894
166,2,zone_1,glucose,r1032,-9.0771,4.11793e-12,4.91768
166,2,zone_1,oxygen,r0855,-19.7144,-3.74346e-12,34.5185
166,2,zone_1,glucose,r1032,-9.0771,4.11793e-12,4.91768
166,2,zone_1,oxygen,r0855,-19.7144,-3.74346e-12,34.5185
166,6,zone_3,glucose,r1032,-9.0771,4.11793e-12,4.91768
166,6,zone_3,oxygen,r0855,-19.6928,-3.74346e-12,32.0564
166,6,zone_3,glucose,r1032,-9.0771,4.11793e-12,4.91768
166,6,zone_3,oxygen,r0855,-19.6928,-3.74346e-12,32.0564
166,3,zone_2,glucose,r1032,-9.0771,4.11793e-12,4.91768
166,3,zone_2,oxygen,r0855,-19.7115,-3.74346e-12,34.1605
166,3,zone_2,glucose,r1032,-9.0771,4.11793e-12,4.91768
166,3,zone_2,oxygen,r0855,-19.7115,-3.74346e-12,34.1605
166,7,zone_3,glucose,r1032,-9.0771,4.11793e-12,4.91768
166,7,zone_3,oxygen,r0855,-19.6911,-3.74346e-12,31.8688
166,7,zone_3,glucose,r1032,-9.0771,4.11793e-12,4.91768
166,7,zone_3,oxygen,r0855,-19.6911,-3.74346e-12,31.8688
168,8,zone_3,glucose,r1032,-9.07693,4.11793e-12,4.9167
168,8,zone_3,oxygen,r0855,-19.6889,-3.74346e-12,31.6489
168,8,zone_3,glucose,r1032,-9.07693,4.11793e-12,4.9167
168,8,zone_3,oxygen,r0855,-19.6889,-3.74346e-12,31.6489
168,0,zone_1,glucose,r1032,-9.07693,4.11793e-12,4.9167
168,0,zone_1,oxygen,r0855,-19.7139,-3.74346e-12,34.4511
168,0,zone_1,glucose,r1032,-9.07693,4.11793e-12,4.9167
168,0,zone_1,oxygen,r0855,-19.7139,-3.74346e-12,34.4511
168,4,zone_2,glucose,r1032,-9.07693,4.11793e-12,4.9167
168,4,zone_2,oxygen,r0855,-19.7104,-3.74346e-12,34.0286
168,4,zone_2,glucose,r1032,-9.07693,4.11793e-12,4.9167
168,4,zone_2,oxygen,r0855,-19.7104,-3.74346e-12,34.0286
168,1,zone_1,glucose,r1032,-9.07693,4.11793e-12,4.9167
168,1,zone_1,oxygen,r0855,-19.7139,-3.74346e-12,34.4511
168,1,zone_1,glucose,r1032,-9.07693,4.11793e-12,4.9167
168,1,zone_1,oxygen,r0855,-19.7139,-3.74346e-12,34.4511
168,5,zone_2,glucose,r1032,-9.07693,4.11793e-12,4.9167
168,5,zone_2,oxygen,r0855,-19.7101,-3.74346e-12,33.9967
168,5,zone_2,glucose,r1032,-9.07693,4.11793e-12,4.9167
168,5,zone_2,oxygen,r0855,-19.7101,-3.74346e-12,33.9967
168,2,zone_1,glucose,r1032,-9.07693,4.11793e-12,4.9167
168,2,zone_1,oxygen,r0855,-19.7137,-3.74346e-12,34.425
168,2,zone_1,glucose,r1032,-9.07693,4.11793e-12,4.9167
168,2,zone_1,oxygen,r0855,-19.7137,-3.74346e-12,34.425
168,6,zone_3,glucose,r1032,-9.07693,4.11793e-12,4.9167
168,6,zone_3,oxygen,r0855,-19.692,-3.74346e-12,31.9689
168,6,zone_3,glucose,r1032,-9.07693,4.11793e-12,4.9167
168,6,zone_3,oxygen,r0855,-19.692,-3.74346e-12,31.9689
168,3,zone_2,glucose,r1032,-9.07693,4.11793e-12,4.9167
168,3,zone_2,oxygen,r0855,-19.7107,-3.74346e-12,34.0677
168,3,zone_2,glucose,r1032,-9.07693,4.11793e-12,4.9167
168,3,zone_2,oxygen,r0855,-19.7107,-3.74346e-12,34.0677
168,7,zone_3,glucose,r1032,-9.07693,4.11793e-12,4.9167
168,7,zone_3,oxygen,r0855,-19.6902,-3.74346e-12,31.7818
168,7,zone_3,glucose,r1032,-9.07693,4.11793e-12,4.9167
168,7,zone_3,oxygen,r0855,-19.6902,-3.74346e-12,31.7818
170,4,zone_2,glucose,r1032,-9.07676,4.11793e-12,4.91571
170,4,zone_2,oxygen,r0855,-19.7096,-3.74346e-12,33.9362
170,4,zone_2,glucose,r1032,-9.07676,4.11793e-12,4.91571
170,4,zone_2,oxygen,r0855,-19.7096,-3.74346e-12,33.9362
170,8,zone_3,glucose,r1032,-9.07676,4.11793e-12,4.91571
170,8,zone_3,oxygen,r0855,-19.6881,-3.74346e-12,31.5625
170,8,zone_3,glucose,r1032,-9.07676,4.11793e-12,4.91571
170,8,zone_3,oxygen,r0855,-19.6881,-3.74346e-12,31.5625
170,0,zone_1,glucose,r1032,-9.07676,4.11793e-12,4.91571
170,0,zone_1,oxygen,r0855,-19.7131,-3.74346e-12,34.358
170,0,zone_1,glucose,r1032,-9.07676,4.11793e-12,4.91571
170,0,zone_1,oxygen,r0855,-19.7131,-3.74346e-12,34.358
170,5,zone_2,glucose,r1032,-9.07676,4.11793e-12,4.91571
170,5,zone_2,oxygen,r0855,-19.7093,-3.74346e-12,33.9043
170,5,zone_2,glucose,r1032,-9.07676,4.11793e-12,4.91571
170,5,zone_2,oxygen,r0855,-19.7093,-3.74346e-12,33.9043
170,1,zone_1,glucose,r1032,-9.07676,4.11793e-12,4.91571
170,1,zone_1,oxygen,r0855,-19.7131,-3.74346e-12,34.358
170,1,zone_1,glucose,r1032,-9.07676,4.11793e-12,4.91571
170,1,zone_1,oxygen,r0855,-19.7131,-3.74346e-12,34.358
170,6,zone_3,glucose,r1032,-9.07676,4.11793e-12,4.91571
170,6,zone_3,oxygen,r0855,-19.6912,-3.74346e-12,31.8817
170,6,zone_3,glucose,r1032,-9.07676,4.11793e-12,4.91571
170,6,zone_3,oxygen,r0855,-19.6912,-3.74346e-12,31.8817
170,7,zone_3,glucose,r1032,-9.07676,4.11793e-12,4.91571
170,7,zone_3,oxygen,r0855,-19.6894,-3.74346e-12,31.6951
170,7,zone_3,glucose,r1032,-9.07676,4.11793e-12,4.91571
170,7,zone_3,oxygen,r0855,-19.6894,-3.74346e-12,31.6951
170,2,zone_1,glucose,r1032,-9.07676,4.11793e-12,4.91571
170,2,zone_1,oxygen,r0855,-19.7129,-3.74346e-12,34.3319
170,2,zone_1,glucose,r1032,-9.07676,4.11793e-12,4.91571
170,2,zone_1,oxygen,r0855,-19.7129,-3.74346e-12,34.3319
170,3,zone_2,glucose,r1032,-9.07676,4.11793e-12,4.91571
170,3,zone_2,oxygen,r0855,-19.7099,-3.74346e-12,33.9753
170,3,zone_2,glucose,r1032,-9.07676,4.11793e-12,4.91571
170,3,zone_2,oxygen,r0855,-19.7099,-3.74346e-12,33.9753
172,0,zone_1,glucose,r1032,-9.07659,4.11793e-12,4.91473
172,0,zone_1,oxygen,r0855,-19.7124,-3.74346e-12,34.2654
172,0,zone_1,glucose,r1032,-9.07659,4.11793e-12,4.91473
172,0,zone_1,oxygen,r0855,-19.7124,-3.74346e-12,34.2654
172,8,zone_3,glucose,r1032,-9.07659,4.11793e-12,4.91473
172,8,zone_3,oxygen,r0855,-19.6873,-3.74346e-12,31.4763
172,8,zone_3,glucose,r1032,-9.07659,4.11793e-12,4.91473
172,8,zone_3,oxygen,r0855,-19.6873,-3.74346e-12,31.4763
172,4,zone_2,glucose,r1032,-9.07659,4.11793e-12,4.91473
172,4,zone_2,oxygen,r0855,-19.7088,-3.74346e-12,33.8442
172,4,zone_2,glucose,r1032,-9.07659,4.11793e-12,4.91473
172,4,zone_2,oxygen,r0855,-19.7088,-3.74346e-12,33.8442
172,1,zone_1,glucose,r1032,-9.07659,4.11793e-12,4.91473
172,1,zone_1,oxygen,r0855,-19.7124,-3.74346e-12,34.2654
172,1,zone_1,glucose,r1032,-9.07659,4.11793e-12,4.91473
172,1,zone_1,oxygen,r0855,-19.7124,-3.74346e-12,34.2654
172,5,zone_2,glucose,r1032,-9.07659,4.11793e-12,4.91473
172,5,zone_2,oxygen,r0855,-19.7086,-3.74346e-12,33.8123
172,5,zone_2,glucose,r1032,-9.07659,4.11793e-12,4.91473
172,5,zone_2,oxygen,r0855,-19.7086,-3.74346e-12,33.8123
172,2,zone_1,glucose,r1032,-9.07659,4.11793e-12,4.91473
172,2,zone_1,oxygen,r0855,-19.7121,-3.74346e-12,34.2391
172,2,zone_1,glucose,r1032,-9.07659,4.11793e-12,4.91473
172,2,zone_1,oxygen,r0855,-19.7121,-3.74346e-12,34.2391
172,6,zone_3,glucose,r1032,-9.07659,4.11793e-12,4.91473
172,6,zone_3,oxygen,r0855,-19.6904,-3.74346e-12,31.7947
172,6,zone_3,glucose,r1032,-9.07659,4.11793e-12,4.91473
172,6,zone_3,oxygen,r0855,-19.6904,-3.74346e-12,31.7947
172,3,zone_2,glucose,r1032,-9.07659,4.11793e-12,4.91473
172,3,zone_2,oxygen,r0855,-19.7092,-3.74346e-12,33.8832
172,3,zone_2,glucose,r1032,-9.07659,4.11793e-12,4.91473
172,3,zone_2,oxygen,r0855,-19.7092,-3.74346e-12,33.8832
172,7,zone_3,glucose,r1032,-9.07659,4.11793e-12,4.91473
172,7,zone_3,oxygen,r0855,-19.6886,-3.74346e-12,31.6085
172,7,zone_3,glucose,r1032,-9.07659,4.11793e-12,4.91473
172,7,zone_3,oxygen,r0855,-19.6886,-3.74346e-12,31.6085
174,0,zone_1,glucose,r1032,-9.07643,4.11793e-12,4.91375
174,0,zone_1,oxygen,r0855,-19.7116,-3.74346e-12,34.1731
174,4,zone_2,glucose,r1032,-9.07643,4.11793e-12,4.91375
174,4,zone_2,oxygen,r0855,-19.7081,-3.74346e-12,33.7525
174,0,zone_1,glucose,r1032,-9.07643,4.11793e-12,4.91375
174,0,zone_1,oxygen,r0855,-19.7116,-3.74346e-12,34.1731
174,4,zone_2,glucose,r1032,-9.07643,4.11793e-12,4.91375
174,4,zone_2,oxygen,r0855,-19.7081,-3.74346e-12,33.7525
174,8,zone_3,glucose,r1032,-9.07643,4.11793e-12,4.91375
174,8,zone_3,oxygen,r0855,-19.6864,-3.74346e-12,31.3904
174,8,zone_3,glucose,r1032,-9.07643,4.11793e-12,4.91375
174,8,zone_3,oxygen,r0855,-19.6864,-3.74346e-12,31.3904
174,1,zone_1,glucose,r1032,-9.07643,4.11793e-12,4.91375
174,1,zone_1,oxygen,r0855,-19.7116,-3.74346e-12,34.1731
174,1,zone_1,glucose,r1032,-9.07643,4.11793e-12,4.91375
174,1,zone_1,oxygen,r0855,-19.7116,-3.74346e-12,34.1731
174,5,zone_2,glucose,r1032,-9.07643,4.11793e-12,4.91375
174,5,zone_2,oxygen,r0855,-19.7078,-3.74346e-12,33.7206
174,5,zone_2,glucose,r1032,-9.07643,4.11793e-12,4.91375
174,5,zone_2,oxygen,r0855,-19.7078,-3.74346e-12,33.7206
174,2,zone_1,glucose,r1032,-9.07643,4.11793e-12,4.91375
174,2,zone_1,oxygen,r0855,-19.7114,-3.74346e-12,34.1467
174,2,zone_1,glucose,r1032,-9.07643,4.11793e-12,4.91375
174,2,zone_1,oxygen,r0855,-19.7114,-3.74346e-12,34.1467
174,6,zone_3,glucose,r1032,-9.07643,4.11793e-12,4.91375
174,6,zone_3,oxygen,r0855,-19.6895,-3.74346e-12,31.7079
174,6,zone_3,glucose,r1032,-9.07643,4.11793e-12,4.91375
174,6,zone_3,oxygen,r0855,-19.6895,-3.74346e-12,31.7079
174,3,zone_2,glucose,r1032,-9.07643,4.11793e-12,4.91375
174,3,zone_2,oxygen,r0855,-19.7084,-3.74346e-12,33.7915
174,7,zone_3,glucose,r1032,-9.07643,4.11793e-12,4.91375
174,7,zone_3,oxygen,r0855,-19.6877,-3.74346e-12,31.5223
174,7,zone_3,glucose,r1032,-9.07643,4.11793e-12,4.91375
174,7,zone_3,oxygen,r0855,-19.6877,-3.74346e-12,31.5223
174,3,zone_2,glucose,r1032,-9.07643,4.11793e-12,4.91375
174,3,zone_2,oxygen,r0855,-19.7084,-3.74346e-12,33.7915
176,0,zone_1,glucose,r1032,-9.07626,4.11793e-12,4.91276
176,0,zone_1,oxygen,r0855,-19.7108,-3.74346e-12,34.0812
176,0,zone_1,glucose,r1032,-9.07626,4.11793e-12,4.91276
176,0,zone_1,oxygen,r0855,-19.7108,-3.74346e-12,34.0812
176,8,zone_3,glucose,r1032,-9.07626,4.11793e-12,4.91276
176,8,zone_3,oxygen,r0855,-19.6856,-3.74346e-12,31.3047
176,8,zone_3,glucose,r1032,-9.07626,4.11793e-12,4.91276
176,8,zone_3,oxygen,r0855,-19.6856,-3.74346e-12,31.3047
176,4,zone_2,glucose,r1032,-9.07626,4.11793e-12,4.91276
176,4,zone_2,oxygen,r0855,-19.7073,-3.74346e-12,33.6611
176,4,zone_2,glucose,r1032,-9.07626,4.11793e-12,4.91276
176,4,zone_2,oxygen,r0855,-19.7073,-3.74346e-12,33.6611
176,1,zone_1,glucose,r1032,-9.07626,4.11793e-12,4.91276
176,1,zone_1,oxygen,r0855,-19.7108,-3.74346e-12,34.0812
176,1,zone_1,glucose,r1032,-9.07626,4.11793e-12,4.91276
176,1,zone_1,oxygen,r0855,-19.7108,-3.74346e-12,34.0812
176,5,zone_2,glucose,r1032,-9.07626,4.11793e-12,4.91276
176,5,zone_2,oxygen,r0855,-19.707,-3.74346e-12,33.6293
176,5,zone_2,glucose,r1032,-9.07626,4.11793e-12,4.91276
176,5,zone_2,oxygen,r0855,-19.707,-3.74346e-12,33.6293
176,2,zone_1,glucose,r1032,-9.07626,4.11793e-12,4.91276
176,2,zone_1,oxygen,r0855,-19.7106,-3.74346e-12,34.0547
176,2,zone_1,glucose,r1032,-9.07626,4.11793e-12,4.91276
176,2,zone_1,oxygen,r0855,-19.7106,-3.74346e-12,34.0547
176,6,zone_3,glucose,r1032,-9.07626,4.11793e-12,4.91276
176,6,zone_3,oxygen,r0855,-19.6887,-3.74346e-12,31.6215
176,6,zone_3,glucose,r1032,-9.07626,4.11793e-12,4.91276
176,6,zone_3,oxygen,r0855,-19.6887,-3.74346e-12,31.6215
176,3,zone_2,glucose,r1032,-9.07626,4.11793e-12,4.91276
176,3,zone_2,oxygen,r0855,-19.7076,-3.74346e-12,33.7001
176,3,zone_2,glucose,r1032,-9.07626,4.11793e-12,4.91276
176,3,zone_2,oxygen,r0855,-19.7076,-3.74346e-12,33.7001
176,7,zone_3,glucose,r1032,-9.07626,4.11793e-12,4.91276
176,7,zone_3,oxygen,r0855,-19.6869,-3.74346e-12,31.4363
176,7,zone_3,glucose,r1032,-9.07626,4.11793e-12,4.91276
176,7,zone_3,oxygen,r0855,-19.6869,-3.74346e-12,31.4363
178,8,zone_3,glucose,r1032,-9.07609,4.11793e-12,4.91178
178,8,zone_3,oxygen,r0855,-19.6847,-3.74346e-12,31.2193
178,8,zone_3,glucose,r1032,-9.07609,4.11793e-12,4.91178
178,8,zone_3,oxygen,r0855,-19.6847,-3.74346e-12,31.2193
178,4,zone_2,glucose,r1032,-9.07609,4.11793e-12,4.91178
178,4,zone_2,oxygen,r0855,-19.7065,-3.74346e-12,33.5701
178,0,zone_1,glucose,r1032,-9.07609,4.11793e-12,4.91178
178,0,zone_1,oxygen,r0855,-19.7101,-3.74346e-12,33.9896
178,4,zone_2,glucose,r1032,-9.07609,4.11793e-12,4.91178
178,4,zone_2,oxygen,r0855,-19.7065,-3.74346e-12,33.5701
178,0,zone_1,glucose,r1032,-9.07609,4.11793e-12,4.91178
178,0,zone_1,oxygen,r0855,-19.7101,-3.74346e-12,33.9896
178,1,zone_1,glucose,r1032,-9.07609,4.11793e-12,4.91178
178,1,zone_1,oxygen,r0855,-19.7101,-3.74346e-12,33.9896
178,1,zone_1,glucose,r1032,-9.07609,4.11793e-12,4.91178
178,1,zone_1,oxygen,r0855,-19.7101,-3.74346e-12,33.9896
178,5,zone_2,glucose,r1032,-9.07609,4.11793e-12,4.91178
178,5,zone_2,oxygen,r0855,-19.7062,-3.74346e-12,33.5382
178,5,zone_2,glucose,r1032,-9.07609,4.11793e-12,4.91178
178,5,zone_2,oxygen,r0855,-19.7062,-3.74346e-12,33.5382
178,2,zone_1,glucose,r1032,-9.07609,4.11793e-12,4.91178
178,2,zone_1,oxygen,r0855,-19.7098,-3.74346e-12,33.963
178,2,zone_1,glucose,r1032,-9.07609,4.11793e-12,4.91178
178,2,zone_1,oxygen,r0855,-19.7098,-3.74346e-12,33.963
178,6,zone_3,glucose,r1032,-9.07609,4.11793e-12,4.91178
178,6,zone_3,oxygen,r0855,-19.6878,-3.74346e-12,31.5353
178,6,zone_3,glucose,r1032,-9.07609,4.11793e-12,4.91178
178,6,zone_3,oxygen,r0855,-19.6878,-3.74346e-12,31.5353
178,3,zone_2,glucose,r1032,-9.07609,4.11793e-12,4.91178
178,3,zone_2,oxygen,r0855,-19.7068,-3.74346e-12,33.6091
178,3,zone_2,glucose,r1032,-9.07609,4.11793e-12,4.91178
178,3,zone_2,oxygen,r0855,-19.7068,-3.74346e-12,33.6091
178,7,zone_3,glucose,r1032,-9.07609,4.11793e-12,4.91178
178,7,zone_3,oxygen,r0855,-19.686,-3.74346e-12,31.3506
178,7,zone_3,glucose,r1032,-9.07609,4.11793e-12,4.91178
178,7,zone_3,oxygen,r0855,-19.686,-3.74346e-12,31.3506
180,4,zone_2,glucose,r1032,-9.07592,4.11793e-12,4.9108
180,4,zone_2,oxygen,r0855,-19.7057,-3.74346e-12,33.4794
180,4,zone_2,glucose,r1032,-9.07592,4.11793e-12,4.9108
180,4,zone_2,oxygen,r0855,-19.7057,-3.74346e-12,33.4794
180,0,zone_1,glucose,r1032,-9.07592,4.11793e-12,4.9108
180,0,zone_1,oxygen,r0855,-19.7093,-3.74346e-12,33.8984
180,0,zone_1,glucose,r1032,-9.07592,4.11793e-12,4.9108
180,0,zone_1,oxygen,r0855,-19.7093,-3.74346e-12,33.8984
180,8,zone_3,glucose,r1032,-9.07592,4.11793e-12,4.9108
180,8,zone_3,oxygen,r0855,-19.6839,-3.74346e-12,31.1342
180,8,zone_3,glucose,r1032,-9.07592,4.11793e-12,4.9108
180,8,zone_3,oxygen,r0855,-19.6839,-3.74346e-12,31.1342
180,5,zone_2,glucose,r1032,-9.07592,4.11793e-12,4.9108
180,5,zone_2,oxygen,r0855,-19.7054,-3.74346e-12,33.4476
180,5,zone_2,glucose,r1032,-9.07592,4.11793e-12,4.9108
180,5,zone_2,oxygen,r0855,-19.7054,-3.74346e-12,33.4476
180,1,zone_1,glucose,r1032,-9.07592,4.11793e-12,4.9108
180,1,zone_1,oxygen,r0855,-19.7093,-3.74346e-12,33.8984
180,1,zone_1,glucose,r1032,-9.07592,4.11793e-12,4.9108
180,1,zone_1,oxygen,r0855,-19.7093,-3.74346e-12,33.8984
180,6,zone_3,glucose,r1032,-9.07592,4.11793e-12,4.9108
180,6,zone_3,oxygen,r0855,-19.687,-3.74346e-12,31.4494
180,6,zone_3,glucose,r1032,-9.07592,4.11793e-12,4.9108
180,6,zone_3,oxygen,r0855,-19.687,-3.74346e-12,31.4494
180,2,zone_1,glucose,r1032,-9.07592,4.11793e-12,4.9108
180,2,zone_1,oxygen,r0855,-19.7091,-3.74346e-12,33.8718
180,2,zone_1,glucose,r1032,-9.07592,4.11793e-12,4.9108
180,2,zone_1,oxygen,r0855,-19.7091,-3.74346e-12,33.8718
180,7,zone_3,glucose,r1032,-9.07592,4.11793e-12,4.9108
180,7,zone_3,oxygen,r0855,-19.6852,-3.74346e-12,31.2651
180,7,zone_3,glucose,r1032,-9.07592,4.11793e-12,4.9108
180,7,zone_3,oxygen,r0855,-19.6852,-3.74346e-12,31.2651
180,3,zone_2,glucose,r1032,-9.07592,4.11793e-12,4.9108
180,3,zone_2,oxygen,r0855,-19.706,-3.74346e-12,33.5184
180,3,zone_2,glucose,r1032,-9.07592,4.11793e-12,4.9108
180,3,zone_2,oxygen,r0855,-19.706,-3.74346e-12,33.5184
182,4,zone_2,glucose,r1032,-9.07575,4.11793e-12,4.90982
182,4,zone_2,oxygen,r0855,-19.7049,-3.74346e-12,33.3891
182,0,zone_1,glucose,r1032,-9.07575,4.11793e-12,4.90982
182,0,zone_1,oxygen,r0855,-19.7085,-3.74346e-12,33.8076
182,4,zone_2,glucose,r1032,-9.07575,4.11793e-12,4.90982
182,4,zone_2,oxygen,r0855,-19.7049,-3.74346e-12,33.3891
182,0,zone_1,glucose,r1032,-9.07575,4.11793e-12,4.90982
182,0,zone_1,oxygen,r0855,-19.7085,-3.74346e-12,33.8076
182,8,zone_3,glucose,r1032,-9.07575,4.11793e-12,4.90982
182,8,zone_3,oxygen,r0855,-19.683,-3.74346e-12,31.0494
182,8,zone_3,glucose,r1032,-9.07575,4.11793e-12,4.90982
182,8,zone_3,oxygen,r0855,-19.683,-3.74346e-12,31.0494
182,1,zone_1,glucose,r1032,-9.07575,4.11793e-12,4.90982
182,1,zone_1,oxygen,r0855,-19.7085,-3.74346e-12,33.8076
182,5,zone_2,glucose,r1032,-9.07575,4.11793e-12,4.90982
182,5,zone_2,oxygen,r0855,-19.7046,-3.74346e-12,33.3573
182,1,zone_1,glucose,r1032,-9.07575,4.11793e-12,4.90982
182,1,zone_1,oxygen,r0855,-19.7085,-3.74346e-12,33.8076
182,5,zone_2,glucose,r1032,-9.07575,4.11793e-12,4.90982
182,5,zone_2,oxygen,r0855,-19.7046,-3.74346e-12,33.3573
182,2,zone_1,glucose,r1032,-9.07575,4.11793e-12,4.90982
182,2,zone_1,oxygen,r0855,-19.7083,-3.74346e-12,33.7809
182,2,zone_1,glucose,r1032,-9.07575,4.11793e-12,4.90982
182,2,zone_1,oxygen,r0855,-19.7083,-3.74346e-12,33.7809
182,6,zone_3,glucose,r1032,-9.07575,4.11793e-12,4.90982
182,6,zone_3,oxygen,r0855,-19.6862,-3.74346e-12,31.3638
182,6,zone_3,glucose,r1032,-9.07575,4.11793e-12,4.90982
182,6,zone_3,oxygen,r0855,-19.6862,-3.74346e-12,31.3638
182,3,zone_2,glucose,r1032,-9.07575,4.11793e-12,4.90982
182,3,zone_2,oxygen,r0855,-19.7053,-3.74346e-12,33.4281
182,3,zone_2,glucose,r1032,-9.07575,4.11793e-12,4.90982
182,3,zone_2,oxygen,r0855,-19.7053,-3.74346e-12,33.4281
182,7,zone_3,glucose,r1032,-9.07575,4.11793e-12,4.90982
182,7,zone_3,oxygen,r0855,-19.6843,-3.74346e-12,31.18
182,7,zone_3,glucose,r1032,-9.07575,4.11793e-12,4.90982
182,7,zone_3,oxygen,r0855,-19.6843,-3.74346e-12,31.18
184,0,zone_1,glucose,r1032,-9.07559,4.11793e-12,4.90884
184,0,zone_1,oxygen,r0855,-19.7077,-3.74346e-12,33.7172
184,0,zone_1,glucose,r1032,-9.07559,4.11793e-12,4.90884
184,0,zone_1,oxygen,r0855,-19.7077,-3.74346e-12,33.7172
184,4,zone_2,glucose,r1032,-9.07559,4.11793e-12,4.90884
184,4,zone_2,oxygen,r0855,-19.7041,-3.74346e-12,33.2991
184,4,zone_2,glucose,r1032,-9.07559,4.11793e-12,4.90884
184,4,zone_2,oxygen,r0855,-19.7041,-3.74346e-12,33.2991
184,1,zone_1,glucose,r1032,-9.07559,4.11793e-12,4.90884
184,1,zone_1,oxygen,r0855,-19.7077,-3.74346e-12,33.7172
184,1,zone_1,glucose,r1032,-9.07559,4.11793e-12,4.90884
184,1,zone_1,oxygen,r0855,-19.7077,-3.74346e-12,33.7172
184,8,zone_3,glucose,r1032,-9.07559,4.11793e-12,4.90884
184,8,zone_3,oxygen,r0855,-19.6822,-3.74346e-12,30.9649
184,8,zone_3,glucose,r1032,-9.07559,4.11793e-12,4.90884
184,8,zone_3,oxygen,r0855,-19.6822,-3.74346e-12,30.9649
184,5,zone_2,glucose,r1032,-9.07559,4.11793e-12,4.90884
184,5,zone_2,oxygen,r0855,-19.7039,-3.74346e-12,33.2673
184,5,zone_2,glucose,r1032,-9.07559,4.11793e-12,4.90884
184,5,zone_2,oxygen,r0855,-19.7039,-3.74346e-12,33.2673
184,2,zone_1,glucose,r1032,-9.07559,4.11793e-12,4.90884
184,2,zone_1,oxygen,r0855,-19.7075,-3.74346e-12,33.6903
184,2,zone_1,glucose,r1032,-9.07559,4.11793e-12,4.90884
184,2,zone_1,oxygen,r0855,-19.7075,-3.74346e-12,33.6903
184,6,zone_3,glucose,r1032,-9.07559,4.11793e-12,4.90884
184,6,zone_3,oxygen,r0855,-19.6853,-3.74346e-12,31.2784
184,6,zone_3,glucose,r1032,-9.07559,4.11793e-12,4.90884
184,6,zone_3,oxygen,r0855,-19.6853,-3.74346e-12,31.2784
184,3,zone_2,glucose,r1032,-9.07559,4.11793e-12,4.90884
184,3,zone_2,oxygen,r0855,-19.7045,-3.74346e-12,33.3381
184,3,zone_2,glucose,r1032,-9.07559,4.11793e-12,4.90884
184,3,zone_2,oxygen,r0855,-19.7045,-3.74346e-12,33.3381
184,7,zone_3,glucose,r1032,-9.07559,4.11793e-12,4.90884
184,7,zone_3,oxygen,r0855,-19.6835,-3.74346e-12,31.0952
184,7,zone_3,glucose,r1032,-9.07559,4.11793e-12,4.90884
184,7,zone_3,oxygen,r0855,-19.6835,-3.74346e-12,31.0952
186,0,zone_1,glucose,r1032,-9.07542,4.11793e-12,4.90785
186,0,zone_1,oxygen,r0855,-19.707,-3.74346e-12,33.6272
186,0,zone_1,glucose,r1032,-9.07542,4.11793e-12,4.90785
186,0,zone_1,oxygen,r0855,-19.707,-3.74346e-12,33.6272
186,8,zone_3,glucose,r1032,-9.07542,4.11793e-12,4.90785
186,8,zone_3,oxygen,r0855,-19.6813,-3.74346e-12,30.8807
186,4,zone_2,glucose,r1032,-9.07542,4.11793e-12,4.90785
186,4,zone_2,oxygen,r0855,-19.7033,-3.74346e-12,33.2095
186,8,zone_3,glucose,r1032,-9.07542,4.11793e-12,4.90785
186,8,zone_3,oxygen,r0855,-19.6813,-3.74346e-12,30.8807
186,4,zone_2,glucose,r1032,-9.07542,4.11793e-12,4.90785
186,4,zone_2,oxygen,r0855,-19.7033,-3.74346e-12,33.2095
186,1,zone_1,glucose,r1032,-9.07542,4.11793e-12,4.90785
186,1,zone_1,oxygen,r0855,-19.707,-3.74346e-12,33.6272
186,1,zone_1,glucose,r1032,-9.07542,4.11793e-12,4.90785
186,1,zone_1,oxygen,r0855,-19.707,-3.74346e-12,33.6272
186,5,zone_2,glucose,r1032,-9.07542,4.11793e-12,4.90785
186,5,zone_2,oxygen,r0855,-19.7031,-3.74346e-12,33.1777
186,5,zone_2,glucose,r1032,-9.07542,4.11793e-12,4.90785
186,5,zone_2,oxygen,r0855,-19.7031,-3.74346e-12,33.1777
186,2,zone_1,glucose,r1032,-9.07542,4.11793e-12,4.90785
186,2,zone_1,oxygen,r0855,-19.7067,-3.74346e-12,33.6002
186,2,zone_1,glucose,r1032,-9.07542,4.11793e-12,4.90785
186,2,zone_1,oxygen,r0855,-19.7067,-3.74346e-12,33.6002
186,6,zone_3,glucose,r1032,-9.07542,4.11793e-12,4.90785
186,6,zone_3,oxygen,r0855,-19.6845,-3.74346e-12,31.1934
186,6,zone_3,glucose,r1032,-9.07542,4.11793e-12,4.90785
186,6,zone_3,oxygen,r0855,-19.6845,-3.74346e-12,31.1934
186,3,zone_2,glucose,r1032,-9.07542,4.11793e-12,4.90785
186,3,zone_2,oxygen,r0855,-19.7037,-3.74346e-12,33.2485
186,3,zone_2,glucose,r1032,-9.07542,4.11793e-12,4.90785
186,3,zone_2,oxygen,r0855,-19.7037,-3.74346e-12,33.2485
186,7,zone_3,glucose,r1032,-9.07542,4.11793e-12,4.90785
186,7,zone_3,oxygen,r0855,-19.6826,-3.74346e-12,31.0106
186,7,zone_3,glucose,r1032,-9.07542,4.11793e-12,4.90785
186,7,zone_3,oxygen,r0855,-19.6826,-3.74346e-12,31.0106
188,8,zone_3,glucose,r1032,-9.07525,4.11793e-12,4.90687
188,8,zone_3,oxygen,r0855,-19.6805,-3.74346e-12,30.7968
188,8,zone_3,glucose,r1032,-9.07525,4.11793e-12,4.90687
188,8,zone_3,oxygen,r0855,-19.6805,-3.74346e-12,30.7968
188,0,zone_1,glucose,r1032,-9.07525,4.11793e-12,4.90687
188,0,zone_1,oxygen,r0855,-19.7062,-3.74346e-12,33.5375
188,0,zone_1,glucose,r1032,-9.07525,4.11793e-12,4.90687
188,0,zone_1,oxygen,r0855,-19.7062,-3.74346e-12,33.5375
188,4,zone_2,glucose,r1032,-9.07525,4.11793e-12,4.90687
188,4,zone_2,oxygen,r0855,-19.7026,-3.74346e-12,33.1202
188,4,zone_2,glucose,r1032,-9.07525,4.11793e-12,4.90687
188,4,zone_2,oxygen,r0855,-19.7026,-3.74346e-12,33.1202
188,1,zone_1,glucose,r1032,-9.07525,4.11793e-12,4.90687
188,1,zone_1,oxygen,r0855,-19.7062,-3.74346e-12,33.5375
188,1,zone_1,glucose,r1032,-9.07525,4.11793e-12,4.90687
188,1,zone_1,oxygen,r0855,-19.7062,-3.74346e-12,33.5375
188,5,zone_2,glucose,r1032,-9.07525,4.11793e-12,4.90687
188,5,zone_2,oxygen,r0855,-19.7023,-3.74346e-12,33.0884
188,5,zone_2,glucose,r1032,-9.07525,4.11793e-12,4.90687
188,5,zone_2,oxygen,r0855,-19.7023,-3.74346e-12,33.0884
188,2,zone_1,glucose,r1032,-9.07525,4.11793e-12,4.90687
188,2,zone_1,oxygen,r0855,-19.706,-3.74346e-12,33.5104
188,2,zone_1,glucose,r1032,-9.07525,4.11793e-12,4.90687
188,2,zone_1,oxygen,r0855,-19.706,-3.74346e-12,33.5104
188,6,zone_3,glucose,r1032,-9.07525,4.11793e-12,4.90687
188,6,zone_3,oxygen,r0855,-19.6836,-3.74346e-12,31.1087
188,6,zone_3,glucose,r1032,-9.07525,4.11793e-12,4.90687
188,6,zone_3,oxygen,r0855,-19.6836,-3.74346e-12,31.1087
188,3,zone_2,glucose,r1032,-9.07525,4.11793e-12,4.90687
188,3,zone_2,oxygen,r0855,-19.7029,-3.74346e-12,33.1592
188,3,zone_2,glucose,r1032,-9.07525,4.11793e-12,4.90687
188,3,zone_2,oxygen,r0855,-19.7029,-3.74346e-12,33.1592
188,7,zone_3,glucose,r1032,-9.07525,4.11793e-12,4.90687
188,7,zone_3,oxygen,r0855,-19.6818,-3.74346e-12,30.9264
188,7,zone_3,glucose,r1032,-9.07525,4.11793e-12,4.90687
188,7,zone_3,oxygen,r0855,-19.6818,-3.74346e-12,30.9264
190,4,zone_2,glucose,r1032,-9.07508,4.11793e-12,4.90589
190,4,zone_2,oxygen,r0855,-19.7018,-3.74346e-12,33.0313
190,4,zone_2,glucose,r1032,-9.07508,4.11793e-12,4.90589
190,4,zone_2,oxygen,r0855,-19.7018,-3.74346e-12,33.0313
190,0,zone_1,glucose,r1032,-9.07508,4.11793e-12,4.90589
190,0,zone_1,oxygen,r0855,-19.7054,-3.74346e-12,33.4481
190,0,zone_1,glucose,r1032,-9.07508,4.11793e-12,4.90589
190,0,zone_1,oxygen,r0855,-19.7054,-3.74346e-12,33.4481
190,8,zone_3,glucose,r1032,-9.07508,4.11793e-12,4.90589
190,8,zone_3,oxygen,r0855,-19.6796,-3.74346e-12,30.7131
190,8,zone_3,glucose,r1032,-9.07508,4.11793e-12,4.90589
190,8,zone_3,oxygen,r0855,-19.6796,-3.74346e-12,30.7131
190,5,zone_2,glucose,r1032,-9.07508,4.11793e-12,4.90589
190,5,zone_2,oxygen,r0855,-19.7015,-3.74346e-12,32.9994
190,5,zone_2,glucose,r1032,-9.07508,4.11793e-12,4.90589
190,5,zone_2,oxygen,r0855,-19.7015,-3.74346e-12,32.9994
190,1,zone_1,glucose,r1032,-9.07508,4.11793e-12,4.90589
190,1,zone_1,oxygen,r0855,-19.7054,-3.74346e-12,33.4481
190,1,zone_1,glucose,r1032,-9.07508,4.11793e-12,4.90589
190,1,zone_1,oxygen,r0855,-19.7054,-3.74346e-12,33.4481
190,2,zone_1,glucose,r1032,-9.07508,4.11793e-12,4.90589
190,2,zone_1,oxygen,r0855,-19.7052,-3.74346e-12,33.4209
190,2,zone_1,glucose,r1032,-9.07508,4.11793e-12,4.90589
190,2,zone_1,oxygen,r0855,-19.7052,-3.74346e-12,33.4209
190,6,zone_3,glucose,r1032,-9.07508,4.11793e-12,4.90589
190,6,zone_3,oxygen,r0855,-19.6828,-3.74346e-12,31.0243
190,6,zone_3,glucose,r1032,-9.07508,4.11793e-12,4.90589
190,6,zone_3,oxygen,r0855,-19.6828,-3.74346e-12,31.0243
190,3,zone_2,glucose,r1032,-9.07508,4.11793e-12,4.90589
190,3,zone_2,oxygen,r0855,-19.7021,-3.74346e-12,33.0703
190,3,zone_2,glucose,r1032,-9.07508,4.11793e-12,4.90589
190,3,zone_2,oxygen,r0855,-19.7021,-3.74346e-12,33.0703
190,7,zone_3,glucose,r1032,-9.07508,4.11793e-12,4.90589
190,7,zone_3,oxygen,r0855,-19.6809,-3.74346e-12,30.8424
190,7,zone_3,glucose,r1032,-9.07508,4.11793e-12,4.90589
190,7,zone_3,oxygen,r0855,-19.6809,-3.74346e-12,30.8424
192,8,zone_3,glucose,r1032,-9.07492,4.11793e-12,4.90491
192,8,zone_3,oxygen,r0855,-19.6788,-3.74346e-12,30.6298
192,0,zone_1,glucose,r1032,-9.07492,4.11793e-12,4.90491
192,0,zone_1,oxygen,r0855,-19.7047,-3.74346e-12,33.3592
192,8,zone_3,glucose,r1032,-9.07492,4.11793e-12,4.90491
192,8,zone_3,oxygen,r0855,-19.6788,-3.74346e-12,30.6298
192,0,zone_1,glucose,r1032,-9.07492,4.11793e-12,4.90491
192,0,zone_1,oxygen,r0855,-19.7047,-3.74346e-12,33.3592
192,4,zone_2,glucose,r1032,-9.07492,4.11793e-12,4.90491
192,4,zone_2,oxygen,r0855,-19.701,-3.74346e-12,32.9427
192,4,zone_2,glucose,r1032,-9.07492,4.11793e-12,4.90491
192,4,zone_2,oxygen,r0855,-19.701,-3.74346e-12,32.9427
192,1,zone_1,glucose,r1032,-9.07492,4.11793e-12,4.90491
192,1,zone_1,oxygen,r0855,-19.7047,-3.74346e-12,33.3592
192,1,zone_1,glucose,r1032,-9.07492,4.11793e-12,4.90491
192,1,zone_1,oxygen,r0855,-19.7047,-3.74346e-12,33.3592
192,5,zone_2,glucose,r1032,-9.07492,4.11793e-12,4.90491
192,5,zone_2,oxygen,r0855,-19.7007,-3.74346e-12,32.9109
192,5,zone_2,glucose,r1032,-9.07492,4.11793e-12,4.90491
192,5,zone_2,oxygen,r0855,-19.7007,-3.74346e-12,32.9109
192,2,zone_1,glucose,r1032,-9.07492,4.11793e-12,4.90491
192,2,zone_1,oxygen,r0855,-19.7044,-3.74346e-12,33.3319
192,2,zone_1,glucose,r1032,-9.07492,4.11793e-12,4.90491
192,2,zone_1,oxygen,r0855,-19.7044,-3.74346e-12,33.3319
192,6,zone_3,glucose,r1032,-9.07492,4.11793e-12,4.90491
192,6,zone_3,oxygen,r0855,-19.6819,-3.74346e-12,30.9402
192,6,zone_3,glucose,r1032,-9.07492,4.11793e-12,4.90491
192,6,zone_3,oxygen,r0855,-19.6819,-3.74346e-12,30.9402
192,3,zone_2,glucose,r1032,-9.07492,4.11793e-12,4.90491
192,3,zone_2,oxygen,r0855,-19.7013,-3.74346e-12,32.9817
192,3,zone_2,glucose,r1032,-9.07492,4.11793e-12,4.90491
192,3,zone_2,oxygen,r0855,-19.7013,-3.74346e-12,32.9817
192,7,zone_3,glucose,r1032,-9.07492,4.11793e-12,4.90491
192,7,zone_3,oxygen,r0855,-19.6801,-3.74346e-12,30.7588
192,7,zone_3,glucose,r1032,-9.07492,4.11793e-12,4.90491
192,7,zone_3,oxygen,r0855,-19.6801,-3.74346e-12,30.7588
194,0,zone_1,glucose,r1032,-9.07475,4.11793e-12,4.90393
194,0,zone_1,oxygen,r0855,-19.7039,-3.74346e-12,33.2706
194,0,zone_1,glucose,r1032,-9.07475,4.11793e-12,4.90393
194,0,zone_1,oxygen,r0855,-19.7039,-3.74346e-12,33.2706
194,4,zone_2,glucose,r1032,-9.07475,4.11793e-12,4.90393
194,4,zone_2,oxygen,r0855,-19.7002,-3.74346e-12,32.8545
194,8,zone_3,glucose,r1032,-9.07475,4.11793e-12,4.90393
194,8,zone_3,oxygen,r0855,-19.6779,-3.74346e-12,30.5468
194,4,zone_2,glucose,r1032,-9.07475,4.11793e-12,4.90393
194,4,zone_2,oxygen,r0855,-19.7002,-3.74346e-12,32.8545
194,8,zone_3,glucose,r1032,-9.07475,4.11793e-12,4.90393
194,8,zone_3,oxygen,r0855,-19.6779,-3.74346e-12,30.5468
194,1,zone_1,glucose,r1032,-9.07475,4.11793e-12,4.90393
194,1,zone_1,oxygen,r0855,-19.7039,-3.74346e-12,33.2706
194,1,zone_1,glucose,r1032,-9.07475,4.11793e-12,4.90393
194,1,zone_1,oxygen,r0855,-19.7039,-3.74346e-12,33.2706
194,5,zone_2,glucose,r1032,-9.07475,4.11793e-12,4.90393
194,5,zone_2,oxygen,r0855,-19.6999,-3.74346e-12,32.8227
194,5,zone_2,glucose,r1032,-9.07475,4.11793e-12,4.90393
194,5,zone_2,oxygen,r0855,-19.6999,-3.74346e-12,32.8227
194,2,zone_1,glucose,r1032,-9.07475,4.11793e-12,4.90393
194,2,zone_1,oxygen,r0855,-19.7036,-3.74346e-12,33.2432
194,2,zone_1,glucose,r1032,-9.07475,4.11793e-12,4.90393
194,2,zone_1,oxygen,r0855,-19.7036,-3.74346e-12,33.2432
194,6,zone_3,glucose,r1032,-9.07475,4.11793e-12,4.90393
194,6,zone_3,oxygen,r0855,-19.6811,-3.74346e-12,30.8564
194,6,zone_3,glucose,r1032,-9.07475,4.11793e-12,4.90393
194,6,zone_3,oxygen,r0855,-19.6811,-3.74346e-12,30.8564
194,3,zone_2,glucose,r1032,-9.07475,4.11793e-12,4.90393
194,3,zone_2,oxygen,r0855,-19.7005,-3.74346e-12,32.8935
194,3,zone_2,glucose,r1032,-9.07475,4.11793e-12,4.90393
194,3,zone_2,oxygen,r0855,-19.7005,-3.74346e-12,32.8935
194,7,zone_3,glucose,r1032,-9.07475,4.11793e-12,4.90393
194,7,zone_3,oxygen,r0855,-19.6792,-3.74346e-12,30.6755
194,7,zone_3,glucose,r1032,-9.07475,4.11793e-12,4.90393
194,7,zone_3,oxygen,r0855,-19.6792,-3.74346e-12,30.6755
196,4,zone_2,glucose,r1032,-9.07458,4.11793e-12,4.90295
196,4,zone_2,oxygen,r0855,-19.6994,-3.74346e-12,32.7666
196,4,zone_2,glucose,r1032,-9.07458,4.11793e-12,4.90295
196,4,zone_2,oxygen,r0855,-19.6994,-3.74346e-12,32.7666
196,0,zone_1,glucose,r1032,-9.07458,4.11793e-12,4.90295
196,0,zone_1,oxygen,r0855,-19.7031,-3.74346e-12,33.1824
196,0,zone_1,glucose,r1032,-9.07458,4.11793e-12,4.90295
196,0,zone_1,oxygen,r0855,-19.7031,-3.74346e-12,33.1824
196,8,zone_3,glucose,r1032,-9.07458,4.11793e-12,4.90295
196,8,zone_3,oxygen,r0855,-19.677,-3.74346e-12,30.4642
196,8,zone_3,glucose,r1032,-9.07458,4.11793e-12,4.90295
196,8,zone_3,oxygen,r0855,-19.677,-3.74346e-12,30.4642
196,1,zone_1,glucose,r1032,-9.07458,4.11793e-12,4.90295
196,1,zone_1,oxygen,r0855,-19.7031,-3.74346e-12,33.1824
196,1,zone_1,glucose,r1032,-9.07458,4.11793e-12,4.90295
196,1,zone_1,oxygen,r0855,-19.7031,-3.74346e-12,33.1824
196,5,zone_2,glucose,r1032,-9.07458,4.11793e-12,4.90295
196,5,zone_2,oxygen,r0855,-19.6991,-3.74346e-12,32.7348
196,5,zone_2,glucose,r1032,-9.07458,4.11793e-12,4.90295
196,5,zone_2,oxygen,r0855,-19.6991,-3.74346e-12,32.7348
196,2,zone_1,glucose,r1032,-9.07458,4.11793e-12,4.90295
196,2,zone_1,oxygen,r0855,-19.7029,-3.74346e-12,33.1548
196,2,zone_1,glucose,r1032,-9.07458,4.11793e-12,4.90295
196,2,zone_1,oxygen,r0855,-19.7029,-3.74346e-12,33.1548
196,6,zone_3,glucose,r1032,-9.07458,4.11793e-12,4.90295
196,6,zone_3,oxygen,r0855,-19.6802,-3.74346e-12,30.773
196,6,zone_3,glucose,r1032,-9.07458,4.11793e-12,4.90295
196,6,zone_3,oxygen,r0855,-19.6802,-3.74346e-12,30.773
196,3,zone_2,glucose,r1032,-9.07458,4.11793e-12,4.90295
196,3,zone_2,oxygen,r0855,-19.6998,-3.74346e-12,32.8056
196,3,zone_2,glucose,r1032,-9.07458,4.11793e-12,4.90295
196,3,zone_2,oxygen,r0855,-19.6998,-3.74346e-12,32.8056
196,7,zone_3,glucose,r1032,-9.07458,4.11793e-12,4.90295
196,7,zone_3,oxygen,r0855,-19.6784,-3.74346e-12,30.5924
196,7,zone_3,glucose,r1032,-9.07458,4.11793e-12,4.90295
196,7,zone_3,oxygen,r0855,-19.6784,-3.74346e-12,30.5924
198,0,zone_1,glucose,r1032,-9.07441,4.11793e-12,4.90197
198,0,zone_1,oxygen,r0855,-19.7023,-3.74346e-12,33.0945
198,0,zone_1,glucose,r1032,-9.07441,4.11793e-12,4.90197
198,0,zone_1,oxygen,r0855,-19.7023,-3.74346e-12,33.0945
198,8,zone_3,glucose,r1032,-9.07441,4.11793e-12,4.90197
198,8,zone_3,oxygen,r0855,-19.6762,-3.74346e-12,30.3818
198,8,zone_3,glucose,r1032,-9.07441,4.11793e-12,4.90197
198,8,zone_3,oxygen,r0855,-19.6762,-3.74346e-12,30.3818
198,4,zone_2,glucose,r1032,-9.07441,4.11793e-12,4.90197
198,4,zone_2,oxygen,r0855,-19.6986,-3.74346e-12,32.6791
198,4,zone_2,glucose,r1032,-9.07441,4.11793e-12,4.90197
198,4,zone_2,oxygen,r0855,-19.6986,-3.74346e-12,32.6791
198,5,zone_2,glucose,r1032,-9.07441,4.11793e-12,4.90197
198,5,zone_2,oxygen,r0855,-19.6983,-3.74346e-12,32.6473
198,5,zone_2,glucose,r1032,-9.07441,4.11793e-12,4.90197
198,5,zone_2,oxygen,r0855,-19.6983,-3.74346e-12,32.6473
198,1,zone_1,glucose,r1032,-9.07441,4.11793e-12,4.90197
198,1,zone_1,oxygen,r0855,-19.7023,-3.74346e-12,33.0945
198,1,zone_1,glucose,r1032,-9.07441,4.11793e-12,4.90197
198,1,zone_1,oxygen,r0855,-19.7023,-3.74346e-12,33.0945
198,6,zone_3,glucose,r1032,-9.07441,4.11793e-12,4.90197
198,6,zone_3,oxygen,r0855,-19.6794,-3.74346e-12,30.6898
198,6,zone_3,glucose,r1032,-9.07441,4.11793e-12,4.90197
198,6,zone_3,oxygen,r0855,-19.6794,-3.74346e-12,30.6898
198,2,zone_1,glucose,r1032,-9.07441,4.11793e-12,4.90197
198,2,zone_1,oxygen,r0855,-19.7021,-3.74346e-12,33.0669
198,2,zone_1,glucose,r1032,-9.07441,4.11793e-12,4.90197
198,2,zone_1,oxygen,r0855,-19.7021,-3.74346e-12,33.0669
198,7,zone_3,glucose,r1032,-9.07441,4.11793e-12,4.90197
198,7,zone_3,oxygen,r0855,-19.6775,-3.74346e-12,30.5098
198,7,zone_3,glucose,r1032,-9.07441,4.11793e-12,4.90197
198,7,zone_3,oxygen,r0855,-19.6775,-3.74346e-12,30.5098
198,3,zone_2,glucose,r1032,-9.07441,4.11793e-12,4.90197
198,3,zone_2,oxygen,r0855,-19.699,-3.74346e-12,32.7181
198,3,zone_2,glucose,r1032,-9.07441,4.11793e-12,4.90197
198,3,zone_2,oxygen,r0855,-19.699,-3.74346e-12,32.7181
200,8,zone_3,glucose,r1032,-9.07424,4.11793e-12,4.90099
200,8,zone_3,oxygen,r0855,-19.6753,-3.74346e-12,30.2997
200,8,zone_3,glucose,r1032,-9.07424,4.11793e-12,4.90099
200,8,zone_3,oxygen,r0855,-19.6753,-3.74346e-12,30.2997
200,0,zone_1,glucose,r1032,-9.07424,4.11793e-12,4.90099
200,0,zone_1,oxygen,r0855,-19.7016,-3.74346e-12,33.007
200,4,zone_2,glucose,r1032,-9.07424,4.11793e-12,4.90099
200,4,zone_2,oxygen,r0855,-19.6978,-3.74346e-12,32.5919
200,0,zone_1,glucose,r1032,-9.07424,4.11793e-12,4.90099
200,0,zone_1,oxygen,r0855,-19.7016,-3.74346e-12,33.007
200,4,zone_2,glucose,r1032,-9.07424,4.11793e-12,4.90099
200,4,zone_2,oxygen,r0855,-19.6978,-3.74346e-12,32.5919
200,1,zone_1,glucose,r1032,-9.07424,4.11793e-12,4.90099
200,1,zone_1,oxygen,r0855,-19.7016,-3.74346e-12,33.007
200,1,zone_1,glucose,r1032,-9.07424,4.11793e-12,4.90099
200,1,zone_1,oxygen,r0855,-19.7016,-3.74346e-12,33.007
200,5,zone_2,glucose,r1032,-9.07424,4.11793e-12,4.90099
200,5,zone_2,oxygen,r0855,-19.6975,-3.74346e-12,32.5601
200,5,zone_2,glucose,r1032,-9.07424,4.11793e-12,4.90099
200,5,zone_2,oxygen,r0855,-19.6975,-3.74346e-12,32.5601
200,2,zone_1,glucose,r1032,-9.07424,4.11793e-12,4.90099
200,2,zone_1,oxygen,r0855,-19.7013,-3.74346e-12,32.9793
200,2,zone_1,glucose,r1032,-9.07424,4.11793e-12,4.90099
200,2,zone_1,oxygen,r0855,-19.7013,-3.74346e-12,32.9793
200,6,zone_3,glucose,r1032,-9.07424,4.11793e-12,4.90099
200,6,zone_3,oxygen,r0855,-19.6785,-3.74346e-12,30.607
200,6,zone_3,glucose,r1032,-9.07424,4.11793e-12,4.90099
200,6,zone_3,oxygen,r0855,-19.6785,-3.74346e-12,30.607
200,3,zone_2,glucose,r1032,-9.07424,4.11793e-12,4.90099
200,3,zone_2,oxygen,r0855,-19.6982,-3.74346e-12,32.631
200,3,zone_2,glucose,r1032,-9.07424,4.11793e-12,4.90099
200,3,zone_2,oxygen,r0855,-19.6982,-3.74346e-12,32.631
200,7,zone_3,glucose,r1032,-9.07424,4.11793e-12,4.90099
200,7,zone_3,oxygen,r0855,-19.6767,-3.74346e-12,30.4274
200,7,zone_3,glucose,r1032,-9.07424,4.11793e-12,4.90099
200,7,zone_3,oxygen,r0855,-19.6767,-3.74346e-12,30.4274
202,4,zone_2,glucose,r1032,-9.07408,4.11793e-12,4.90001
202,4,zone_2,oxygen,r0855,-19.697,-3.74346e-12,32.5051
202,0,zone_1,glucose,r1032,-9.07408,4.11793e-12,4.90001
202,0,zone_1,oxygen,r0855,-19.7008,-3.74346e-12,32.9199
202,0,zone_1,glucose,r1032,-9.07408,4.11793e-12,4.90001
202,0,zone_1,oxygen,r0855,-19.7008,-3.74346e-12,32.9199
202,4,zone_2,glucose,r1032,-9.07408,4.11793e-12,4.90001
202,4,zone_2,oxygen,r0855,-19.697,-3.74346e-12,32.5051
202,8,zone_3,glucose,r1032,-9.07408,4.11793e-12,4.90001
202,8,zone_3,oxygen,r0855,-19.6745,-3.74346e-12,30.218
202,8,zone_3,glucose,r1032,-9.07408,4.11793e-12,4.90001
202,8,zone_3,oxygen,r0855,-19.6745,-3.74346e-12,30.218
202,1,zone_1,glucose,r1032,-9.07408,4.11793e-12,4.90001
202,1,zone_1,oxygen,r0855,-19.7008,-3.74346e-12,32.9199
202,1,zone_1,glucose,r1032,-9.07408,4.11793e-12,4.90001
202,1,zone_1,oxygen,r0855,-19.7008,-3.74346e-12,32.9199
202,5,zone_2,glucose,r1032,-9.07408,4.11793e-12,4.90001
202,5,zone_2,oxygen,r0855,-19.6967,-3.74346e-12,32.4733
202,5,zone_2,glucose,r1032,-9.07408,4.11793e-12,4.90001
202,5,zone_2,oxygen,r0855,-19.6967,-3.74346e-12,32.4733
202,6,zone_3,glucose,r1032,-9.07408,4.11793e-12,4.90001
202,6,zone_3,oxygen,r0855,-19.6777,-3.74346e-12,30.5245
202,2,zone_1,glucose,r1032,-9.07408,4.11793e-12,4.90001
202,2,zone_1,oxygen,r0855,-19.7005,-3.74346e-12,32.892
202,6,zone_3,glucose,r1032,-9.07408,4.11793e-12,4.90001
202,6,zone_3,oxygen,r0855,-19.6777,-3.74346e-12,30.5245
202,2,zone_1,glucose,r1032,-9.07408,4.11793e-12,4.90001
202,2,zone_1,oxygen,r0855,-19.7005,-3.74346e-12,32.892
202,3,zone_2,glucose,r1032,-9.07408,4.11793e-12,4.90001
202,3,zone_2,oxygen,r0855,-19.6974,-3.74346e-12,32.5442
202,3,zone_2,glucose,r1032,-9.07408,4.11793e-12,4.90001
202,3,zone_2,oxygen,r0855,-19.6974,-3.74346e-12,32.5442
202,7,zone_3,glucose,r1032,-9.07408,4.11793e-12,4.90001
202,7,zone_3,oxygen,r0855,-19.6758,-3.74346e-12,30.3453
202,7,zone_3,glucose,r1032,-9.07408,4.11793e-12,4.90001
202,7,zone_3,oxygen,r0855,-19.6758,-3.74346e-12,30.3453
204,0,zone_1,glucose,r1032,-9.07391,4.11793e-12,4.89903
204,0,zone_1,oxygen,r0855,-19.7,-3.74346e-12,32.8331
204,0,zone_1,glucose,r1032,-9.07391,4.11793e-12,4.89903
204,0,zone_1,oxygen,r0855,-19.7,-3.74346e-12,32.8331
204,4,zone_2,glucose,r1032,-9.07391,4.11793e-12,4.89903
204,4,zone_2,oxygen,r0855,-19.6962,-3.74346e-12,32.4187
204,4,zone_2,glucose,r1032,-9.07391,4.11793e-12,4.89903
204,4,zone_2,oxygen,r0855,-19.6962,-3.74346e-12,32.4187
204,8,zone_3,glucose,r1032,-9.07391,4.11793e-12,4.89903
204,8,zone_3,oxygen,r0855,-19.6736,-3.74346e-12,30.1366
204,8,zone_3,glucose,r1032,-9.07391,4.11793e-12,4.89903
204,8,zone_3,oxygen,r0855,-19.6736,-3.74346e-12,30.1366
204,1,zone_1,glucose,r1032,-9.07391,4.11793e-12,4.89903
204,1,zone_1,oxygen,r0855,-19.7,-3.74346e-12,32.8331
204,1,zone_1,glucose,r1032,-9.07391,4.11793e-12,4.89903
204,1,zone_1,oxygen,r0855,-19.7,-3.74346e-12,32.8331
204,5,zone_2,glucose,r1032,-9.07391,4.11793e-12,4.89903
204,5,zone_2,oxygen,r0855,-19.6959,-3.74346e-12,32.3868
204,5,zone_2,glucose,r1032,-9.07391,4.11793e-12,4.89903
204,5,zone_2,oxygen,r0855,-19.6959,-3.74346e-12,32.3868
204,2,zone_1,glucose,r1032,-9.07391,4.11793e-12,4.89903
204,2,zone_1,oxygen,r0855,-19.6997,-3.74346e-12,32.8052
204,2,zone_1,glucose,r1032,-9.07391,4.11793e-12,4.89903
204,2,zone_1,oxygen,r0855,-19.6997,-3.74346e-12,32.8052
204,6,zone_3,glucose,r1032,-9.07391,4.11793e-12,4.89903
204,6,zone_3,oxygen,r0855,-19.6768,-3.74346e-12,30.4423
204,6,zone_3,glucose,r1032,-9.07391,4.11793e-12,4.89903
204,6,zone_3,oxygen,r0855,-19.6768,-3.74346e-12,30.4423
204,3,zone_2,glucose,r1032,-9.07391,4.11793e-12,4.89903
204,3,zone_2,oxygen,r0855,-19.6966,-3.74346e-12,32.4577
204,3,zone_2,glucose,r1032,-9.07391,4.11793e-12,4.89903
204,3,zone_2,oxygen,r0855,-19.6966,-3.74346e-12,32.4577
204,7,zone_3,glucose,r1032,-9.07391,4.11793e-12,4.89903
204,7,zone_3,oxygen,r0855,-19.6749,-3.74346e-12,30.2636
204,7,zone_3,glucose,r1032,-9.07391,4.11793e-12,4.89903
204,7,zone_3,oxygen,r0855,-19.6749,-3.74346e-12,30.2636
206,4,zone_2,glucose,r1032,-9.07374,4.11793e-12,4.89805
206,4,zone_2,oxygen,r0855,-19.6954,-3.74346e-12,32.3325
206,4,zone_2,glucose,r1032,-9.07374,4.11793e-12,4.89805
206,4,zone_2,oxygen,r0855,-19.6954,-3.74346e-12,32.3325
206,0,zone_1,glucose,r1032,-9.07374,4.11793e-12,4.89805
206,0,zone_1,oxygen,r0855,-19.6992,-3.74346e-12,32.7467
206,0,zone_1,glucose,r1032,-9.07374,4.11793e-12,4.89805
206,0,zone_1,oxygen,r0855,-19.6992,-3.74346e-12,32.7467
206,8,zone_3,glucose,r1032,-9.07374,4.11793e-12,4.89805
206,8,zone_3,oxygen,r0855,-19.6727,-3.74346e-12,30.0555
206,8,zone_3,glucose,r1032,-9.07374,4.11793e-12,4.89805
206,8,zone_3,oxygen,r0855,-19.6727,-3.74346e-12,30.0555
206,5,zone_2,glucose,r1032,-9.07374,4.11793e-12,4.89805
206,5,zone_2,oxygen,r0855,-19.6951,-3.74346e-12,32.3007
206,5,zone_2,glucose,r1032,-9.07374,4.11793e-12,4.89805
206,5,zone_2,oxygen,r0855,-19.6951,-3.74346e-12,32.3007
206,1,zone_1,glucose,r1032,-9.07374,4.11793e-12,4.89805
206,1,zone_1,oxygen,r0855,-19.6992,-3.74346e-12,32.7467
206,1,zone_1,glucose,r1032,-9.07374,4.11793e-12,4.89805
206,1,zone_1,oxygen,r0855,-19.6992,-3.74346e-12,32.7467
206,2,zone_1,glucose,r1032,-9.07374,4.11793e-12,4.89805
206,2,zone_1,oxygen,r0855,-19.699,-3.74346e-12,32.7186
206,2,zone_1,glucose,r1032,-9.07374,4.11793e-12,4.89805
206,2,zone_1,oxygen,r0855,-19.699,-3.74346e-12,32.7186
206,6,zone_3,glucose,r1032,-9.07374,4.11793e-12,4.89805
206,6,zone_3,oxygen,r0855,-19.676,-3.74346e-12,30.3605
206,6,zone_3,glucose,r1032,-9.07374,4.11793e-12,4.89805
206,6,zone_3,oxygen,r0855,-19.676,-3.74346e-12,30.3605
206,3,zone_2,glucose,r1032,-9.07374,4.11793e-12,4.89805
206,3,zone_2,oxygen,r0855,-19.6958,-3.74346e-12,32.3716
206,3,zone_2,glucose,r1032,-9.07374,4.11793e-12,4.89805
206,3,zone_2,oxygen,r0855,-19.6958,-3.74346e-12,32.3716
206,7,zone_3,glucose,r1032,-9.07374,4.11793e-12,4.89805
206,7,zone_3,oxygen,r0855,-19.6741,-3.74346e-12,30.1822
206,7,zone_3,glucose,r1032,-9.07374,4.11793e-12,4.89805
206,7,zone_3,oxygen,r0855,-19.6741,-3.74346e-12,30.1822
208,0,zone_1,glucose,r1032,-9.07357,4.11793e-12,4.89707
208,0,zone_1,oxygen,r0855,-19.6984,-3.74346e-12,32.6607
208,0,zone_1,glucose,r1032,-9.07357,4.11793e-12,4.89707
208,0,zone_1,oxygen,r0855,-19.6984,-3.74346e-12,32.6607
208,8,zone_3,glucose,r1032,-9.07357,4.11793e-12,4.89707
208,8,zone_3,oxygen,r0855,-19.6719,-3.74346e-12,29.9747
208,8,zone_3,glucose,r1032,-9.07357,4.11793e-12,4.89707
208,8,zone_3,oxygen,r0855,-19.6719,-3.74346e-12,29.9747
208,4,zone_2,glucose,r1032,-9.07357,4.11793e-12,4.89707
208,4,zone_2,oxygen,r0855,-19.6946,-3.74346e-12,32.2468
208,4,zone_2,glucose,r1032,-9.07357,4.11793e-12,4.89707
208,4,zone_2,oxygen,r0855,-19.6946,-3.74346e-12,32.2468
208,1,zone_1,glucose,r1032,-9.07357,4.11793e-12,4.89707
208,1,zone_1,oxygen,r0855,-19.6984,-3.74346e-12,32.6607
208,1,zone_1,glucose,r1032,-9.07357,4.11793e-12,4.89707
208,1,zone_1,oxygen,r0855,-19.6984,-3.74346e-12,32.6607
208,5,zone_2,glucose,r1032,-9.07357,4.11793e-12,4.89707
208,5,zone_2,oxygen,r0855,-19.6943,-3.74346e-12,32.215
208,5,zone_2,glucose,r1032,-9.07357,4.11793e-12,4.89707
208,5,zone_2,oxygen,r0855,-19.6943,-3.74346e-12,32.215
208,2,zone_1,glucose,r1032,-9.07357,4.11793e-12,4.89707
208,2,zone_1,oxygen,r0855,-19.6982,-3.74346e-12,32.6325
208,2,zone_1,glucose,r1032,-9.07357,4.11793e-12,4.89707
208,2,zone_1,oxygen,r0855,-19.6982,-3.74346e-12,32.6325
208,3,zone_2,glucose,r1032,-9.07357,4.11793e-12,4.89707
208,3,zone_2,oxygen,r0855,-19.695,-3.74346e-12,32.2859
208,3,zone_2,glucose,r1032,-9.07357,4.11793e-12,4.89707
208,3,zone_2,oxygen,r0855,-19.695,-3.74346e-12,32.2859
208,6,zone_3,glucose,r1032,-9.07357,4.11793e-12,4.89707
208,6,zone_3,oxygen,r0855,-19.6751,-3.74346e-12,30.2789
208,6,zone_3,glucose,r1032,-9.07357,4.11793e-12,4.89707
208,6,zone_3,oxygen,r0855,-19.6751,-3.74346e-12,30.2789
208,7,zone_3,glucose,r1032,-9.07357,4.11793e-12,4.89707
208,7,zone_3,oxygen,r0855,-19.6732,-3.74346e-12,30.1011
208,7,zone_3,glucose,r1032,-9.07357,4.11793e-12,4.89707
208,7,zone_3,oxygen,r0855,-19.6732,-3.74346e-12,30.1011
210,4,zone_2,glucose,r1032,-9.0734,4.11793e-12,4.89609
210,4,zone_2,oxygen,r0855,-19.6938,-3.74346e-12,32.1614
210,4,zone_2,glucose,r1032,-9.0734,4.11793e-12,4.89609
210,4,zone_2,oxygen,r0855,-19.6938,-3.74346e-12,32.1614
210,0,zone_1,glucose,r1032,-9.0734,4.11793e-12,4.89609
210,0,zone_1,oxygen,r0855,-19.6977,-3.74346e-12,32.575
210,0,zone_1,glucose,r1032,-9.0734,4.11793e-12,4.89609
210,0,zone_1,oxygen,r0855,-19.6977,-3.74346e-12,32.575
210,8,zone_3,glucose,r1032,-9.0734,4.11793e-12,4.89609
210,8,zone_3,oxygen,r0855,-19.671,-3.74346e-12,29.8942
210,8,zone_3,glucose,r1032,-9.0734,4.11793e-12,4.89609
210,8,zone_3,oxygen,r0855,-19.671,-3.74346e-12,29.8942
210,1,zone_1,glucose,r1032,-9.0734,4.11793e-12,4.89609
210,1,zone_1,oxygen,r0855,-19.6977,-3.74346e-12,32.575
210,1,zone_1,glucose,r1032,-9.0734,4.11793e-12,4.89609
210,1,zone_1,oxygen,r0855,-19.6977,-3.74346e-12,32.575
210,5,zone_2,glucose,r1032,-9.0734,4.11793e-12,4.89609
210,5,zone_2,oxygen,r0855,-19.6935,-3.74346e-12,32.1295
210,5,zone_2,glucose,r1032,-9.0734,4.11793e-12,4.89609
210,5,zone_2,oxygen,r0855,-19.6935,-3.74346e-12,32.1295
210,2,zone_1,glucose,r1032,-9.0734,4.11793e-12,4.89609
210,2,zone_1,oxygen,r0855,-19.6974,-3.74346e-12,32.5467
210,2,zone_1,glucose,r1032,-9.0734,4.11793e-12,4.89609
210,2,zone_1,oxygen,r0855,-19.6974,-3.74346e-12,32.5467
210,6,zone_3,glucose,r1032,-9.0734,4.11793e-12,4.89609
210,6,zone_3,oxygen,r0855,-19.6742,-3.74346e-12,30.1977
210,6,zone_3,glucose,r1032,-9.0734,4.11793e-12,4.89609
210,6,zone_3,oxygen,r0855,-19.6742,-3.74346e-12,30.1977
210,3,zone_2,glucose,r1032,-9.0734,4.11793e-12,4.89609
210,3,zone_2,oxygen,r0855,-19.6942,-3.74346e-12,32.2005
210,3,zone_2,glucose,r1032,-9.0734,4.11793e-12,4.89609
210,3,zone_2,oxygen,r0855,-19.6942,-3.74346e-12,32.2005
210,7,zone_3,glucose,r1032,-9.0734,4.11793e-12,4.89609
210,7,zone_3,oxygen,r0855,-19.6723,-3.74346e-12,30.0203
210,7,zone_3,glucose,r1032,-9.0734,4.11793e-12,4.89609
210,7,zone_3,oxygen,r0855,-19.6723,-3.74346e-12,30.0203
212,0,zone_1,glucose,r1032,-9.07323,4.11793e-12,4.89511
212,0,zone_1,oxygen,r0855,-19.6969,-3.74346e-12,32.4897
212,0,zone_1,glucose,r1032,-9.07323,4.11793e-12,4.89511
212,0,zone_1,oxygen,r0855,-19.6969,-3.74346e-12,32.4897
212,8,zone_3,glucose,r1032,-9.07323,4.11793e-12,4.89511
212,8,zone_3,oxygen,r0855,-19.6701,-3.74346e-12,29.8141
212,4,zone_2,glucose,r1032,-9.07323,4.11793e-12,4.89511
212,4,zone_2,oxygen,r0855,-19.693,-3.74346e-12,32.0763
212,8,zone_3,glucose,r1032,-9.07323,4.11793e-12,4.89511
212,8,zone_3,oxygen,r0855,-19.6701,-3.74346e-12,29.8141
212,4,zone_2,glucose,r1032,-9.07323,4.11793e-12,4.89511
212,4,zone_2,oxygen,r0855,-19.693,-3.74346e-12,32.0763
212,1,zone_1,glucose,r1032,-9.07323,4.11793e-12,4.89511
212,1,zone_1,oxygen,r0855,-19.6969,-3.74346e-12,32.4897
212,1,zone_1,glucose,r1032,-9.07323,4.11793e-12,4.89511
212,1,zone_1,oxygen,r0855,-19.6969,-3.74346e-12,32.4897
212,5,zone_2,glucose,r1032,-9.07323,4.11793e-12,4.89511
212,5,zone_2,oxygen,r0855,-19.6927,-3.74346e-12,32.0445
212,5,zone_2,glucose,r1032,-9.07323,4.11793e-12,4.89511
212,5,zone_2,oxygen,r0855,-19.6927,-3.74346e-12,32.0445
212,2,zone_1,glucose,r1032,-9.07323,4.11793e-12,4.89511
212,2,zone_1,oxygen,r0855,-19.6966,-3.74346e-12,32.4612
212,2,zone_1,glucose,r1032,-9.07323,4.11793e-12,4.89511
212,2,zone_1,oxygen,r0855,-19.6966,-3.74346e-12,32.4612
212,6,zone_3,glucose,r1032,-9.07323,4.11793e-12,4.89511
212,6,zone_3,oxygen,r0855,-19.6734,-3.74346e-12,30.1168
212,6,zone_3,glucose,r1032,-9.07323,4.11793e-12,4.89511
212,6,zone_3,oxygen,r0855,-19.6734,-3.74346e-12,30.1168
212,3,zone_2,glucose,r1032,-9.07323,4.11793e-12,4.89511
212,3,zone_2,oxygen,r0855,-19.6934,-3.74346e-12,32.1155
212,3,zone_2,glucose,r1032,-9.07323,4.11793e-12,4.89511
212,3,zone_2,oxygen,r0855,-19.6934,-3.74346e-12,32.1155
212,7,zone_3,glucose,r1032,-9.07323,4.11793e-12,4.89511
212,7,zone_3,oxygen,r0855,-19.6715,-3.74346e-12,29.9398
212,7,zone_3,glucose,r1032,-9.07323,4.11793e-12,4.89511
212,7,zone_3,oxygen,r0855,-19.6715,-3.74346e-12,29.9398
214,4,zone_2,glucose,r1032,-9.07307,4.11793e-12,4.89413
214,4,zone_2,oxygen,r0855,-19.6922,-3.74346e-12,31.9916
214,8,zone_3,glucose,r1032,-9.07307,4.11793e-12,4.89413
214,8,zone_3,oxygen,r0855,-19.6692,-3.74346e-12,29.7343
214,4,zone_2,glucose,r1032,-9.07307,4.11793e-12,4.89413
214,4,zone_2,oxygen,r0855,-19.6922,-3.74346e-12,31.9916
214,8,zone_3,glucose,r1032,-9.07307,4.11793e-12,4.89413
214,8,zone_3,oxygen,r0855,-19.6692,-3.74346e-12,29.7343
214,0,zone_1,glucose,r1032,-9.07307,4.11793e-12,4.89413
214,0,zone_1,oxygen,r0855,-19.6961,-3.74346e-12,32.4047
214,0,zone_1,glucose,r1032,-9.07307,4.11793e-12,4.89413
214,0,zone_1,oxygen,r0855,-19.6961,-3.74346e-12,32.4047
214,1,zone_1,glucose,r1032,-9.07307,4.11793e-12,4.89413
214,1,zone_1,oxygen,r0855,-19.6961,-3.74346e-12,32.4047
214,1,zone_1,glucose,r1032,-9.07307,4.11793e-12,4.89413
214,1,zone_1,oxygen,r0855,-19.6961,-3.74346e-12,32.4047
214,5,zone_2,glucose,r1032,-9.07307,4.11793e-12,4.89413
214,5,zone_2,oxygen,r0855,-19.6919,-3.74346e-12,31.9598
214,5,zone_2,glucose,r1032,-9.07307,4.11793e-12,4.89413
214,5,zone_2,oxygen,r0855,-19.6919,-3.74346e-12,31.9598
214,2,zone_1,glucose,r1032,-9.07307,4.11793e-12,4.89413
214,2,zone_1,oxygen,r0855,-19.6958,-3.74346e-12,32.3761
214,2,zone_1,glucose,r1032,-9.07307,4.11793e-12,4.89413
214,2,zone_1,oxygen,r0855,-19.6958,-3.74346e-12,32.3761
214,6,zone_3,glucose,r1032,-9.07307,4.11793e-12,4.89413
214,6,zone_3,oxygen,r0855,-19.6725,-3.74346e-12,30.0362
214,6,zone_3,glucose,r1032,-9.07307,4.11793e-12,4.89413
214,6,zone_3,oxygen,r0855,-19.6725,-3.74346e-12,30.0362
214,3,zone_2,glucose,r1032,-9.07307,4.11793e-12,4.89413
214,3,zone_2,oxygen,r0855,-19.6926,-3.74346e-12,32.0308
214,3,zone_2,glucose,r1032,-9.07307,4.11793e-12,4.89413
214,3,zone_2,oxygen,r0855,-19.6926,-3.74346e-12,32.0308
214,7,zone_3,glucose,r1032,-9.07307,4.11793e-12,4.89413
214,7,zone_3,oxygen,r0855,-19.6706,-3.74346e-12,29.8597
214,7,zone_3,glucose,r1032,-9.07307,4.11793e-12,4.89413
214,7,zone_3,oxygen,r0855,-19.6706,-3.74346e-12,29.8597
216,4,zone_2,glucose,r1032,-9.0729,4.11793e-12,4.89315
216,4,zone_2,oxygen,r0855,-19.6914,-3.74346e-12,31.9073
216,4,zone_2,glucose,r1032,-9.0729,4.11793e-12,4.89315
216,4,zone_2,oxygen,r0855,-19.6914,-3.74346e-12,31.9073
216,8,zone_3,glucose,r1032,-9.0729,4.11793e-12,4.89315
216,8,zone_3,oxygen,r0855,-19.6684,-3.74346e-12,29.6548
216,8,zone_3,glucose,r1032,-9.0729,4.11793e-12,4.89315
216,8,zone_3,oxygen,r0855,-19.6684,-3.74346e-12,29.6548
216,0,zone_1,glucose,r1032,-9.0729,4.11793e-12,4.89315
216,0,zone_1,oxygen,r0855,-19.6953,-3.74346e-12,32.3201
216,0,zone_1,glucose,r1032,-9.0729,4.11793e-12,4.89315
216,0,zone_1,oxygen,r0855,-19.6953,-3.74346e-12,32.3201
216,5,zone_2,glucose,r1032,-9.0729,4.11793e-12,4.89315
216,5,zone_2,oxygen,r0855,-19.6911,-3.74346e-12,31.8754
216,5,zone_2,glucose,r1032,-9.0729,4.11793e-12,4.89315
216,5,zone_2,oxygen,r0855,-19.6911,-3.74346e-12,31.8754
216,1,zone_1,glucose,r1032,-9.0729,4.11793e-12,4.89315
216,1,zone_1,oxygen,r0855,-19.6953,-3.74346e-12,32.3201
216,1,zone_1,glucose,r1032,-9.0729,4.11793e-12,4.89315
216,1,zone_1,oxygen,r0855,-19.6953,-3.74346e-12,32.3201
216,6,zone_3,glucose,r1032,-9.0729,4.11793e-12,4.89315
216,6,zone_3,oxygen,r0855,-19.6717,-3.74346e-12,29.956
216,6,zone_3,glucose,r1032,-9.0729,4.11793e-12,4.89315
216,6,zone_3,oxygen,r0855,-19.6717,-3.74346e-12,29.956
216,2,zone_1,glucose,r1032,-9.0729,4.11793e-12,4.89315
216,2,zone_1,oxygen,r0855,-19.695,-3.74346e-12,32.2914
216,2,zone_1,glucose,r1032,-9.0729,4.11793e-12,4.89315
216,2,zone_1,oxygen,r0855,-19.695,-3.74346e-12,32.2914
216,3,zone_2,glucose,r1032,-9.0729,4.11793e-12,4.89315
216,3,zone_2,oxygen,r0855,-19.6918,-3.74346e-12,31.9464
216,3,zone_2,glucose,r1032,-9.0729,4.11793e-12,4.89315
216,3,zone_2,oxygen,r0855,-19.6918,-3.74346e-12,31.9464
216,7,zone_3,glucose,r1032,-9.0729,4.11793e-12,4.89315
216,7,zone_3,oxygen,r0855,-19.6697,-3.74346e-12,29.7799
216,7,zone_3,glucose,r1032,-9.0729,4.11793e-12,4.89315
216,7,zone_3,oxygen,r0855,-19.6697,-3.74346e-12,29.7799
218,0,zone_1,glucose,r1032,-9.07273,4.11793e-12,4.89217
218,0,zone_1,oxygen,r0855,-19.6945,-3.74346e-12,32.2358
218,0,zone_1,glucose,r1032,-9.07273,4.11793e-12,4.89217
218,0,zone_1,oxygen,r0855,-19.6945,-3.74346e-12,32.2358
218,4,zone_2,glucose,r1032,-9.07273,4.11793e-12,4.89217
218,4,zone_2,oxygen,r0855,-19.6906,-3.74346e-12,31.8233
218,4,zone_2,glucose,r1032,-9.07273,4.11793e-12,4.89217
218,4,zone_2,oxygen,r0855,-19.6906,-3.74346e-12,31.8233
218,8,zone_3,glucose,r1032,-9.07273,4.11793e-12,4.89217
218,8,zone_3,oxygen,r0855,-19.6675,-3.74346e-12,29.5756
218,8,zone_3,glucose,r1032,-9.07273,4.11793e-12,4.89217
218,8,zone_3,oxygen,r0855,-19.6675,-3.74346e-12,29.5756
218,1,zone_1,glucose,r1032,-9.07273,4.11793e-12,4.89217
218,1,zone_1,oxygen,r0855,-19.6945,-3.74346e-12,32.2358
218,1,zone_1,glucose,r1032,-9.07273,4.11793e-12,4.89217
218,1,zone_1,oxygen,r0855,-19.6945,-3.74346e-12,32.2358
218,5,zone_2,glucose,r1032,-9.07273,4.11793e-12,4.89217
218,5,zone_2,oxygen,r0855,-19.6903,-3.74346e-12,31.7914
218,5,zone_2,glucose,r1032,-9.07273,4.11793e-12,4.89217
218,5,zone_2,oxygen,r0855,-19.6903,-3.74346e-12,31.7914
218,2,zone_1,glucose,r1032,-9.07273,4.11793e-12,4.89217
218,2,zone_1,oxygen,r0855,-19.6943,-3.74346e-12,32.207
218,2,zone_1,glucose,r1032,-9.07273,4.11793e-12,4.89217
218,2,zone_1,oxygen,r0855,-19.6943,-3.74346e-12,32.207
218,3,zone_2,glucose,r1032,-9.07273,4.11793e-12,4.89217
218,3,zone_2,oxygen,r0855,-19.691,-3.74346e-12,31.8625
218,3,zone_2,glucose,r1032,-9.07273,4.11793e-12,4.89217
218,3,zone_2,oxygen,r0855,-19.691,-3.74346e-12,31.8625
218,6,zone_3,glucose,r1032,-9.07273,4.11793e-12,4.89217
218,6,zone_3,oxygen,r0855,-19.6708,-3.74346e-12,29.8761
218,6,zone_3,glucose,r1032,-9.07273,4.11793e-12,4.89217
218,6,zone_3,oxygen,r0855,-19.6708,-3.74346e-12,29.8761
218,7,zone_3,glucose,r1032,-9.07273,4.11793e-12,4.89217
218,7,zone_3,oxygen,r0855,-19.6689,-3.74346e-12,29.7004
218,7,zone_3,glucose,r1032,-9.07273,4.11793e-12,4.89217
218,7,zone_3,oxygen,r0855,-19.6689,-3.74346e-12,29.7004
220,4,zone_2,glucose,r1032,-9.07256,4.11793e-12,4.8912
220,4,zone_2,oxygen,r0855,-19.6898,-3.74346e-12,31.7396
220,8,zone_3,glucose,r1032,-9.07256,4.11793e-12,4.8912
220,8,zone_3,oxygen,r0855,-19.6666,-3.74346e-12,29.4967
220,4,zone_2,glucose,r1032,-9.07256,4.11793e-12,4.8912
220,4,zone_2,oxygen,r0855,-19.6898,-3.74346e-12,31.7396
220,8,zone_3,glucose,r1032,-9.07256,4.11793e-12,4.8912
220,8,zone_3,oxygen,r0855,-19.6666,-3.74346e-12,29.4967
220,0,zone_1,glucose,r1032,-9.07256,4.11793e-12,4.8912
220,0,zone_1,oxygen,r0855,-19.6937,-3.74346e-12,32.1519
220,0,zone_1,glucose,r1032,-9.07256,4.11793e-12,4.8912
220,0,zone_1,oxygen,r0855,-19.6937,-3.74346e-12,32.1519
220,1,zone_1,glucose,r1032,-9.07256,4.11793e-12,4.8912
220,1,zone_1,oxygen,r0855,-19.6937,-3.74346e-12,32.1519
220,1,zone_1,glucose,r1032,-9.07256,4.11793e-12,4.8912
220,1,zone_1,oxygen,r0855,-19.6937,-3.74346e-12,32.1519
220,5,zone_2,glucose,r1032,-9.07256,4.11793e-12,4.8912
220,5,zone_2,oxygen,r0855,-19.6895,-3.74346e-12,31.7078
220,5,zone_2,glucose,r1032,-9.07256,4.11793e-12,4.8912
220,5,zone_2,oxygen,r0855,-19.6895,-3.74346e-12,31.7078
220,2,zone_1,glucose,r1032,-9.07256,4.11793e-12,4.8912
220,2,zone_1,oxygen,r0855,-19.6935,-3.74346e-12,32.123
220,2,zone_1,glucose,r1032,-9.07256,4.11793e-12,4.8912
220,2,zone_1,oxygen,r0855,-19.6935,-3.74346e-12,32.123
220,6,zone_3,glucose,r1032,-9.07256,4.11793e-12,4.8912
220,6,zone_3,oxygen,r0855,-19.6699,-3.74346e-12,29.7965
220,6,zone_3,glucose,r1032,-9.07256,4.11793e-12,4.8912
220,6,zone_3,oxygen,r0855,-19.6699,-3.74346e-12,29.7965
220,3,zone_2,glucose,r1032,-9.07256,4.11793e-12,4.8912
220,3,zone_2,oxygen,r0855,-19.6902,-3.74346e-12,31.7788
220,3,zone_2,glucose,r1032,-9.07256,4.11793e-12,4.8912
220,3,zone_2,oxygen,r0855,-19.6902,-3.74346e-12,31.7788
220,7,zone_3,glucose,r1032,-9.07256,4.11793e-12,4.8912
220,7,zone_3,oxygen,r0855,-19.668,-3.74346e-12,29.6213
220,7,zone_3,glucose,r1032,-9.07256,4.11793e-12,4.8912
220,7,zone_3,oxygen,r0855,-19.668,-3.74346e-12,29.6213
222,8,zone_3,glucose,r1032,-9.07239,4.11793e-12,4.89022
222,8,zone_3,oxygen,r0855,-19.6658,-3.74346e-12,29.4182
222,8,zone_3,glucose,r1032,-9.07239,4.11793e-12,4.89022
222,8,zone_3,oxygen,r0855,-19.6658,-3.74346e-12,29.4182
222,0,zone_1,glucose,r1032,-9.07239,4.11793e-12,4.89022
222,0,zone_1,oxygen,r0855,-19.693,-3.74346e-12,32.0684
222,0,zone_1,glucose,r1032,-9.07239,4.11793e-12,4.89022
222,0,zone_1,oxygen,r0855,-19.693,-3.74346e-12,32.0684
222,4,zone_2,glucose,r1032,-9.07239,4.11793e-12,4.89022
222,4,zone_2,oxygen,r0855,-19.689,-3.74346e-12,31.6563
222,4,zone_2,glucose,r1032,-9.07239,4.11793e-12,4.89022
222,4,zone_2,oxygen,r0855,-19.689,-3.74346e-12,31.6563
222,1,zone_1,glucose,r1032,-9.07239,4.11793e-12,4.89022
222,1,zone_1,oxygen,r0855,-19.693,-3.74346e-12,32.0684
222,1,zone_1,glucose,r1032,-9.07239,4.11793e-12,4.89022
222,1,zone_1,oxygen,r0855,-19.693,-3.74346e-12,32.0684
222,5,zone_2,glucose,r1032,-9.07239,4.11793e-12,4.89022
222,5,zone_2,oxygen,r0855,-19.6887,-3.74346e-12,31.6244
222,5,zone_2,glucose,r1032,-9.07239,4.11793e-12,4.89022
222,5,zone_2,oxygen,r0855,-19.6887,-3.74346e-12,31.6244
222,2,zone_1,glucose,r1032,-9.07239,4.11793e-12,4.89022
222,2,zone_1,oxygen,r0855,-19.6927,-3.74346e-12,32.0393
222,2,zone_1,glucose,r1032,-9.07239,4.11793e-12,4.89022
222,2,zone_1,oxygen,r0855,-19.6927,-3.74346e-12,32.0393
222,6,zone_3,glucose,r1032,-9.07239,4.11793e-12,4.89022
222,6,zone_3,oxygen,r0855,-19.6691,-3.74346e-12,29.7172
222,6,zone_3,glucose,r1032,-9.07239,4.11793e-12,4.89022
222,6,zone_3,oxygen,r0855,-19.6691,-3.74346e-12,29.7172
222,3,zone_2,glucose,r1032,-9.07239,4.11793e-12,4.89022
222,3,zone_2,oxygen,r0855,-19.6894,-3.74346e-12,31.6955
222,3,zone_2,glucose,r1032,-9.07239,4.11793e-12,4.89022
222,3,zone_2,oxygen,r0855,-19.6894,-3.74346e-12,31.6955
222,7,zone_3,glucose,r1032,-9.07239,4.11793e-12,4.89022
222,7,zone_3,oxygen,r0855,-19.6671,-3.74346e-12,29.5424
222,7,zone_3,glucose,r1032,-9.07239,4.11793e-12,4.89022
222,7,zone_3,oxygen,r0855,-19.6671,-3.74346e-12,29.5424
224,4,zone_2,glucose,r1032,-9.07223,4.11793e-12,4.88924
224,4,zone_2,oxygen,r0855,-19.6882,-3.74346e-12,31.5734
224,4,zone_2,glucose,r1032,-9.07223,4.11793e-12,4.88924
224,4,zone_2,oxygen,r0855,-19.6882,-3.74346e-12,31.5734
224,8,zone_3,glucose,r1032,-9.07223,4.11793e-12,4.88924
224,8,zone_3,oxygen,r0855,-19.6649,-3.74346e-12,29.34
224,0,zone_1,glucose,r1032,-9.07223,4.11793e-12,4.88924
224,0,zone_1,oxygen,r0855,-19.6922,-3.74346e-12,31.9851
224,8,zone_3,glucose,r1032,-9.07223,4.11793e-12,4.88924
224,8,zone_3,oxygen,r0855,-19.6649,-3.74346e-12,29.34
224,0,zone_1,glucose,r1032,-9.07223,4.11793e-12,4.88924
224,0,zone_1,oxygen,r0855,-19.6922,-3.74346e-12,31.9851
224,5,zone_2,glucose,r1032,-9.07223,4.11793e-12,4.88924
224,5,zone_2,oxygen,r0855,-19.6879,-3.74346e-12,31.5415
224,5,zone_2,glucose,r1032,-9.07223,4.11793e-12,4.88924
224,5,zone_2,oxygen,r0855,-19.6879,-3.74346e-12,31.5415
224,1,zone_1,glucose,r1032,-9.07223,4.11793e-12,4.88924
224,1,zone_1,oxygen,r0855,-19.6922,-3.74346e-12,31.9851
224,1,zone_1,glucose,r1032,-9.07223,4.11793e-12,4.88924
224,1,zone_1,oxygen,r0855,-19.6922,-3.74346e-12,31.9851
224,2,zone_1,glucose,r1032,-9.07223,4.11793e-12,4.88924
224,2,zone_1,oxygen,r0855,-19.6919,-3.74346e-12,31.956
224,2,zone_1,glucose,r1032,-9.07223,4.11793e-12,4.88924
224,2,zone_1,oxygen,r0855,-19.6919,-3.74346e-12,31.956
224,6,zone_3,glucose,r1032,-9.07223,4.11793e-12,4.88924
224,6,zone_3,oxygen,r0855,-19.6682,-3.74346e-12,29.6383
224,6,zone_3,glucose,r1032,-9.07223,4.11793e-12,4.88924
224,6,zone_3,oxygen,r0855,-19.6682,-3.74346e-12,29.6383
224,7,zone_3,glucose,r1032,-9.07223,4.11793e-12,4.88924
224,7,zone_3,oxygen,r0855,-19.6663,-3.74346e-12,29.4639
224,7,zone_3,glucose,r1032,-9.07223,4.11793e-12,4.88924
224,7,zone_3,oxygen,r0855,-19.6663,-3.74346e-12,29.4639
224,3,zone_2,glucose,r1032,-9.07223,4.11793e-12,4.88924
224,3,zone_2,oxygen,r0855,-19.6886,-3.74346e-12,31.6126
224,3,zone_2,glucose,r1032,-9.07223,4.11793e-12,4.88924
224,3,zone_2,oxygen,r0855,-19.6886,-3.74346e-12,31.6126
226,8,zone_3,glucose,r1032,-9.07206,4.11793e-12,4.88826
226,8,zone_3,oxygen,r0855,-19.664,-3.74346e-12,29.2621
226,8,zone_3,glucose,r1032,-9.07206,4.11793e-12,4.88826
226,8,zone_3,oxygen,r0855,-19.664,-3.74346e-12,29.2621
226,0,zone_1,glucose,r1032,-9.07206,4.11793e-12,4.88826
226,0,zone_1,oxygen,r0855,-19.6914,-3.74346e-12,31.9023
226,0,zone_1,glucose,r1032,-9.07206,4.11793e-12,4.88826
226,0,zone_1,oxygen,r0855,-19.6914,-3.74346e-12,31.9023
226,4,zone_2,glucose,r1032,-9.07206,4.11793e-12,4.88826
226,4,zone_2,oxygen,r0855,-19.6874,-3.74346e-12,31.4908
226,4,zone_2,glucose,r1032,-9.07206,4.11793e-12,4.88826
226,4,zone_2,oxygen,r0855,-19.6874,-3.74346e-12,31.4908
226,1,zone_1,glucose,r1032,-9.07206,4.11793e-12,4.88826
226,1,zone_1,oxygen,r0855,-19.6914,-3.74346e-12,31.9023
226,1,zone_1,glucose,r1032,-9.07206,4.11793e-12,4.88826
226,1,zone_1,oxygen,r0855,-19.6914,-3.74346e-12,31.9023
226,5,zone_2,glucose,r1032,-9.07206,4.11793e-12,4.88826
226,5,zone_2,oxygen,r0855,-19.6871,-3.74346e-12,31.4589
226,5,zone_2,glucose,r1032,-9.07206,4.11793e-12,4.88826
226,5,zone_2,oxygen,r0855,-19.6871,-3.74346e-12,31.4589
226,2,zone_1,glucose,r1032,-9.07206,4.11793e-12,4.88826
226,2,zone_1,oxygen,r0855,-19.6911,-3.74346e-12,31.873
226,2,zone_1,glucose,r1032,-9.07206,4.11793e-12,4.88826
226,2,zone_1,oxygen,r0855,-19.6911,-3.74346e-12,31.873
226,6,zone_3,glucose,r1032,-9.07206,4.11793e-12,4.88826
226,6,zone_3,oxygen,r0855,-19.6673,-3.74346e-12,29.5597
226,6,zone_3,glucose,r1032,-9.07206,4.11793e-12,4.88826
226,6,zone_3,oxygen,r0855,-19.6673,-3.74346e-12,29.5597
226,3,zone_2,glucose,r1032,-9.07206,4.11793e-12,4.88826
226,3,zone_2,oxygen,r0855,-19.6878,-3.74346e-12,31.53
226,3,zone_2,glucose,r1032,-9.07206,4.11793e-12,4.88826
226,3,zone_2,oxygen,r0855,-19.6878,-3.74346e-12,31.53
226,7,zone_3,glucose,r1032,-9.07206,4.11793e-12,4.88826
226,7,zone_3,oxygen,r0855,-19.6654,-3.74346e-12,29.3857
226,7,zone_3,glucose,r1032,-9.07206,4.11793e-12,4.88826
226,7,zone_3,oxygen,r0855,-19.6654,-3.74346e-12,29.3857
228,4,zone_2,glucose,r1032,-9.07189,4.11793e-12,4.88728
228,4,zone_2,oxygen,r0855,-19.6866,-3.74346e-12,31.4085
228,0,zone_1,glucose,r1032,-9.07189,4.11793e-12,4.88728
228,0,zone_1,oxygen,r0855,-19.6906,-3.74346e-12,31.8198
228,0,zone_1,glucose,r1032,-9.07189,4.11793e-12,4.88728
228,0,zone_1,oxygen,r0855,-19.6906,-3.74346e-12,31.8198
228,4,zone_2,glucose,r1032,-9.07189,4.11793e-12,4.88728
228,4,zone_2,oxygen,r0855,-19.6866,-3.74346e-12,31.4085
228,8,zone_3,glucose,r1032,-9.07189,4.11793e-12,4.88728
228,8,zone_3,oxygen,r0855,-19.6631,-3.74346e-12,29.1846
228,8,zone_3,glucose,r1032,-9.07189,4.11793e-12,4.88728
228,8,zone_3,oxygen,r0855,-19.6631,-3.74346e-12,29.1846
228,1,zone_1,glucose,r1032,-9.07189,4.11793e-12,4.88728
228,1,zone_1,oxygen,r0855,-19.6906,-3.74346e-12,31.8198
228,5,zone_2,glucose,r1032,-9.07189,4.11793e-12,4.88728
228,5,zone_2,oxygen,r0855,-19.6863,-3.74346e-12,31.3766
228,1,zone_1,glucose,r1032,-9.07189,4.11793e-12,4.88728
228,1,zone_1,oxygen,r0855,-19.6906,-3.74346e-12,31.8198
228,5,zone_2,glucose,r1032,-9.07189,4.11793e-12,4.88728
228,5,zone_2,oxygen,r0855,-19.6863,-3.74346e-12,31.3766
228,2,zone_1,glucose,r1032,-9.07189,4.11793e-12,4.88728
228,2,zone_1,oxygen,r0855,-19.6903,-3.74346e-12,31.7904
228,2,zone_1,glucose,r1032,-9.07189,4.11793e-12,4.88728
228,2,zone_1,oxygen,r0855,-19.6903,-3.74346e-12,31.7904
228,6,zone_3,glucose,r1032,-9.07189,4.11793e-12,4.88728
228,6,zone_3,oxygen,r0855,-19.6665,-3.74346e-12,29.4814
228,6,zone_3,glucose,r1032,-9.07189,4.11793e-12,4.88728
228,6,zone_3,oxygen,r0855,-19.6665,-3.74346e-12,29.4814
228,3,zone_2,glucose,r1032,-9.07189,4.11793e-12,4.88728
228,3,zone_2,oxygen,r0855,-19.687,-3.74346e-12,31.4477
228,3,zone_2,glucose,r1032,-9.07189,4.11793e-12,4.88728
228,3,zone_2,oxygen,r0855,-19.687,-3.74346e-12,31.4477
228,7,zone_3,glucose,r1032,-9.07189,4.11793e-12,4.88728
228,7,zone_3,oxygen,r0855,-19.6645,-3.74346e-12,29.3079
228,7,zone_3,glucose,r1032,-9.07189,4.11793e-12,4.88728
228,7,zone_3,oxygen,r0855,-19.6645,-3.74346e-12,29.3079
230,8,zone_3,glucose,r1032,-9.07172,4.11793e-12,4.88631
230,8,zone_3,oxygen,r0855,-19.6622,-3.74346e-12,29.1073
230,8,zone_3,glucose,r1032,-9.07172,4.11793e-12,4.88631
230,8,zone_3,oxygen,r0855,-19.6622,-3.74346e-12,29.1073
230,0,zone_1,glucose,r1032,-9.07172,4.11793e-12,4.88631
230,0,zone_1,oxygen,r0855,-19.6898,-3.74346e-12,31.7376
230,0,zone_1,glucose,r1032,-9.07172,4.11793e-12,4.88631
230,0,zone_1,oxygen,r0855,-19.6898,-3.74346e-12,31.7376
230,4,zone_2,glucose,r1032,-9.07172,4.11793e-12,4.88631
230,4,zone_2,oxygen,r0855,-19.6858,-3.74346e-12,31.3266
230,4,zone_2,glucose,r1032,-9.07172,4.11793e-12,4.88631
230,4,zone_2,oxygen,r0855,-19.6858,-3.74346e-12,31.3266
230,5,zone_2,glucose,r1032,-9.07172,4.11793e-12,4.88631
230,5,zone_2,oxygen,r0855,-19.6855,-3.74346e-12,31.2946
230,5,zone_2,glucose,r1032,-9.07172,4.11793e-12,4.88631
230,5,zone_2,oxygen,r0855,-19.6855,-3.74346e-12,31.2946
230,1,zone_1,glucose,r1032,-9.07172,4.11793e-12,4.88631
230,1,zone_1,oxygen,r0855,-19.6898,-3.74346e-12,31.7376
230,1,zone_1,glucose,r1032,-9.07172,4.11793e-12,4.88631
230,1,zone_1,oxygen,r0855,-19.6898,-3.74346e-12,31.7376
230,6,zone_3,glucose,r1032,-9.07172,4.11793e-12,4.88631
230,6,zone_3,oxygen,r0855,-19.6656,-3.74346e-12,29.4034
230,6,zone_3,glucose,r1032,-9.07172,4.11793e-12,4.88631
230,6,zone_3,oxygen,r0855,-19.6656,-3.74346e-12,29.4034
230,2,zone_1,glucose,r1032,-9.07172,4.11793e-12,4.88631
230,2,zone_1,oxygen,r0855,-19.6895,-3.74346e-12,31.7081
230,2,zone_1,glucose,r1032,-9.07172,4.11793e-12,4.88631
230,2,zone_1,oxygen,r0855,-19.6895,-3.74346e-12,31.7081
230,3,zone_2,glucose,r1032,-9.07172,4.11793e-12,4.88631
230,3,zone_2,oxygen,r0855,-19.6862,-3.74346e-12,31.3658
230,3,zone_2,glucose,r1032,-9.07172,4.11793e-12,4.88631
230,3,zone_2,oxygen,r0855,-19.6862,-3.74346e-12,31.3658
230,7,zone_3,glucose,r1032,-9.07172,4.11793e-12,4.88631
230,7,zone_3,oxygen,r0855,-19.6636,-3.74346e-12,29.2303
230,7,zone_3,glucose,r1032,-9.07172,4.11793e-12,4.88631
230,7,zone_3,oxygen,r0855,-19.6636,-3.74346e-12,29.2303
232,4,zone_2,glucose,r1032,-9.07155,4.11793e-12,4.88533
232,4,zone_2,oxygen,r0855,-19.685,-3.74346e-12,31.245
232,4,zone_2,glucose,r1032,-9.07155,4.11793e-12,4.88533
232,4,zone_2,oxygen,r0855,-19.685,-3.74346e-12,31.245
232,0,zone_1,glucose,r1032,-9.07155,4.11793e-12,4.88533
232,0,zone_1,oxygen,r0855,-19.689,-3.74346e-12,31.6558
232,0,zone_1,glucose,r1032,-9.07155,4.11793e-12,4.88533
232,0,zone_1,oxygen,r0855,-19.689,-3.74346e-12,31.6558
232,8,zone_3,glucose,r1032,-9.07155,4.11793e-12,4.88533
232,8,zone_3,oxygen,r0855,-19.6614,-3.74346e-12,29.0304
232,8,zone_3,glucose,r1032,-9.07155,4.11793e-12,4.88533
232,8,zone_3,oxygen,r0855,-19.6614,-3.74346e-12,29.0304
232,5,zone_2,glucose,r1032,-9.07155,4.11793e-12,4.88533
232,5,zone_2,oxygen,r0855,-19.6847,-3.74346e-12,31.213
232,5,zone_2,glucose,r1032,-9.07155,4.11793e-12,4.88533
232,5,zone_2,oxygen,r0855,-19.6847,-3.74346e-12,31.213
232,1,zone_1,glucose,r1032,-9.07155,4.11793e-12,4.88533
232,1,zone_1,oxygen,r0855,-19.689,-3.74346e-12,31.6558
232,1,zone_1,glucose,r1032,-9.07155,4.11793e-12,4.88533
232,1,zone_1,oxygen,r0855,-19.689,-3.74346e-12,31.6558
232,2,zone_1,glucose,r1032,-9.07155,4.11793e-12,4.88533
232,2,zone_1,oxygen,r0855,-19.6887,-3.74346e-12,31.6262
232,2,zone_1,glucose,r1032,-9.07155,4.11793e-12,4.88533
232,2,zone_1,oxygen,r0855,-19.6887,-3.74346e-12,31.6262
232,6,zone_3,glucose,r1032,-9.07155,4.11793e-12,4.88533
232,6,zone_3,oxygen,r0855,-19.6647,-3.74346e-12,29.3258
232,6,zone_3,glucose,r1032,-9.07155,4.11793e-12,4.88533
232,6,zone_3,oxygen,r0855,-19.6647,-3.74346e-12,29.3258
232,3,zone_2,glucose,r1032,-9.07155,4.11793e-12,4.88533
232,3,zone_2,oxygen,r0855,-19.6854,-3.74346e-12,31.2842
232,3,zone_2,glucose,r1032,-9.07155,4.11793e-12,4.88533
232,3,zone_2,oxygen,r0855,-19.6854,-3.74346e-12,31.2842
232,7,zone_3,glucose,r1032,-9.07155,4.11793e-12,4.88533
232,7,zone_3,oxygen,r0855,-19.6628,-3.74346e-12,29.1531
232,7,zone_3,glucose,r1032,-9.07155,4.11793e-12,4.88533
232,7,zone_3,oxygen,r0855,-19.6628,-3.74346e-12,29.1531
234,0,zone_1,glucose,r1032,-9.07138,4.11793e-12,4.88435
234,0,zone_1,oxygen,r0855,-19.6882,-3.74346e-12,31.5743
234,8,zone_3,glucose,r1032,-9.07138,4.11793e-12,4.88435
234,8,zone_3,oxygen,r0855,-19.6605,-3.74346e-12,28.9538
234,0,zone_1,glucose,r1032,-9.07138,4.11793e-12,4.88435
234,0,zone_1,oxygen,r0855,-19.6882,-3.74346e-12,31.5743
234,8,zone_3,glucose,r1032,-9.07138,4.11793e-12,4.88435
234,8,zone_3,oxygen,r0855,-19.6605,-3.74346e-12,28.9538
234,4,zone_2,glucose,r1032,-9.07138,4.11793e-12,4.88435
234,4,zone_2,oxygen,r0855,-19.6842,-3.74346e-12,31.1637
234,4,zone_2,glucose,r1032,-9.07138,4.11793e-12,4.88435
234,4,zone_2,oxygen,r0855,-19.6842,-3.74346e-12,31.1637
234,1,zone_1,glucose,r1032,-9.07138,4.11793e-12,4.88435
234,1,zone_1,oxygen,r0855,-19.6882,-3.74346e-12,31.5743
234,1,zone_1,glucose,r1032,-9.07138,4.11793e-12,4.88435
234,1,zone_1,oxygen,r0855,-19.6882,-3.74346e-12,31.5743
234,5,zone_2,glucose,r1032,-9.07138,4.11793e-12,4.88435
234,5,zone_2,oxygen,r0855,-19.6839,-3.74346e-12,31.1318
234,5,zone_2,glucose,r1032,-9.07138,4.11793e-12,4.88435
234,5,zone_2,oxygen,r0855,-19.6839,-3.74346e-12,31.1318
234,2,zone_1,glucose,r1032,-9.07138,4.11793e-12,4.88435
234,2,zone_1,oxygen,r0855,-19.6879,-3.74346e-12,31.5446
234,2,zone_1,glucose,r1032,-9.07138,4.11793e-12,4.88435
234,2,zone_1,oxygen,r0855,-19.6879,-3.74346e-12,31.5446
234,6,zone_3,glucose,r1032,-9.07138,4.11793e-12,4.88435
234,6,zone_3,oxygen,r0855,-19.6638,-3.74346e-12,29.2485
234,6,zone_3,glucose,r1032,-9.07138,4.11793e-12,4.88435
234,6,zone_3,oxygen,r0855,-19.6638,-3.74346e-12,29.2485
234,3,zone_2,glucose,r1032,-9.07138,4.11793e-12,4.88435
234,3,zone_2,oxygen,r0855,-19.6846,-3.74346e-12,31.203
234,3,zone_2,glucose,r1032,-9.07138,4.11793e-12,4.88435
234,3,zone_2,oxygen,r0855,-19.6846,-3.74346e-12,31.203
234,7,zone_3,glucose,r1032,-9.07138,4.11793e-12,4.88435
234,7,zone_3,oxygen,r0855,-19.6619,-3.74346e-12,29.0762
234,7,zone_3,glucose,r1032,-9.07138,4.11793e-12,4.88435
234,7,zone_3,oxygen,r0855,-19.6619,-3.74346e-12,29.0762
236,0,zone_1,glucose,r1032,-9.07121,4.11793e-12,4.88338
236,0,zone_1,oxygen,r0855,-19.6874,-3.74346e-12,31.4932
236,0,zone_1,glucose,r1032,-9.07121,4.11793e-12,4.88338
236,0,zone_1,oxygen,r0855,-19.6874,-3.74346e-12,31.4932
236,8,zone_3,glucose,r1032,-9.07121,4.11793e-12,4.88338
236,8,zone_3,oxygen,r0855,-19.6596,-3.74346e-12,28.8775
236,8,zone_3,glucose,r1032,-9.07121,4.11793e-12,4.88338
236,8,zone_3,oxygen,r0855,-19.6596,-3.74346e-12,28.8775
236,4,zone_2,glucose,r1032,-9.07121,4.11793e-12,4.88338
236,4,zone_2,oxygen,r0855,-19.6834,-3.74346e-12,31.0828
236,4,zone_2,glucose,r1032,-9.07121,4.11793e-12,4.88338
236,4,zone_2,oxygen,r0855,-19.6834,-3.74346e-12,31.0828
236,1,zone_1,glucose,r1032,-9.07121,4.11793e-12,4.88338
236,1,zone_1,oxygen,r0855,-19.6874,-3.74346e-12,31.4932
236,1,zone_1,glucose,r1032,-9.07121,4.11793e-12,4.88338
236,1,zone_1,oxygen,r0855,-19.6874,-3.74346e-12,31.4932
236,5,zone_2,glucose,r1032,-9.07121,4.11793e-12,4.88338
236,5,zone_2,oxygen,r0855,-19.6831,-3.74346e-12,31.0509
236,5,zone_2,glucose,r1032,-9.07121,4.11793e-12,4.88338
236,5,zone_2,oxygen,r0855,-19.6831,-3.74346e-12,31.0509
236,2,zone_1,glucose,r1032,-9.07121,4.11793e-12,4.88338
236,2,zone_1,oxygen,r0855,-19.6871,-3.74346e-12,31.4634
236,2,zone_1,glucose,r1032,-9.07121,4.11793e-12,4.88338
236,2,zone_1,oxygen,r0855,-19.6871,-3.74346e-12,31.4634
236,6,zone_3,glucose,r1032,-9.07121,4.11793e-12,4.88338
236,6,zone_3,oxygen,r0855,-19.663,-3.74346e-12,29.1715
236,6,zone_3,glucose,r1032,-9.07121,4.11793e-12,4.88338
236,6,zone_3,oxygen,r0855,-19.663,-3.74346e-12,29.1715
236,3,zone_2,glucose,r1032,-9.07121,4.11793e-12,4.88338
236,3,zone_2,oxygen,r0855,-19.6838,-3.74346e-12,31.1221
236,3,zone_2,glucose,r1032,-9.07121,4.11793e-12,4.88338
236,3,zone_2,oxygen,r0855,-19.6838,-3.74346e-12,31.1221
236,7,zone_3,glucose,r1032,-9.07121,4.11793e-12,4.88338
236,7,zone_3,oxygen,r0855,-19.661,-3.74346e-12,28.9996
236,7,zone_3,glucose,r1032,-9.07121,4.11793e-12,4.88338
236,7,zone_3,oxygen,r0855,-19.661,-3.74346e-12,28.9996
238,0,zone_1,glucose,r1032,-9.07105,4.11793e-12,4.8824
238,0,zone_1,oxygen,r0855,-19.6866,-3.74346e-12,31.4124
238,0,zone_1,glucose,r1032,-9.07105,4.11793e-12,4.8824
238,0,zone_1,oxygen,r0855,-19.6866,-3.74346e-12,31.4124
238,8,zone_3,glucose,r1032,-9.07105,4.11793e-12,4.8824
238,8,zone_3,oxygen,r0855,-19.6587,-3.74346e-12,28.8016
238,8,zone_3,glucose,r1032,-9.07105,4.11793e-12,4.8824
238,8,zone_3,oxygen,r0855,-19.6587,-3.74346e-12,28.8016
238,4,zone_2,glucose,r1032,-9.07105,4.11793e-12,4.8824
238,4,zone_2,oxygen,r0855,-19.6826,-3.74346e-12,31.0023
238,4,zone_2,glucose,r1032,-9.07105,4.11793e-12,4.8824
238,4,zone_2,oxygen,r0855,-19.6826,-3.74346e-12,31.0023
238,1,zone_1,glucose,r1032,-9.07105,4.11793e-12,4.8824
238,1,zone_1,oxygen,r0855,-19.6866,-3.74346e-12,31.4124
238,1,zone_1,glucose,r1032,-9.07105,4.11793e-12,4.8824
238,1,zone_1,oxygen,r0855,-19.6866,-3.74346e-12,31.4124
238,5,zone_2,glucose,r1032,-9.07105,4.11793e-12,4.8824
238,5,zone_2,oxygen,r0855,-19.6822,-3.74346e-12,30.9703
238,5,zone_2,glucose,r1032,-9.07105,4.11793e-12,4.8824
238,5,zone_2,oxygen,r0855,-19.6822,-3.74346e-12,30.9703
238,2,zone_1,glucose,r1032,-9.07105,4.11793e-12,4.8824
238,2,zone_1,oxygen,r0855,-19.6863,-3.74346e-12,31.3825
238,2,zone_1,glucose,r1032,-9.07105,4.11793e-12,4.8824
238,2,zone_1,oxygen,r0855,-19.6863,-3.74346e-12,31.3825
238,3,zone_2,glucose,r1032,-9.07105,4.11793e-12,4.8824
238,3,zone_2,oxygen,r0855,-19.683,-3.74346e-12,31.0416
238,6,zone_3,glucose,r1032,-9.07105,4.11793e-12,4.8824
238,6,zone_3,oxygen,r0855,-19.6621,-3.74346e-12,29.0948
238,3,zone_2,glucose,r1032,-9.07105,4.11793e-12,4.8824
238,3,zone_2,oxygen,r0855,-19.683,-3.74346e-12,31.0416
238,6,zone_3,glucose,r1032,-9.07105,4.11793e-12,4.8824
238,6,zone_3,oxygen,r0855,-19.6621,-3.74346e-12,29.0948
238,7,zone_3,glucose,r1032,-9.07105,4.11793e-12,4.8824
238,7,zone_3,oxygen,r0855,-19.6601,-3.74346e-12,28.9234
238,7,zone_3,glucose,r1032,-9.07105,4.11793e-12,4.8824
238,7,zone_3,oxygen,r0855,-19.6601,-3.74346e-12,28.9234
240,8,zone_3,glucose,r1032,-9.07088,4.11793e-12,4.88142
240,8,zone_3,oxygen,r0855,-19.6578,-3.74346e-12,28.7259
240,0,zone_1,glucose,r1032,-9.07088,4.11793e-12,4.88142
240,0,zone_1,oxygen,r0855,-19.6858,-3.74346e-12,31.3319
240,8,zone_3,glucose,r1032,-9.07088,4.11793e-12,4.88142
240,8,zone_3,oxygen,r0855,-19.6578,-3.74346e-12,28.7259
240,0,zone_1,glucose,r1032,-9.07088,4.11793e-12,4.88142
240,0,zone_1,oxygen,r0855,-19.6858,-3.74346e-12,31.3319
240,4,zone_2,glucose,r1032,-9.07088,4.11793e-12,4.88142
240,4,zone_2,oxygen,r0855,-19.6818,-3.74346e-12,30.922
240,4,zone_2,glucose,r1032,-9.07088,4.11793e-12,4.88142
240,4,zone_2,oxygen,r0855,-19.6818,-3.74346e-12,30.922
240,5,zone_2,glucose,r1032,-9.07088,4.11793e-12,4.88142
240,5,zone_2,oxygen,r0855,-19.6814,-3.74346e-12,30.8901
240,1,zone_1,glucose,r1032,-9.07088,4.11793e-12,4.88142
240,1,zone_1,oxygen,r0855,-19.6858,-3.74346e-12,31.3319
240,5,zone_2,glucose,r1032,-9.07088,4.11793e-12,4.88142
240,5,zone_2,oxygen,r0855,-19.6814,-3.74346e-12,30.8901
240,1,zone_1,glucose,r1032,-9.07088,4.11793e-12,4.88142
240,1,zone_1,oxygen,r0855,-19.6858,-3.74346e-12,31.3319
240,2,zone_1,glucose,r1032,-9.07088,4.11793e-12,4.88142
240,2,zone_1,oxygen,r0855,-19.6856,-3.74346e-12,31.3019
240,2,zone_1,glucose,r1032,-9.07088,4.11793e-12,4.88142
240,2,zone_1,oxygen,r0855,-19.6856,-3.74346e-12,31.3019
240,6,zone_3,glucose,r1032,-9.07088,4.11793e-12,4.88142
240,6,zone_3,oxygen,r0855,-19.6612,-3.74346e-12,29.0184
240,6,zone_3,glucose,r1032,-9.07088,4.11793e-12,4.88142
240,6,zone_3,oxygen,r0855,-19.6612,-3.74346e-12,29.0184
240,3,zone_2,glucose,r1032,-9.07088,4.11793e-12,4.88142
240,3,zone_2,oxygen,r0855,-19.6821,-3.74346e-12,30.9613
240,3,zone_2,glucose,r1032,-9.07088,4.11793e-12,4.88142
240,3,zone_2,oxygen,r0855,-19.6821,-3.74346e-12,30.9613
240,7,zone_3,glucose,r1032,-9.07088,4.11793e-12,4.88142
240,7,zone_3,oxygen,r0855,-19.6593,-3.74346e-12,28.8474
240,7,zone_3,glucose,r1032,-9.07088,4.11793e-12,4.88142
240,7,zone_3,oxygen,r0855,-19.6593,-3.74346e-12,28.8474
242,0,zone_1,glucose,r1032,-9.07071,4.11793e-12,4.88045
242,0,zone_1,oxygen,r0855,-19.6851,-3.74346e-12,31.2518
242,0,zone_1,glucose,r1032,-9.07071,4.11793e-12,4.88045
242,0,zone_1,oxygen,r0855,-19.6851,-3.74346e-12,31.2518
242,8,zone_3,glucose,r1032,-9.07071,4.11793e-12,4.88045
242,8,zone_3,oxygen,r0855,-19.657,-3.74346e-12,28.6506
242,4,zone_2,glucose,r1032,-9.07071,4.11793e-12,4.88045
242,4,zone_2,oxygen,r0855,-19.6809,-3.74346e-12,30.8422
242,8,zone_3,glucose,r1032,-9.07071,4.11793e-12,4.88045
242,8,zone_3,oxygen,r0855,-19.657,-3.74346e-12,28.6506
242,4,zone_2,glucose,r1032,-9.07071,4.11793e-12,4.88045
242,4,zone_2,oxygen,r0855,-19.6809,-3.74346e-12,30.8422
242,1,zone_1,glucose,r1032,-9.07071,4.11793e-12,4.88045
242,1,zone_1,oxygen,r0855,-19.6851,-3.74346e-12,31.2518
242,1,zone_1,glucose,r1032,-9.07071,4.11793e-12,4.88045
242,1,zone_1,oxygen,r0855,-19.6851,-3.74346e-12,31.2518
242,2,zone_1,glucose,r1032,-9.07071,4.11793e-12,4.88045
242,2,zone_1,oxygen,r0855,-19.6848,-3.74346e-12,31.2217
242,5,zone_2,glucose,r1032,-9.07071,4.11793e-12,4.88045
242,5,zone_2,oxygen,r0855,-19.6806,-3.74346e-12,30.8102
242,2,zone_1,glucose,r1032,-9.07071,4.11793e-12,4.88045
242,2,zone_1,oxygen,r0855,-19.6848,-3.74346e-12,31.2217
242,5,zone_2,glucose,r1032,-9.07071,4.11793e-12,4.88045
242,5,zone_2,oxygen,r0855,-19.6806,-3.74346e-12,30.8102
242,3,zone_2,glucose,r1032,-9.07071,4.11793e-12,4.88045
242,3,zone_2,oxygen,r0855,-19.6813,-3.74346e-12,30.8815
242,3,zone_2,glucose,r1032,-9.07071,4.11793e-12,4.88045
242,3,zone_2,oxygen,r0855,-19.6813,-3.74346e-12,30.8815
242,6,zone_3,glucose,r1032,-9.07071,4.11793e-12,4.88045
242,6,zone_3,oxygen,r0855,-19.6604,-3.74346e-12,28.9424
242,6,zone_3,glucose,r1032,-9.07071,4.11793e-12,4.88045
242,6,zone_3,oxygen,r0855,-19.6604,-3.74346e-12,28.9424
242,7,zone_3,glucose,r1032,-9.07071,4.11793e-12,4.88045
242,7,zone_3,oxygen,r0855,-19.6584,-3.74346e-12,28.7718
242,7,zone_3,glucose,r1032,-9.07071,4.11793e-12,4.88045
242,7,zone_3,oxygen,r0855,-19.6584,-3.74346e-12,28.7718
244,4,zone_2,glucose,r1032,-9.07054,4.11793e-12,4.87947
244,4,zone_2,oxygen,r0855,-19.6801,-3.74346e-12,30.7626
244,4,zone_2,glucose,r1032,-9.07054,4.11793e-12,4.87947
244,4,zone_2,oxygen,r0855,-19.6801,-3.74346e-12,30.7626
244,0,zone_1,glucose,r1032,-9.07054,4.11793e-12,4.87947
244,0,zone_1,oxygen,r0855,-19.6843,-3.74346e-12,31.172
244,0,zone_1,glucose,r1032,-9.07054,4.11793e-12,4.87947
244,0,zone_1,oxygen,r0855,-19.6843,-3.74346e-12,31.172
244,8,zone_3,glucose,r1032,-9.07054,4.11793e-12,4.87947
244,8,zone_3,oxygen,r0855,-19.6561,-3.74346e-12,28.5756
244,8,zone_3,glucose,r1032,-9.07054,4.11793e-12,4.87947
244,8,zone_3,oxygen,r0855,-19.6561,-3.74346e-12,28.5756
244,1,zone_1,glucose,r1032,-9.07054,4.11793e-12,4.87947
244,1,zone_1,oxygen,r0855,-19.6843,-3.74346e-12,31.172
244,1,zone_1,glucose,r1032,-9.07054,4.11793e-12,4.87947
244,1,zone_1,oxygen,r0855,-19.6843,-3.74346e-12,31.172
244,5,zone_2,glucose,r1032,-9.07054,4.11793e-12,4.87947
244,5,zone_2,oxygen,r0855,-19.6798,-3.74346e-12,30.7306
244,5,zone_2,glucose,r1032,-9.07054,4.11793e-12,4.87947
244,5,zone_2,oxygen,r0855,-19.6798,-3.74346e-12,30.7306
244,2,zone_1,glucose,r1032,-9.07054,4.11793e-12,4.87947
244,2,zone_1,oxygen,r0855,-19.684,-3.74346e-12,31.1418
244,2,zone_1,glucose,r1032,-9.07054,4.11793e-12,4.87947
244,2,zone_1,oxygen,r0855,-19.684,-3.74346e-12,31.1418
244,6,zone_3,glucose,r1032,-9.07054,4.11793e-12,4.87947
244,6,zone_3,oxygen,r0855,-19.6595,-3.74346e-12,28.8667
244,6,zone_3,glucose,r1032,-9.07054,4.11793e-12,4.87947
244,6,zone_3,oxygen,r0855,-19.6595,-3.74346e-12,28.8667
244,3,zone_2,glucose,r1032,-9.07054,4.11793e-12,4.87947
244,3,zone_2,oxygen,r0855,-19.6805,-3.74346e-12,30.8019
244,3,zone_2,glucose,r1032,-9.07054,4.11793e-12,4.87947
244,3,zone_2,oxygen,r0855,-19.6805,-3.74346e-12,30.8019
244,7,zone_3,glucose,r1032,-9.07054,4.11793e-12,4.87947
244,7,zone_3,oxygen,r0855,-19.6575,-3.74346e-12,28.6965
244,7,zone_3,glucose,r1032,-9.07054,4.11793e-12,4.87947
244,7,zone_3,oxygen,r0855,-19.6575,-3.74346e-12,28.6965
246,0,zone_1,glucose,r1032,-9.07037,4.11793e-12,4.8785
246,0,zone_1,oxygen,r0855,-19.6835,-3.74346e-12,31.0926
246,0,zone_1,glucose,r1032,-9.07037,4.11793e-12,4.8785
246,0,zone_1,oxygen,r0855,-19.6835,-3.74346e-12,31.0926
246,8,zone_3,glucose,r1032,-9.07037,4.11793e-12,4.8785
246,8,zone_3,oxygen,r0855,-19.6552,-3.74346e-12,28.5009
246,8,zone_3,glucose,r1032,-9.07037,4.11793e-12,4.8785
246,8,zone_3,oxygen,r0855,-19.6552,-3.74346e-12,28.5009
246,4,zone_2,glucose,r1032,-9.07037,4.11793e-12,4.8785
246,4,zone_2,oxygen,r0855,-19.6793,-3.74346e-12,30.6834
246,4,zone_2,glucose,r1032,-9.07037,4.11793e-12,4.8785
246,4,zone_2,oxygen,r0855,-19.6793,-3.74346e-12,30.6834
246,1,zone_1,glucose,r1032,-9.07037,4.11793e-12,4.8785
246,1,zone_1,oxygen,r0855,-19.6835,-3.74346e-12,31.0926
246,1,zone_1,glucose,r1032,-9.07037,4.11793e-12,4.8785
246,1,zone_1,oxygen,r0855,-19.6835,-3.74346e-12,31.0926
246,2,zone_1,glucose,r1032,-9.07037,4.11793e-12,4.8785
246,2,zone_1,oxygen,r0855,-19.6832,-3.74346e-12,31.0622
246,2,zone_1,glucose,r1032,-9.07037,4.11793e-12,4.8785
246,2,zone_1,oxygen,r0855,-19.6832,-3.74346e-12,31.0622
246,5,zone_2,glucose,r1032,-9.07037,4.11793e-12,4.8785
246,5,zone_2,oxygen,r0855,-19.679,-3.74346e-12,30.6514
246,5,zone_2,glucose,r1032,-9.07037,4.11793e-12,4.8785
246,5,zone_2,oxygen,r0855,-19.679,-3.74346e-12,30.6514
246,3,zone_2,glucose,r1032,-9.07037,4.11793e-12,4.8785
246,3,zone_2,oxygen,r0855,-19.6797,-3.74346e-12,30.7227
246,3,zone_2,glucose,r1032,-9.07037,4.11793e-12,4.8785
246,3,zone_2,oxygen,r0855,-19.6797,-3.74346e-12,30.7227
246,6,zone_3,glucose,r1032,-9.07037,4.11793e-12,4.8785
246,6,zone_3,oxygen,r0855,-19.6586,-3.74346e-12,28.7913
246,6,zone_3,glucose,r1032,-9.07037,4.11793e-12,4.8785
246,6,zone_3,oxygen,r0855,-19.6586,-3.74346e-12,28.7913
246,7,zone_3,glucose,r1032,-9.07037,4.11793e-12,4.8785
246,7,zone_3,oxygen,r0855,-19.6566,-3.74346e-12,28.6215
246,7,zone_3,glucose,r1032,-9.07037,4.11793e-12,4.8785
246,7,zone_3,oxygen,r0855,-19.6566,-3.74346e-12,28.6215
248,0,zone_1,glucose,r1032,-9.0702,4.11793e-12,4.87752
248,0,zone_1,oxygen,r0855,-19.6827,-3.74346e-12,31.0135
248,0,zone_1,glucose,r1032,-9.0702,4.11793e-12,4.87752
248,0,zone_1,oxygen,r0855,-19.6827,-3.74346e-12,31.0135
248,8,zone_3,glucose,r1032,-9.0702,4.11793e-12,4.87752
248,8,zone_3,oxygen,r0855,-19.6543,-3.74346e-12,28.4265
248,8,zone_3,glucose,r1032,-9.0702,4.11793e-12,4.87752
248,8,zone_3,oxygen,r0855,-19.6543,-3.74346e-12,28.4265
248,4,zone_2,glucose,r1032,-9.0702,4.11793e-12,4.87752
248,4,zone_2,oxygen,r0855,-19.6785,-3.74346e-12,30.6045
248,4,zone_2,glucose,r1032,-9.0702,4.11793e-12,4.87752
248,4,zone_2,oxygen,r0855,-19.6785,-3.74346e-12,30.6045
248,1,zone_1,glucose,r1032,-9.0702,4.11793e-12,4.87752
248,1,zone_1,oxygen,r0855,-19.6827,-3.74346e-12,31.0135
248,1,zone_1,glucose,r1032,-9.0702,4.11793e-12,4.87752
248,1,zone_1,oxygen,r0855,-19.6827,-3.74346e-12,31.0135
248,5,zone_2,glucose,r1032,-9.0702,4.11793e-12,4.87752
248,5,zone_2,oxygen,r0855,-19.6782,-3.74346e-12,30.5725
248,2,zone_1,glucose,r1032,-9.0702,4.11793e-12,4.87752
248,2,zone_1,oxygen,r0855,-19.6824,-3.74346e-12,30.983
248,2,zone_1,glucose,r1032,-9.0702,4.11793e-12,4.87752
248,2,zone_1,oxygen,r0855,-19.6824,-3.74346e-12,30.983
248,5,zone_2,glucose,r1032,-9.0702,4.11793e-12,4.87752
248,5,zone_2,oxygen,r0855,-19.6782,-3.74346e-12,30.5725
248,6,zone_3,glucose,r1032,-9.0702,4.11793e-12,4.87752
248,6,zone_3,oxygen,r0855,-19.6577,-3.74346e-12,28.7162
248,6,zone_3,glucose,r1032,-9.0702,4.11793e-12,4.87752
248,6,zone_3,oxygen,r0855,-19.6577,-3.74346e-12,28.7162
248,3,zone_2,glucose,r1032,-9.0702,4.11793e-12,4.87752
248,3,zone_2,oxygen,r0855,-19.6789,-3.74346e-12,30.6438
248,3,zone_2,glucose,r1032,-9.0702,4.11793e-12,4.87752
248,3,zone_2,oxygen,r0855,-19.6789,-3.74346e-12,30.6438
248,7,zone_3,glucose,r1032,-9.0702,4.11793e-12,4.87752
248,7,zone_3,oxygen,r0855,-19.6557,-3.74346e-12,28.5469
248,7,zone_3,glucose,r1032,-9.0702,4.11793e-12,4.87752
248,7,zone_3,oxygen,r0855,-19.6557,-3.74346e-12,28.5469
250,4,zone_2,glucose,r1032,-9.07003,4.11793e-12,4.87654
250,4,zone_2,oxygen,r0855,-19.6777,-3.74346e-12,30.5259
250,4,zone_2,glucose,r1032,-9.07003,4.11793e-12,4.87654
250,4,zone_2,oxygen,r0855,-19.6777,-3.74346e-12,30.5259
250,8,zone_3,glucose,r1032,-9.07003,4.11793e-12,4.87654
250,8,zone_3,oxygen,r0855,-19.6534,-3.74346e-12,28.3525
250,8,zone_3,glucose,r1032,-9.07003,4.11793e-12,4.87654
250,8,zone_3,oxygen,r0855,-19.6534,-3.74346e-12,28.3525
250,0,zone_1,glucose,r1032,-9.07003,4.11793e-12,4.87654
250,0,zone_1,oxygen,r0855,-19.6819,-3.74346e-12,30.9347
250,0,zone_1,glucose,r1032,-9.07003,4.11793e-12,4.87654
250,0,zone_1,oxygen,r0855,-19.6819,-3.74346e-12,30.9347
250,1,zone_1,glucose,r1032,-9.07003,4.11793e-12,4.87654
250,1,zone_1,oxygen,r0855,-19.6819,-3.74346e-12,30.9347
250,1,zone_1,glucose,r1032,-9.07003,4.11793e-12,4.87654
250,1,zone_1,oxygen,r0855,-19.6819,-3.74346e-12,30.9347
250,5,zone_2,glucose,r1032,-9.07003,4.11793e-12,4.87654
250,5,zone_2,oxygen,r0855,-19.6774,-3.74346e-12,30.494
250,5,zone_2,glucose,r1032,-9.07003,4.11793e-12,4.87654
250,5,zone_2,oxygen,r0855,-19.6774,-3.74346e-12,30.494
250,2,zone_1,glucose,r1032,-9.07003,4.11793e-12,4.87654
250,2,zone_1,oxygen,r0855,-19.6816,-3.74346e-12,30.9042
250,2,zone_1,glucose,r1032,-9.07003,4.11793e-12,4.87654
250,2,zone_1,oxygen,r0855,-19.6816,-3.74346e-12,30.9042
250,6,zone_3,glucose,r1032,-9.07003,4.11793e-12,4.87654
250,6,zone_3,oxygen,r0855,-19.6568,-3.74346e-12,28.6414
250,6,zone_3,glucose,r1032,-9.07003,4.11793e-12,4.87654
250,6,zone_3,oxygen,r0855,-19.6568,-3.74346e-12,28.6414
250,3,zone_2,glucose,r1032,-9.07003,4.11793e-12,4.87654
250,3,zone_2,oxygen,r0855,-19.6781,-3.74346e-12,30.5653
250,3,zone_2,glucose,r1032,-9.07003,4.11793e-12,4.87654
250,3,zone_2,oxygen,r0855,-19.6781,-3.74346e-12,30.5653
250,7,zone_3,glucose,r1032,-9.07003,4.11793e-12,4.87654
250,7,zone_3,oxygen,r0855,-19.6548,-3.74346e-12,28.4725
250,7,zone_3,glucose,r1032,-9.07003,4.11793e-12,4.87654
250,7,zone_3,oxygen,r0855,-19.6548,-3.74346e-12,28.4725
252,0,zone_1,glucose,r1032,-9.06987,4.11793e-12,4.87557
252,0,zone_1,oxygen,r0855,-19.6811,-3.74346e-12,30.8563
252,0,zone_1,glucose,r1032,-9.06987,4.11793e-12,4.87557
252,0,zone_1,oxygen,r0855,-19.6811,-3.74346e-12,30.8563
252,8,zone_3,glucose,r1032,-9.06987,4.11793e-12,4.87557
252,8,zone_3,oxygen,r0855,-19.6525,-3.74346e-12,28.2787
252,8,zone_3,glucose,r1032,-9.06987,4.11793e-12,4.87557
252,8,zone_3,oxygen,r0855,-19.6525,-3.74346e-12,28.2787
252,4,zone_2,glucose,r1032,-9.06987,4.11793e-12,4.87557
252,4,zone_2,oxygen,r0855,-19.6769,-3.74346e-12,30.4477
252,4,zone_2,glucose,r1032,-9.06987,4.11793e-12,4.87557
252,4,zone_2,oxygen,r0855,-19.6769,-3.74346e-12,30.4477
252,1,zone_1,glucose,r1032,-9.06987,4.11793e-12,4.87557
252,1,zone_1,oxygen,r0855,-19.6811,-3.74346e-12,30.8563
252,1,zone_1,glucose,r1032,-9.06987,4.11793e-12,4.87557
252,1,zone_1,oxygen,r0855,-19.6811,-3.74346e-12,30.8563
252,5,zone_2,glucose,r1032,-9.06987,4.11793e-12,4.87557
252,5,zone_2,oxygen,r0855,-19.6765,-3.74346e-12,30.4157
252,5,zone_2,glucose,r1032,-9.06987,4.11793e-12,4.87557
252,5,zone_2,oxygen,r0855,-19.6765,-3.74346e-12,30.4157
252,2,zone_1,glucose,r1032,-9.06987,4.11793e-12,4.87557
252,2,zone_1,oxygen,r0855,-19.6808,-3.74346e-12,30.8256
252,2,zone_1,glucose,r1032,-9.06987,4.11793e-12,4.87557
252,2,zone_1,oxygen,r0855,-19.6808,-3.74346e-12,30.8256
252,3,zone_2,glucose,r1032,-9.06987,4.11793e-12,4.87557
252,3,zone_2,oxygen,r0855,-19.6773,-3.74346e-12,30.4871
252,3,zone_2,glucose,r1032,-9.06987,4.11793e-12,4.87557
252,3,zone_2,oxygen,r0855,-19.6773,-3.74346e-12,30.4871
252,6,zone_3,glucose,r1032,-9.06987,4.11793e-12,4.87557
252,6,zone_3,oxygen,r0855,-19.656,-3.74346e-12,28.567
252,6,zone_3,glucose,r1032,-9.06987,4.11793e-12,4.87557
252,6,zone_3,oxygen,r0855,-19.656,-3.74346e-12,28.567
252,7,zone_3,glucose,r1032,-9.06987,4.11793e-12,4.87557
252,7,zone_3,oxygen,r0855,-19.654,-3.74346e-12,28.3984
252,7,zone_3,glucose,r1032,-9.06987,4.11793e-12,4.87557
252,7,zone_3,oxygen,r0855,-19.654,-3.74346e-12,28.3984
254,0,zone_1,glucose,r1032,-9.0697,4.11793e-12,4.87459
254,0,zone_1,oxygen,r0855,-19.6803,-3.74346e-12,30.7782
254,0,zone_1,glucose,r1032,-9.0697,4.11793e-12,4.87459
254,0,zone_1,oxygen,r0855,-19.6803,-3.74346e-12,30.7782
254,8,zone_3,glucose,r1032,-9.0697,4.11793e-12,4.87459
254,8,zone_3,oxygen,r0855,-19.6516,-3.74346e-12,28.2053
254,8,zone_3,glucose,r1032,-9.0697,4.11793e-12,4.87459
254,8,zone_3,oxygen,r0855,-19.6516,-3.74346e-12,28.2053
254,4,zone_2,glucose,r1032,-9.0697,4.11793e-12,4.87459
254,4,zone_2,oxygen,r0855,-19.6761,-3.74346e-12,30.3698
254,4,zone_2,glucose,r1032,-9.0697,4.11793e-12,4.87459
254,4,zone_2,oxygen,r0855,-19.6761,-3.74346e-12,30.3698
254,1,zone_1,glucose,r1032,-9.0697,4.11793e-12,4.87459
254,1,zone_1,oxygen,r0855,-19.6803,-3.74346e-12,30.7782
254,1,zone_1,glucose,r1032,-9.0697,4.11793e-12,4.87459
254,1,zone_1,oxygen,r0855,-19.6803,-3.74346e-12,30.7782
254,5,zone_2,glucose,r1032,-9.0697,4.11793e-12,4.87459
254,5,zone_2,oxygen,r0855,-19.6757,-3.74346e-12,30.3378
254,5,zone_2,glucose,r1032,-9.0697,4.11793e-12,4.87459
254,5,zone_2,oxygen,r0855,-19.6757,-3.74346e-12,30.3378
254,2,zone_1,glucose,r1032,-9.0697,4.11793e-12,4.87459
254,2,zone_1,oxygen,r0855,-19.68,-3.74346e-12,30.7474
254,2,zone_1,glucose,r1032,-9.0697,4.11793e-12,4.87459
254,2,zone_1,oxygen,r0855,-19.68,-3.74346e-12,30.7474
254,6,zone_3,glucose,r1032,-9.0697,4.11793e-12,4.87459
254,6,zone_3,oxygen,r0855,-19.6551,-3.74346e-12,28.4928
254,6,zone_3,glucose,r1032,-9.0697,4.11793e-12,4.87459
254,6,zone_3,oxygen,r0855,-19.6551,-3.74346e-12,28.4928
254,3,zone_2,glucose,r1032,-9.0697,4.11793e-12,4.87459
254,3,zone_2,oxygen,r0855,-19.6765,-3.74346e-12,30.4092
254,3,zone_2,glucose,r1032,-9.0697,4.11793e-12,4.87459
254,3,zone_2,oxygen,r0855,-19.6765,-3.74346e-12,30.4092
254,7,zone_3,glucose,r1032,-9.0697,4.11793e-12,4.87459
254,7,zone_3,oxygen,r0855,-19.6531,-3.74346e-12,28.3247
254,7,zone_3,glucose,r1032,-9.0697,4.11793e-12,4.87459
254,7,zone_3,oxygen,r0855,-19.6531,-3.74346e-12,28.3247
256,4,zone_2,glucose,r1032,-9.06953,4.11793e-12,4.87362
256,4,zone_2,oxygen,r0855,-19.6752,-3.74346e-12,30.2923
256,4,zone_2,glucose,r1032,-9.06953,4.11793e-12,4.87362
256,4,zone_2,oxygen,r0855,-19.6752,-3.74346e-12,30.2923
256,0,zone_1,glucose,r1032,-9.06953,4.11793e-12,4.87362
256,0,zone_1,oxygen,r0855,-19.6795,-3.74346e-12,30.7004
256,0,zone_1,glucose,r1032,-9.06953,4.11793e-12,4.87362
256,0,zone_1,oxygen,r0855,-19.6795,-3.74346e-12,30.7004
256,8,zone_3,glucose,r1032,-9.06953,4.11793e-12,4.87362
256,8,zone_3,oxygen,r0855,-19.6507,-3.74346e-12,28.1321
256,8,zone_3,glucose,r1032,-9.06953,4.11793e-12,4.87362
256,8,zone_3,oxygen,r0855,-19.6507,-3.74346e-12,28.1321
256,1,zone_1,glucose,r1032,-9.06953,4.11793e-12,4.87362
256,1,zone_1,oxygen,r0855,-19.6795,-3.74346e-12,30.7004
256,1,zone_1,glucose,r1032,-9.06953,4.11793e-12,4.87362
256,1,zone_1,oxygen,r0855,-19.6795,-3.74346e-12,30.7004
256,5,zone_2,glucose,r1032,-9.06953,4.11793e-12,4.87362
256,5,zone_2,oxygen,r0855,-19.6749,-3.74346e-12,30.2603
256,5,zone_2,glucose,r1032,-9.06953,4.11793e-12,4.87362
256,5,zone_2,oxygen,r0855,-19.6749,-3.74346e-12,30.2603
256,2,zone_1,glucose,r1032,-9.06953,4.11793e-12,4.87362
256,2,zone_1,oxygen,r0855,-19.6792,-3.74346e-12,30.6695
256,2,zone_1,glucose,r1032,-9.06953,4.11793e-12,4.87362
256,2,zone_1,oxygen,r0855,-19.6792,-3.74346e-12,30.6695
256,6,zone_3,glucose,r1032,-9.06953,4.11793e-12,4.87362
256,6,zone_3,oxygen,r0855,-19.6542,-3.74346e-12,28.419
256,6,zone_3,glucose,r1032,-9.06953,4.11793e-12,4.87362
256,6,zone_3,oxygen,r0855,-19.6542,-3.74346e-12,28.419
256,3,zone_2,glucose,r1032,-9.06953,4.11793e-12,4.87362
256,3,zone_2,oxygen,r0855,-19.6757,-3.74346e-12,30.3317
256,3,zone_2,glucose,r1032,-9.06953,4.11793e-12,4.87362
256,3,zone_2,oxygen,r0855,-19.6757,-3.74346e-12,30.3317
256,7,zone_3,glucose,r1032,-9.06953,4.11793e-12,4.87362
256,7,zone_3,oxygen,r0855,-19.6522,-3.74346e-12,28.2513
256,7,zone_3,glucose,r1032,-9.06953,4.11793e-12,4.87362
256,7,zone_3,oxygen,r0855,-19.6522,-3.74346e-12,28.2513
258,8,zone_3,glucose,r1032,-9.06936,4.11793e-12,4.87265
258,8,zone_3,oxygen,r0855,-19.6499,-3.74346e-12,28.0593
258,8,zone_3,glucose,r1032,-9.06936,4.11793e-12,4.87265
258,8,zone_3,oxygen,r0855,-19.6499,-3.74346e-12,28.0593
258,0,zone_1,glucose,r1032,-9.06936,4.11793e-12,4.87265
258,0,zone_1,oxygen,r0855,-19.6787,-3.74346e-12,30.6229
258,0,zone_1,glucose,r1032,-9.06936,4.11793e-12,4.87265
258,0,zone_1,oxygen,r0855,-19.6787,-3.74346e-12,30.6229
258,4,zone_2,glucose,r1032,-9.06936,4.11793e-12,4.87265
258,4,zone_2,oxygen,r0855,-19.6744,-3.74346e-12,30.215
258,4,zone_2,glucose,r1032,-9.06936,4.11793e-12,4.87265
258,4,zone_2,oxygen,r0855,-19.6744,-3.74346e-12,30.215
258,1,zone_1,glucose,r1032,-9.06936,4.11793e-12,4.87265
258,1,zone_1,oxygen,r0855,-19.6787,-3.74346e-12,30.6229
258,1,zone_1,glucose,r1032,-9.06936,4.11793e-12,4.87265
258,1,zone_1,oxygen,r0855,-19.6787,-3.74346e-12,30.6229
258,5,zone_2,glucose,r1032,-9.06936,4.11793e-12,4.87265
258,5,zone_2,oxygen,r0855,-19.6741,-3.74346e-12,30.183
258,5,zone_2,glucose,r1032,-9.06936,4.11793e-12,4.87265
258,5,zone_2,oxygen,r0855,-19.6741,-3.74346e-12,30.183
258,2,zone_1,glucose,r1032,-9.06936,4.11793e-12,4.87265
258,2,zone_1,oxygen,r0855,-19.6784,-3.74346e-12,30.592
258,2,zone_1,glucose,r1032,-9.06936,4.11793e-12,4.87265
258,2,zone_1,oxygen,r0855,-19.6784,-3.74346e-12,30.592
258,6,zone_3,glucose,r1032,-9.06936,4.11793e-12,4.87265
258,6,zone_3,oxygen,r0855,-19.6533,-3.74346e-12,28.3455
258,6,zone_3,glucose,r1032,-9.06936,4.11793e-12,4.87265
258,6,zone_3,oxygen,r0855,-19.6533,-3.74346e-12,28.3455
258,3,zone_2,glucose,r1032,-9.06936,4.11793e-12,4.87265
258,3,zone_2,oxygen,r0855,-19.6748,-3.74346e-12,30.2544
258,3,zone_2,glucose,r1032,-9.06936,4.11793e-12,4.87265
258,3,zone_2,oxygen,r0855,-19.6748,-3.74346e-12,30.2544
258,7,zone_3,glucose,r1032,-9.06936,4.11793e-12,4.87265
258,7,zone_3,oxygen,r0855,-19.6513,-3.74346e-12,28.1782
258,7,zone_3,glucose,r1032,-9.06936,4.11793e-12,4.87265
258,7,zone_3,oxygen,r0855,-19.6513,-3.74346e-12,28.1782
260,0,zone_1,glucose,r1032,-9.06919,4.11793e-12,4.87167
260,0,zone_1,oxygen,r0855,-19.6779,-3.74346e-12,30.5458
260,0,zone_1,glucose,r1032,-9.06919,4.11793e-12,4.87167
260,0,zone_1,oxygen,r0855,-19.6779,-3.74346e-12,30.5458
260,4,zone_2,glucose,r1032,-9.06919,4.11793e-12,4.87167
260,4,zone_2,oxygen,r0855,-19.6736,-3.74346e-12,30.1381
260,4,zone_2,glucose,r1032,-9.06919,4.11793e-12,4.87167
260,4,zone_2,oxygen,r0855,-19.6736,-3.74346e-12,30.1381
260,8,zone_3,glucose,r1032,-9.06919,4.11793e-12,4.87167
260,8,zone_3,oxygen,r0855,-19.649,-3.74346e-12,27.9868
260,8,zone_3,glucose,r1032,-9.06919,4.11793e-12,4.87167
260,8,zone_3,oxygen,r0855,-19.649,-3.74346e-12,27.9868
260,1,zone_1,glucose,r1032,-9.06919,4.11793e-12,4.87167
260,1,zone_1,oxygen,r0855,-19.6779,-3.74346e-12,30.5458
260,1,zone_1,glucose,r1032,-9.06919,4.11793e-12,4.87167
260,1,zone_1,oxygen,r0855,-19.6779,-3.74346e-12,30.5458
260,5,zone_2,glucose,r1032,-9.06919,4.11793e-12,4.87167
260,5,zone_2,oxygen,r0855,-19.6733,-3.74346e-12,30.1061
260,5,zone_2,glucose,r1032,-9.06919,4.11793e-12,4.87167
260,5,zone_2,oxygen,r0855,-19.6733,-3.74346e-12,30.1061
260,2,zone_1,glucose,r1032,-9.06919,4.11793e-12,4.87167
260,2,zone_1,oxygen,r0855,-19.6776,-3.74346e-12,30.5147
260,2,zone_1,glucose,r1032,-9.06919,4.11793e-12,4.87167
260,2,zone_1,oxygen,r0855,-19.6776,-3.74346e-12,30.5147
260,6,zone_3,glucose,r1032,-9.06919,4.11793e-12,4.87167
260,6,zone_3,oxygen,r0855,-19.6524,-3.74346e-12,28.2723
260,6,zone_3,glucose,r1032,-9.06919,4.11793e-12,4.87167
260,6,zone_3,oxygen,r0855,-19.6524,-3.74346e-12,28.2723
260,3,zone_2,glucose,r1032,-9.06919,4.11793e-12,4.87167
260,3,zone_2,oxygen,r0855,-19.674,-3.74346e-12,30.1775
260,3,zone_2,glucose,r1032,-9.06919,4.11793e-12,4.87167
260,3,zone_2,oxygen,r0855,-19.674,-3.74346e-12,30.1775
260,7,zone_3,glucose,r1032,-9.06919,4.11793e-12,4.87167
260,7,zone_3,oxygen,r0855,-19.6504,-3.74346e-12,28.1054
260,7,zone_3,glucose,r1032,-9.06919,4.11793e-12,4.87167
260,7,zone_3,oxygen,r0855,-19.6504,-3.74346e-12,28.1054
262,0,zone_1,glucose,r1032,-9.06902,4.11793e-12,4.8707
262,0,zone_1,oxygen,r0855,-19.6771,-3.74346e-12,30.469
262,0,zone_1,glucose,r1032,-9.06902,4.11793e-12,4.8707
262,0,zone_1,oxygen,r0855,-19.6771,-3.74346e-12,30.469
262,8,zone_3,glucose,r1032,-9.06902,4.11793e-12,4.8707
262,8,zone_3,oxygen,r0855,-19.6481,-3.74346e-12,27.9146
262,8,zone_3,glucose,r1032,-9.06902,4.11793e-12,4.8707
262,8,zone_3,oxygen,r0855,-19.6481,-3.74346e-12,27.9146
262,4,zone_2,glucose,r1032,-9.06902,4.11793e-12,4.8707
262,4,zone_2,oxygen,r0855,-19.6728,-3.74346e-12,30.0615
262,4,zone_2,glucose,r1032,-9.06902,4.11793e-12,4.8707
262,4,zone_2,oxygen,r0855,-19.6728,-3.74346e-12,30.0615
262,1,zone_1,glucose,r1032,-9.06902,4.11793e-12,4.8707
262,1,zone_1,oxygen,r0855,-19.6771,-3.74346e-12,30.469
262,1,zone_1,glucose,r1032,-9.06902,4.11793e-12,4.8707
262,1,zone_1,oxygen,r0855,-19.6771,-3.74346e-12,30.469
262,5,zone_2,glucose,r1032,-9.06902,4.11793e-12,4.8707
262,5,zone_2,oxygen,r0855,-19.6724,-3.74346e-12,30.0295
262,5,zone_2,glucose,r1032,-9.06902,4.11793e-12,4.8707
262,5,zone_2,oxygen,r0855,-19.6724,-3.74346e-12,30.0295
262,2,zone_1,glucose,r1032,-9.06902,4.11793e-12,4.8707
262,2,zone_1,oxygen,r0855,-19.6768,-3.74346e-12,30.4378
262,2,zone_1,glucose,r1032,-9.06902,4.11793e-12,4.8707
262,2,zone_1,oxygen,r0855,-19.6768,-3.74346e-12,30.4378
262,6,zone_3,glucose,r1032,-9.06902,4.11793e-12,4.8707
262,6,zone_3,oxygen,r0855,-19.6516,-3.74346e-12,28.1994
262,6,zone_3,glucose,r1032,-9.06902,4.11793e-12,4.8707
262,6,zone_3,oxygen,r0855,-19.6516,-3.74346e-12,28.1994
262,3,zone_2,glucose,r1032,-9.06902,4.11793e-12,4.8707
262,3,zone_2,oxygen,r0855,-19.6732,-3.74346e-12,30.101
262,3,zone_2,glucose,r1032,-9.06902,4.11793e-12,4.8707
262,3,zone_2,oxygen,r0855,-19.6732,-3.74346e-12,30.101
262,7,zone_3,glucose,r1032,-9.06902,4.11793e-12,4.8707
262,7,zone_3,oxygen,r0855,-19.6495,-3.74346e-12,28.0329
262,7,zone_3,glucose,r1032,-9.06902,4.11793e-12,4.8707
262,7,zone_3,oxygen,r0855,-19.6495,-3.74346e-12,28.0329
264,8,zone_3,glucose,r1032,-9.06885,4.11793e-12,4.86972
264,8,zone_3,oxygen,r0855,-19.6472,-3.74346e-12,27.8427
264,8,zone_3,glucose,r1032,-9.06885,4.11793e-12,4.86972
264,8,zone_3,oxygen,r0855,-19.6472,-3.74346e-12,27.8427
264,0,zone_1,glucose,r1032,-9.06885,4.11793e-12,4.86972
264,0,zone_1,oxygen,r0855,-19.6763,-3.74346e-12,30.3926
264,0,zone_1,glucose,r1032,-9.06885,4.11793e-12,4.86972
264,0,zone_1,oxygen,r0855,-19.6763,-3.74346e-12,30.3926
264,4,zone_2,glucose,r1032,-9.06885,4.11793e-12,4.86972
264,4,zone_2,oxygen,r0855,-19.672,-3.74346e-12,29.9853
264,4,zone_2,glucose,r1032,-9.06885,4.11793e-12,4.86972
264,4,zone_2,oxygen,r0855,-19.672,-3.74346e-12,29.9853
264,1,zone_1,glucose,r1032,-9.06885,4.11793e-12,4.86972
264,1,zone_1,oxygen,r0855,-19.6763,-3.74346e-12,30.3926
264,1,zone_1,glucose,r1032,-9.06885,4.11793e-12,4.86972
264,1,zone_1,oxygen,r0855,-19.6763,-3.74346e-12,30.3926
264,5,zone_2,glucose,r1032,-9.06885,4.11793e-12,4.86972
264,5,zone_2,oxygen,r0855,-19.6716,-3.74346e-12,29.9532
264,5,zone_2,glucose,r1032,-9.06885,4.11793e-12,4.86972
264,5,zone_2,oxygen,r0855,-19.6716,-3.74346e-12,29.9532
264,2,zone_1,glucose,r1032,-9.06885,4.11793e-12,4.86972
264,2,zone_1,oxygen,r0855,-19.676,-3.74346e-12,30.3613
264,2,zone_1,glucose,r1032,-9.06885,4.11793e-12,4.86972
264,2,zone_1,oxygen,r0855,-19.676,-3.74346e-12,30.3613
264,6,zone_3,glucose,r1032,-9.06885,4.11793e-12,4.86972
264,6,zone_3,oxygen,r0855,-19.6507,-3.74346e-12,28.1268
264,6,zone_3,glucose,r1032,-9.06885,4.11793e-12,4.86972
264,6,zone_3,oxygen,r0855,-19.6507,-3.74346e-12,28.1268
264,3,zone_2,glucose,r1032,-9.06885,4.11793e-12,4.86972
264,3,zone_2,oxygen,r0855,-19.6724,-3.74346e-12,30.0247
264,3,zone_2,glucose,r1032,-9.06885,4.11793e-12,4.86972
264,3,zone_2,oxygen,r0855,-19.6724,-3.74346e-12,30.0247
264,7,zone_3,glucose,r1032,-9.06885,4.11793e-12,4.86972
264,7,zone_3,oxygen,r0855,-19.6486,-3.74346e-12,27.9607
264,7,zone_3,glucose,r1032,-9.06885,4.11793e-12,4.86972
264,7,zone_3,oxygen,r0855,-19.6486,-3.74346e-12,27.9607
266,0,zone_1,glucose,r1032,-9.06868,4.11793e-12,4.86875
266,0,zone_1,oxygen,r0855,-19.6755,-3.74346e-12,30.3164
266,0,zone_1,glucose,r1032,-9.06868,4.11793e-12,4.86875
266,0,zone_1,oxygen,r0855,-19.6755,-3.74346e-12,30.3164
266,8,zone_3,glucose,r1032,-9.06868,4.11793e-12,4.86875
266,8,zone_3,oxygen,r0855,-19.6463,-3.74346e-12,27.7711
266,8,zone_3,glucose,r1032,-9.06868,4.11793e-12,4.86875
266,8,zone_3,oxygen,r0855,-19.6463,-3.74346e-12,27.7711
266,4,zone_2,glucose,r1032,-9.06868,4.11793e-12,4.86875
266,4,zone_2,oxygen,r0855,-19.6712,-3.74346e-12,29.9093
266,4,zone_2,glucose,r1032,-9.06868,4.11793e-12,4.86875
266,4,zone_2,oxygen,r0855,-19.6712,-3.74346e-12,29.9093
266,1,zone_1,glucose,r1032,-9.06868,4.11793e-12,4.86875
266,1,zone_1,oxygen,r0855,-19.6755,-3.74346e-12,30.3164
266,1,zone_1,glucose,r1032,-9.06868,4.11793e-12,4.86875
266,1,zone_1,oxygen,r0855,-19.6755,-3.74346e-12,30.3164
266,5,zone_2,glucose,r1032,-9.06868,4.11793e-12,4.86875
266,5,zone_2,oxygen,r0855,-19.6708,-3.74346e-12,29.8773
266,5,zone_2,glucose,r1032,-9.06868,4.11793e-12,4.86875
266,5,zone_2,oxygen,r0855,-19.6708,-3.74346e-12,29.8773
266,2,zone_1,glucose,r1032,-9.06868,4.11793e-12,4.86875
266,2,zone_1,oxygen,r0855,-19.6752,-3.74346e-12,30.285
266,2,zone_1,glucose,r1032,-9.06868,4.11793e-12,4.86875
266,2,zone_1,oxygen,r0855,-19.6752,-3.74346e-12,30.285
266,6,zone_3,glucose,r1032,-9.06868,4.11793e-12,4.86875
266,6,zone_3,oxygen,r0855,-19.6498,-3.74346e-12,28.0545
266,3,zone_2,glucose,r1032,-9.06868,4.11793e-12,4.86875
266,3,zone_2,oxygen,r0855,-19.6716,-3.74346e-12,29.9488
266,3,zone_2,glucose,r1032,-9.06868,4.11793e-12,4.86875
266,3,zone_2,oxygen,r0855,-19.6716,-3.74346e-12,29.9488
266,6,zone_3,glucose,r1032,-9.06868,4.11793e-12,4.86875
266,6,zone_3,oxygen,r0855,-19.6498,-3.74346e-12,28.0545
266,7,zone_3,glucose,r1032,-9.06868,4.11793e-12,4.86875
266,7,zone_3,oxygen,r0855,-19.6477,-3.74346e-12,27.8888
266,7,zone_3,glucose,r1032,-9.06868,4.11793e-12,4.86875
266,7,zone_3,oxygen,r0855,-19.6477,-3.74346e-12,27.8888
268,8,zone_3,glucose,r1032,-9.06852,4.11793e-12,4.86777
268,8,zone_3,oxygen,r0855,-19.6454,-3.74346e-12,27.6998
268,4,zone_2,glucose,r1032,-9.06852,4.11793e-12,4.86777
268,4,zone_2,oxygen,r0855,-19.6703,-3.74346e-12,29.8337
268,8,zone_3,glucose,r1032,-9.06852,4.11793e-12,4.86777
268,8,zone_3,oxygen,r0855,-19.6454,-3.74346e-12,27.6998
268,4,zone_2,glucose,r1032,-9.06852,4.11793e-12,4.86777
268,4,zone_2,oxygen,r0855,-19.6703,-3.74346e-12,29.8337
268,0,zone_1,glucose,r1032,-9.06852,4.11793e-12,4.86777
268,0,zone_1,oxygen,r0855,-19.6747,-3.74346e-12,30.2406
268,0,zone_1,glucose,r1032,-9.06852,4.11793e-12,4.86777
268,0,zone_1,oxygen,r0855,-19.6747,-3.74346e-12,30.2406
268,5,zone_2,glucose,r1032,-9.06852,4.11793e-12,4.86777
268,5,zone_2,oxygen,r0855,-19.67,-3.74346e-12,29.8017
268,5,zone_2,glucose,r1032,-9.06852,4.11793e-12,4.86777
268,5,zone_2,oxygen,r0855,-19.67,-3.74346e-12,29.8017
268,1,zone_1,glucose,r1032,-9.06852,4.11793e-12,4.86777
268,1,zone_1,oxygen,r0855,-19.6747,-3.74346e-12,30.2406
268,1,zone_1,glucose,r1032,-9.06852,4.11793e-12,4.86777
268,1,zone_1,oxygen,r0855,-19.6747,-3.74346e-12,30.2406
268,6,zone_3,glucose,r1032,-9.06852,4.11793e-12,4.86777
268,6,zone_3,oxygen,r0855,-19.6489,-3.74346e-12,27.9826
268,6,zone_3,glucose,r1032,-9.06852,4.11793e-12,4.86777
268,6,zone_3,oxygen,r0855,-19.6489,-3.74346e-12,27.9826
268,2,zone_1,glucose,r1032,-9.06852,4.11793e-12,4.86777
268,2,zone_1,oxygen,r0855,-19.6744,-3.74346e-12,30.2091
268,2,zone_1,glucose,r1032,-9.06852,4.11793e-12,4.86777
268,2,zone_1,oxygen,r0855,-19.6744,-3.74346e-12,30.2091
268,3,zone_2,glucose,r1032,-9.06852,4.11793e-12,4.86777
268,3,zone_2,oxygen,r0855,-19.6708,-3.74346e-12,29.8732
268,3,zone_2,glucose,r1032,-9.06852,4.11793e-12,4.86777
268,3,zone_2,oxygen,r0855,-19.6708,-3.74346e-12,29.8732
268,7,zone_3,glucose,r1032,-9.06852,4.11793e-12,4.86777
268,7,zone_3,oxygen,r0855,-19.6469,-3.74346e-12,27.8172
268,7,zone_3,glucose,r1032,-9.06852,4.11793e-12,4.86777
268,7,zone_3,oxygen,r0855,-19.6469,-3.74346e-12,27.8172
270,8,zone_3,glucose,r1032,-9.06835,4.11793e-12,4.8668
270,8,zone_3,oxygen,r0855,-19.6445,-3.74346e-12,27.6288
270,8,zone_3,glucose,r1032,-9.06835,4.11793e-12,4.8668
270,8,zone_3,oxygen,r0855,-19.6445,-3.74346e-12,27.6288
270,0,zone_1,glucose,r1032,-9.06835,4.11793e-12,4.8668
270,0,zone_1,oxygen,r0855,-19.6739,-3.74346e-12,30.1651
270,0,zone_1,glucose,r1032,-9.06835,4.11793e-12,4.8668
270,0,zone_1,oxygen,r0855,-19.6739,-3.74346e-12,30.1651
270,4,zone_2,glucose,r1032,-9.06835,4.11793e-12,4.8668
270,4,zone_2,oxygen,r0855,-19.6695,-3.74346e-12,29.7584
270,4,zone_2,glucose,r1032,-9.06835,4.11793e-12,4.8668
270,4,zone_2,oxygen,r0855,-19.6695,-3.74346e-12,29.7584
270,1,zone_1,glucose,r1032,-9.06835,4.11793e-12,4.8668
270,1,zone_1,oxygen,r0855,-19.6739,-3.74346e-12,30.1651
270,1,zone_1,glucose,r1032,-9.06835,4.11793e-12,4.8668
270,1,zone_1,oxygen,r0855,-19.6739,-3.74346e-12,30.1651
270,5,zone_2,glucose,r1032,-9.06835,4.11793e-12,4.8668
270,5,zone_2,oxygen,r0855,-19.6692,-3.74346e-12,29.7264
270,5,zone_2,glucose,r1032,-9.06835,4.11793e-12,4.8668
270,5,zone_2,oxygen,r0855,-19.6692,-3.74346e-12,29.7264
270,2,zone_1,glucose,r1032,-9.06835,4.11793e-12,4.8668
270,2,zone_1,oxygen,r0855,-19.6736,-3.74346e-12,30.1335
270,2,zone_1,glucose,r1032,-9.06835,4.11793e-12,4.8668
270,2,zone_1,oxygen,r0855,-19.6736,-3.74346e-12,30.1335
270,6,zone_3,glucose,r1032,-9.06835,4.11793e-12,4.8668
270,6,zone_3,oxygen,r0855,-19.648,-3.74346e-12,27.9109
270,6,zone_3,glucose,r1032,-9.06835,4.11793e-12,4.8668
270,6,zone_3,oxygen,r0855,-19.648,-3.74346e-12,27.9109
270,3,zone_2,glucose,r1032,-9.06835,4.11793e-12,4.8668
270,3,zone_2,oxygen,r0855,-19.6699,-3.74346e-12,29.7979
270,3,zone_2,glucose,r1032,-9.06835,4.11793e-12,4.8668
270,3,zone_2,oxygen,r0855,-19.6699,-3.74346e-12,29.7979
270,7,zone_3,glucose,r1032,-9.06835,4.11793e-12,4.8668
270,7,zone_3,oxygen,r0855,-19.646,-3.74346e-12,27.746
270,7,zone_3,glucose,r1032,-9.06835,4.11793e-12,4.8668
270,7,zone_3,oxygen,r0855,-19.646,-3.74346e-12,27.746
272,8,zone_3,glucose,r1032,-9.06818,4.11793e-12,4.86583
272,8,zone_3,oxygen,r0855,-19.6436,-3.74346e-12,27.5581
272,8,zone_3,glucose,r1032,-9.06818,4.11793e-12,4.86583
272,8,zone_3,oxygen,r0855,-19.6436,-3.74346e-12,27.5581
272,0,zone_1,glucose,r1032,-9.06818,4.11793e-12,4.86583
272,0,zone_1,oxygen,r0855,-19.6731,-3.74346e-12,30.0899
272,0,zone_1,glucose,r1032,-9.06818,4.11793e-12,4.86583
272,0,zone_1,oxygen,r0855,-19.6731,-3.74346e-12,30.0899
272,4,zone_2,glucose,r1032,-9.06818,4.11793e-12,4.86583
272,4,zone_2,oxygen,r0855,-19.6687,-3.74346e-12,29.6835
272,4,zone_2,glucose,r1032,-9.06818,4.11793e-12,4.86583
272,4,zone_2,oxygen,r0855,-19.6687,-3.74346e-12,29.6835
272,1,zone_1,glucose,r1032,-9.06818,4.11793e-12,4.86583
272,1,zone_1,oxygen,r0855,-19.6731,-3.74346e-12,30.0899
272,1,zone_1,glucose,r1032,-9.06818,4.11793e-12,4.86583
272,1,zone_1,oxygen,r0855,-19.6731,-3.74346e-12,30.0899
272,5,zone_2,glucose,r1032,-9.06818,4.11793e-12,4.86583
272,5,zone_2,oxygen,r0855,-19.6683,-3.74346e-12,29.6514
272,5,zone_2,glucose,r1032,-9.06818,4.11793e-12,4.86583
272,5,zone_2,oxygen,r0855,-19.6683,-3.74346e-12,29.6514
272,2,zone_1,glucose,r1032,-9.06818,4.11793e-12,4.86583
272,2,zone_1,oxygen,r0855,-19.6728,-3.74346e-12,30.0582
272,2,zone_1,glucose,r1032,-9.06818,4.11793e-12,4.86583
272,2,zone_1,oxygen,r0855,-19.6728,-3.74346e-12,30.0582
272,6,zone_3,glucose,r1032,-9.06818,4.11793e-12,4.86583
272,6,zone_3,oxygen,r0855,-19.6471,-3.74346e-12,27.8396
272,6,zone_3,glucose,r1032,-9.06818,4.11793e-12,4.86583
272,6,zone_3,oxygen,r0855,-19.6471,-3.74346e-12,27.8396
272,3,zone_2,glucose,r1032,-9.06818,4.11793e-12,4.86583
272,3,zone_2,oxygen,r0855,-19.6691,-3.74346e-12,29.7229
272,3,zone_2,glucose,r1032,-9.06818,4.11793e-12,4.86583
272,3,zone_2,oxygen,r0855,-19.6691,-3.74346e-12,29.7229
272,7,zone_3,glucose,r1032,-9.06818,4.11793e-12,4.86583
272,7,zone_3,oxygen,r0855,-19.6451,-3.74346e-12,27.675
272,7,zone_3,glucose,r1032,-9.06818,4.11793e-12,4.86583
272,7,zone_3,oxygen,r0855,-19.6451,-3.74346e-12,27.675
274,8,zone_3,glucose,r1032,-9.06801,4.11793e-12,4.86486
274,8,zone_3,oxygen,r0855,-19.6427,-3.74346e-12,27.4877
274,4,zone_2,glucose,r1032,-9.06801,4.11793e-12,4.86486
274,4,zone_2,oxygen,r0855,-19.6679,-3.74346e-12,29.6088
274,8,zone_3,glucose,r1032,-9.06801,4.11793e-12,4.86486
274,8,zone_3,oxygen,r0855,-19.6427,-3.74346e-12,27.4877
274,0,zone_1,glucose,r1032,-9.06801,4.11793e-12,4.86486
274,0,zone_1,oxygen,r0855,-19.6723,-3.74346e-12,30.015
274,0,zone_1,glucose,r1032,-9.06801,4.11793e-12,4.86486
274,0,zone_1,oxygen,r0855,-19.6723,-3.74346e-12,30.015
274,4,zone_2,glucose,r1032,-9.06801,4.11793e-12,4.86486
274,4,zone_2,oxygen,r0855,-19.6679,-3.74346e-12,29.6088
274,1,zone_1,glucose,r1032,-9.06801,4.11793e-12,4.86486
274,1,zone_1,oxygen,r0855,-19.6723,-3.74346e-12,30.015
274,1,zone_1,glucose,r1032,-9.06801,4.11793e-12,4.86486
274,1,zone_1,oxygen,r0855,-19.6723,-3.74346e-12,30.015
274,5,zone_2,glucose,r1032,-9.06801,4.11793e-12,4.86486
274,5,zone_2,oxygen,r0855,-19.6675,-3.74346e-12,29.5767
274,5,zone_2,glucose,r1032,-9.06801,4.11793e-12,4.86486
274,5,zone_2,oxygen,r0855,-19.6675,-3.74346e-12,29.5767
274,2,zone_1,glucose,r1032,-9.06801,4.11793e-12,4.86486
274,2,zone_1,oxygen,r0855,-19.672,-3.74346e-12,29.9832
274,2,zone_1,glucose,r1032,-9.06801,4.11793e-12,4.86486
274,2,zone_1,oxygen,r0855,-19.672,-3.74346e-12,29.9832
274,6,zone_3,glucose,r1032,-9.06801,4.11793e-12,4.86486
274,6,zone_3,oxygen,r0855,-19.6462,-3.74346e-12,27.7685
274,6,zone_3,glucose,r1032,-9.06801,4.11793e-12,4.86486
274,6,zone_3,oxygen,r0855,-19.6462,-3.74346e-12,27.7685
274,3,zone_2,glucose,r1032,-9.06801,4.11793e-12,4.86486
274,3,zone_2,oxygen,r0855,-19.6683,-3.74346e-12,29.6483
274,3,zone_2,glucose,r1032,-9.06801,4.11793e-12,4.86486
274,3,zone_2,oxygen,r0855,-19.6683,-3.74346e-12,29.6483
274,7,zone_3,glucose,r1032,-9.06801,4.11793e-12,4.86486
274,7,zone_3,oxygen,r0855,-19.6442,-3.74346e-12,27.6043
274,7,zone_3,glucose,r1032,-9.06801,4.11793e-12,4.86486
274,7,zone_3,oxygen,r0855,-19.6442,-3.74346e-12,27.6043
276,0,zone_1,glucose,r1032,-9.06784,4.11793e-12,4.86388
276,0,zone_1,oxygen,r0855,-19.6715,-3.74346e-12,29.9405
276,0,zone_1,glucose,r1032,-9.06784,4.11793e-12,4.86388
276,0,zone_1,oxygen,r0855,-19.6715,-3.74346e-12,29.9405
276,4,zone_2,glucose,r1032,-9.06784,4.11793e-12,4.86388
276,4,zone_2,oxygen,r0855,-19.667,-3.74346e-12,29.5345
276,4,zone_2,glucose,r1032,-9.06784,4.11793e-12,4.86388
276,4,zone_2,oxygen,r0855,-19.667,-3.74346e-12,29.5345
276,1,zone_1,glucose,r1032,-9.06784,4.11793e-12,4.86388
276,1,zone_1,oxygen,r0855,-19.6715,-3.74346e-12,29.9405
276,1,zone_1,glucose,r1032,-9.06784,4.11793e-12,4.86388
276,1,zone_1,oxygen,r0855,-19.6715,-3.74346e-12,29.9405
276,8,zone_3,glucose,r1032,-9.06784,4.11793e-12,4.86388
276,8,zone_3,oxygen,r0855,-19.6418,-3.74346e-12,27.4177
276,8,zone_3,glucose,r1032,-9.06784,4.11793e-12,4.86388
276,8,zone_3,oxygen,r0855,-19.6418,-3.74346e-12,27.4177
276,5,zone_2,glucose,r1032,-9.06784,4.11793e-12,4.86388
276,5,zone_2,oxygen,r0855,-19.6667,-3.74346e-12,29.5024
276,5,zone_2,glucose,r1032,-9.06784,4.11793e-12,4.86388
276,5,zone_2,oxygen,r0855,-19.6667,-3.74346e-12,29.5024
276,2,zone_1,glucose,r1032,-9.06784,4.11793e-12,4.86388
276,2,zone_1,oxygen,r0855,-19.6711,-3.74346e-12,29.9086
276,2,zone_1,glucose,r1032,-9.06784,4.11793e-12,4.86388
276,2,zone_1,oxygen,r0855,-19.6711,-3.74346e-12,29.9086
276,6,zone_3,glucose,r1032,-9.06784,4.11793e-12,4.86388
276,6,zone_3,oxygen,r0855,-19.6454,-3.74346e-12,27.6977
276,6,zone_3,glucose,r1032,-9.06784,4.11793e-12,4.86388
276,6,zone_3,oxygen,r0855,-19.6454,-3.74346e-12,27.6977
276,3,zone_2,glucose,r1032,-9.06784,4.11793e-12,4.86388
276,3,zone_2,oxygen,r0855,-19.6675,-3.74346e-12,29.574
276,3,zone_2,glucose,r1032,-9.06784,4.11793e-12,4.86388
276,3,zone_2,oxygen,r0855,-19.6675,-3.74346e-12,29.574
276,7,zone_3,glucose,r1032,-9.06784,4.11793e-12,4.86388
276,7,zone_3,oxygen,r0855,-19.6433,-3.74346e-12,27.534
276,7,zone_3,glucose,r1032,-9.06784,4.11793e-12,4.86388
276,7,zone_3,oxygen,r0855,-19.6433,-3.74346e-12,27.534
278,4,zone_2,glucose,r1032,-9.06767,4.11793e-12,4.86291
278,4,zone_2,oxygen,r0855,-19.6662,-3.74346e-12,29.4604
278,4,zone_2,glucose,r1032,-9.06767,4.11793e-12,4.86291
278,4,zone_2,oxygen,r0855,-19.6662,-3.74346e-12,29.4604
278,8,zone_3,glucose,r1032,-9.06767,4.11793e-12,4.86291
278,8,zone_3,oxygen,r0855,-19.6409,-3.74346e-12,27.3479
278,8,zone_3,glucose,r1032,-9.06767,4.11793e-12,4.86291
278,8,zone_3,oxygen,r0855,-19.6409,-3.74346e-12,27.3479
278,0,zone_1,glucose,r1032,-9.06767,4.11793e-12,4.86291
278,0,zone_1,oxygen,r0855,-19.6707,-3.74346e-12,29.8663
278,0,zone_1,glucose,r1032,-9.06767,4.11793e-12,4.86291
278,0,zone_1,oxygen,r0855,-19.6707,-3.74346e-12,29.8663
278,5,zone_2,glucose,r1032,-9.06767,4.11793e-12,4.86291
278,5,zone_2,oxygen,r0855,-19.6659,-3.74346e-12,29.4284
278,5,zone_2,glucose,r1032,-9.06767,4.11793e-12,4.86291
278,5,zone_2,oxygen,r0855,-19.6659,-3.74346e-12,29.4284
278,1,zone_1,glucose,r1032,-9.06767,4.11793e-12,4.86291
278,1,zone_1,oxygen,r0855,-19.6707,-3.74346e-12,29.8663
278,1,zone_1,glucose,r1032,-9.06767,4.11793e-12,4.86291
278,1,zone_1,oxygen,r0855,-19.6707,-3.74346e-12,29.8663
278,6,zone_3,glucose,r1032,-9.06767,4.11793e-12,4.86291
278,6,zone_3,oxygen,r0855,-19.6445,-3.74346e-12,27.6273
278,6,zone_3,glucose,r1032,-9.06767,4.11793e-12,4.86291
278,6,zone_3,oxygen,r0855,-19.6445,-3.74346e-12,27.6273
278,2,zone_1,glucose,r1032,-9.06767,4.11793e-12,4.86291
278,2,zone_1,oxygen,r0855,-19.6703,-3.74346e-12,29.8342
278,2,zone_1,glucose,r1032,-9.06767,4.11793e-12,4.86291
278,2,zone_1,oxygen,r0855,-19.6703,-3.74346e-12,29.8342
278,7,zone_3,glucose,r1032,-9.06767,4.11793e-12,4.86291
278,7,zone_3,oxygen,r0855,-19.6424,-3.74346e-12,27.4639
278,7,zone_3,glucose,r1032,-9.06767,4.11793e-12,4.86291
278,7,zone_3,oxygen,r0855,-19.6424,-3.74346e-12,27.4639
278,3,zone_2,glucose,r1032,-9.06767,4.11793e-12,4.86291
278,3,zone_2,oxygen,r0855,-19.6667,-3.74346e-12,29.5
278,3,zone_2,glucose,r1032,-9.06767,4.11793e-12,4.86291
278,3,zone_2,oxygen,r0855,-19.6667,-3.74346e-12,29.5
280,4,zone_2,glucose,r1032,-9.0675,4.11793e-12,4.86194
280,4,zone_2,oxygen,r0855,-19.6654,-3.74346e-12,29.3867
280,4,zone_2,glucose,r1032,-9.0675,4.11793e-12,4.86194
280,4,zone_2,oxygen,r0855,-19.6654,-3.74346e-12,29.3867
280,0,zone_1,glucose,r1032,-9.0675,4.11793e-12,4.86194
280,0,zone_1,oxygen,r0855,-19.6699,-3.74346e-12,29.7923
280,0,zone_1,glucose,r1032,-9.0675,4.11793e-12,4.86194
280,0,zone_1,oxygen,r0855,-19.6699,-3.74346e-12,29.7923
280,8,zone_3,glucose,r1032,-9.0675,4.11793e-12,4.86194
280,8,zone_3,oxygen,r0855,-19.64,-3.74346e-12,27.2784
280,8,zone_3,glucose,r1032,-9.0675,4.11793e-12,4.86194
280,8,zone_3,oxygen,r0855,-19.64,-3.74346e-12,27.2784
280,5,zone_2,glucose,r1032,-9.0675,4.11793e-12,4.86194
280,5,zone_2,oxygen,r0855,-19.665,-3.74346e-12,29.3546
280,5,zone_2,glucose,r1032,-9.0675,4.11793e-12,4.86194
280,5,zone_2,oxygen,r0855,-19.665,-3.74346e-12,29.3546
280,1,zone_1,glucose,r1032,-9.0675,4.11793e-12,4.86194
280,1,zone_1,oxygen,r0855,-19.6699,-3.74346e-12,29.7923
280,1,zone_1,glucose,r1032,-9.0675,4.11793e-12,4.86194
280,1,zone_1,oxygen,r0855,-19.6699,-3.74346e-12,29.7923
280,2,zone_1,glucose,r1032,-9.0675,4.11793e-12,4.86194
280,2,zone_1,oxygen,r0855,-19.6695,-3.74346e-12,29.7602
280,6,zone_3,glucose,r1032,-9.0675,4.11793e-12,4.86194
280,6,zone_3,oxygen,r0855,-19.6436,-3.74346e-12,27.5571
280,2,zone_1,glucose,r1032,-9.0675,4.11793e-12,4.86194
280,2,zone_1,oxygen,r0855,-19.6695,-3.74346e-12,29.7602
280,6,zone_3,glucose,r1032,-9.0675,4.11793e-12,4.86194
280,6,zone_3,oxygen,r0855,-19.6436,-3.74346e-12,27.5571
280,3,zone_2,glucose,r1032,-9.0675,4.11793e-12,4.86194
280,3,zone_2,oxygen,r0855,-19.6658,-3.74346e-12,29.4262
280,3,zone_2,glucose,r1032,-9.0675,4.11793e-12,4.86194
280,3,zone_2,oxygen,r0855,-19.6658,-3.74346e-12,29.4262
280,7,zone_3,glucose,r1032,-9.0675,4.11793e-12,4.86194
280,7,zone_3,oxygen,r0855,-19.6415,-3.74346e-12,27.3941
280,7,zone_3,glucose,r1032,-9.0675,4.11793e-12,4.86194
280,7,zone_3,oxygen,r0855,-19.6415,-3.74346e-12,27.3941
282,4,zone_2,glucose,r1032,-9.06733,4.11793e-12,4.86096
282,4,zone_2,oxygen,r0855,-19.6646,-3.74346e-12,29.3133
282,8,zone_3,glucose,r1032,-9.06733,4.11793e-12,4.86096
282,8,zone_3,oxygen,r0855,-19.6391,-3.74346e-12,27.2092
282,4,zone_2,glucose,r1032,-9.06733,4.11793e-12,4.86096
282,4,zone_2,oxygen,r0855,-19.6646,-3.74346e-12,29.3133
282,8,zone_3,glucose,r1032,-9.06733,4.11793e-12,4.86096
282,8,zone_3,oxygen,r0855,-19.6391,-3.74346e-12,27.2092
282,0,zone_1,glucose,r1032,-9.06733,4.11793e-12,4.86096
282,0,zone_1,oxygen,r0855,-19.6691,-3.74346e-12,29.7187
282,0,zone_1,glucose,r1032,-9.06733,4.11793e-12,4.86096
282,0,zone_1,oxygen,r0855,-19.6691,-3.74346e-12,29.7187
282,5,zone_2,glucose,r1032,-9.06733,4.11793e-12,4.86096
282,5,zone_2,oxygen,r0855,-19.6642,-3.74346e-12,29.2812
282,5,zone_2,glucose,r1032,-9.06733,4.11793e-12,4.86096
282,5,zone_2,oxygen,r0855,-19.6642,-3.74346e-12,29.2812
282,1,zone_1,glucose,r1032,-9.06733,4.11793e-12,4.86096
282,1,zone_1,oxygen,r0855,-19.6691,-3.74346e-12,29.7187
282,1,zone_1,glucose,r1032,-9.06733,4.11793e-12,4.86096
282,1,zone_1,oxygen,r0855,-19.6691,-3.74346e-12,29.7187
282,2,zone_1,glucose,r1032,-9.06733,4.11793e-12,4.86096
282,2,zone_1,oxygen,r0855,-19.6687,-3.74346e-12,29.6865
282,2,zone_1,glucose,r1032,-9.06733,4.11793e-12,4.86096
282,2,zone_1,oxygen,r0855,-19.6687,-3.74346e-12,29.6865
282,6,zone_3,glucose,r1032,-9.06733,4.11793e-12,4.86096
282,6,zone_3,oxygen,r0855,-19.6427,-3.74346e-12,27.4873
282,6,zone_3,glucose,r1032,-9.06733,4.11793e-12,4.86096
282,6,zone_3,oxygen,r0855,-19.6427,-3.74346e-12,27.4873
282,7,zone_3,glucose,r1032,-9.06733,4.11793e-12,4.86096
282,7,zone_3,oxygen,r0855,-19.6406,-3.74346e-12,27.3247
282,7,zone_3,glucose,r1032,-9.06733,4.11793e-12,4.86096
282,7,zone_3,oxygen,r0855,-19.6406,-3.74346e-12,27.3247
282,3,zone_2,glucose,r1032,-9.06733,4.11793e-12,4.86096
282,3,zone_2,oxygen,r0855,-19.665,-3.74346e-12,29.3529
282,3,zone_2,glucose,r1032,-9.06733,4.11793e-12,4.86096
282,3,zone_2,oxygen,r0855,-19.665,-3.74346e-12,29.3529
284,0,zone_1,glucose,r1032,-9.06716,4.11793e-12,4.85999
284,0,zone_1,oxygen,r0855,-19.6683,-3.74346e-12,29.6454
284,0,zone_1,glucose,r1032,-9.06716,4.11793e-12,4.85999
284,0,zone_1,oxygen,r0855,-19.6683,-3.74346e-12,29.6454
284,8,zone_3,glucose,r1032,-9.06716,4.11793e-12,4.85999
284,8,zone_3,oxygen,r0855,-19.6382,-3.74346e-12,27.1403
284,8,zone_3,glucose,r1032,-9.06716,4.11793e-12,4.85999
284,8,zone_3,oxygen,r0855,-19.6382,-3.74346e-12,27.1403
284,4,zone_2,glucose,r1032,-9.06716,4.11793e-12,4.85999
284,4,zone_2,oxygen,r0855,-19.6638,-3.74346e-12,29.2402
284,4,zone_2,glucose,r1032,-9.06716,4.11793e-12,4.85999
284,4,zone_2,oxygen,r0855,-19.6638,-3.74346e-12,29.2402
284,1,zone_1,glucose,r1032,-9.06716,4.11793e-12,4.85999
284,1,zone_1,oxygen,r0855,-19.6683,-3.74346e-12,29.6454
284,1,zone_1,glucose,r1032,-9.06716,4.11793e-12,4.85999
284,1,zone_1,oxygen,r0855,-19.6683,-3.74346e-12,29.6454
284,5,zone_2,glucose,r1032,-9.06716,4.11793e-12,4.85999
284,5,zone_2,oxygen,r0855,-19.6634,-3.74346e-12,29.2081
284,5,zone_2,glucose,r1032,-9.06716,4.11793e-12,4.85999
284,5,zone_2,oxygen,r0855,-19.6634,-3.74346e-12,29.2081
284,2,zone_1,glucose,r1032,-9.06716,4.11793e-12,4.85999
284,2,zone_1,oxygen,r0855,-19.6679,-3.74346e-12,29.6131
284,2,zone_1,glucose,r1032,-9.06716,4.11793e-12,4.85999
284,2,zone_1,oxygen,r0855,-19.6679,-3.74346e-12,29.6131
284,6,zone_3,glucose,r1032,-9.06716,4.11793e-12,4.85999
284,6,zone_3,oxygen,r0855,-19.6418,-3.74346e-12,27.4177
284,6,zone_3,glucose,r1032,-9.06716,4.11793e-12,4.85999
284,6,zone_3,oxygen,r0855,-19.6418,-3.74346e-12,27.4177
284,3,zone_2,glucose,r1032,-9.06716,4.11793e-12,4.85999
284,3,zone_2,oxygen,r0855,-19.6642,-3.74346e-12,29.2798
284,3,zone_2,glucose,r1032,-9.06716,4.11793e-12,4.85999
284,3,zone_2,oxygen,r0855,-19.6642,-3.74346e-12,29.2798
284,7,zone_3,glucose,r1032,-9.06716,4.11793e-12,4.85999
284,7,zone_3,oxygen,r0855,-19.6397,-3.74346e-12,27.2555
284,7,zone_3,glucose,r1032,-9.06716,4.11793e-12,4.85999
284,7,zone_3,oxygen,r0855,-19.6397,-3.74346e-12,27.2555
286,0,zone_1,glucose,r1032,-9.06699,4.11793e-12,4.85902
286,0,zone_1,oxygen,r0855,-19.6675,-3.74346e-12,29.5725
286,0,zone_1,glucose,r1032,-9.06699,4.11793e-12,4.85902
286,0,zone_1,oxygen,r0855,-19.6675,-3.74346e-12,29.5725
286,8,zone_3,glucose,r1032,-9.06699,4.11793e-12,4.85902
286,8,zone_3,oxygen,r0855,-19.6373,-3.74346e-12,27.0717
286,8,zone_3,glucose,r1032,-9.06699,4.11793e-12,4.85902
286,8,zone_3,oxygen,r0855,-19.6373,-3.74346e-12,27.0717
286,4,zone_2,glucose,r1032,-9.06699,4.11793e-12,4.85902
286,4,zone_2,oxygen,r0855,-19.6629,-3.74346e-12,29.1674
286,4,zone_2,glucose,r1032,-9.06699,4.11793e-12,4.85902
286,4,zone_2,oxygen,r0855,-19.6629,-3.74346e-12,29.1674
286,5,zone_2,glucose,r1032,-9.06699,4.11793e-12,4.85902
286,5,zone_2,oxygen,r0855,-19.6626,-3.74346e-12,29.1354
286,5,zone_2,glucose,r1032,-9.06699,4.11793e-12,4.85902
286,5,zone_2,oxygen,r0855,-19.6626,-3.74346e-12,29.1354
286,1,zone_1,glucose,r1032,-9.06699,4.11793e-12,4.85902
286,1,zone_1,oxygen,r0855,-19.6675,-3.74346e-12,29.5725
286,1,zone_1,glucose,r1032,-9.06699,4.11793e-12,4.85902
286,1,zone_1,oxygen,r0855,-19.6675,-3.74346e-12,29.5725
286,2,zone_1,glucose,r1032,-9.06699,4.11793e-12,4.85902
286,2,zone_1,oxygen,r0855,-19.6671,-3.74346e-12,29.5401
286,2,zone_1,glucose,r1032,-9.06699,4.11793e-12,4.85902
286,2,zone_1,oxygen,r0855,-19.6671,-3.74346e-12,29.5401
286,6,zone_3,glucose,r1032,-9.06699,4.11793e-12,4.85902
286,6,zone_3,oxygen,r0855,-19.6409,-3.74346e-12,27.3485
286,6,zone_3,glucose,r1032,-9.06699,4.11793e-12,4.85902
286,6,zone_3,oxygen,r0855,-19.6409,-3.74346e-12,27.3485
286,3,zone_2,glucose,r1032,-9.06699,4.11793e-12,4.85902
286,3,zone_2,oxygen,r0855,-19.6634,-3.74346e-12,29.207
286,3,zone_2,glucose,r1032,-9.06699,4.11793e-12,4.85902
286,3,zone_2,oxygen,r0855,-19.6634,-3.74346e-12,29.207
286,7,zone_3,glucose,r1032,-9.06699,4.11793e-12,4.85902
286,7,zone_3,oxygen,r0855,-19.6388,-3.74346e-12,27.1866
286,7,zone_3,glucose,r1032,-9.06699,4.11793e-12,4.85902
286,7,zone_3,oxygen,r0855,-19.6388,-3.74346e-12,27.1866
288,0,zone_1,glucose,r1032,-9.06682,4.11793e-12,4.85805
288,0,zone_1,oxygen,r0855,-19.6667,-3.74346e-12,29.4998
288,0,zone_1,glucose,r1032,-9.06682,4.11793e-12,4.85805
288,0,zone_1,oxygen,r0855,-19.6667,-3.74346e-12,29.4998
288,8,zone_3,glucose,r1032,-9.06682,4.11793e-12,4.85805
288,8,zone_3,oxygen,r0855,-19.6364,-3.74346e-12,27.0033
288,8,zone_3,glucose,r1032,-9.06682,4.11793e-12,4.85805
288,8,zone_3,oxygen,r0855,-19.6364,-3.74346e-12,27.0033
288,4,zone_2,glucose,r1032,-9.06682,4.11793e-12,4.85805
288,4,zone_2,oxygen,r0855,-19.6621,-3.74346e-12,29.095
288,4,zone_2,glucose,r1032,-9.06682,4.11793e-12,4.85805
288,4,zone_2,oxygen,r0855,-19.6621,-3.74346e-12,29.095
288,1,zone_1,glucose,r1032,-9.06682,4.11793e-12,4.85805
288,1,zone_1,oxygen,r0855,-19.6667,-3.74346e-12,29.4998
288,1,zone_1,glucose,r1032,-9.06682,4.11793e-12,4.85805
288,1,zone_1,oxygen,r0855,-19.6667,-3.74346e-12,29.4998
288,5,zone_2,glucose,r1032,-9.06682,4.11793e-12,4.85805
288,5,zone_2,oxygen,r0855,-19.6617,-3.74346e-12,29.0629
288,5,zone_2,glucose,r1032,-9.06682,4.11793e-12,4.85805
288,5,zone_2,oxygen,r0855,-19.6617,-3.74346e-12,29.0629
288,2,zone_1,glucose,r1032,-9.06682,4.11793e-12,4.85805
288,2,zone_1,oxygen,r0855,-19.6663,-3.74346e-12,29.4673
288,2,zone_1,glucose,r1032,-9.06682,4.11793e-12,4.85805
288,2,zone_1,oxygen,r0855,-19.6663,-3.74346e-12,29.4673
288,6,zone_3,glucose,r1032,-9.06682,4.11793e-12,4.85805
288,6,zone_3,oxygen,r0855,-19.64,-3.74346e-12,27.2795
288,6,zone_3,glucose,r1032,-9.06682,4.11793e-12,4.85805
288,6,zone_3,oxygen,r0855,-19.64,-3.74346e-12,27.2795
288,3,zone_2,glucose,r1032,-9.06682,4.11793e-12,4.85805
288,3,zone_2,oxygen,r0855,-19.6626,-3.74346e-12,29.1346
288,3,zone_2,glucose,r1032,-9.06682,4.11793e-12,4.85805
288,3,zone_2,oxygen,r0855,-19.6626,-3.74346e-12,29.1346
288,7,zone_3,glucose,r1032,-9.06682,4.11793e-12,4.85805
288,7,zone_3,oxygen,r0855,-19.6379,-3.74346e-12,27.118
288,7,zone_3,glucose,r1032,-9.06682,4.11793e-12,4.85805
288,7,zone_3,oxygen,r0855,-19.6379,-3.74346e-12,27.118
290,8,zone_3,glucose,r1032,-9.06666,4.11793e-12,4.85708
290,8,zone_3,oxygen,r0855,-19.6355,-3.74346e-12,26.9353
290,8,zone_3,glucose,r1032,-9.06666,4.11793e-12,4.85708
290,8,zone_3,oxygen,r0855,-19.6355,-3.74346e-12,26.9353
290,4,zone_2,glucose,r1032,-9.06666,4.11793e-12,4.85708
290,4,zone_2,oxygen,r0855,-19.6613,-3.74346e-12,29.0228
290,4,zone_2,glucose,r1032,-9.06666,4.11793e-12,4.85708
290,4,zone_2,oxygen,r0855,-19.6613,-3.74346e-12,29.0228
290,0,zone_1,glucose,r1032,-9.06666,4.11793e-12,4.85708
290,0,zone_1,oxygen,r0855,-19.6659,-3.74346e-12,29.4274
290,0,zone_1,glucose,r1032,-9.06666,4.11793e-12,4.85708
290,0,zone_1,oxygen,r0855,-19.6659,-3.74346e-12,29.4274
290,5,zone_2,glucose,r1032,-9.06666,4.11793e-12,4.85708
290,5,zone_2,oxygen,r0855,-19.6609,-3.74346e-12,28.9907
290,5,zone_2,glucose,r1032,-9.06666,4.11793e-12,4.85708
290,5,zone_2,oxygen,r0855,-19.6609,-3.74346e-12,28.9907
290,1,zone_1,glucose,r1032,-9.06666,4.11793e-12,4.85708
290,1,zone_1,oxygen,r0855,-19.6659,-3.74346e-12,29.4274
290,1,zone_1,glucose,r1032,-9.06666,4.11793e-12,4.85708
290,1,zone_1,oxygen,r0855,-19.6659,-3.74346e-12,29.4274
290,6,zone_3,glucose,r1032,-9.06666,4.11793e-12,4.85708
290,6,zone_3,oxygen,r0855,-19.6391,-3.74346e-12,27.2108
290,6,zone_3,glucose,r1032,-9.06666,4.11793e-12,4.85708
290,6,zone_3,oxygen,r0855,-19.6391,-3.74346e-12,27.2108
290,2,zone_1,glucose,r1032,-9.06666,4.11793e-12,4.85708
290,2,zone_1,oxygen,r0855,-19.6655,-3.74346e-12,29.3948
290,7,zone_3,glucose,r1032,-9.06666,4.11793e-12,4.85708
290,7,zone_3,oxygen,r0855,-19.637,-3.74346e-12,27.0497
290,2,zone_1,glucose,r1032,-9.06666,4.11793e-12,4.85708
290,2,zone_1,oxygen,r0855,-19.6655,-3.74346e-12,29.3948
290,7,zone_3,glucose,r1032,-9.06666,4.11793e-12,4.85708
290,7,zone_3,oxygen,r0855,-19.637,-3.74346e-12,27.0497
290,3,zone_2,glucose,r1032,-9.06666,4.11793e-12,4.85708
290,3,zone_2,oxygen,r0855,-19.6617,-3.74346e-12,29.0624
290,3,zone_2,glucose,r1032,-9.06666,4.11793e-12,4.85708
290,3,zone_2,oxygen,r0855,-19.6617,-3.74346e-12,29.0624
292,4,zone_2,glucose,r1032,-9.06649,4.11793e-12,4.85611
292,4,zone_2,oxygen,r0855,-19.6605,-3.74346e-12,28.951
292,4,zone_2,glucose,r1032,-9.06649,4.11793e-12,4.85611
292,4,zone_2,oxygen,r0855,-19.6605,-3.74346e-12,28.951
292,0,zone_1,glucose,r1032,-9.06649,4.11793e-12,4.85611
292,0,zone_1,oxygen,r0855,-19.6651,-3.74346e-12,29.3554
292,0,zone_1,glucose,r1032,-9.06649,4.11793e-12,4.85611
292,0,zone_1,oxygen,r0855,-19.6651,-3.74346e-12,29.3554
292,8,zone_3,glucose,r1032,-9.06649,4.11793e-12,4.85611
292,8,zone_3,oxygen,r0855,-19.6346,-3.74346e-12,26.8676
292,8,zone_3,glucose,r1032,-9.06649,4.11793e-12,4.85611
292,8,zone_3,oxygen,r0855,-19.6346,-3.74346e-12,26.8676
292,1,zone_1,glucose,r1032,-9.06649,4.11793e-12,4.85611
292,1,zone_1,oxygen,r0855,-19.6651,-3.74346e-12,29.3554
292,1,zone_1,glucose,r1032,-9.06649,4.11793e-12,4.85611
292,1,zone_1,oxygen,r0855,-19.6651,-3.74346e-12,29.3554
292,5,zone_2,glucose,r1032,-9.06649,4.11793e-12,4.85611
292,5,zone_2,oxygen,r0855,-19.6601,-3.74346e-12,28.9189
292,5,zone_2,glucose,r1032,-9.06649,4.11793e-12,4.85611
292,5,zone_2,oxygen,r0855,-19.6601,-3.74346e-12,28.9189
292,2,zone_1,glucose,r1032,-9.06649,4.11793e-12,4.85611
292,2,zone_1,oxygen,r0855,-19.6647,-3.74346e-12,29.3227
292,2,zone_1,glucose,r1032,-9.06649,4.11793e-12,4.85611
292,2,zone_1,oxygen,r0855,-19.6647,-3.74346e-12,29.3227
292,6,zone_3,glucose,r1032,-9.06649,4.11793e-12,4.85611
292,6,zone_3,oxygen,r0855,-19.6382,-3.74346e-12,27.1424
292,6,zone_3,glucose,r1032,-9.06649,4.11793e-12,4.85611
292,6,zone_3,oxygen,r0855,-19.6382,-3.74346e-12,27.1424
292,7,zone_3,glucose,r1032,-9.06649,4.11793e-12,4.85611
292,7,zone_3,oxygen,r0855,-19.6361,-3.74346e-12,26.9817
292,7,zone_3,glucose,r1032,-9.06649,4.11793e-12,4.85611
292,7,zone_3,oxygen,r0855,-19.6361,-3.74346e-12,26.9817
292,3,zone_2,glucose,r1032,-9.06649,4.11793e-12,4.85611
292,3,zone_2,oxygen,r0855,-19.6609,-3.74346e-12,28.9906
292,3,zone_2,glucose,r1032,-9.06649,4.11793e-12,4.85611
292,3,zone_2,oxygen,r0855,-19.6609,-3.74346e-12,28.9906
294,4,zone_2,glucose,r1032,-9.06632,4.11793e-12,4.85514
294,4,zone_2,oxygen,r0855,-19.6596,-3.74346e-12,28.8794
294,4,zone_2,glucose,r1032,-9.06632,4.11793e-12,4.85514
294,4,zone_2,oxygen,r0855,-19.6596,-3.74346e-12,28.8794
294,0,zone_1,glucose,r1032,-9.06632,4.11793e-12,4.85514
294,0,zone_1,oxygen,r0855,-19.6642,-3.74346e-12,29.2836
294,0,zone_1,glucose,r1032,-9.06632,4.11793e-12,4.85514
294,0,zone_1,oxygen,r0855,-19.6642,-3.74346e-12,29.2836
294,8,zone_3,glucose,r1032,-9.06632,4.11793e-12,4.85514
294,8,zone_3,oxygen,r0855,-19.6337,-3.74346e-12,26.8001
294,8,zone_3,glucose,r1032,-9.06632,4.11793e-12,4.85514
294,8,zone_3,oxygen,r0855,-19.6337,-3.74346e-12,26.8001
294,5,zone_2,glucose,r1032,-9.06632,4.11793e-12,4.85514
294,5,zone_2,oxygen,r0855,-19.6593,-3.74346e-12,28.8473
294,5,zone_2,glucose,r1032,-9.06632,4.11793e-12,4.85514
294,5,zone_2,oxygen,r0855,-19.6593,-3.74346e-12,28.8473
294,1,zone_1,glucose,r1032,-9.06632,4.11793e-12,4.85514
294,1,zone_1,oxygen,r0855,-19.6642,-3.74346e-12,29.2836
294,1,zone_1,glucose,r1032,-9.06632,4.11793e-12,4.85514
294,1,zone_1,oxygen,r0855,-19.6642,-3.74346e-12,29.2836
294,6,zone_3,glucose,r1032,-9.06632,4.11793e-12,4.85514
294,6,zone_3,oxygen,r0855,-19.6373,-3.74346e-12,27.0743
294,6,zone_3,glucose,r1032,-9.06632,4.11793e-12,4.85514
294,6,zone_3,oxygen,r0855,-19.6373,-3.74346e-12,27.0743
294,2,zone_1,glucose,r1032,-9.06632,4.11793e-12,4.85514
294,2,zone_1,oxygen,r0855,-19.6639,-3.74346e-12,29.2508
294,2,zone_1,glucose,r1032,-9.06632,4.11793e-12,4.85514
294,2,zone_1,oxygen,r0855,-19.6639,-3.74346e-12,29.2508
294,3,zone_2,glucose,r1032,-9.06632,4.11793e-12,4.85514
294,3,zone_2,oxygen,r0855,-19.6601,-3.74346e-12,28.919
294,3,zone_2,glucose,r1032,-9.06632,4.11793e-12,4.85514
294,3,zone_2,oxygen,r0855,-19.6601,-3.74346e-12,28.919
294,7,zone_3,glucose,r1032,-9.06632,4.11793e-12,4.85514
294,7,zone_3,oxygen,r0855,-19.6352,-3.74346e-12,26.914
294,7,zone_3,glucose,r1032,-9.06632,4.11793e-12,4.85514
294,7,zone_3,oxygen,r0855,-19.6352,-3.74346e-12,26.914
296,0,zone_1,glucose,r1032,-9.06615,4.11793e-12,4.85416
296,0,zone_1,oxygen,r0855,-19.6634,-3.74346e-12,29.2122
296,0,zone_1,glucose,r1032,-9.06615,4.11793e-12,4.85416
296,0,zone_1,oxygen,r0855,-19.6634,-3.74346e-12,29.2122
296,8,zone_3,glucose,r1032,-9.06615,4.11793e-12,4.85416
296,8,zone_3,oxygen,r0855,-19.6328,-3.74346e-12,26.733
296,8,zone_3,glucose,r1032,-9.06615,4.11793e-12,4.85416
296,8,zone_3,oxygen,r0855,-19.6328,-3.74346e-12,26.733
296,4,zone_2,glucose,r1032,-9.06615,4.11793e-12,4.85416
296,4,zone_2,oxygen,r0855,-19.6588,-3.74346e-12,28.8082
296,4,zone_2,glucose,r1032,-9.06615,4.11793e-12,4.85416
296,4,zone_2,oxygen,r0855,-19.6588,-3.74346e-12,28.8082
296,1,zone_1,glucose,r1032,-9.06615,4.11793e-12,4.85416
296,1,zone_1,oxygen,r0855,-19.6634,-3.74346e-12,29.2122
296,1,zone_1,glucose,r1032,-9.06615,4.11793e-12,4.85416
296,1,zone_1,oxygen,r0855,-19.6634,-3.74346e-12,29.2122
296,5,zone_2,glucose,r1032,-9.06615,4.11793e-12,4.85416
296,5,zone_2,oxygen,r0855,-19.6584,-3.74346e-12,28.7761
296,5,zone_2,glucose,r1032,-9.06615,4.11793e-12,4.85416
296,5,zone_2,oxygen,r0855,-19.6584,-3.74346e-12,28.7761
296,2,zone_1,glucose,r1032,-9.06615,4.11793e-12,4.85416
296,2,zone_1,oxygen,r0855,-19.6631,-3.74346e-12,29.1793
296,2,zone_1,glucose,r1032,-9.06615,4.11793e-12,4.85416
296,2,zone_1,oxygen,r0855,-19.6631,-3.74346e-12,29.1793
296,6,zone_3,glucose,r1032,-9.06615,4.11793e-12,4.85416
296,6,zone_3,oxygen,r0855,-19.6365,-3.74346e-12,27.0065
296,6,zone_3,glucose,r1032,-9.06615,4.11793e-12,4.85416
296,6,zone_3,oxygen,r0855,-19.6365,-3.74346e-12,27.0065
296,3,zone_2,glucose,r1032,-9.06615,4.11793e-12,4.85416
296,3,zone_2,oxygen,r0855,-19.6593,-3.74346e-12,28.8478
296,3,zone_2,glucose,r1032,-9.06615,4.11793e-12,4.85416
296,3,zone_2,oxygen,r0855,-19.6593,-3.74346e-12,28.8478
296,7,zone_3,glucose,r1032,-9.06615,4.11793e-12,4.85416
296,7,zone_3,oxygen,r0855,-19.6343,-3.74346e-12,26.8466
296,7,zone_3,glucose,r1032,-9.06615,4.11793e-12,4.85416
296,7,zone_3,oxygen,r0855,-19.6343,-3.74346e-12,26.8466
298,4,zone_2,glucose,r1032,-9.06598,4.11793e-12,4.85319
298,4,zone_2,oxygen,r0855,-19.658,-3.74346e-12,28.7372
298,0,zone_1,glucose,r1032,-9.06598,4.11793e-12,4.85319
298,0,zone_1,oxygen,r0855,-19.6626,-3.74346e-12,29.141
298,8,zone_3,glucose,r1032,-9.06598,4.11793e-12,4.85319
298,8,zone_3,oxygen,r0855,-19.6319,-3.74346e-12,26.6661
298,4,zone_2,glucose,r1032,-9.06598,4.11793e-12,4.85319
298,4,zone_2,oxygen,r0855,-19.658,-3.74346e-12,28.7372
298,0,zone_1,glucose,r1032,-9.06598,4.11793e-12,4.85319
298,0,zone_1,oxygen,r0855,-19.6626,-3.74346e-12,29.141
298,8,zone_3,glucose,r1032,-9.06598,4.11793e-12,4.85319
298,8,zone_3,oxygen,r0855,-19.6319,-3.74346e-12,26.6661
298,5,zone_2,glucose,r1032,-9.06598,4.11793e-12,4.85319
298,5,zone_2,oxygen,r0855,-19.6576,-3.74346e-12,28.7051
298,5,zone_2,glucose,r1032,-9.06598,4.11793e-12,4.85319
298,5,zone_2,oxygen,r0855,-19.6576,-3.74346e-12,28.7051
298,1,zone_1,glucose,r1032,-9.06598,4.11793e-12,4.85319
298,1,zone_1,oxygen,r0855,-19.6626,-3.74346e-12,29.141
298,1,zone_1,glucose,r1032,-9.06598,4.11793e-12,4.85319
298,1,zone_1,oxygen,r0855,-19.6626,-3.74346e-12,29.141
298,2,zone_1,glucose,r1032,-9.06598,4.11793e-12,4.85319
298,2,zone_1,oxygen,r0855,-19.6623,-3.74346e-12,29.1081
298,2,zone_1,glucose,r1032,-9.06598,4.11793e-12,4.85319
298,2,zone_1,oxygen,r0855,-19.6623,-3.74346e-12,29.1081
298,6,zone_3,glucose,r1032,-9.06598,4.11793e-12,4.85319
298,6,zone_3,oxygen,r0855,-19.6356,-3.74346e-12,26.939
298,6,zone_3,glucose,r1032,-9.06598,4.11793e-12,4.85319
298,6,zone_3,oxygen,r0855,-19.6356,-3.74346e-12,26.939
298,3,zone_2,glucose,r1032,-9.06598,4.11793e-12,4.85319
298,3,zone_2,oxygen,r0855,-19.6584,-3.74346e-12,28.7768
298,3,zone_2,glucose,r1032,-9.06598,4.11793e-12,4.85319
298,3,zone_2,oxygen,r0855,-19.6584,-3.74346e-12,28.7768
298,7,zone_3,glucose,r1032,-9.06598,4.11793e-12,4.85319
298,7,zone_3,oxygen,r0855,-19.6334,-3.74346e-12,26.7794
298,7,zone_3,glucose,r1032,-9.06598,4.11793e-12,4.85319
298,7,zone_3,oxygen,r0855,-19.6334,-3.74346e-12,26.7794
300,4,zone_2,glucose,r1032,-9.06581,4.11793e-12,4.85222
300,4,zone_2,oxygen,r0855,-19.6571,-3.74346e-12,28.6666
300,4,zone_2,glucose,r1032,-9.06581,4.11793e-12,4.85222
300,4,zone_2,oxygen,r0855,-19.6571,-3.74346e-12,28.6666
300,0,zone_1,glucose,r1032,-9.06581,4.11793e-12,4.85222
300,0,zone_1,oxygen,r0855,-19.6618,-3.74346e-12,29.0702
300,0,zone_1,glucose,r1032,-9.06581,4.11793e-12,4.85222
300,0,zone_1,oxygen,r0855,-19.6618,-3.74346e-12,29.0702
300,8,zone_3,glucose,r1032,-9.06581,4.11793e-12,4.85222
300,8,zone_3,oxygen,r0855,-19.631,-3.74346e-12,26.5995
300,8,zone_3,glucose,r1032,-9.06581,4.11793e-12,4.85222
300,8,zone_3,oxygen,r0855,-19.631,-3.74346e-12,26.5995
300,5,zone_2,glucose,r1032,-9.06581,4.11793e-12,4.85222
300,5,zone_2,oxygen,r0855,-19.6568,-3.74346e-12,28.6345
300,5,zone_2,glucose,r1032,-9.06581,4.11793e-12,4.85222
300,5,zone_2,oxygen,r0855,-19.6568,-3.74346e-12,28.6345
300,1,zone_1,glucose,r1032,-9.06581,4.11793e-12,4.85222
300,1,zone_1,oxygen,r0855,-19.6618,-3.74346e-12,29.0702
300,1,zone_1,glucose,r1032,-9.06581,4.11793e-12,4.85222
300,1,zone_1,oxygen,r0855,-19.6618,-3.74346e-12,29.0702
300,6,zone_3,glucose,r1032,-9.06581,4.11793e-12,4.85222
300,6,zone_3,oxygen,r0855,-19.6347,-3.74346e-12,26.8718
300,6,zone_3,glucose,r1032,-9.06581,4.11793e-12,4.85222
300,6,zone_3,oxygen,r0855,-19.6347,-3.74346e-12,26.8718
300,2,zone_1,glucose,r1032,-9.06581,4.11793e-12,4.85222
300,2,zone_1,oxygen,r0855,-19.6614,-3.74346e-12,29.0371
300,2,zone_1,glucose,r1032,-9.06581,4.11793e-12,4.85222
300,2,zone_1,oxygen,r0855,-19.6614,-3.74346e-12,29.0371
300,3,zone_2,glucose,r1032,-9.06581,4.11793e-12,4.85222
300,3,zone_2,oxygen,r0855,-19.6576,-3.74346e-12,28.7062
300,3,zone_2,glucose,r1032,-9.06581,4.11793e-12,4.85222
300,3,zone_2,oxygen,r0855,-19.6576,-3.74346e-12,28.7062
300,7,zone_3,glucose,r1032,-9.06581,4.11793e-12,4.85222
300,7,zone_3,oxygen,r0855,-19.6325,-3.74346e-12,26.7126
300,7,zone_3,glucose,r1032,-9.06581,4.11793e-12,4.85222
300,7,zone_3,oxygen,r0855,-19.6325,-3.74346e-12,26.7126
302,0,zone_1,glucose,r1032,-9.06564,4.11793e-12,4.85125
302,0,zone_1,oxygen,r0855,-19.661,-3.74346e-12,28.9997
302,0,zone_1,glucose,r1032,-9.06564,4.11793e-12,4.85125
302,0,zone_1,oxygen,r0855,-19.661,-3.74346e-12,28.9997
302,8,zone_3,glucose,r1032,-9.06564,4.11793e-12,4.85125
302,8,zone_3,oxygen,r0855,-19.6301,-3.74346e-12,26.5332
302,8,zone_3,glucose,r1032,-9.06564,4.11793e-12,4.85125
302,8,zone_3,oxygen,r0855,-19.6301,-3.74346e-12,26.5332
302,4,zone_2,glucose,r1032,-9.06564,4.11793e-12,4.85125
302,4,zone_2,oxygen,r0855,-19.6563,-3.74346e-12,28.5962
302,4,zone_2,glucose,r1032,-9.06564,4.11793e-12,4.85125
302,4,zone_2,oxygen,r0855,-19.6563,-3.74346e-12,28.5962
302,1,zone_1,glucose,r1032,-9.06564,4.11793e-12,4.85125
302,1,zone_1,oxygen,r0855,-19.661,-3.74346e-12,28.9997
302,1,zone_1,glucose,r1032,-9.06564,4.11793e-12,4.85125
302,1,zone_1,oxygen,r0855,-19.661,-3.74346e-12,28.9997
302,5,zone_2,glucose,r1032,-9.06564,4.11793e-12,4.85125
302,5,zone_2,oxygen,r0855,-19.6559,-3.74346e-12,28.5641
302,5,zone_2,glucose,r1032,-9.06564,4.11793e-12,4.85125
302,5,zone_2,oxygen,r0855,-19.6559,-3.74346e-12,28.5641
302,2,zone_1,glucose,r1032,-9.06564,4.11793e-12,4.85125
302,2,zone_1,oxygen,r0855,-19.6606,-3.74346e-12,28.9665
302,2,zone_1,glucose,r1032,-9.06564,4.11793e-12,4.85125
302,2,zone_1,oxygen,r0855,-19.6606,-3.74346e-12,28.9665
302,6,zone_3,glucose,r1032,-9.06564,4.11793e-12,4.85125
302,6,zone_3,oxygen,r0855,-19.6338,-3.74346e-12,26.8049
302,6,zone_3,glucose,r1032,-9.06564,4.11793e-12,4.85125
302,6,zone_3,oxygen,r0855,-19.6338,-3.74346e-12,26.8049
302,3,zone_2,glucose,r1032,-9.06564,4.11793e-12,4.85125
302,3,zone_2,oxygen,r0855,-19.6568,-3.74346e-12,28.6359
302,3,zone_2,glucose,r1032,-9.06564,4.11793e-12,4.85125
302,3,zone_2,oxygen,r0855,-19.6568,-3.74346e-12,28.6359
302,7,zone_3,glucose,r1032,-9.06564,4.11793e-12,4.85125
302,7,zone_3,oxygen,r0855,-19.6316,-3.74346e-12,26.646
302,7,zone_3,glucose,r1032,-9.06564,4.11793e-12,4.85125
302,7,zone_3,oxygen,r0855,-19.6316,-3.74346e-12,26.646
304,0,zone_1,glucose,r1032,-9.06547,4.11793e-12,4.85028
304,0,zone_1,oxygen,r0855,-19.6602,-3.74346e-12,28.9294
304,0,zone_1,glucose,r1032,-9.06547,4.11793e-12,4.85028
304,0,zone_1,oxygen,r0855,-19.6602,-3.74346e-12,28.9294
304,8,zone_3,glucose,r1032,-9.06547,4.11793e-12,4.85028
304,8,zone_3,oxygen,r0855,-19.6292,-3.74346e-12,26.4672
304,8,zone_3,glucose,r1032,-9.06547,4.11793e-12,4.85028
304,8,zone_3,oxygen,r0855,-19.6292,-3.74346e-12,26.4672
304,4,zone_2,glucose,r1032,-9.06547,4.11793e-12,4.85028
304,4,zone_2,oxygen,r0855,-19.6555,-3.74346e-12,28.5262
304,4,zone_2,glucose,r1032,-9.06547,4.11793e-12,4.85028
304,4,zone_2,oxygen,r0855,-19.6555,-3.74346e-12,28.5262
304,1,zone_1,glucose,r1032,-9.06547,4.11793e-12,4.85028
304,1,zone_1,oxygen,r0855,-19.6602,-3.74346e-12,28.9294
304,1,zone_1,glucose,r1032,-9.06547,4.11793e-12,4.85028
304,1,zone_1,oxygen,r0855,-19.6602,-3.74346e-12,28.9294
304,5,zone_2,glucose,r1032,-9.06547,4.11793e-12,4.85028
304,5,zone_2,oxygen,r0855,-19.6551,-3.74346e-12,28.4941
304,5,zone_2,glucose,r1032,-9.06547,4.11793e-12,4.85028
304,5,zone_2,oxygen,r0855,-19.6551,-3.74346e-12,28.4941
304,2,zone_1,glucose,r1032,-9.06547,4.11793e-12,4.85028
304,2,zone_1,oxygen,r0855,-19.6598,-3.74346e-12,28.8962
304,2,zone_1,glucose,r1032,-9.06547,4.11793e-12,4.85028
304,2,zone_1,oxygen,r0855,-19.6598,-3.74346e-12,28.8962
304,6,zone_3,glucose,r1032,-9.06547,4.11793e-12,4.85028
304,6,zone_3,oxygen,r0855,-19.6329,-3.74346e-12,26.7382
304,6,zone_3,glucose,r1032,-9.06547,4.11793e-12,4.85028
304,6,zone_3,oxygen,r0855,-19.6329,-3.74346e-12,26.7382
304,3,zone_2,glucose,r1032,-9.06547,4.11793e-12,4.85028
304,3,zone_2,oxygen,r0855,-19.656,-3.74346e-12,28.5659
304,3,zone_2,glucose,r1032,-9.06547,4.11793e-12,4.85028
304,3,zone_2,oxygen,r0855,-19.656,-3.74346e-12,28.5659
304,7,zone_3,glucose,r1032,-9.06547,4.11793e-12,4.85028
304,7,zone_3,oxygen,r0855,-19.6307,-3.74346e-12,26.5797
304,7,zone_3,glucose,r1032,-9.06547,4.11793e-12,4.85028
304,7,zone_3,oxygen,r0855,-19.6307,-3.74346e-12,26.5797
306,8,zone_3,glucose,r1032,-9.0653,4.11793e-12,4.84931
306,8,zone_3,oxygen,r0855,-19.6283,-3.74346e-12,26.4015
306,8,zone_3,glucose,r1032,-9.0653,4.11793e-12,4.84931
306,8,zone_3,oxygen,r0855,-19.6283,-3.74346e-12,26.4015
306,0,zone_1,glucose,r1032,-9.0653,4.11793e-12,4.84931
306,0,zone_1,oxygen,r0855,-19.6594,-3.74346e-12,28.8595
306,0,zone_1,glucose,r1032,-9.0653,4.11793e-12,4.84931
306,0,zone_1,oxygen,r0855,-19.6594,-3.74346e-12,28.8595
306,4,zone_2,glucose,r1032,-9.0653,4.11793e-12,4.84931
306,4,zone_2,oxygen,r0855,-19.6547,-3.74346e-12,28.4565
306,4,zone_2,glucose,r1032,-9.0653,4.11793e-12,4.84931
306,4,zone_2,oxygen,r0855,-19.6547,-3.74346e-12,28.4565
306,1,zone_1,glucose,r1032,-9.0653,4.11793e-12,4.84931
306,1,zone_1,oxygen,r0855,-19.6594,-3.74346e-12,28.8595
306,1,zone_1,glucose,r1032,-9.0653,4.11793e-12,4.84931
306,1,zone_1,oxygen,r0855,-19.6594,-3.74346e-12,28.8595
306,5,zone_2,glucose,r1032,-9.0653,4.11793e-12,4.84931
306,5,zone_2,oxygen,r0855,-19.6543,-3.74346e-12,28.4243
306,5,zone_2,glucose,r1032,-9.0653,4.11793e-12,4.84931
306,5,zone_2,oxygen,r0855,-19.6543,-3.74346e-12,28.4243
306,2,zone_1,glucose,r1032,-9.0653,4.11793e-12,4.84931
306,2,zone_1,oxygen,r0855,-19.659,-3.74346e-12,28.8261
306,2,zone_1,glucose,r1032,-9.0653,4.11793e-12,4.84931
306,2,zone_1,oxygen,r0855,-19.659,-3.74346e-12,28.8261
306,6,zone_3,glucose,r1032,-9.0653,4.11793e-12,4.84931
306,6,zone_3,oxygen,r0855,-19.632,-3.74346e-12,26.6719
306,6,zone_3,glucose,r1032,-9.0653,4.11793e-12,4.84931
306,6,zone_3,oxygen,r0855,-19.632,-3.74346e-12,26.6719
306,3,zone_2,glucose,r1032,-9.0653,4.11793e-12,4.84931
306,3,zone_2,oxygen,r0855,-19.6551,-3.74346e-12,28.4961
306,3,zone_2,glucose,r1032,-9.0653,4.11793e-12,4.84931
306,3,zone_2,oxygen,r0855,-19.6551,-3.74346e-12,28.4961
306,7,zone_3,glucose,r1032,-9.0653,4.11793e-12,4.84931
306,7,zone_3,oxygen,r0855,-19.6298,-3.74346e-12,26.5137
306,7,zone_3,glucose,r1032,-9.0653,4.11793e-12,4.84931
306,7,zone_3,oxygen,r0855,-19.6298,-3.74346e-12,26.5137
308,0,zone_1,glucose,r1032,-9.06513,4.11793e-12,4.84834
308,0,zone_1,oxygen,r0855,-19.6586,-3.74346e-12,28.7898
308,0,zone_1,glucose,r1032,-9.06513,4.11793e-12,4.84834
308,0,zone_1,oxygen,r0855,-19.6586,-3.74346e-12,28.7898
308,8,zone_3,glucose,r1032,-9.06513,4.11793e-12,4.84834
308,8,zone_3,oxygen,r0855,-19.6274,-3.74346e-12,26.336
308,4,zone_2,glucose,r1032,-9.06513,4.11793e-12,4.84834
308,4,zone_2,oxygen,r0855,-19.6538,-3.74346e-12,28.387
308,8,zone_3,glucose,r1032,-9.06513,4.11793e-12,4.84834
308,8,zone_3,oxygen,r0855,-19.6274,-3.74346e-12,26.336
308,4,zone_2,glucose,r1032,-9.06513,4.11793e-12,4.84834
308,4,zone_2,oxygen,r0855,-19.6538,-3.74346e-12,28.387
308,1,zone_1,glucose,r1032,-9.06513,4.11793e-12,4.84834
308,1,zone_1,oxygen,r0855,-19.6586,-3.74346e-12,28.7898
308,1,zone_1,glucose,r1032,-9.06513,4.11793e-12,4.84834
308,1,zone_1,oxygen,r0855,-19.6586,-3.74346e-12,28.7898
308,5,zone_2,glucose,r1032,-9.06513,4.11793e-12,4.84834
308,5,zone_2,oxygen,r0855,-19.6534,-3.74346e-12,28.3549
308,5,zone_2,glucose,r1032,-9.06513,4.11793e-12,4.84834
308,5,zone_2,oxygen,r0855,-19.6534,-3.74346e-12,28.3549
308,2,zone_1,glucose,r1032,-9.06513,4.11793e-12,4.84834
308,2,zone_1,oxygen,r0855,-19.6582,-3.74346e-12,28.7564
308,2,zone_1,glucose,r1032,-9.06513,4.11793e-12,4.84834
308,2,zone_1,oxygen,r0855,-19.6582,-3.74346e-12,28.7564
308,6,zone_3,glucose,r1032,-9.06513,4.11793e-12,4.84834
308,6,zone_3,oxygen,r0855,-19.6311,-3.74346e-12,26.6058
308,6,zone_3,glucose,r1032,-9.06513,4.11793e-12,4.84834
308,6,zone_3,oxygen,r0855,-19.6311,-3.74346e-12,26.6058
308,3,zone_2,glucose,r1032,-9.06513,4.11793e-12,4.84834
308,3,zone_2,oxygen,r0855,-19.6543,-3.74346e-12,28.4267
308,3,zone_2,glucose,r1032,-9.06513,4.11793e-12,4.84834
308,3,zone_2,oxygen,r0855,-19.6543,-3.74346e-12,28.4267
308,7,zone_3,glucose,r1032,-9.06513,4.11793e-12,4.84834
308,7,zone_3,oxygen,r0855,-19.6289,-3.74346e-12,26.448
308,7,zone_3,glucose,r1032,-9.06513,4.11793e-12,4.84834
308,7,zone_3,oxygen,r0855,-19.6289,-3.74346e-12,26.448
310,0,zone_1,glucose,r1032,-9.06496,4.11793e-12,4.84737
310,0,zone_1,oxygen,r0855,-19.6578,-3.74346e-12,28.7205
310,0,zone_1,glucose,r1032,-9.06496,4.11793e-12,4.84737
310,0,zone_1,oxygen,r0855,-19.6578,-3.74346e-12,28.7205
310,8,zone_3,glucose,r1032,-9.06496,4.11793e-12,4.84737
310,8,zone_3,oxygen,r0855,-19.6265,-3.74346e-12,26.2708
310,8,zone_3,glucose,r1032,-9.06496,4.11793e-12,4.84737
310,8,zone_3,oxygen,r0855,-19.6265,-3.74346e-12,26.2708
310,4,zone_2,glucose,r1032,-9.06496,4.11793e-12,4.84737
310,4,zone_2,oxygen,r0855,-19.653,-3.74346e-12,28.3179
310,4,zone_2,glucose,r1032,-9.06496,4.11793e-12,4.84737
310,4,zone_2,oxygen,r0855,-19.653,-3.74346e-12,28.3179
310,1,zone_1,glucose,r1032,-9.06496,4.11793e-12,4.84737
310,1,zone_1,oxygen,r0855,-19.6578,-3.74346e-12,28.7205
310,1,zone_1,glucose,r1032,-9.06496,4.11793e-12,4.84737
310,1,zone_1,oxygen,r0855,-19.6578,-3.74346e-12,28.7205
310,5,zone_2,glucose,r1032,-9.06496,4.11793e-12,4.84737
310,5,zone_2,oxygen,r0855,-19.6526,-3.74346e-12,28.2857
310,5,zone_2,glucose,r1032,-9.06496,4.11793e-12,4.84737
310,5,zone_2,oxygen,r0855,-19.6526,-3.74346e-12,28.2857
310,2,zone_1,glucose,r1032,-9.06496,4.11793e-12,4.84737
310,2,zone_1,oxygen,r0855,-19.6574,-3.74346e-12,28.687
310,2,zone_1,glucose,r1032,-9.06496,4.11793e-12,4.84737
310,2,zone_1,oxygen,r0855,-19.6574,-3.74346e-12,28.687
310,6,zone_3,glucose,r1032,-9.06496,4.11793e-12,4.84737
310,6,zone_3,oxygen,r0855,-19.6302,-3.74346e-12,26.54
310,6,zone_3,glucose,r1032,-9.06496,4.11793e-12,4.84737
310,6,zone_3,oxygen,r0855,-19.6302,-3.74346e-12,26.54
310,3,zone_2,glucose,r1032,-9.06496,4.11793e-12,4.84737
310,3,zone_2,oxygen,r0855,-19.6535,-3.74346e-12,28.3575
310,3,zone_2,glucose,r1032,-9.06496,4.11793e-12,4.84737
310,3,zone_2,oxygen,r0855,-19.6535,-3.74346e-12,28.3575
310,7,zone_3,glucose,r1032,-9.06496,4.11793e-12,4.84737
310,7,zone_3,oxygen,r0855,-19.628,-3.74346e-12,26.3826
310,7,zone_3,glucose,r1032,-9.06496,4.11793e-12,4.84737
310,7,zone_3,oxygen,r0855,-19.628,-3.74346e-12,26.3826
312,0,zone_1,glucose,r1032,-9.06479,4.11793e-12,4.8464
312,0,zone_1,oxygen,r0855,-19.657,-3.74346e-12,28.6514
312,0,zone_1,glucose,r1032,-9.06479,4.11793e-12,4.8464
312,0,zone_1,oxygen,r0855,-19.657,-3.74346e-12,28.6514
312,8,zone_3,glucose,r1032,-9.06479,4.11793e-12,4.8464
312,8,zone_3,oxygen,r0855,-19.6256,-3.74346e-12,26.2059
312,8,zone_3,glucose,r1032,-9.06479,4.11793e-12,4.8464
312,8,zone_3,oxygen,r0855,-19.6256,-3.74346e-12,26.2059
312,4,zone_2,glucose,r1032,-9.06479,4.11793e-12,4.8464
312,4,zone_2,oxygen,r0855,-19.6522,-3.74346e-12,28.249
312,4,zone_2,glucose,r1032,-9.06479,4.11793e-12,4.8464
312,4,zone_2,oxygen,r0855,-19.6522,-3.74346e-12,28.249
312,1,zone_1,glucose,r1032,-9.06479,4.11793e-12,4.8464
312,1,zone_1,oxygen,r0855,-19.657,-3.74346e-12,28.6514
312,1,zone_1,glucose,r1032,-9.06479,4.11793e-12,4.8464
312,1,zone_1,oxygen,r0855,-19.657,-3.74346e-12,28.6514
312,5,zone_2,glucose,r1032,-9.06479,4.11793e-12,4.8464
312,5,zone_2,oxygen,r0855,-19.6518,-3.74346e-12,28.2169
312,5,zone_2,glucose,r1032,-9.06479,4.11793e-12,4.8464
312,5,zone_2,oxygen,r0855,-19.6518,-3.74346e-12,28.2169
312,2,zone_1,glucose,r1032,-9.06479,4.11793e-12,4.8464
312,2,zone_1,oxygen,r0855,-19.6566,-3.74346e-12,28.6178
312,2,zone_1,glucose,r1032,-9.06479,4.11793e-12,4.8464
312,2,zone_1,oxygen,r0855,-19.6566,-3.74346e-12,28.6178
312,6,zone_3,glucose,r1032,-9.06479,4.11793e-12,4.8464
312,6,zone_3,oxygen,r0855,-19.6293,-3.74346e-12,26.4745
312,6,zone_3,glucose,r1032,-9.06479,4.11793e-12,4.8464
312,6,zone_3,oxygen,r0855,-19.6293,-3.74346e-12,26.4745
312,3,zone_2,glucose,r1032,-9.06479,4.11793e-12,4.8464
312,3,zone_2,oxygen,r0855,-19.6526,-3.74346e-12,28.2887
312,3,zone_2,glucose,r1032,-9.06479,4.11793e-12,4.8464
312,3,zone_2,oxygen,r0855,-19.6526,-3.74346e-12,28.2887
312,7,zone_3,glucose,r1032,-9.06479,4.11793e-12,4.8464
312,7,zone_3,oxygen,r0855,-19.6271,-3.74346e-12,26.3174
312,7,zone_3,glucose,r1032,-9.06479,4.11793e-12,4.8464
312,7,zone_3,oxygen,r0855,-19.6271,-3.74346e-12,26.3174
314,0,zone_1,glucose,r1032,-9.06462,4.11793e-12,4.84543
314,0,zone_1,oxygen,r0855,-19.6562,-3.74346e-12,28.5827
314,0,zone_1,glucose,r1032,-9.06462,4.11793e-12,4.84543
314,0,zone_1,oxygen,r0855,-19.6562,-3.74346e-12,28.5827
314,4,zone_2,glucose,r1032,-9.06462,4.11793e-12,4.84543
314,4,zone_2,oxygen,r0855,-19.6513,-3.74346e-12,28.1804
314,4,zone_2,glucose,r1032,-9.06462,4.11793e-12,4.84543
314,4,zone_2,oxygen,r0855,-19.6513,-3.74346e-12,28.1804
314,8,zone_3,glucose,r1032,-9.06462,4.11793e-12,4.84543
314,8,zone_3,oxygen,r0855,-19.6246,-3.74346e-12,26.1413
314,8,zone_3,glucose,r1032,-9.06462,4.11793e-12,4.84543
314,8,zone_3,oxygen,r0855,-19.6246,-3.74346e-12,26.1413
314,1,zone_1,glucose,r1032,-9.06462,4.11793e-12,4.84543
314,1,zone_1,oxygen,r0855,-19.6562,-3.74346e-12,28.5827
314,1,zone_1,glucose,r1032,-9.06462,4.11793e-12,4.84543
314,1,zone_1,oxygen,r0855,-19.6562,-3.74346e-12,28.5827
314,5,zone_2,glucose,r1032,-9.06462,4.11793e-12,4.84543
314,5,zone_2,oxygen,r0855,-19.6509,-3.74346e-12,28.1483
314,5,zone_2,glucose,r1032,-9.06462,4.11793e-12,4.84543
314,5,zone_2,oxygen,r0855,-19.6509,-3.74346e-12,28.1483
314,2,zone_1,glucose,r1032,-9.06462,4.11793e-12,4.84543
314,2,zone_1,oxygen,r0855,-19.6558,-3.74346e-12,28.549
314,2,zone_1,glucose,r1032,-9.06462,4.11793e-12,4.84543
314,2,zone_1,oxygen,r0855,-19.6558,-3.74346e-12,28.549
314,6,zone_3,glucose,r1032,-9.06462,4.11793e-12,4.84543
314,6,zone_3,oxygen,r0855,-19.6284,-3.74346e-12,26.4092
314,6,zone_3,glucose,r1032,-9.06462,4.11793e-12,4.84543
314,6,zone_3,oxygen,r0855,-19.6284,-3.74346e-12,26.4092
314,3,zone_2,glucose,r1032,-9.06462,4.11793e-12,4.84543
314,3,zone_2,oxygen,r0855,-19.6518,-3.74346e-12,28.2201
314,3,zone_2,glucose,r1032,-9.06462,4.11793e-12,4.84543
314,3,zone_2,oxygen,r0855,-19.6518,-3.74346e-12,28.2201
314,7,zone_3,glucose,r1032,-9.06462,4.11793e-12,4.84543
314,7,zone_3,oxygen,r0855,-19.6262,-3.74346e-12,26.2525
314,7,zone_3,glucose,r1032,-9.06462,4.11793e-12,4.84543
314,7,zone_3,oxygen,r0855,-19.6262,-3.74346e-12,26.2525
316,8,zone_3,glucose,r1032,-9.06445,4.11793e-12,4.84447
316,8,zone_3,oxygen,r0855,-19.6237,-3.74346e-12,26.077
316,0,zone_1,glucose,r1032,-9.06445,4.11793e-12,4.84447
316,0,zone_1,oxygen,r0855,-19.6553,-3.74346e-12,28.5142
316,8,zone_3,glucose,r1032,-9.06445,4.11793e-12,4.84447
316,8,zone_3,oxygen,r0855,-19.6237,-3.74346e-12,26.077
316,0,zone_1,glucose,r1032,-9.06445,4.11793e-12,4.84447
316,0,zone_1,oxygen,r0855,-19.6553,-3.74346e-12,28.5142
316,4,zone_2,glucose,r1032,-9.06445,4.11793e-12,4.84447
316,4,zone_2,oxygen,r0855,-19.6505,-3.74346e-12,28.1122
316,4,zone_2,glucose,r1032,-9.06445,4.11793e-12,4.84447
316,4,zone_2,oxygen,r0855,-19.6505,-3.74346e-12,28.1122
316,1,zone_1,glucose,r1032,-9.06445,4.11793e-12,4.84447
316,1,zone_1,oxygen,r0855,-19.6553,-3.74346e-12,28.5142
316,1,zone_1,glucose,r1032,-9.06445,4.11793e-12,4.84447
316,1,zone_1,oxygen,r0855,-19.6553,-3.74346e-12,28.5142
316,5,zone_2,glucose,r1032,-9.06445,4.11793e-12,4.84447
316,5,zone_2,oxygen,r0855,-19.6501,-3.74346e-12,28.08
316,5,zone_2,glucose,r1032,-9.06445,4.11793e-12,4.84447
316,5,zone_2,oxygen,r0855,-19.6501,-3.74346e-12,28.08
316,2,zone_1,glucose,r1032,-9.06445,4.11793e-12,4.84447
316,2,zone_1,oxygen,r0855,-19.6549,-3.74346e-12,28.4804
316,2,zone_1,glucose,r1032,-9.06445,4.11793e-12,4.84447
316,2,zone_1,oxygen,r0855,-19.6549,-3.74346e-12,28.4804
316,6,zone_3,glucose,r1032,-9.06445,4.11793e-12,4.84447
316,6,zone_3,oxygen,r0855,-19.6275,-3.74346e-12,26.3443
316,6,zone_3,glucose,r1032,-9.06445,4.11793e-12,4.84447
316,6,zone_3,oxygen,r0855,-19.6275,-3.74346e-12,26.3443
316,3,zone_2,glucose,r1032,-9.06445,4.11793e-12,4.84447
316,3,zone_2,oxygen,r0855,-19.651,-3.74346e-12,28.1519
316,3,zone_2,glucose,r1032,-9.06445,4.11793e-12,4.84447
316,3,zone_2,oxygen,r0855,-19.651,-3.74346e-12,28.1519
316,7,zone_3,glucose,r1032,-9.06445,4.11793e-12,4.84447
316,7,zone_3,oxygen,r0855,-19.6253,-3.74346e-12,26.1879
316,7,zone_3,glucose,r1032,-9.06445,4.11793e-12,4.84447
316,7,zone_3,oxygen,r0855,-19.6253,-3.74346e-12,26.1879
318,8,zone_3,glucose,r1032,-9.06428,4.11793e-12,4.8435
318,8,zone_3,oxygen,r0855,-19.6228,-3.74346e-12,26.0129
318,8,zone_3,glucose,r1032,-9.06428,4.11793e-12,4.8435
318,8,zone_3,oxygen,r0855,-19.6228,-3.74346e-12,26.0129
318,0,zone_1,glucose,r1032,-9.06428,4.11793e-12,4.8435
318,0,zone_1,oxygen,r0855,-19.6545,-3.74346e-12,28.446
318,0,zone_1,glucose,r1032,-9.06428,4.11793e-12,4.8435
318,0,zone_1,oxygen,r0855,-19.6545,-3.74346e-12,28.446
318,4,zone_2,glucose,r1032,-9.06428,4.11793e-12,4.8435
318,4,zone_2,oxygen,r0855,-19.6497,-3.74346e-12,28.0442
318,4,zone_2,glucose,r1032,-9.06428,4.11793e-12,4.8435
318,4,zone_2,oxygen,r0855,-19.6497,-3.74346e-12,28.0442
318,1,zone_1,glucose,r1032,-9.06428,4.11793e-12,4.8435
318,1,zone_1,oxygen,r0855,-19.6545,-3.74346e-12,28.446
318,1,zone_1,glucose,r1032,-9.06428,4.11793e-12,4.8435
318,1,zone_1,oxygen,r0855,-19.6545,-3.74346e-12,28.446
318,5,zone_2,glucose,r1032,-9.06428,4.11793e-12,4.8435
318,5,zone_2,oxygen,r0855,-19.6493,-3.74346e-12,28.0121
318,5,zone_2,glucose,r1032,-9.06428,4.11793e-12,4.8435
318,5,zone_2,oxygen,r0855,-19.6493,-3.74346e-12,28.0121
318,2,zone_1,glucose,r1032,-9.06428,4.11793e-12,4.8435
318,2,zone_1,oxygen,r0855,-19.6541,-3.74346e-12,28.4121
318,2,zone_1,glucose,r1032,-9.06428,4.11793e-12,4.8435
318,2,zone_1,oxygen,r0855,-19.6541,-3.74346e-12,28.4121
318,6,zone_3,glucose,r1032,-9.06428,4.11793e-12,4.8435
318,6,zone_3,oxygen,r0855,-19.6266,-3.74346e-12,26.2796
318,6,zone_3,glucose,r1032,-9.06428,4.11793e-12,4.8435
318,6,zone_3,oxygen,r0855,-19.6266,-3.74346e-12,26.2796
318,3,zone_2,glucose,r1032,-9.06428,4.11793e-12,4.8435
318,3,zone_2,oxygen,r0855,-19.6502,-3.74346e-12,28.0839
318,3,zone_2,glucose,r1032,-9.06428,4.11793e-12,4.8435
318,3,zone_2,oxygen,r0855,-19.6502,-3.74346e-12,28.0839
318,7,zone_3,glucose,r1032,-9.06428,4.11793e-12,4.8435
318,7,zone_3,oxygen,r0855,-19.6244,-3.74346e-12,26.1236
318,7,zone_3,glucose,r1032,-9.06428,4.11793e-12,4.8435
318,7,zone_3,oxygen,r0855,-19.6244,-3.74346e-12,26.1236
320,0,zone_1,glucose,r1032,-9.06411,4.11793e-12,4.84253
320,0,zone_1,oxygen,r0855,-19.6537,-3.74346e-12,28.3782
320,0,zone_1,glucose,r1032,-9.06411,4.11793e-12,4.84253
320,0,zone_1,oxygen,r0855,-19.6537,-3.74346e-12,28.3782
320,4,zone_2,glucose,r1032,-9.06411,4.11793e-12,4.84253
320,4,zone_2,oxygen,r0855,-19.6488,-3.74346e-12,27.9765
320,4,zone_2,glucose,r1032,-9.06411,4.11793e-12,4.84253
320,4,zone_2,oxygen,r0855,-19.6488,-3.74346e-12,27.9765
320,1,zone_1,glucose,r1032,-9.06411,4.11793e-12,4.84253
320,1,zone_1,oxygen,r0855,-19.6537,-3.74346e-12,28.3782
320,1,zone_1,glucose,r1032,-9.06411,4.11793e-12,4.84253
320,1,zone_1,oxygen,r0855,-19.6537,-3.74346e-12,28.3782
320,8,zone_3,glucose,r1032,-9.06411,4.11793e-12,4.84253
320,8,zone_3,oxygen,r0855,-19.6219,-3.74346e-12,25.9491
320,8,zone_3,glucose,r1032,-9.06411,4.11793e-12,4.84253
320,8,zone_3,oxygen,r0855,-19.6219,-3.74346e-12,25.9491
320,5,zone_2,glucose,r1032,-9.06411,4.11793e-12,4.84253
320,5,zone_2,oxygen,r0855,-19.6484,-3.74346e-12,27.9444
320,2,zone_1,glucose,r1032,-9.06411,4.11793e-12,4.84253
320,2,zone_1,oxygen,r0855,-19.6533,-3.74346e-12,28.3442
320,5,zone_2,glucose,r1032,-9.06411,4.11793e-12,4.84253
320,5,zone_2,oxygen,r0855,-19.6484,-3.74346e-12,27.9444
320,2,zone_1,glucose,r1032,-9.06411,4.11793e-12,4.84253
320,2,zone_1,oxygen,r0855,-19.6533,-3.74346e-12,28.3442
320,3,zone_2,glucose,r1032,-9.06411,4.11793e-12,4.84253
320,3,zone_2,oxygen,r0855,-19.6493,-3.74346e-12,28.0162
320,3,zone_2,glucose,r1032,-9.06411,4.11793e-12,4.84253
320,3,zone_2,oxygen,r0855,-19.6493,-3.74346e-12,28.0162
320,6,zone_3,glucose,r1032,-9.06411,4.11793e-12,4.84253
320,6,zone_3,oxygen,r0855,-19.6257,-3.74346e-12,26.2152
320,6,zone_3,glucose,r1032,-9.06411,4.11793e-12,4.84253
320,6,zone_3,oxygen,r0855,-19.6257,-3.74346e-12,26.2152
320,7,zone_3,glucose,r1032,-9.06411,4.11793e-12,4.84253
320,7,zone_3,oxygen,r0855,-19.6235,-3.74346e-12,26.0595
320,7,zone_3,glucose,r1032,-9.06411,4.11793e-12,4.84253
320,7,zone_3,oxygen,r0855,-19.6235,-3.74346e-12,26.0595
322,4,zone_2,glucose,r1032,-9.06394,4.11793e-12,4.84156
322,4,zone_2,oxygen,r0855,-19.648,-3.74346e-12,27.9091
322,0,zone_1,glucose,r1032,-9.06394,4.11793e-12,4.84156
322,0,zone_1,oxygen,r0855,-19.6529,-3.74346e-12,28.3106
322,4,zone_2,glucose,r1032,-9.06394,4.11793e-12,4.84156
322,4,zone_2,oxygen,r0855,-19.648,-3.74346e-12,27.9091
322,0,zone_1,glucose,r1032,-9.06394,4.11793e-12,4.84156
322,0,zone_1,oxygen,r0855,-19.6529,-3.74346e-12,28.3106
322,8,zone_3,glucose,r1032,-9.06394,4.11793e-12,4.84156
322,8,zone_3,oxygen,r0855,-19.621,-3.74346e-12,25.8856
322,8,zone_3,glucose,r1032,-9.06394,4.11793e-12,4.84156
322,8,zone_3,oxygen,r0855,-19.621,-3.74346e-12,25.8856
322,1,zone_1,glucose,r1032,-9.06394,4.11793e-12,4.84156
322,1,zone_1,oxygen,r0855,-19.6529,-3.74346e-12,28.3106
322,1,zone_1,glucose,r1032,-9.06394,4.11793e-12,4.84156
322,1,zone_1,oxygen,r0855,-19.6529,-3.74346e-12,28.3106
322,5,zone_2,glucose,r1032,-9.06394,4.11793e-12,4.84156
322,5,zone_2,oxygen,r0855,-19.6476,-3.74346e-12,27.877
322,5,zone_2,glucose,r1032,-9.06394,4.11793e-12,4.84156
322,5,zone_2,oxygen,r0855,-19.6476,-3.74346e-12,27.877
322,2,zone_1,glucose,r1032,-9.06394,4.11793e-12,4.84156
322,2,zone_1,oxygen,r0855,-19.6525,-3.74346e-12,28.2765
322,2,zone_1,glucose,r1032,-9.06394,4.11793e-12,4.84156
322,2,zone_1,oxygen,r0855,-19.6525,-3.74346e-12,28.2765
322,6,zone_3,glucose,r1032,-9.06394,4.11793e-12,4.84156
322,6,zone_3,oxygen,r0855,-19.6248,-3.74346e-12,26.151
322,6,zone_3,glucose,r1032,-9.06394,4.11793e-12,4.84156
322,6,zone_3,oxygen,r0855,-19.6248,-3.74346e-12,26.151
322,3,zone_2,glucose,r1032,-9.06394,4.11793e-12,4.84156
322,3,zone_2,oxygen,r0855,-19.6485,-3.74346e-12,27.9488
322,3,zone_2,glucose,r1032,-9.06394,4.11793e-12,4.84156
322,3,zone_2,oxygen,r0855,-19.6485,-3.74346e-12,27.9488
322,7,zone_3,glucose,r1032,-9.06394,4.11793e-12,4.84156
322,7,zone_3,oxygen,r0855,-19.6226,-3.74346e-12,25.9958
322,7,zone_3,glucose,r1032,-9.06394,4.11793e-12,4.84156
322,7,zone_3,oxygen,r0855,-19.6226,-3.74346e-12,25.9958
324,4,zone_2,glucose,r1032,-9.06377,4.11793e-12,4.84059
324,4,zone_2,oxygen,r0855,-19.6472,-3.74346e-12,27.842
324,4,zone_2,glucose,r1032,-9.06377,4.11793e-12,4.84059
324,4,zone_2,oxygen,r0855,-19.6472,-3.74346e-12,27.842
324,0,zone_1,glucose,r1032,-9.06377,4.11793e-12,4.84059
324,0,zone_1,oxygen,r0855,-19.6521,-3.74346e-12,28.2433
324,0,zone_1,glucose,r1032,-9.06377,4.11793e-12,4.84059
324,0,zone_1,oxygen,r0855,-19.6521,-3.74346e-12,28.2433
324,8,zone_3,glucose,r1032,-9.06377,4.11793e-12,4.84059
324,8,zone_3,oxygen,r0855,-19.6201,-3.74346e-12,25.8223
324,8,zone_3,glucose,r1032,-9.06377,4.11793e-12,4.84059
324,8,zone_3,oxygen,r0855,-19.6201,-3.74346e-12,25.8223
324,1,zone_1,glucose,r1032,-9.06377,4.11793e-12,4.84059
324,1,zone_1,oxygen,r0855,-19.6521,-3.74346e-12,28.2433
324,1,zone_1,glucose,r1032,-9.06377,4.11793e-12,4.84059
324,1,zone_1,oxygen,r0855,-19.6521,-3.74346e-12,28.2433
324,5,zone_2,glucose,r1032,-9.06377,4.11793e-12,4.84059
324,5,zone_2,oxygen,r0855,-19.6468,-3.74346e-12,27.8098
324,5,zone_2,glucose,r1032,-9.06377,4.11793e-12,4.84059
324,5,zone_2,oxygen,r0855,-19.6468,-3.74346e-12,27.8098
324,2,zone_1,glucose,r1032,-9.06377,4.11793e-12,4.84059
324,2,zone_1,oxygen,r0855,-19.6517,-3.74346e-12,28.2091
324,2,zone_1,glucose,r1032,-9.06377,4.11793e-12,4.84059
324,2,zone_1,oxygen,r0855,-19.6517,-3.74346e-12,28.2091
324,6,zone_3,glucose,r1032,-9.06377,4.11793e-12,4.84059
324,6,zone_3,oxygen,r0855,-19.6239,-3.74346e-12,26.0872
324,6,zone_3,glucose,r1032,-9.06377,4.11793e-12,4.84059
324,6,zone_3,oxygen,r0855,-19.6239,-3.74346e-12,26.0872
324,3,zone_2,glucose,r1032,-9.06377,4.11793e-12,4.84059
324,3,zone_2,oxygen,r0855,-19.6477,-3.74346e-12,27.8817
324,3,zone_2,glucose,r1032,-9.06377,4.11793e-12,4.84059
324,3,zone_2,oxygen,r0855,-19.6477,-3.74346e-12,27.8817
324,7,zone_3,glucose,r1032,-9.06377,4.11793e-12,4.84059
324,7,zone_3,oxygen,r0855,-19.6217,-3.74346e-12,25.9323
324,7,zone_3,glucose,r1032,-9.06377,4.11793e-12,4.84059
324,7,zone_3,oxygen,r0855,-19.6217,-3.74346e-12,25.9323
326,8,zone_3,glucose,r1032,-9.0636,4.11793e-12,4.83962
326,8,zone_3,oxygen,r0855,-19.6192,-3.74346e-12,25.7594
326,8,zone_3,glucose,r1032,-9.0636,4.11793e-12,4.83962
326,8,zone_3,oxygen,r0855,-19.6192,-3.74346e-12,25.7594
326,0,zone_1,glucose,r1032,-9.0636,4.11793e-12,4.83962
326,0,zone_1,oxygen,r0855,-19.6513,-3.74346e-12,28.1762
326,0,zone_1,glucose,r1032,-9.0636,4.11793e-12,4.83962
326,0,zone_1,oxygen,r0855,-19.6513,-3.74346e-12,28.1762
326,4,zone_2,glucose,r1032,-9.0636,4.11793e-12,4.83962
326,4,zone_2,oxygen,r0855,-19.6463,-3.74346e-12,27.7751
326,4,zone_2,glucose,r1032,-9.0636,4.11793e-12,4.83962
326,4,zone_2,oxygen,r0855,-19.6463,-3.74346e-12,27.7751
326,1,zone_1,glucose,r1032,-9.0636,4.11793e-12,4.83962
326,1,zone_1,oxygen,r0855,-19.6513,-3.74346e-12,28.1762
326,1,zone_1,glucose,r1032,-9.0636,4.11793e-12,4.83962
326,1,zone_1,oxygen,r0855,-19.6513,-3.74346e-12,28.1762
326,5,zone_2,glucose,r1032,-9.0636,4.11793e-12,4.83962
326,5,zone_2,oxygen,r0855,-19.6459,-3.74346e-12,27.743
326,5,zone_2,glucose,r1032,-9.0636,4.11793e-12,4.83962
326,5,zone_2,oxygen,r0855,-19.6459,-3.74346e-12,27.743
326,2,zone_1,glucose,r1032,-9.0636,4.11793e-12,4.83962
326,2,zone_1,oxygen,r0855,-19.6509,-3.74346e-12,28.142
326,2,zone_1,glucose,r1032,-9.0636,4.11793e-12,4.83962
326,2,zone_1,oxygen,r0855,-19.6509,-3.74346e-12,28.142
326,6,zone_3,glucose,r1032,-9.0636,4.11793e-12,4.83962
326,6,zone_3,oxygen,r0855,-19.623,-3.74346e-12,26.0236
326,6,zone_3,glucose,r1032,-9.0636,4.11793e-12,4.83962
326,6,zone_3,oxygen,r0855,-19.623,-3.74346e-12,26.0236
326,3,zone_2,glucose,r1032,-9.0636,4.11793e-12,4.83962
326,3,zone_2,oxygen,r0855,-19.6468,-3.74346e-12,27.8149
326,3,zone_2,glucose,r1032,-9.0636,4.11793e-12,4.83962
326,3,zone_2,oxygen,r0855,-19.6468,-3.74346e-12,27.8149
326,7,zone_3,glucose,r1032,-9.0636,4.11793e-12,4.83962
326,7,zone_3,oxygen,r0855,-19.6208,-3.74346e-12,25.869
326,7,zone_3,glucose,r1032,-9.0636,4.11793e-12,4.83962
326,7,zone_3,oxygen,r0855,-19.6208,-3.74346e-12,25.869
328,8,zone_3,glucose,r1032,-9.06343,4.11793e-12,4.83866
328,8,zone_3,oxygen,r0855,-19.6183,-3.74346e-12,25.6966
328,8,zone_3,glucose,r1032,-9.06343,4.11793e-12,4.83866
328,8,zone_3,oxygen,r0855,-19.6183,-3.74346e-12,25.6966
328,4,zone_2,glucose,r1032,-9.06343,4.11793e-12,4.83866
328,4,zone_2,oxygen,r0855,-19.6455,-3.74346e-12,27.7086
328,4,zone_2,glucose,r1032,-9.06343,4.11793e-12,4.83866
328,4,zone_2,oxygen,r0855,-19.6455,-3.74346e-12,27.7086
328,0,zone_1,glucose,r1032,-9.06343,4.11793e-12,4.83866
328,0,zone_1,oxygen,r0855,-19.6505,-3.74346e-12,28.1095
328,0,zone_1,glucose,r1032,-9.06343,4.11793e-12,4.83866
328,0,zone_1,oxygen,r0855,-19.6505,-3.74346e-12,28.1095
328,5,zone_2,glucose,r1032,-9.06343,4.11793e-12,4.83866
328,5,zone_2,oxygen,r0855,-19.6451,-3.74346e-12,27.6765
328,5,zone_2,glucose,r1032,-9.06343,4.11793e-12,4.83866
328,5,zone_2,oxygen,r0855,-19.6451,-3.74346e-12,27.6765
328,1,zone_1,glucose,r1032,-9.06343,4.11793e-12,4.83866
328,1,zone_1,oxygen,r0855,-19.6505,-3.74346e-12,28.1095
328,1,zone_1,glucose,r1032,-9.06343,4.11793e-12,4.83866
328,1,zone_1,oxygen,r0855,-19.6505,-3.74346e-12,28.1095
328,2,zone_1,glucose,r1032,-9.06343,4.11793e-12,4.83866
328,2,zone_1,oxygen,r0855,-19.65,-3.74346e-12,28.0752
328,2,zone_1,glucose,r1032,-9.06343,4.11793e-12,4.83866
328,2,zone_1,oxygen,r0855,-19.65,-3.74346e-12,28.0752
328,6,zone_3,glucose,r1032,-9.06343,4.11793e-12,4.83866
328,6,zone_3,oxygen,r0855,-19.6221,-3.74346e-12,25.9603
328,6,zone_3,glucose,r1032,-9.06343,4.11793e-12,4.83866
328,6,zone_3,oxygen,r0855,-19.6221,-3.74346e-12,25.9603
328,3,zone_2,glucose,r1032,-9.06343,4.11793e-12,4.83866
328,3,zone_2,oxygen,r0855,-19.646,-3.74346e-12,27.7483
328,3,zone_2,glucose,r1032,-9.06343,4.11793e-12,4.83866
328,3,zone_2,oxygen,r0855,-19.646,-3.74346e-12,27.7483
328,7,zone_3,glucose,r1032,-9.06343,4.11793e-12,4.83866
328,7,zone_3,oxygen,r0855,-19.6199,-3.74346e-12,25.8061
328,7,zone_3,glucose,r1032,-9.06343,4.11793e-12,4.83866
328,7,zone_3,oxygen,r0855,-19.6199,-3.74346e-12,25.8061
330,0,zone_1,glucose,r1032,-9.06326,4.11793e-12,4.83769
330,0,zone_1,oxygen,r0855,-19.6497,-3.74346e-12,28.0431
330,0,zone_1,glucose,r1032,-9.06326,4.11793e-12,4.83769
330,0,zone_1,oxygen,r0855,-19.6497,-3.74346e-12,28.0431
330,4,zone_2,glucose,r1032,-9.06326,4.11793e-12,4.83769
330,4,zone_2,oxygen,r0855,-19.6447,-3.74346e-12,27.6423
330,4,zone_2,glucose,r1032,-9.06326,4.11793e-12,4.83769
330,4,zone_2,oxygen,r0855,-19.6447,-3.74346e-12,27.6423
330,8,zone_3,glucose,r1032,-9.06326,4.11793e-12,4.83769
330,8,zone_3,oxygen,r0855,-19.6174,-3.74346e-12,25.6342
330,8,zone_3,glucose,r1032,-9.06326,4.11793e-12,4.83769
330,8,zone_3,oxygen,r0855,-19.6174,-3.74346e-12,25.6342
330,1,zone_1,glucose,r1032,-9.06326,4.11793e-12,4.83769
330,1,zone_1,oxygen,r0855,-19.6497,-3.74346e-12,28.0431
330,1,zone_1,glucose,r1032,-9.06326,4.11793e-12,4.83769
330,1,zone_1,oxygen,r0855,-19.6497,-3.74346e-12,28.0431
330,5,zone_2,glucose,r1032,-9.06326,4.11793e-12,4.83769
330,5,zone_2,oxygen,r0855,-19.6443,-3.74346e-12,27.6102
330,5,zone_2,glucose,r1032,-9.06326,4.11793e-12,4.83769
330,5,zone_2,oxygen,r0855,-19.6443,-3.74346e-12,27.6102
330,2,zone_1,glucose,r1032,-9.06326,4.11793e-12,4.83769
330,2,zone_1,oxygen,r0855,-19.6492,-3.74346e-12,28.0086
330,2,zone_1,glucose,r1032,-9.06326,4.11793e-12,4.83769
330,2,zone_1,oxygen,r0855,-19.6492,-3.74346e-12,28.0086
330,6,zone_3,glucose,r1032,-9.06326,4.11793e-12,4.83769
330,6,zone_3,oxygen,r0855,-19.6212,-3.74346e-12,25.8972
330,6,zone_3,glucose,r1032,-9.06326,4.11793e-12,4.83769
330,6,zone_3,oxygen,r0855,-19.6212,-3.74346e-12,25.8972
330,3,zone_2,glucose,r1032,-9.06326,4.11793e-12,4.83769
330,3,zone_2,oxygen,r0855,-19.6452,-3.74346e-12,27.6821
330,3,zone_2,glucose,r1032,-9.06326,4.11793e-12,4.83769
330,3,zone_2,oxygen,r0855,-19.6452,-3.74346e-12,27.6821
330,7,zone_3,glucose,r1032,-9.06326,4.11793e-12,4.83769
330,7,zone_3,oxygen,r0855,-19.619,-3.74346e-12,25.7434
330,7,zone_3,glucose,r1032,-9.06326,4.11793e-12,4.83769
330,7,zone_3,oxygen,r0855,-19.619,-3.74346e-12,25.7434
332,0,zone_1,glucose,r1032,-9.0631,4.11793e-12,4.83672
332,0,zone_1,oxygen,r0855,-19.6488,-3.74346e-12,27.9769
332,0,zone_1,glucose,r1032,-9.0631,4.11793e-12,4.83672
332,0,zone_1,oxygen,r0855,-19.6488,-3.74346e-12,27.9769
332,4,zone_2,glucose,r1032,-9.0631,4.11793e-12,4.83672
332,4,zone_2,oxygen,r0855,-19.6438,-3.74346e-12,27.5764
332,4,zone_2,glucose,r1032,-9.0631,4.11793e-12,4.83672
332,4,zone_2,oxygen,r0855,-19.6438,-3.74346e-12,27.5764
332,8,zone_3,glucose,r1032,-9.0631,4.11793e-12,4.83672
332,8,zone_3,oxygen,r0855,-19.6164,-3.74346e-12,25.572
332,8,zone_3,glucose,r1032,-9.0631,4.11793e-12,4.83672
332,8,zone_3,oxygen,r0855,-19.6164,-3.74346e-12,25.572
332,1,zone_1,glucose,r1032,-9.0631,4.11793e-12,4.83672
332,1,zone_1,oxygen,r0855,-19.6488,-3.74346e-12,27.9769
332,1,zone_1,glucose,r1032,-9.0631,4.11793e-12,4.83672
332,1,zone_1,oxygen,r0855,-19.6488,-3.74346e-12,27.9769
332,5,zone_2,glucose,r1032,-9.0631,4.11793e-12,4.83672
332,5,zone_2,oxygen,r0855,-19.6434,-3.74346e-12,27.5442
332,5,zone_2,glucose,r1032,-9.0631,4.11793e-12,4.83672
332,5,zone_2,oxygen,r0855,-19.6434,-3.74346e-12,27.5442
332,2,zone_1,glucose,r1032,-9.0631,4.11793e-12,4.83672
332,2,zone_1,oxygen,r0855,-19.6484,-3.74346e-12,27.9424
332,2,zone_1,glucose,r1032,-9.0631,4.11793e-12,4.83672
332,2,zone_1,oxygen,r0855,-19.6484,-3.74346e-12,27.9424
332,6,zone_3,glucose,r1032,-9.0631,4.11793e-12,4.83672
332,6,zone_3,oxygen,r0855,-19.6203,-3.74346e-12,25.8345
332,6,zone_3,glucose,r1032,-9.0631,4.11793e-12,4.83672
332,6,zone_3,oxygen,r0855,-19.6203,-3.74346e-12,25.8345
332,3,zone_2,glucose,r1032,-9.0631,4.11793e-12,4.83672
332,3,zone_2,oxygen,r0855,-19.6443,-3.74346e-12,27.6161
332,3,zone_2,glucose,r1032,-9.0631,4.11793e-12,4.83672
332,3,zone_2,oxygen,r0855,-19.6443,-3.74346e-12,27.6161
332,7,zone_3,glucose,r1032,-9.0631,4.11793e-12,4.83672
332,7,zone_3,oxygen,r0855,-19.618,-3.74346e-12,25.6809
332,7,zone_3,glucose,r1032,-9.0631,4.11793e-12,4.83672
332,7,zone_3,oxygen,r0855,-19.618,-3.74346e-12,25.6809
334,4,zone_2,glucose,r1032,-9.06293,4.11793e-12,4.83575
334,4,zone_2,oxygen,r0855,-19.643,-3.74346e-12,27.5107
334,4,zone_2,glucose,r1032,-9.06293,4.11793e-12,4.83575
334,4,zone_2,oxygen,r0855,-19.643,-3.74346e-12,27.5107
334,0,zone_1,glucose,r1032,-9.06293,4.11793e-12,4.83575
334,0,zone_1,oxygen,r0855,-19.648,-3.74346e-12,27.911
334,0,zone_1,glucose,r1032,-9.06293,4.11793e-12,4.83575
334,0,zone_1,oxygen,r0855,-19.648,-3.74346e-12,27.911
334,8,zone_3,glucose,r1032,-9.06293,4.11793e-12,4.83575
334,8,zone_3,oxygen,r0855,-19.6155,-3.74346e-12,25.5101
334,8,zone_3,glucose,r1032,-9.06293,4.11793e-12,4.83575
334,8,zone_3,oxygen,r0855,-19.6155,-3.74346e-12,25.5101
334,5,zone_2,glucose,r1032,-9.06293,4.11793e-12,4.83575
334,5,zone_2,oxygen,r0855,-19.6426,-3.74346e-12,27.4785
334,1,zone_1,glucose,r1032,-9.06293,4.11793e-12,4.83575
334,1,zone_1,oxygen,r0855,-19.648,-3.74346e-12,27.911
334,5,zone_2,glucose,r1032,-9.06293,4.11793e-12,4.83575
334,5,zone_2,oxygen,r0855,-19.6426,-3.74346e-12,27.4785
334,1,zone_1,glucose,r1032,-9.06293,4.11793e-12,4.83575
334,1,zone_1,oxygen,r0855,-19.648,-3.74346e-12,27.911
334,2,zone_1,glucose,r1032,-9.06293,4.11793e-12,4.83575
334,2,zone_1,oxygen,r0855,-19.6476,-3.74346e-12,27.8764
334,2,zone_1,glucose,r1032,-9.06293,4.11793e-12,4.83575
334,2,zone_1,oxygen,r0855,-19.6476,-3.74346e-12,27.8764
334,6,zone_3,glucose,r1032,-9.06293,4.11793e-12,4.83575
334,6,zone_3,oxygen,r0855,-19.6194,-3.74346e-12,25.772
334,6,zone_3,glucose,r1032,-9.06293,4.11793e-12,4.83575
334,6,zone_3,oxygen,r0855,-19.6194,-3.74346e-12,25.772
334,3,zone_2,glucose,r1032,-9.06293,4.11793e-12,4.83575
334,3,zone_2,oxygen,r0855,-19.6435,-3.74346e-12,27.5504
334,3,zone_2,glucose,r1032,-9.06293,4.11793e-12,4.83575
334,3,zone_2,oxygen,r0855,-19.6435,-3.74346e-12,27.5504
334,7,zone_3,glucose,r1032,-9.06293,4.11793e-12,4.83575
334,7,zone_3,oxygen,r0855,-19.6171,-3.74346e-12,25.6188
334,7,zone_3,glucose,r1032,-9.06293,4.11793e-12,4.83575
334,7,zone_3,oxygen,r0855,-19.6171,-3.74346e-12,25.6188
336,0,zone_1,glucose,r1032,-9.06276,4.11793e-12,4.83479
336,0,zone_1,oxygen,r0855,-19.6472,-3.74346e-12,27.8454
336,0,zone_1,glucose,r1032,-9.06276,4.11793e-12,4.83479
336,0,zone_1,oxygen,r0855,-19.6472,-3.74346e-12,27.8454
336,4,zone_2,glucose,r1032,-9.06276,4.11793e-12,4.83479
336,4,zone_2,oxygen,r0855,-19.6422,-3.74346e-12,27.4452
336,4,zone_2,glucose,r1032,-9.06276,4.11793e-12,4.83479
336,4,zone_2,oxygen,r0855,-19.6422,-3.74346e-12,27.4452
336,8,zone_3,glucose,r1032,-9.06276,4.11793e-12,4.83479
336,8,zone_3,oxygen,r0855,-19.6146,-3.74346e-12,25.4485
336,8,zone_3,glucose,r1032,-9.06276,4.11793e-12,4.83479
336,8,zone_3,oxygen,r0855,-19.6146,-3.74346e-12,25.4485
336,5,zone_2,glucose,r1032,-9.06276,4.11793e-12,4.83479
336,5,zone_2,oxygen,r0855,-19.6417,-3.74346e-12,27.4131
336,5,zone_2,glucose,r1032,-9.06276,4.11793e-12,4.83479
336,5,zone_2,oxygen,r0855,-19.6417,-3.74346e-12,27.4131
336,1,zone_1,glucose,r1032,-9.06276,4.11793e-12,4.83479
336,1,zone_1,oxygen,r0855,-19.6472,-3.74346e-12,27.8454
336,1,zone_1,glucose,r1032,-9.06276,4.11793e-12,4.83479
336,1,zone_1,oxygen,r0855,-19.6472,-3.74346e-12,27.8454
336,6,zone_3,glucose,r1032,-9.06276,4.11793e-12,4.83479
336,6,zone_3,oxygen,r0855,-19.6185,-3.74346e-12,25.7097
336,2,zone_1,glucose,r1032,-9.06276,4.11793e-12,4.83479
336,2,zone_1,oxygen,r0855,-19.6468,-3.74346e-12,27.8107
336,6,zone_3,glucose,r1032,-9.06276,4.11793e-12,4.83479
336,6,zone_3,oxygen,r0855,-19.6185,-3.74346e-12,25.7097
336,2,zone_1,glucose,r1032,-9.06276,4.11793e-12,4.83479
336,2,zone_1,oxygen,r0855,-19.6468,-3.74346e-12,27.8107
336,3,zone_2,glucose,r1032,-9.06276,4.11793e-12,4.83479
336,3,zone_2,oxygen,r0855,-19.6427,-3.74346e-12,27.485
336,3,zone_2,glucose,r1032,-9.06276,4.11793e-12,4.83479
336,3,zone_2,oxygen,r0855,-19.6427,-3.74346e-12,27.485
336,7,zone_3,glucose,r1032,-9.06276,4.11793e-12,4.83479
336,7,zone_3,oxygen,r0855,-19.6162,-3.74346e-12,25.5569
336,7,zone_3,glucose,r1032,-9.06276,4.11793e-12,4.83479
336,7,zone_3,oxygen,r0855,-19.6162,-3.74346e-12,25.5569
338,4,zone_2,glucose,r1032,-9.06259,4.11793e-12,4.83382
338,4,zone_2,oxygen,r0855,-19.6413,-3.74346e-12,27.3801
338,4,zone_2,glucose,r1032,-9.06259,4.11793e-12,4.83382
338,4,zone_2,oxygen,r0855,-19.6413,-3.74346e-12,27.3801
338,0,zone_1,glucose,r1032,-9.06259,4.11793e-12,4.83382
338,0,zone_1,oxygen,r0855,-19.6464,-3.74346e-12,27.7801
338,0,zone_1,glucose,r1032,-9.06259,4.11793e-12,4.83382
338,0,zone_1,oxygen,r0855,-19.6464,-3.74346e-12,27.7801
338,8,zone_3,glucose,r1032,-9.06259,4.11793e-12,4.83382
338,8,zone_3,oxygen,r0855,-19.6137,-3.74346e-12,25.3871
338,8,zone_3,glucose,r1032,-9.06259,4.11793e-12,4.83382
338,8,zone_3,oxygen,r0855,-19.6137,-3.74346e-12,25.3871
338,5,zone_2,glucose,r1032,-9.06259,4.11793e-12,4.83382
338,5,zone_2,oxygen,r0855,-19.6409,-3.74346e-12,27.348
338,5,zone_2,glucose,r1032,-9.06259,4.11793e-12,4.83382
338,5,zone_2,oxygen,r0855,-19.6409,-3.74346e-12,27.348
338,1,zone_1,glucose,r1032,-9.06259,4.11793e-12,4.83382
338,1,zone_1,oxygen,r0855,-19.6464,-3.74346e-12,27.7801
338,1,zone_1,glucose,r1032,-9.06259,4.11793e-12,4.83382
338,1,zone_1,oxygen,r0855,-19.6464,-3.74346e-12,27.7801
338,2,zone_1,glucose,r1032,-9.06259,4.11793e-12,4.83382
338,2,zone_1,oxygen,r0855,-19.646,-3.74346e-12,27.7453
338,2,zone_1,glucose,r1032,-9.06259,4.11793e-12,4.83382
338,2,zone_1,oxygen,r0855,-19.646,-3.74346e-12,27.7453
338,6,zone_3,glucose,r1032,-9.06259,4.11793e-12,4.83382
338,6,zone_3,oxygen,r0855,-19.6176,-3.74346e-12,25.6477
338,6,zone_3,glucose,r1032,-9.06259,4.11793e-12,4.83382
338,6,zone_3,oxygen,r0855,-19.6176,-3.74346e-12,25.6477
338,3,zone_2,glucose,r1032,-9.06259,4.11793e-12,4.83382
338,3,zone_2,oxygen,r0855,-19.6418,-3.74346e-12,27.4199
338,3,zone_2,glucose,r1032,-9.06259,4.11793e-12,4.83382
338,3,zone_2,oxygen,r0855,-19.6418,-3.74346e-12,27.4199
338,7,zone_3,glucose,r1032,-9.06259,4.11793e-12,4.83382
338,7,zone_3,oxygen,r0855,-19.6153,-3.74346e-12,25.4953
338,7,zone_3,glucose,r1032,-9.06259,4.11793e-12,4.83382
338,7,zone_3,oxygen,r0855,-19.6153,-3.74346e-12,25.4953
340,4,zone_2,glucose,r1032,-9.06242,4.11793e-12,4.83285
340,4,zone_2,oxygen,r0855,-19.6405,-3.74346e-12,27.3153
340,0,zone_1,glucose,r1032,-9.06242,4.11793e-12,4.83285
340,0,zone_1,oxygen,r0855,-19.6456,-3.74346e-12,27.715
340,4,zone_2,glucose,r1032,-9.06242,4.11793e-12,4.83285
340,4,zone_2,oxygen,r0855,-19.6405,-3.74346e-12,27.3153
340,0,zone_1,glucose,r1032,-9.06242,4.11793e-12,4.83285
340,0,zone_1,oxygen,r0855,-19.6456,-3.74346e-12,27.715
340,8,zone_3,glucose,r1032,-9.06242,4.11793e-12,4.83285
340,8,zone_3,oxygen,r0855,-19.6128,-3.74346e-12,25.326
340,8,zone_3,glucose,r1032,-9.06242,4.11793e-12,4.83285
340,8,zone_3,oxygen,r0855,-19.6128,-3.74346e-12,25.326
340,1,zone_1,glucose,r1032,-9.06242,4.11793e-12,4.83285
340,1,zone_1,oxygen,r0855,-19.6456,-3.74346e-12,27.715
340,1,zone_1,glucose,r1032,-9.06242,4.11793e-12,4.83285
340,1,zone_1,oxygen,r0855,-19.6456,-3.74346e-12,27.715
340,5,zone_2,glucose,r1032,-9.06242,4.11793e-12,4.83285
340,5,zone_2,oxygen,r0855,-19.6401,-3.74346e-12,27.2831
340,5,zone_2,glucose,r1032,-9.06242,4.11793e-12,4.83285
340,5,zone_2,oxygen,r0855,-19.6401,-3.74346e-12,27.2831
340,2,zone_1,glucose,r1032,-9.06242,4.11793e-12,4.83285
340,2,zone_1,oxygen,r0855,-19.6451,-3.74346e-12,27.6802
340,2,zone_1,glucose,r1032,-9.06242,4.11793e-12,4.83285
340,2,zone_1,oxygen,r0855,-19.6451,-3.74346e-12,27.6802
340,6,zone_3,glucose,r1032,-9.06242,4.11793e-12,4.83285
340,6,zone_3,oxygen,r0855,-19.6167,-3.74346e-12,25.586
340,6,zone_3,glucose,r1032,-9.06242,4.11793e-12,4.83285
340,6,zone_3,oxygen,r0855,-19.6167,-3.74346e-12,25.586
340,3,zone_2,glucose,r1032,-9.06242,4.11793e-12,4.83285
340,3,zone_2,oxygen,r0855,-19.641,-3.74346e-12,27.355
340,3,zone_2,glucose,r1032,-9.06242,4.11793e-12,4.83285
340,3,zone_2,oxygen,r0855,-19.641,-3.74346e-12,27.355
340,7,zone_3,glucose,r1032,-9.06242,4.11793e-12,4.83285
340,7,zone_3,oxygen,r0855,-19.6144,-3.74346e-12,25.4339
340,7,zone_3,glucose,r1032,-9.06242,4.11793e-12,4.83285
340,7,zone_3,oxygen,r0855,-19.6144,-3.74346e-12,25.4339
342,0,zone_1,glucose,r1032,-9.06225,4.11793e-12,4.83189
342,0,zone_1,oxygen,r0855,-19.6448,-3.74346e-12,27.6502
342,0,zone_1,glucose,r1032,-9.06225,4.11793e-12,4.83189
342,0,zone_1,oxygen,r0855,-19.6448,-3.74346e-12,27.6502
342,8,zone_3,glucose,r1032,-9.06225,4.11793e-12,4.83189
342,8,zone_3,oxygen,r0855,-19.6119,-3.74346e-12,25.2651
342,4,zone_2,glucose,r1032,-9.06225,4.11793e-12,4.83189
342,4,zone_2,oxygen,r0855,-19.6396,-3.74346e-12,27.2507
342,8,zone_3,glucose,r1032,-9.06225,4.11793e-12,4.83189
342,8,zone_3,oxygen,r0855,-19.6119,-3.74346e-12,25.2651
342,4,zone_2,glucose,r1032,-9.06225,4.11793e-12,4.83189
342,4,zone_2,oxygen,r0855,-19.6396,-3.74346e-12,27.2507
342,1,zone_1,glucose,r1032,-9.06225,4.11793e-12,4.83189
342,1,zone_1,oxygen,r0855,-19.6448,-3.74346e-12,27.6502
342,1,zone_1,glucose,r1032,-9.06225,4.11793e-12,4.83189
342,1,zone_1,oxygen,r0855,-19.6448,-3.74346e-12,27.6502
342,5,zone_2,glucose,r1032,-9.06225,4.11793e-12,4.83189
342,5,zone_2,oxygen,r0855,-19.6392,-3.74346e-12,27.2185
342,5,zone_2,glucose,r1032,-9.06225,4.11793e-12,4.83189
342,5,zone_2,oxygen,r0855,-19.6392,-3.74346e-12,27.2185
342,2,zone_1,glucose,r1032,-9.06225,4.11793e-12,4.83189
342,2,zone_1,oxygen,r0855,-19.6443,-3.74346e-12,27.6153
342,2,zone_1,glucose,r1032,-9.06225,4.11793e-12,4.83189
342,2,zone_1,oxygen,r0855,-19.6443,-3.74346e-12,27.6153
342,6,zone_3,glucose,r1032,-9.06225,4.11793e-12,4.83189
342,6,zone_3,oxygen,r0855,-19.6157,-3.74346e-12,25.5246
342,6,zone_3,glucose,r1032,-9.06225,4.11793e-12,4.83189
342,6,zone_3,oxygen,r0855,-19.6157,-3.74346e-12,25.5246
342,3,zone_2,glucose,r1032,-9.06225,4.11793e-12,4.83189
342,3,zone_2,oxygen,r0855,-19.6402,-3.74346e-12,27.2905
342,3,zone_2,glucose,r1032,-9.06225,4.11793e-12,4.83189
342,3,zone_2,oxygen,r0855,-19.6402,-3.74346e-12,27.2905
342,7,zone_3,glucose,r1032,-9.06225,4.11793e-12,4.83189
342,7,zone_3,oxygen,r0855,-19.6135,-3.74346e-12,25.3728
342,7,zone_3,glucose,r1032,-9.06225,4.11793e-12,4.83189
342,7,zone_3,oxygen,r0855,-19.6135,-3.74346e-12,25.3728
344,4,zone_2,glucose,r1032,-9.06208,4.11793e-12,4.83092
344,4,zone_2,oxygen,r0855,-19.6388,-3.74346e-12,27.1864
344,4,zone_2,glucose,r1032,-9.06208,4.11793e-12,4.83092
344,4,zone_2,oxygen,r0855,-19.6388,-3.74346e-12,27.1864
344,0,zone_1,glucose,r1032,-9.06208,4.11793e-12,4.83092
344,0,zone_1,oxygen,r0855,-19.6439,-3.74346e-12,27.5858
344,0,zone_1,glucose,r1032,-9.06208,4.11793e-12,4.83092
344,0,zone_1,oxygen,r0855,-19.6439,-3.74346e-12,27.5858
344,8,zone_3,glucose,r1032,-9.06208,4.11793e-12,4.83092
344,8,zone_3,oxygen,r0855,-19.611,-3.74346e-12,25.2045
344,8,zone_3,glucose,r1032,-9.06208,4.11793e-12,4.83092
344,8,zone_3,oxygen,r0855,-19.611,-3.74346e-12,25.2045
344,5,zone_2,glucose,r1032,-9.06208,4.11793e-12,4.83092
344,5,zone_2,oxygen,r0855,-19.6384,-3.74346e-12,27.1542
344,5,zone_2,glucose,r1032,-9.06208,4.11793e-12,4.83092
344,5,zone_2,oxygen,r0855,-19.6384,-3.74346e-12,27.1542
344,1,zone_1,glucose,r1032,-9.06208,4.11793e-12,4.83092
344,1,zone_1,oxygen,r0855,-19.6439,-3.74346e-12,27.5858
344,1,zone_1,glucose,r1032,-9.06208,4.11793e-12,4.83092
344,1,zone_1,oxygen,r0855,-19.6439,-3.74346e-12,27.5858
344,2,zone_1,glucose,r1032,-9.06208,4.11793e-12,4.83092
344,2,zone_1,oxygen,r0855,-19.6435,-3.74346e-12,27.5507
344,2,zone_1,glucose,r1032,-9.06208,4.11793e-12,4.83092
344,2,zone_1,oxygen,r0855,-19.6435,-3.74346e-12,27.5507
344,6,zone_3,glucose,r1032,-9.06208,4.11793e-12,4.83092
344,6,zone_3,oxygen,r0855,-19.6148,-3.74346e-12,25.4634
344,6,zone_3,glucose,r1032,-9.06208,4.11793e-12,4.83092
344,6,zone_3,oxygen,r0855,-19.6148,-3.74346e-12,25.4634
344,3,zone_2,glucose,r1032,-9.06208,4.11793e-12,4.83092
344,3,zone_2,oxygen,r0855,-19.6393,-3.74346e-12,27.2262
344,3,zone_2,glucose,r1032,-9.06208,4.11793e-12,4.83092
344,3,zone_2,oxygen,r0855,-19.6393,-3.74346e-12,27.2262
344,7,zone_3,glucose,r1032,-9.06208,4.11793e-12,4.83092
344,7,zone_3,oxygen,r0855,-19.6126,-3.74346e-12,25.3119
344,7,zone_3,glucose,r1032,-9.06208,4.11793e-12,4.83092
344,7,zone_3,oxygen,r0855,-19.6126,-3.74346e-12,25.3119
346,0,zone_1,glucose,r1032,-9.06191,4.11793e-12,4.82995
346,0,zone_1,oxygen,r0855,-19.6431,-3.74346e-12,27.5215
346,0,zone_1,glucose,r1032,-9.06191,4.11793e-12,4.82995
346,0,zone_1,oxygen,r0855,-19.6431,-3.74346e-12,27.5215
346,8,zone_3,glucose,r1032,-9.06191,4.11793e-12,4.82995
346,8,zone_3,oxygen,r0855,-19.61,-3.74346e-12,25.1442
346,8,zone_3,glucose,r1032,-9.06191,4.11793e-12,4.82995
346,8,zone_3,oxygen,r0855,-19.61,-3.74346e-12,25.1442
346,4,zone_2,glucose,r1032,-9.06191,4.11793e-12,4.82995
346,4,zone_2,oxygen,r0855,-19.638,-3.74346e-12,27.1223
346,4,zone_2,glucose,r1032,-9.06191,4.11793e-12,4.82995
346,4,zone_2,oxygen,r0855,-19.638,-3.74346e-12,27.1223
346,1,zone_1,glucose,r1032,-9.06191,4.11793e-12,4.82995
346,1,zone_1,oxygen,r0855,-19.6431,-3.74346e-12,27.5215
346,1,zone_1,glucose,r1032,-9.06191,4.11793e-12,4.82995
346,1,zone_1,oxygen,r0855,-19.6431,-3.74346e-12,27.5215
346,5,zone_2,glucose,r1032,-9.06191,4.11793e-12,4.82995
346,5,zone_2,oxygen,r0855,-19.6376,-3.74346e-12,27.0902
346,5,zone_2,glucose,r1032,-9.06191,4.11793e-12,4.82995
346,5,zone_2,oxygen,r0855,-19.6376,-3.74346e-12,27.0902
346,2,zone_1,glucose,r1032,-9.06191,4.11793e-12,4.82995
346,2,zone_1,oxygen,r0855,-19.6427,-3.74346e-12,27.4864
346,2,zone_1,glucose,r1032,-9.06191,4.11793e-12,4.82995
346,2,zone_1,oxygen,r0855,-19.6427,-3.74346e-12,27.4864
346,6,zone_3,glucose,r1032,-9.06191,4.11793e-12,4.82995
346,6,zone_3,oxygen,r0855,-19.6139,-3.74346e-12,25.4025
346,6,zone_3,glucose,r1032,-9.06191,4.11793e-12,4.82995
346,6,zone_3,oxygen,r0855,-19.6139,-3.74346e-12,25.4025
346,3,zone_2,glucose,r1032,-9.06191,4.11793e-12,4.82995
346,3,zone_2,oxygen,r0855,-19.6385,-3.74346e-12,27.1621
346,3,zone_2,glucose,r1032,-9.06191,4.11793e-12,4.82995
346,3,zone_2,oxygen,r0855,-19.6385,-3.74346e-12,27.1621
346,7,zone_3,glucose,r1032,-9.06191,4.11793e-12,4.82995
346,7,zone_3,oxygen,r0855,-19.6117,-3.74346e-12,25.2514
346,7,zone_3,glucose,r1032,-9.06191,4.11793e-12,4.82995
346,7,zone_3,oxygen,r0855,-19.6117,-3.74346e-12,25.2514
348,0,zone_1,glucose,r1032,-9.06174,4.11793e-12,4.82899
348,0,zone_1,oxygen,r0855,-19.6423,-3.74346e-12,27.4576
348,0,zone_1,glucose,r1032,-9.06174,4.11793e-12,4.82899
348,0,zone_1,oxygen,r0855,-19.6423,-3.74346e-12,27.4576
348,4,zone_2,glucose,r1032,-9.06174,4.11793e-12,4.82899
348,4,zone_2,oxygen,r0855,-19.6371,-3.74346e-12,27.0586
348,4,zone_2,glucose,r1032,-9.06174,4.11793e-12,4.82899
348,4,zone_2,oxygen,r0855,-19.6371,-3.74346e-12,27.0586
348,8,zone_3,glucose,r1032,-9.06174,4.11793e-12,4.82899
348,8,zone_3,oxygen,r0855,-19.6091,-3.74346e-12,25.0841
348,8,zone_3,glucose,r1032,-9.06174,4.11793e-12,4.82899
348,8,zone_3,oxygen,r0855,-19.6091,-3.74346e-12,25.0841
348,1,zone_1,glucose,r1032,-9.06174,4.11793e-12,4.82899
348,1,zone_1,oxygen,r0855,-19.6423,-3.74346e-12,27.4576
348,1,zone_1,glucose,r1032,-9.06174,4.11793e-12,4.82899
348,1,zone_1,oxygen,r0855,-19.6423,-3.74346e-12,27.4576
348,5,zone_2,glucose,r1032,-9.06174,4.11793e-12,4.82899
348,5,zone_2,oxygen,r0855,-19.6367,-3.74346e-12,27.0264
348,5,zone_2,glucose,r1032,-9.06174,4.11793e-12,4.82899
348,5,zone_2,oxygen,r0855,-19.6367,-3.74346e-12,27.0264
348,2,zone_1,glucose,r1032,-9.06174,4.11793e-12,4.82899
348,2,zone_1,oxygen,r0855,-19.6419,-3.74346e-12,27.4224
348,2,zone_1,glucose,r1032,-9.06174,4.11793e-12,4.82899
348,2,zone_1,oxygen,r0855,-19.6419,-3.74346e-12,27.4224
348,6,zone_3,glucose,r1032,-9.06174,4.11793e-12,4.82899
348,6,zone_3,oxygen,r0855,-19.613,-3.74346e-12,25.3418
348,6,zone_3,glucose,r1032,-9.06174,4.11793e-12,4.82899
348,6,zone_3,oxygen,r0855,-19.613,-3.74346e-12,25.3418
348,3,zone_2,glucose,r1032,-9.06174,4.11793e-12,4.82899
348,3,zone_2,oxygen,r0855,-19.6377,-3.74346e-12,27.0984
348,3,zone_2,glucose,r1032,-9.06174,4.11793e-12,4.82899
348,3,zone_2,oxygen,r0855,-19.6377,-3.74346e-12,27.0984
348,7,zone_3,glucose,r1032,-9.06174,4.11793e-12,4.82899
348,7,zone_3,oxygen,r0855,-19.6108,-3.74346e-12,25.191
348,7,zone_3,glucose,r1032,-9.06174,4.11793e-12,4.82899
348,7,zone_3,oxygen,r0855,-19.6108,-3.74346e-12,25.191
350,0,zone_1,glucose,r1032,-9.06157,4.11793e-12,4.82802
350,0,zone_1,oxygen,r0855,-19.6415,-3.74346e-12,27.3939
350,0,zone_1,glucose,r1032,-9.06157,4.11793e-12,4.82802
350,0,zone_1,oxygen,r0855,-19.6415,-3.74346e-12,27.3939
350,8,zone_3,glucose,r1032,-9.06157,4.11793e-12,4.82802
350,8,zone_3,oxygen,r0855,-19.6082,-3.74346e-12,25.0243
350,8,zone_3,glucose,r1032,-9.06157,4.11793e-12,4.82802
350,8,zone_3,oxygen,r0855,-19.6082,-3.74346e-12,25.0243
350,4,zone_2,glucose,r1032,-9.06157,4.11793e-12,4.82802
350,4,zone_2,oxygen,r0855,-19.6363,-3.74346e-12,26.9951
350,4,zone_2,glucose,r1032,-9.06157,4.11793e-12,4.82802
350,4,zone_2,oxygen,r0855,-19.6363,-3.74346e-12,26.9951
350,5,zone_2,glucose,r1032,-9.06157,4.11793e-12,4.82802
350,5,zone_2,oxygen,r0855,-19.6359,-3.74346e-12,26.9629
350,5,zone_2,glucose,r1032,-9.06157,4.11793e-12,4.82802
350,5,zone_2,oxygen,r0855,-19.6359,-3.74346e-12,26.9629
350,1,zone_1,glucose,r1032,-9.06157,4.11793e-12,4.82802
350,1,zone_1,oxygen,r0855,-19.6415,-3.74346e-12,27.3939
350,1,zone_1,glucose,r1032,-9.06157,4.11793e-12,4.82802
350,1,zone_1,oxygen,r0855,-19.6415,-3.74346e-12,27.3939
350,2,zone_1,glucose,r1032,-9.06157,4.11793e-12,4.82802
350,2,zone_1,oxygen,r0855,-19.641,-3.74346e-12,27.3586
350,2,zone_1,glucose,r1032,-9.06157,4.11793e-12,4.82802
350,2,zone_1,oxygen,r0855,-19.641,-3.74346e-12,27.3586
350,6,zone_3,glucose,r1032,-9.06157,4.11793e-12,4.82802
350,6,zone_3,oxygen,r0855,-19.6121,-3.74346e-12,25.2814
350,6,zone_3,glucose,r1032,-9.06157,4.11793e-12,4.82802
350,6,zone_3,oxygen,r0855,-19.6121,-3.74346e-12,25.2814
350,3,zone_2,glucose,r1032,-9.06157,4.11793e-12,4.82802
350,3,zone_2,oxygen,r0855,-19.6368,-3.74346e-12,27.0349
350,3,zone_2,glucose,r1032,-9.06157,4.11793e-12,4.82802
350,3,zone_2,oxygen,r0855,-19.6368,-3.74346e-12,27.0349
350,7,zone_3,glucose,r1032,-9.06157,4.11793e-12,4.82802
350,7,zone_3,oxygen,r0855,-19.6098,-3.74346e-12,25.131
350,7,zone_3,glucose,r1032,-9.06157,4.11793e-12,4.82802
350,7,zone_3,oxygen,r0855,-19.6098,-3.74346e-12,25.131
352,4,zone_2,glucose,r1032,-9.0614,4.11793e-12,4.82706
352,4,zone_2,oxygen,r0855,-19.6355,-3.74346e-12,26.9319
352,4,zone_2,glucose,r1032,-9.0614,4.11793e-12,4.82706
352,4,zone_2,oxygen,r0855,-19.6355,-3.74346e-12,26.9319
352,8,zone_3,glucose,r1032,-9.0614,4.11793e-12,4.82706
352,8,zone_3,oxygen,r0855,-19.6073,-3.74346e-12,24.9647
352,8,zone_3,glucose,r1032,-9.0614,4.11793e-12,4.82706
352,8,zone_3,oxygen,r0855,-19.6073,-3.74346e-12,24.9647
352,0,zone_1,glucose,r1032,-9.0614,4.11793e-12,4.82706
352,0,zone_1,oxygen,r0855,-19.6407,-3.74346e-12,27.3305
352,0,zone_1,glucose,r1032,-9.0614,4.11793e-12,4.82706
352,0,zone_1,oxygen,r0855,-19.6407,-3.74346e-12,27.3305
352,5,zone_2,glucose,r1032,-9.0614,4.11793e-12,4.82706
352,5,zone_2,oxygen,r0855,-19.635,-3.74346e-12,26.8997
352,5,zone_2,glucose,r1032,-9.0614,4.11793e-12,4.82706
352,5,zone_2,oxygen,r0855,-19.635,-3.74346e-12,26.8997
352,1,zone_1,glucose,r1032,-9.0614,4.11793e-12,4.82706
352,1,zone_1,oxygen,r0855,-19.6407,-3.74346e-12,27.3305
352,1,zone_1,glucose,r1032,-9.0614,4.11793e-12,4.82706
352,1,zone_1,oxygen,r0855,-19.6407,-3.74346e-12,27.3305
352,6,zone_3,glucose,r1032,-9.0614,4.11793e-12,4.82706
352,6,zone_3,oxygen,r0855,-19.6112,-3.74346e-12,25.2213
352,6,zone_3,glucose,r1032,-9.0614,4.11793e-12,4.82706
352,6,zone_3,oxygen,r0855,-19.6112,-3.74346e-12,25.2213
352,2,zone_1,glucose,r1032,-9.0614,4.11793e-12,4.82706
352,2,zone_1,oxygen,r0855,-19.6402,-3.74346e-12,27.2952
352,2,zone_1,glucose,r1032,-9.0614,4.11793e-12,4.82706
352,2,zone_1,oxygen,r0855,-19.6402,-3.74346e-12,27.2952
352,7,zone_3,glucose,r1032,-9.0614,4.11793e-12,4.82706
352,7,zone_3,oxygen,r0855,-19.6089,-3.74346e-12,25.0712
352,7,zone_3,glucose,r1032,-9.0614,4.11793e-12,4.82706
352,7,zone_3,oxygen,r0855,-19.6089,-3.74346e-12,25.0712
352,3,zone_2,glucose,r1032,-9.0614,4.11793e-12,4.82706
352,3,zone_2,oxygen,r0855,-19.636,-3.74346e-12,26.9717
352,3,zone_2,glucose,r1032,-9.0614,4.11793e-12,4.82706
352,3,zone_2,oxygen,r0855,-19.636,-3.74346e-12,26.9717
354,4,zone_2,glucose,r1032,-9.06123,4.11793e-12,4.82609
354,4,zone_2,oxygen,r0855,-19.6346,-3.74346e-12,26.8689
354,4,zone_2,glucose,r1032,-9.06123,4.11793e-12,4.82609
354,4,zone_2,oxygen,r0855,-19.6346,-3.74346e-12,26.8689
354,8,zone_3,glucose,r1032,-9.06123,4.11793e-12,4.82609
354,8,zone_3,oxygen,r0855,-19.6064,-3.74346e-12,24.9054
354,0,zone_1,glucose,r1032,-9.06123,4.11793e-12,4.82609
354,0,zone_1,oxygen,r0855,-19.6399,-3.74346e-12,27.2674
354,8,zone_3,glucose,r1032,-9.06123,4.11793e-12,4.82609
354,8,zone_3,oxygen,r0855,-19.6064,-3.74346e-12,24.9054
354,0,zone_1,glucose,r1032,-9.06123,4.11793e-12,4.82609
354,0,zone_1,oxygen,r0855,-19.6399,-3.74346e-12,27.2674
354,1,zone_1,glucose,r1032,-9.06123,4.11793e-12,4.82609
354,1,zone_1,oxygen,r0855,-19.6399,-3.74346e-12,27.2674
354,1,zone_1,glucose,r1032,-9.06123,4.11793e-12,4.82609
354,1,zone_1,oxygen,r0855,-19.6399,-3.74346e-12,27.2674
354,5,zone_2,glucose,r1032,-9.06123,4.11793e-12,4.82609
354,5,zone_2,oxygen,r0855,-19.6342,-3.74346e-12,26.8368
354,5,zone_2,glucose,r1032,-9.06123,4.11793e-12,4.82609
354,5,zone_2,oxygen,r0855,-19.6342,-3.74346e-12,26.8368
354,6,zone_3,glucose,r1032,-9.06123,4.11793e-12,4.82609
354,6,zone_3,oxygen,r0855,-19.6103,-3.74346e-12,25.1614
354,6,zone_3,glucose,r1032,-9.06123,4.11793e-12,4.82609
354,6,zone_3,oxygen,r0855,-19.6103,-3.74346e-12,25.1614
354,2,zone_1,glucose,r1032,-9.06123,4.11793e-12,4.82609
354,2,zone_1,oxygen,r0855,-19.6394,-3.74346e-12,27.2319
354,2,zone_1,glucose,r1032,-9.06123,4.11793e-12,4.82609
354,2,zone_1,oxygen,r0855,-19.6394,-3.74346e-12,27.2319
354,3,zone_2,glucose,r1032,-9.06123,4.11793e-12,4.82609
354,3,zone_2,oxygen,r0855,-19.6352,-3.74346e-12,26.9087
354,3,zone_2,glucose,r1032,-9.06123,4.11793e-12,4.82609
354,3,zone_2,oxygen,r0855,-19.6352,-3.74346e-12,26.9087
354,7,zone_3,glucose,r1032,-9.06123,4.11793e-12,4.82609
354,7,zone_3,oxygen,r0855,-19.608,-3.74346e-12,25.0116
354,7,zone_3,glucose,r1032,-9.06123,4.11793e-12,4.82609
354,7,zone_3,oxygen,r0855,-19.608,-3.74346e-12,25.0116
356,8,zone_3,glucose,r1032,-9.06106,4.11793e-12,4.82513
356,8,zone_3,oxygen,r0855,-19.6055,-3.74346e-12,24.8463
356,8,zone_3,glucose,r1032,-9.06106,4.11793e-12,4.82513
356,8,zone_3,oxygen,r0855,-19.6055,-3.74346e-12,24.8463
356,4,zone_2,glucose,r1032,-9.06106,4.11793e-12,4.82513
356,4,zone_2,oxygen,r0855,-19.6338,-3.74346e-12,26.8062
356,4,zone_2,glucose,r1032,-9.06106,4.11793e-12,4.82513
356,4,zone_2,oxygen,r0855,-19.6338,-3.74346e-12,26.8062
356,0,zone_1,glucose,r1032,-9.06106,4.11793e-12,4.82513
356,0,zone_1,oxygen,r0855,-19.639,-3.74346e-12,27.2045
356,0,zone_1,glucose,r1032,-9.06106,4.11793e-12,4.82513
356,0,zone_1,oxygen,r0855,-19.639,-3.74346e-12,27.2045
356,5,zone_2,glucose,r1032,-9.06106,4.11793e-12,4.82513
356,5,zone_2,oxygen,r0855,-19.6334,-3.74346e-12,26.7741
356,5,zone_2,glucose,r1032,-9.06106,4.11793e-12,4.82513
356,5,zone_2,oxygen,r0855,-19.6334,-3.74346e-12,26.7741
356,1,zone_1,glucose,r1032,-9.06106,4.11793e-12,4.82513
356,1,zone_1,oxygen,r0855,-19.639,-3.74346e-12,27.2045
356,1,zone_1,glucose,r1032,-9.06106,4.11793e-12,4.82513
356,1,zone_1,oxygen,r0855,-19.639,-3.74346e-12,27.2045
356,6,zone_3,glucose,r1032,-9.06106,4.11793e-12,4.82513
356,6,zone_3,oxygen,r0855,-19.6094,-3.74346e-12,25.1018
356,6,zone_3,glucose,r1032,-9.06106,4.11793e-12,4.82513
356,6,zone_3,oxygen,r0855,-19.6094,-3.74346e-12,25.1018
356,2,zone_1,glucose,r1032,-9.06106,4.11793e-12,4.82513
356,2,zone_1,oxygen,r0855,-19.6386,-3.74346e-12,27.169
356,2,zone_1,glucose,r1032,-9.06106,4.11793e-12,4.82513
356,2,zone_1,oxygen,r0855,-19.6386,-3.74346e-12,27.169
356,7,zone_3,glucose,r1032,-9.06106,4.11793e-12,4.82513
356,7,zone_3,oxygen,r0855,-19.6071,-3.74346e-12,24.9523
356,3,zone_2,glucose,r1032,-9.06106,4.11793e-12,4.82513
356,3,zone_2,oxygen,r0855,-19.6343,-3.74346e-12,26.8461
356,7,zone_3,glucose,r1032,-9.06106,4.11793e-12,4.82513
356,7,zone_3,oxygen,r0855,-19.6071,-3.74346e-12,24.9523
356,3,zone_2,glucose,r1032,-9.06106,4.11793e-12,4.82513
356,3,zone_2,oxygen,r0855,-19.6343,-3.74346e-12,26.8461
358,0,zone_1,glucose,r1032,-9.06088,4.11793e-12,4.82416
358,0,zone_1,oxygen,r0855,-19.6382,-3.74346e-12,27.1419
358,0,zone_1,glucose,r1032,-9.06088,4.11793e-12,4.82416
358,0,zone_1,oxygen,r0855,-19.6382,-3.74346e-12,27.1419
358,4,zone_2,glucose,r1032,-9.06088,4.11793e-12,4.82416
358,4,zone_2,oxygen,r0855,-19.6329,-3.74346e-12,26.7438
358,4,zone_2,glucose,r1032,-9.06088,4.11793e-12,4.82416
358,4,zone_2,oxygen,r0855,-19.6329,-3.74346e-12,26.7438
358,1,zone_1,glucose,r1032,-9.06088,4.11793e-12,4.82416
358,1,zone_1,oxygen,r0855,-19.6382,-3.74346e-12,27.1419
358,1,zone_1,glucose,r1032,-9.06088,4.11793e-12,4.82416
358,1,zone_1,oxygen,r0855,-19.6382,-3.74346e-12,27.1419
358,8,zone_3,glucose,r1032,-9.06088,4.11793e-12,4.82416
358,8,zone_3,oxygen,r0855,-19.6045,-3.74346e-12,24.7875
358,8,zone_3,glucose,r1032,-9.06088,4.11793e-12,4.82416
358,8,zone_3,oxygen,r0855,-19.6045,-3.74346e-12,24.7875
358,5,zone_2,glucose,r1032,-9.06088,4.11793e-12,4.82416
358,5,zone_2,oxygen,r0855,-19.6325,-3.74346e-12,26.7117
358,5,zone_2,glucose,r1032,-9.06088,4.11793e-12,4.82416
358,5,zone_2,oxygen,r0855,-19.6325,-3.74346e-12,26.7117
358,2,zone_1,glucose,r1032,-9.06088,4.11793e-12,4.82416
358,2,zone_1,oxygen,r0855,-19.6378,-3.74346e-12,27.1063
358,2,zone_1,glucose,r1032,-9.06088,4.11793e-12,4.82416
358,2,zone_1,oxygen,r0855,-19.6378,-3.74346e-12,27.1063
358,6,zone_3,glucose,r1032,-9.06088,4.11793e-12,4.82416
358,6,zone_3,oxygen,r0855,-19.6085,-3.74346e-12,25.0424
358,6,zone_3,glucose,r1032,-9.06088,4.11793e-12,4.82416
358,6,zone_3,oxygen,r0855,-19.6085,-3.74346e-12,25.0424
358,3,zone_2,glucose,r1032,-9.06088,4.11793e-12,4.82416
358,3,zone_2,oxygen,r0855,-19.6335,-3.74346e-12,26.7837
358,3,zone_2,glucose,r1032,-9.06088,4.11793e-12,4.82416
358,3,zone_2,oxygen,r0855,-19.6335,-3.74346e-12,26.7837
358,7,zone_3,glucose,r1032,-9.06088,4.11793e-12,4.82416
358,7,zone_3,oxygen,r0855,-19.6062,-3.74346e-12,24.8933
358,7,zone_3,glucose,r1032,-9.06088,4.11793e-12,4.82416
358,7,zone_3,oxygen,r0855,-19.6062,-3.74346e-12,24.8933
360,8,zone_3,glucose,r1032,-9.06071,4.11793e-12,4.8232
360,8,zone_3,oxygen,r0855,-19.6036,-3.74346e-12,24.729
360,4,zone_2,glucose,r1032,-9.06071,4.11793e-12,4.8232
360,4,zone_2,oxygen,r0855,-19.6321,-3.74346e-12,26.6817
360,8,zone_3,glucose,r1032,-9.06071,4.11793e-12,4.8232
360,8,zone_3,oxygen,r0855,-19.6036,-3.74346e-12,24.729
360,4,zone_2,glucose,r1032,-9.06071,4.11793e-12,4.8232
360,4,zone_2,oxygen,r0855,-19.6321,-3.74346e-12,26.6817
360,0,zone_1,glucose,r1032,-9.06071,4.11793e-12,4.8232
360,0,zone_1,oxygen,r0855,-19.6374,-3.74346e-12,27.0796
360,0,zone_1,glucose,r1032,-9.06071,4.11793e-12,4.8232
360,0,zone_1,oxygen,r0855,-19.6374,-3.74346e-12,27.0796
360,5,zone_2,glucose,r1032,-9.06071,4.11793e-12,4.8232
360,5,zone_2,oxygen,r0855,-19.6317,-3.74346e-12,26.6495
360,5,zone_2,glucose,r1032,-9.06071,4.11793e-12,4.8232
360,5,zone_2,oxygen,r0855,-19.6317,-3.74346e-12,26.6495
360,1,zone_1,glucose,r1032,-9.06071,4.11793e-12,4.8232
360,1,zone_1,oxygen,r0855,-19.6374,-3.74346e-12,27.0796
360,1,zone_1,glucose,r1032,-9.06071,4.11793e-12,4.8232
360,1,zone_1,oxygen,r0855,-19.6374,-3.74346e-12,27.0796
360,2,zone_1,glucose,r1032,-9.06071,4.11793e-12,4.8232
360,2,zone_1,oxygen,r0855,-19.6369,-3.74346e-12,27.0439
360,6,zone_3,glucose,r1032,-9.06071,4.11793e-12,4.8232
360,6,zone_3,oxygen,r0855,-19.6076,-3.74346e-12,24.9833
360,2,zone_1,glucose,r1032,-9.06071,4.11793e-12,4.8232
360,2,zone_1,oxygen,r0855,-19.6369,-3.74346e-12,27.0439
360,6,zone_3,glucose,r1032,-9.06071,4.11793e-12,4.8232
360,6,zone_3,oxygen,r0855,-19.6076,-3.74346e-12,24.9833
360,3,zone_2,glucose,r1032,-9.06071,4.11793e-12,4.8232
360,3,zone_2,oxygen,r0855,-19.6326,-3.74346e-12,26.7215
360,3,zone_2,glucose,r1032,-9.06071,4.11793e-12,4.8232
360,3,zone_2,oxygen,r0855,-19.6326,-3.74346e-12,26.7215
360,7,zone_3,glucose,r1032,-9.06071,4.11793e-12,4.8232
360,7,zone_3,oxygen,r0855,-19.6053,-3.74346e-12,24.8345
360,7,zone_3,glucose,r1032,-9.06071,4.11793e-12,4.8232
360,7,zone_3,oxygen,r0855,-19.6053,-3.74346e-12,24.8345
362,0,zone_1,glucose,r1032,-9.06054,4.11793e-12,4.82223
362,0,zone_1,oxygen,r0855,-19.6366,-3.74346e-12,27.0175
362,0,zone_1,glucose,r1032,-9.06054,4.11793e-12,4.82223
362,0,zone_1,oxygen,r0855,-19.6366,-3.74346e-12,27.0175
362,8,zone_3,glucose,r1032,-9.06054,4.11793e-12,4.82223
362,8,zone_3,oxygen,r0855,-19.6027,-3.74346e-12,24.6707
362,8,zone_3,glucose,r1032,-9.06054,4.11793e-12,4.82223
362,8,zone_3,oxygen,r0855,-19.6027,-3.74346e-12,24.6707
362,4,zone_2,glucose,r1032,-9.06054,4.11793e-12,4.82223
362,4,zone_2,oxygen,r0855,-19.6313,-3.74346e-12,26.6198
362,4,zone_2,glucose,r1032,-9.06054,4.11793e-12,4.82223
362,4,zone_2,oxygen,r0855,-19.6313,-3.74346e-12,26.6198
362,1,zone_1,glucose,r1032,-9.06054,4.11793e-12,4.82223
362,1,zone_1,oxygen,r0855,-19.6366,-3.74346e-12,27.0175
362,1,zone_1,glucose,r1032,-9.06054,4.11793e-12,4.82223
362,1,zone_1,oxygen,r0855,-19.6366,-3.74346e-12,27.0175
362,5,zone_2,glucose,r1032,-9.06054,4.11793e-12,4.82223
362,5,zone_2,oxygen,r0855,-19.6308,-3.74346e-12,26.5876
362,5,zone_2,glucose,r1032,-9.06054,4.11793e-12,4.82223
362,5,zone_2,oxygen,r0855,-19.6308,-3.74346e-12,26.5876
362,2,zone_1,glucose,r1032,-9.06054,4.11793e-12,4.82223
362,2,zone_1,oxygen,r0855,-19.6361,-3.74346e-12,26.9818
362,2,zone_1,glucose,r1032,-9.06054,4.11793e-12,4.82223
362,2,zone_1,oxygen,r0855,-19.6361,-3.74346e-12,26.9818
362,6,zone_3,glucose,r1032,-9.06054,4.11793e-12,4.82223
362,6,zone_3,oxygen,r0855,-19.6067,-3.74346e-12,24.9244
362,6,zone_3,glucose,r1032,-9.06054,4.11793e-12,4.82223
362,6,zone_3,oxygen,r0855,-19.6067,-3.74346e-12,24.9244
362,3,zone_2,glucose,r1032,-9.06054,4.11793e-12,4.82223
362,3,zone_2,oxygen,r0855,-19.6318,-3.74346e-12,26.6596
362,3,zone_2,glucose,r1032,-9.06054,4.11793e-12,4.82223
362,3,zone_2,oxygen,r0855,-19.6318,-3.74346e-12,26.6596
362,7,zone_3,glucose,r1032,-9.06054,4.11793e-12,4.82223
362,7,zone_3,oxygen,r0855,-19.6044,-3.74346e-12,24.7759
362,7,zone_3,glucose,r1032,-9.06054,4.11793e-12,4.82223
362,7,zone_3,oxygen,r0855,-19.6044,-3.74346e-12,24.7759
364,4,zone_2,glucose,r1032,-9.06037,4.11793e-12,4.82127
364,4,zone_2,oxygen,r0855,-19.6304,-3.74346e-12,26.5582
364,8,zone_3,glucose,r1032,-9.06037,4.11793e-12,4.82127
364,8,zone_3,oxygen,r0855,-19.6018,-3.74346e-12,24.6126
364,4,zone_2,glucose,r1032,-9.06037,4.11793e-12,4.82127
364,4,zone_2,oxygen,r0855,-19.6304,-3.74346e-12,26.5582
364,8,zone_3,glucose,r1032,-9.06037,4.11793e-12,4.82127
364,8,zone_3,oxygen,r0855,-19.6018,-3.74346e-12,24.6126
364,0,zone_1,glucose,r1032,-9.06037,4.11793e-12,4.82127
364,0,zone_1,oxygen,r0855,-19.6358,-3.74346e-12,26.9557
364,0,zone_1,glucose,r1032,-9.06037,4.11793e-12,4.82127
364,0,zone_1,oxygen,r0855,-19.6358,-3.74346e-12,26.9557
364,1,zone_1,glucose,r1032,-9.06037,4.11793e-12,4.82127
364,1,zone_1,oxygen,r0855,-19.6358,-3.74346e-12,26.9557
364,5,zone_2,glucose,r1032,-9.06037,4.11793e-12,4.82127
364,5,zone_2,oxygen,r0855,-19.63,-3.74346e-12,26.526
364,1,zone_1,glucose,r1032,-9.06037,4.11793e-12,4.82127
364,1,zone_1,oxygen,r0855,-19.6358,-3.74346e-12,26.9557
364,5,zone_2,glucose,r1032,-9.06037,4.11793e-12,4.82127
364,5,zone_2,oxygen,r0855,-19.63,-3.74346e-12,26.526
364,2,zone_1,glucose,r1032,-9.06037,4.11793e-12,4.82127
364,2,zone_1,oxygen,r0855,-19.6353,-3.74346e-12,26.9199
364,2,zone_1,glucose,r1032,-9.06037,4.11793e-12,4.82127
364,2,zone_1,oxygen,r0855,-19.6353,-3.74346e-12,26.9199
364,6,zone_3,glucose,r1032,-9.06037,4.11793e-12,4.82127
364,6,zone_3,oxygen,r0855,-19.6058,-3.74346e-12,24.8658
364,6,zone_3,glucose,r1032,-9.06037,4.11793e-12,4.82127
364,6,zone_3,oxygen,r0855,-19.6058,-3.74346e-12,24.8658
364,3,zone_2,glucose,r1032,-9.06037,4.11793e-12,4.82127
364,3,zone_2,oxygen,r0855,-19.631,-3.74346e-12,26.598
364,3,zone_2,glucose,r1032,-9.06037,4.11793e-12,4.82127
364,3,zone_2,oxygen,r0855,-19.631,-3.74346e-12,26.598
364,7,zone_3,glucose,r1032,-9.06037,4.11793e-12,4.82127
364,7,zone_3,oxygen,r0855,-19.6035,-3.74346e-12,24.7177
364,7,zone_3,glucose,r1032,-9.06037,4.11793e-12,4.82127
364,7,zone_3,oxygen,r0855,-19.6035,-3.74346e-12,24.7177
366,0,zone_1,glucose,r1032,-9.0602,4.11793e-12,4.8203
366,0,zone_1,oxygen,r0855,-19.635,-3.74346e-12,26.8942
366,0,zone_1,glucose,r1032,-9.0602,4.11793e-12,4.8203
366,0,zone_1,oxygen,r0855,-19.635,-3.74346e-12,26.8942
366,8,zone_3,glucose,r1032,-9.0602,4.11793e-12,4.8203
366,8,zone_3,oxygen,r0855,-19.6009,-3.74346e-12,24.5548
366,4,zone_2,glucose,r1032,-9.0602,4.11793e-12,4.8203
366,4,zone_2,oxygen,r0855,-19.6296,-3.74346e-12,26.4968
366,8,zone_3,glucose,r1032,-9.0602,4.11793e-12,4.8203
366,8,zone_3,oxygen,r0855,-19.6009,-3.74346e-12,24.5548
366,4,zone_2,glucose,r1032,-9.0602,4.11793e-12,4.8203
366,4,zone_2,oxygen,r0855,-19.6296,-3.74346e-12,26.4968
366,1,zone_1,glucose,r1032,-9.0602,4.11793e-12,4.8203
366,1,zone_1,oxygen,r0855,-19.635,-3.74346e-12,26.8942
366,1,zone_1,glucose,r1032,-9.0602,4.11793e-12,4.8203
366,1,zone_1,oxygen,r0855,-19.635,-3.74346e-12,26.8942
366,5,zone_2,glucose,r1032,-9.0602,4.11793e-12,4.8203
366,5,zone_2,oxygen,r0855,-19.6291,-3.74346e-12,26.4647
366,5,zone_2,glucose,r1032,-9.0602,4.11793e-12,4.8203
366,5,zone_2,oxygen,r0855,-19.6291,-3.74346e-12,26.4647
366,2,zone_1,glucose,r1032,-9.0602,4.11793e-12,4.8203
366,2,zone_1,oxygen,r0855,-19.6345,-3.74346e-12,26.8583
366,2,zone_1,glucose,r1032,-9.0602,4.11793e-12,4.8203
366,2,zone_1,oxygen,r0855,-19.6345,-3.74346e-12,26.8583
366,3,zone_2,glucose,r1032,-9.0602,4.11793e-12,4.8203
366,3,zone_2,oxygen,r0855,-19.6301,-3.74346e-12,26.5367
366,3,zone_2,glucose,r1032,-9.0602,4.11793e-12,4.8203
366,3,zone_2,oxygen,r0855,-19.6301,-3.74346e-12,26.5367
366,6,zone_3,glucose,r1032,-9.0602,4.11793e-12,4.8203
366,6,zone_3,oxygen,r0855,-19.6049,-3.74346e-12,24.8074
366,6,zone_3,glucose,r1032,-9.0602,4.11793e-12,4.8203
366,6,zone_3,oxygen,r0855,-19.6049,-3.74346e-12,24.8074
366,7,zone_3,glucose,r1032,-9.0602,4.11793e-12,4.8203
366,7,zone_3,oxygen,r0855,-19.6025,-3.74346e-12,24.6596
366,7,zone_3,glucose,r1032,-9.0602,4.11793e-12,4.8203
366,7,zone_3,oxygen,r0855,-19.6025,-3.74346e-12,24.6596
368,8,zone_3,glucose,r1032,-9.06003,4.11793e-12,4.81934
368,8,zone_3,oxygen,r0855,-19.6,-3.74346e-12,24.4973
368,8,zone_3,glucose,r1032,-9.06003,4.11793e-12,4.81934
368,8,zone_3,oxygen,r0855,-19.6,-3.74346e-12,24.4973
368,0,zone_1,glucose,r1032,-9.06003,4.11793e-12,4.81934
368,0,zone_1,oxygen,r0855,-19.6341,-3.74346e-12,26.8329
368,0,zone_1,glucose,r1032,-9.06003,4.11793e-12,4.81934
368,0,zone_1,oxygen,r0855,-19.6341,-3.74346e-12,26.8329
368,4,zone_2,glucose,r1032,-9.06003,4.11793e-12,4.81934
368,4,zone_2,oxygen,r0855,-19.6287,-3.74346e-12,26.4357
368,4,zone_2,glucose,r1032,-9.06003,4.11793e-12,4.81934
368,4,zone_2,oxygen,r0855,-19.6287,-3.74346e-12,26.4357
368,1,zone_1,glucose,r1032,-9.06003,4.11793e-12,4.81934
368,1,zone_1,oxygen,r0855,-19.6341,-3.74346e-12,26.8329
368,1,zone_1,glucose,r1032,-9.06003,4.11793e-12,4.81934
368,1,zone_1,oxygen,r0855,-19.6341,-3.74346e-12,26.8329
368,5,zone_2,glucose,r1032,-9.06003,4.11793e-12,4.81934
368,5,zone_2,oxygen,r0855,-19.6283,-3.74346e-12,26.4036
368,5,zone_2,glucose,r1032,-9.06003,4.11793e-12,4.81934
368,5,zone_2,oxygen,r0855,-19.6283,-3.74346e-12,26.4036
368,2,zone_1,glucose,r1032,-9.06003,4.11793e-12,4.81934
368,2,zone_1,oxygen,r0855,-19.6337,-3.74346e-12,26.7969
368,2,zone_1,glucose,r1032,-9.06003,4.11793e-12,4.81934
368,2,zone_1,oxygen,r0855,-19.6337,-3.74346e-12,26.7969
368,6,zone_3,glucose,r1032,-9.06003,4.11793e-12,4.81934
368,6,zone_3,oxygen,r0855,-19.6039,-3.74346e-12,24.7493
368,6,zone_3,glucose,r1032,-9.06003,4.11793e-12,4.81934
368,6,zone_3,oxygen,r0855,-19.6039,-3.74346e-12,24.7493
368,3,zone_2,glucose,r1032,-9.06003,4.11793e-12,4.81934
368,3,zone_2,oxygen,r0855,-19.6293,-3.74346e-12,26.4756
368,3,zone_2,glucose,r1032,-9.06003,4.11793e-12,4.81934
368,3,zone_2,oxygen,r0855,-19.6293,-3.74346e-12,26.4756
368,7,zone_3,glucose,r1032,-9.06003,4.11793e-12,4.81934
368,7,zone_3,oxygen,r0855,-19.6016,-3.74346e-12,24.6018
368,7,zone_3,glucose,r1032,-9.06003,4.11793e-12,4.81934
368,7,zone_3,oxygen,r0855,-19.6016,-3.74346e-12,24.6018
370,8,zone_3,glucose,r1032,-9.05986,4.11793e-12,4.81838
370,8,zone_3,oxygen,r0855,-19.599,-3.74346e-12,24.4399
370,8,zone_3,glucose,r1032,-9.05986,4.11793e-12,4.81838
370,8,zone_3,oxygen,r0855,-19.599,-3.74346e-12,24.4399
370,0,zone_1,glucose,r1032,-9.05986,4.11793e-12,4.81838
370,0,zone_1,oxygen,r0855,-19.6333,-3.74346e-12,26.7719
370,0,zone_1,glucose,r1032,-9.05986,4.11793e-12,4.81838
370,0,zone_1,oxygen,r0855,-19.6333,-3.74346e-12,26.7719
370,4,zone_2,glucose,r1032,-9.05986,4.11793e-12,4.81838
370,4,zone_2,oxygen,r0855,-19.6279,-3.74346e-12,26.3749
370,4,zone_2,glucose,r1032,-9.05986,4.11793e-12,4.81838
370,4,zone_2,oxygen,r0855,-19.6279,-3.74346e-12,26.3749
370,1,zone_1,glucose,r1032,-9.05986,4.11793e-12,4.81838
370,1,zone_1,oxygen,r0855,-19.6333,-3.74346e-12,26.7719
370,1,zone_1,glucose,r1032,-9.05986,4.11793e-12,4.81838
370,1,zone_1,oxygen,r0855,-19.6333,-3.74346e-12,26.7719
370,5,zone_2,glucose,r1032,-9.05986,4.11793e-12,4.81838
370,5,zone_2,oxygen,r0855,-19.6275,-3.74346e-12,26.3427
370,5,zone_2,glucose,r1032,-9.05986,4.11793e-12,4.81838
370,5,zone_2,oxygen,r0855,-19.6275,-3.74346e-12,26.3427
370,2,zone_1,glucose,r1032,-9.05986,4.11793e-12,4.81838
370,2,zone_1,oxygen,r0855,-19.6328,-3.74346e-12,26.7358
370,2,zone_1,glucose,r1032,-9.05986,4.11793e-12,4.81838
370,2,zone_1,oxygen,r0855,-19.6328,-3.74346e-12,26.7358
370,6,zone_3,glucose,r1032,-9.05986,4.11793e-12,4.81838
370,6,zone_3,oxygen,r0855,-19.603,-3.74346e-12,24.6915
370,6,zone_3,glucose,r1032,-9.05986,4.11793e-12,4.81838
370,6,zone_3,oxygen,r0855,-19.603,-3.74346e-12,24.6915
370,3,zone_2,glucose,r1032,-9.05986,4.11793e-12,4.81838
370,3,zone_2,oxygen,r0855,-19.6285,-3.74346e-12,26.4148
370,3,zone_2,glucose,r1032,-9.05986,4.11793e-12,4.81838
370,3,zone_2,oxygen,r0855,-19.6285,-3.74346e-12,26.4148
370,7,zone_3,glucose,r1032,-9.05986,4.11793e-12,4.81838
370,7,zone_3,oxygen,r0855,-19.6007,-3.74346e-12,24.5443
370,7,zone_3,glucose,r1032,-9.05986,4.11793e-12,4.81838
370,7,zone_3,oxygen,r0855,-19.6007,-3.74346e-12,24.5443
372,4,zone_2,glucose,r1032,-9.05969,4.11793e-12,4.81741
372,4,zone_2,oxygen,r0855,-19.6271,-3.74346e-12,26.3143
372,4,zone_2,glucose,r1032,-9.05969,4.11793e-12,4.81741
372,4,zone_2,oxygen,r0855,-19.6271,-3.74346e-12,26.3143
372,0,zone_1,glucose,r1032,-9.05969,4.11793e-12,4.81741
372,0,zone_1,oxygen,r0855,-19.6325,-3.74346e-12,26.7112
372,0,zone_1,glucose,r1032,-9.05969,4.11793e-12,4.81741
372,0,zone_1,oxygen,r0855,-19.6325,-3.74346e-12,26.7112
372,8,zone_3,glucose,r1032,-9.05969,4.11793e-12,4.81741
372,8,zone_3,oxygen,r0855,-19.5981,-3.74346e-12,24.3829
372,8,zone_3,glucose,r1032,-9.05969,4.11793e-12,4.81741
372,8,zone_3,oxygen,r0855,-19.5981,-3.74346e-12,24.3829
372,5,zone_2,glucose,r1032,-9.05969,4.11793e-12,4.81741
372,5,zone_2,oxygen,r0855,-19.6266,-3.74346e-12,26.2822
372,1,zone_1,glucose,r1032,-9.05969,4.11793e-12,4.81741
372,1,zone_1,oxygen,r0855,-19.6325,-3.74346e-12,26.7112
372,5,zone_2,glucose,r1032,-9.05969,4.11793e-12,4.81741
372,5,zone_2,oxygen,r0855,-19.6266,-3.74346e-12,26.2822
372,1,zone_1,glucose,r1032,-9.05969,4.11793e-12,4.81741
372,1,zone_1,oxygen,r0855,-19.6325,-3.74346e-12,26.7112
372,6,zone_3,glucose,r1032,-9.05969,4.11793e-12,4.81741
372,6,zone_3,oxygen,r0855,-19.6021,-3.74346e-12,24.6339
372,6,zone_3,glucose,r1032,-9.05969,4.11793e-12,4.81741
372,6,zone_3,oxygen,r0855,-19.6021,-3.74346e-12,24.6339
372,2,zone_1,glucose,r1032,-9.05969,4.11793e-12,4.81741
372,2,zone_1,oxygen,r0855,-19.632,-3.74346e-12,26.675
372,2,zone_1,glucose,r1032,-9.05969,4.11793e-12,4.81741
372,2,zone_1,oxygen,r0855,-19.632,-3.74346e-12,26.675
372,7,zone_3,glucose,r1032,-9.05969,4.11793e-12,4.81741
372,7,zone_3,oxygen,r0855,-19.5998,-3.74346e-12,24.487
372,7,zone_3,glucose,r1032,-9.05969,4.11793e-12,4.81741
372,7,zone_3,oxygen,r0855,-19.5998,-3.74346e-12,24.487
372,3,zone_2,glucose,r1032,-9.05969,4.11793e-12,4.81741
372,3,zone_2,oxygen,r0855,-19.6276,-3.74346e-12,26.3542
372,3,zone_2,glucose,r1032,-9.05969,4.11793e-12,4.81741
372,3,zone_2,oxygen,r0855,-19.6276,-3.74346e-12,26.3542
374,0,zone_1,glucose,r1032,-9.05952,4.11793e-12,4.81645
374,0,zone_1,oxygen,r0855,-19.6317,-3.74346e-12,26.6507
374,0,zone_1,glucose,r1032,-9.05952,4.11793e-12,4.81645
374,0,zone_1,oxygen,r0855,-19.6317,-3.74346e-12,26.6507
374,8,zone_3,glucose,r1032,-9.05952,4.11793e-12,4.81645
374,8,zone_3,oxygen,r0855,-19.5972,-3.74346e-12,24.3261
374,8,zone_3,glucose,r1032,-9.05952,4.11793e-12,4.81645
374,8,zone_3,oxygen,r0855,-19.5972,-3.74346e-12,24.3261
374,4,zone_2,glucose,r1032,-9.05952,4.11793e-12,4.81645
374,4,zone_2,oxygen,r0855,-19.6262,-3.74346e-12,26.254
374,4,zone_2,glucose,r1032,-9.05952,4.11793e-12,4.81645
374,4,zone_2,oxygen,r0855,-19.6262,-3.74346e-12,26.254
374,1,zone_1,glucose,r1032,-9.05952,4.11793e-12,4.81645
374,1,zone_1,oxygen,r0855,-19.6317,-3.74346e-12,26.6507
374,1,zone_1,glucose,r1032,-9.05952,4.11793e-12,4.81645
374,1,zone_1,oxygen,r0855,-19.6317,-3.74346e-12,26.6507
374,5,zone_2,glucose,r1032,-9.05952,4.11793e-12,4.81645
374,5,zone_2,oxygen,r0855,-19.6258,-3.74346e-12,26.2219
374,5,zone_2,glucose,r1032,-9.05952,4.11793e-12,4.81645
374,5,zone_2,oxygen,r0855,-19.6258,-3.74346e-12,26.2219
374,2,zone_1,glucose,r1032,-9.05952,4.11793e-12,4.81645
374,2,zone_1,oxygen,r0855,-19.6312,-3.74346e-12,26.6145
374,2,zone_1,glucose,r1032,-9.05952,4.11793e-12,4.81645
374,2,zone_1,oxygen,r0855,-19.6312,-3.74346e-12,26.6145
374,6,zone_3,glucose,r1032,-9.05952,4.11793e-12,4.81645
374,6,zone_3,oxygen,r0855,-19.6012,-3.74346e-12,24.5765
374,6,zone_3,glucose,r1032,-9.05952,4.11793e-12,4.81645
374,6,zone_3,oxygen,r0855,-19.6012,-3.74346e-12,24.5765
374,3,zone_2,glucose,r1032,-9.05952,4.11793e-12,4.81645
374,3,zone_2,oxygen,r0855,-19.6268,-3.74346e-12,26.2939
374,3,zone_2,glucose,r1032,-9.05952,4.11793e-12,4.81645
374,3,zone_2,oxygen,r0855,-19.6268,-3.74346e-12,26.2939
374,7,zone_3,glucose,r1032,-9.05952,4.11793e-12,4.81645
374,7,zone_3,oxygen,r0855,-19.5989,-3.74346e-12,24.4299
374,7,zone_3,glucose,r1032,-9.05952,4.11793e-12,4.81645
374,7,zone_3,oxygen,r0855,-19.5989,-3.74346e-12,24.4299
376,8,zone_3,glucose,r1032,-9.05935,4.11793e-12,4.81549
376,8,zone_3,oxygen,r0855,-19.5963,-3.74346e-12,24.2695
376,8,zone_3,glucose,r1032,-9.05935,4.11793e-12,4.81549
376,8,zone_3,oxygen,r0855,-19.5963,-3.74346e-12,24.2695
376,0,zone_1,glucose,r1032,-9.05935,4.11793e-12,4.81549
376,0,zone_1,oxygen,r0855,-19.6309,-3.74346e-12,26.5905
376,0,zone_1,glucose,r1032,-9.05935,4.11793e-12,4.81549
376,0,zone_1,oxygen,r0855,-19.6309,-3.74346e-12,26.5905
376,4,zone_2,glucose,r1032,-9.05935,4.11793e-12,4.81549
376,4,zone_2,oxygen,r0855,-19.6254,-3.74346e-12,26.194
376,4,zone_2,glucose,r1032,-9.05935,4.11793e-12,4.81549
376,4,zone_2,oxygen,r0855,-19.6254,-3.74346e-12,26.194
376,1,zone_1,glucose,r1032,-9.05935,4.11793e-12,4.81549
376,1,zone_1,oxygen,r0855,-19.6309,-3.74346e-12,26.5905
376,1,zone_1,glucose,r1032,-9.05935,4.11793e-12,4.81549
376,1,zone_1,oxygen,r0855,-19.6309,-3.74346e-12,26.5905
376,5,zone_2,glucose,r1032,-9.05935,4.11793e-12,4.81549
376,5,zone_2,oxygen,r0855,-19.6249,-3.74346e-12,26.1618
376,5,zone_2,glucose,r1032,-9.05935,4.11793e-12,4.81549
376,5,zone_2,oxygen,r0855,-19.6249,-3.74346e-12,26.1618
376,2,zone_1,glucose,r1032,-9.05935,4.11793e-12,4.81549
376,2,zone_1,oxygen,r0855,-19.6304,-3.74346e-12,26.5541
376,2,zone_1,glucose,r1032,-9.05935,4.11793e-12,4.81549
376,2,zone_1,oxygen,r0855,-19.6304,-3.74346e-12,26.5541
376,6,zone_3,glucose,r1032,-9.05935,4.11793e-12,4.81549
376,6,zone_3,oxygen,r0855,-19.6003,-3.74346e-12,24.5194
376,6,zone_3,glucose,r1032,-9.05935,4.11793e-12,4.81549
376,6,zone_3,oxygen,r0855,-19.6003,-3.74346e-12,24.5194
376,3,zone_2,glucose,r1032,-9.05935,4.11793e-12,4.81549
376,3,zone_2,oxygen,r0855,-19.6259,-3.74346e-12,26.2339
376,3,zone_2,glucose,r1032,-9.05935,4.11793e-12,4.81549
376,3,zone_2,oxygen,r0855,-19.6259,-3.74346e-12,26.2339
376,7,zone_3,glucose,r1032,-9.05935,4.11793e-12,4.81549
376,7,zone_3,oxygen,r0855,-19.598,-3.74346e-12,24.3731
376,7,zone_3,glucose,r1032,-9.05935,4.11793e-12,4.81549
376,7,zone_3,oxygen,r0855,-19.598,-3.74346e-12,24.3731
378,4,zone_2,glucose,r1032,-9.05918,4.11793e-12,4.81452
378,4,zone_2,oxygen,r0855,-19.6245,-3.74346e-12,26.1342
378,4,zone_2,glucose,r1032,-9.05918,4.11793e-12,4.81452
378,4,zone_2,oxygen,r0855,-19.6245,-3.74346e-12,26.1342
378,0,zone_1,glucose,r1032,-9.05918,4.11793e-12,4.81452
378,0,zone_1,oxygen,r0855,-19.63,-3.74346e-12,26.5305
378,0,zone_1,glucose,r1032,-9.05918,4.11793e-12,4.81452
378,0,zone_1,oxygen,r0855,-19.63,-3.74346e-12,26.5305
378,8,zone_3,glucose,r1032,-9.05918,4.11793e-12,4.81452
378,8,zone_3,oxygen,r0855,-19.5954,-3.74346e-12,24.2131
378,8,zone_3,glucose,r1032,-9.05918,4.11793e-12,4.81452
378,8,zone_3,oxygen,r0855,-19.5954,-3.74346e-12,24.2131
378,5,zone_2,glucose,r1032,-9.05918,4.11793e-12,4.81452
378,5,zone_2,oxygen,r0855,-19.6241,-3.74346e-12,26.102
378,5,zone_2,glucose,r1032,-9.05918,4.11793e-12,4.81452
378,5,zone_2,oxygen,r0855,-19.6241,-3.74346e-12,26.102
378,1,zone_1,glucose,r1032,-9.05918,4.11793e-12,4.81452
378,1,zone_1,oxygen,r0855,-19.63,-3.74346e-12,26.5305
378,1,zone_1,glucose,r1032,-9.05918,4.11793e-12,4.81452
378,1,zone_1,oxygen,r0855,-19.63,-3.74346e-12,26.5305
378,2,zone_1,glucose,r1032,-9.05918,4.11793e-12,4.81452
378,2,zone_1,oxygen,r0855,-19.6295,-3.74346e-12,26.4941
378,2,zone_1,glucose,r1032,-9.05918,4.11793e-12,4.81452
378,2,zone_1,oxygen,r0855,-19.6295,-3.74346e-12,26.4941
378,6,zone_3,glucose,r1032,-9.05918,4.11793e-12,4.81452
378,6,zone_3,oxygen,r0855,-19.5994,-3.74346e-12,24.4625
378,6,zone_3,glucose,r1032,-9.05918,4.11793e-12,4.81452
378,6,zone_3,oxygen,r0855,-19.5994,-3.74346e-12,24.4625
378,3,zone_2,glucose,r1032,-9.05918,4.11793e-12,4.81452
378,3,zone_2,oxygen,r0855,-19.6251,-3.74346e-12,26.1741
378,3,zone_2,glucose,r1032,-9.05918,4.11793e-12,4.81452
378,3,zone_2,oxygen,r0855,-19.6251,-3.74346e-12,26.1741
378,7,zone_3,glucose,r1032,-9.05918,4.11793e-12,4.81452
378,7,zone_3,oxygen,r0855,-19.597,-3.74346e-12,24.3166
378,7,zone_3,glucose,r1032,-9.05918,4.11793e-12,4.81452
378,7,zone_3,oxygen,r0855,-19.597,-3.74346e-12,24.3166
380,8,zone_3,glucose,r1032,-9.05901,4.11793e-12,4.81356
380,8,zone_3,oxygen,r0855,-19.5944,-3.74346e-12,24.157
380,0,zone_1,glucose,r1032,-9.05901,4.11793e-12,4.81356
380,0,zone_1,oxygen,r0855,-19.6292,-3.74346e-12,26.4708
380,8,zone_3,glucose,r1032,-9.05901,4.11793e-12,4.81356
380,8,zone_3,oxygen,r0855,-19.5944,-3.74346e-12,24.157
380,0,zone_1,glucose,r1032,-9.05901,4.11793e-12,4.81356
380,0,zone_1,oxygen,r0855,-19.6292,-3.74346e-12,26.4708
380,4,zone_2,glucose,r1032,-9.05901,4.11793e-12,4.81356
380,4,zone_2,oxygen,r0855,-19.6237,-3.74346e-12,26.0746
380,4,zone_2,glucose,r1032,-9.05901,4.11793e-12,4.81356
380,4,zone_2,oxygen,r0855,-19.6237,-3.74346e-12,26.0746
380,1,zone_1,glucose,r1032,-9.05901,4.11793e-12,4.81356
380,1,zone_1,oxygen,r0855,-19.6292,-3.74346e-12,26.4708
380,5,zone_2,glucose,r1032,-9.05901,4.11793e-12,4.81356
380,5,zone_2,oxygen,r0855,-19.6232,-3.74346e-12,26.0425
380,1,zone_1,glucose,r1032,-9.05901,4.11793e-12,4.81356
380,1,zone_1,oxygen,r0855,-19.6292,-3.74346e-12,26.4708
380,5,zone_2,glucose,r1032,-9.05901,4.11793e-12,4.81356
380,5,zone_2,oxygen,r0855,-19.6232,-3.74346e-12,26.0425
380,2,zone_1,glucose,r1032,-9.05901,4.11793e-12,4.81356
380,2,zone_1,oxygen,r0855,-19.6287,-3.74346e-12,26.4343
380,2,zone_1,glucose,r1032,-9.05901,4.11793e-12,4.81356
380,2,zone_1,oxygen,r0855,-19.6287,-3.74346e-12,26.4343
380,6,zone_3,glucose,r1032,-9.05901,4.11793e-12,4.81356
380,6,zone_3,oxygen,r0855,-19.5985,-3.74346e-12,24.4058
380,6,zone_3,glucose,r1032,-9.05901,4.11793e-12,4.81356
380,6,zone_3,oxygen,r0855,-19.5985,-3.74346e-12,24.4058
380,3,zone_2,glucose,r1032,-9.05901,4.11793e-12,4.81356
380,3,zone_2,oxygen,r0855,-19.6243,-3.74346e-12,26.1145
380,3,zone_2,glucose,r1032,-9.05901,4.11793e-12,4.81356
380,3,zone_2,oxygen,r0855,-19.6243,-3.74346e-12,26.1145
380,7,zone_3,glucose,r1032,-9.05901,4.11793e-12,4.81356
380,7,zone_3,oxygen,r0855,-19.5961,-3.74346e-12,24.2602
380,7,zone_3,glucose,r1032,-9.05901,4.11793e-12,4.81356
380,7,zone_3,oxygen,r0855,-19.5961,-3.74346e-12,24.2602
382,0,zone_1,glucose,r1032,-9.05884,4.11793e-12,4.8126
382,0,zone_1,oxygen,r0855,-19.6284,-3.74346e-12,26.4113
382,0,zone_1,glucose,r1032,-9.05884,4.11793e-12,4.8126
382,0,zone_1,oxygen,r0855,-19.6284,-3.74346e-12,26.4113
382,8,zone_3,glucose,r1032,-9.05884,4.11793e-12,4.8126
382,8,zone_3,oxygen,r0855,-19.5935,-3.74346e-12,24.1012
382,8,zone_3,glucose,r1032,-9.05884,4.11793e-12,4.8126
382,8,zone_3,oxygen,r0855,-19.5935,-3.74346e-12,24.1012
382,4,zone_2,glucose,r1032,-9.05884,4.11793e-12,4.8126
382,4,zone_2,oxygen,r0855,-19.6229,-3.74346e-12,26.0153
382,4,zone_2,glucose,r1032,-9.05884,4.11793e-12,4.8126
382,4,zone_2,oxygen,r0855,-19.6229,-3.74346e-12,26.0153
382,1,zone_1,glucose,r1032,-9.05884,4.11793e-12,4.8126
382,1,zone_1,oxygen,r0855,-19.6284,-3.74346e-12,26.4113
382,1,zone_1,glucose,r1032,-9.05884,4.11793e-12,4.8126
382,1,zone_1,oxygen,r0855,-19.6284,-3.74346e-12,26.4113
382,5,zone_2,glucose,r1032,-9.05884,4.11793e-12,4.8126
382,5,zone_2,oxygen,r0855,-19.6224,-3.74346e-12,25.9832
382,5,zone_2,glucose,r1032,-9.05884,4.11793e-12,4.8126
382,5,zone_2,oxygen,r0855,-19.6224,-3.74346e-12,25.9832
382,2,zone_1,glucose,r1032,-9.05884,4.11793e-12,4.8126
382,2,zone_1,oxygen,r0855,-19.6279,-3.74346e-12,26.3748
382,2,zone_1,glucose,r1032,-9.05884,4.11793e-12,4.8126
382,2,zone_1,oxygen,r0855,-19.6279,-3.74346e-12,26.3748
382,3,zone_2,glucose,r1032,-9.05884,4.11793e-12,4.8126
382,3,zone_2,oxygen,r0855,-19.6234,-3.74346e-12,26.0552
382,3,zone_2,glucose,r1032,-9.05884,4.11793e-12,4.8126
382,3,zone_2,oxygen,r0855,-19.6234,-3.74346e-12,26.0552
382,6,zone_3,glucose,r1032,-9.05884,4.11793e-12,4.8126
382,6,zone_3,oxygen,r0855,-19.5976,-3.74346e-12,24.3494
382,6,zone_3,glucose,r1032,-9.05884,4.11793e-12,4.8126
382,6,zone_3,oxygen,r0855,-19.5976,-3.74346e-12,24.3494
382,7,zone_3,glucose,r1032,-9.05884,4.11793e-12,4.8126
382,7,zone_3,oxygen,r0855,-19.5952,-3.74346e-12,24.2042
382,7,zone_3,glucose,r1032,-9.05884,4.11793e-12,4.8126
382,7,zone_3,oxygen,r0855,-19.5952,-3.74346e-12,24.2042
384,4,zone_2,glucose,r1032,-9.05867,4.11793e-12,4.81163
384,4,zone_2,oxygen,r0855,-19.622,-3.74346e-12,25.9563
384,4,zone_2,glucose,r1032,-9.05867,4.11793e-12,4.81163
384,4,zone_2,oxygen,r0855,-19.622,-3.74346e-12,25.9563
384,0,zone_1,glucose,r1032,-9.05867,4.11793e-12,4.81163
384,0,zone_1,oxygen,r0855,-19.6276,-3.74346e-12,26.3521
384,0,zone_1,glucose,r1032,-9.05867,4.11793e-12,4.81163
384,0,zone_1,oxygen,r0855,-19.6276,-3.74346e-12,26.3521
384,8,zone_3,glucose,r1032,-9.05867,4.11793e-12,4.81163
384,8,zone_3,oxygen,r0855,-19.5926,-3.74346e-12,24.0456
384,8,zone_3,glucose,r1032,-9.05867,4.11793e-12,4.81163
384,8,zone_3,oxygen,r0855,-19.5926,-3.74346e-12,24.0456
384,5,zone_2,glucose,r1032,-9.05867,4.11793e-12,4.81163
384,5,zone_2,oxygen,r0855,-19.6216,-3.74346e-12,25.9241
384,5,zone_2,glucose,r1032,-9.05867,4.11793e-12,4.81163
384,5,zone_2,oxygen,r0855,-19.6216,-3.74346e-12,25.9241
384,1,zone_1,glucose,r1032,-9.05867,4.11793e-12,4.81163
384,1,zone_1,oxygen,r0855,-19.6276,-3.74346e-12,26.3521
384,1,zone_1,glucose,r1032,-9.05867,4.11793e-12,4.81163
384,1,zone_1,oxygen,r0855,-19.6276,-3.74346e-12,26.3521
384,6,zone_3,glucose,r1032,-9.05867,4.11793e-12,4.81163
384,6,zone_3,oxygen,r0855,-19.5967,-3.74346e-12,24.2933
384,6,zone_3,glucose,r1032,-9.05867,4.11793e-12,4.81163
384,6,zone_3,oxygen,r0855,-19.5967,-3.74346e-12,24.2933
384,2,zone_1,glucose,r1032,-9.05867,4.11793e-12,4.81163
384,2,zone_1,oxygen,r0855,-19.6271,-3.74346e-12,26.3155
384,2,zone_1,glucose,r1032,-9.05867,4.11793e-12,4.81163
384,2,zone_1,oxygen,r0855,-19.6271,-3.74346e-12,26.3155
384,3,zone_2,glucose,r1032,-9.05867,4.11793e-12,4.81163
384,3,zone_2,oxygen,r0855,-19.6226,-3.74346e-12,25.9962
384,3,zone_2,glucose,r1032,-9.05867,4.11793e-12,4.81163
384,3,zone_2,oxygen,r0855,-19.6226,-3.74346e-12,25.9962
384,7,zone_3,glucose,r1032,-9.05867,4.11793e-12,4.81163
384,7,zone_3,oxygen,r0855,-19.5943,-3.74346e-12,24.1483
384,7,zone_3,glucose,r1032,-9.05867,4.11793e-12,4.81163
384,7,zone_3,oxygen,r0855,-19.5943,-3.74346e-12,24.1483
386,0,zone_1,glucose,r1032,-9.0585,4.11793e-12,4.81067
386,0,zone_1,oxygen,r0855,-19.6268,-3.74346e-12,26.2931
386,0,zone_1,glucose,r1032,-9.0585,4.11793e-12,4.81067
386,0,zone_1,oxygen,r0855,-19.6268,-3.74346e-12,26.2931
386,4,zone_2,glucose,r1032,-9.0585,4.11793e-12,4.81067
386,4,zone_2,oxygen,r0855,-19.6212,-3.74346e-12,25.8975
386,4,zone_2,glucose,r1032,-9.0585,4.11793e-12,4.81067
386,4,zone_2,oxygen,r0855,-19.6212,-3.74346e-12,25.8975
386,8,zone_3,glucose,r1032,-9.0585,4.11793e-12,4.81067
386,8,zone_3,oxygen,r0855,-19.5917,-3.74346e-12,23.9902
386,8,zone_3,glucose,r1032,-9.0585,4.11793e-12,4.81067
386,8,zone_3,oxygen,r0855,-19.5917,-3.74346e-12,23.9902
386,1,zone_1,glucose,r1032,-9.0585,4.11793e-12,4.81067
386,1,zone_1,oxygen,r0855,-19.6268,-3.74346e-12,26.2931
386,1,zone_1,glucose,r1032,-9.0585,4.11793e-12,4.81067
386,1,zone_1,oxygen,r0855,-19.6268,-3.74346e-12,26.2931
386,5,zone_2,glucose,r1032,-9.0585,4.11793e-12,4.81067
386,5,zone_2,oxygen,r0855,-19.6207,-3.74346e-12,25.8654
386,5,zone_2,glucose,r1032,-9.0585,4.11793e-12,4.81067
386,5,zone_2,oxygen,r0855,-19.6207,-3.74346e-12,25.8654
386,2,zone_1,glucose,r1032,-9.0585,4.11793e-12,4.81067
386,2,zone_1,oxygen,r0855,-19.6263,-3.74346e-12,26.2564
386,2,zone_1,glucose,r1032,-9.0585,4.11793e-12,4.81067
386,2,zone_1,oxygen,r0855,-19.6263,-3.74346e-12,26.2564
386,6,zone_3,glucose,r1032,-9.0585,4.11793e-12,4.81067
386,6,zone_3,oxygen,r0855,-19.5958,-3.74346e-12,24.2374
386,6,zone_3,glucose,r1032,-9.0585,4.11793e-12,4.81067
386,6,zone_3,oxygen,r0855,-19.5958,-3.74346e-12,24.2374
386,3,zone_2,glucose,r1032,-9.0585,4.11793e-12,4.81067
386,3,zone_2,oxygen,r0855,-19.6217,-3.74346e-12,25.9374
386,3,zone_2,glucose,r1032,-9.0585,4.11793e-12,4.81067
386,3,zone_2,oxygen,r0855,-19.6217,-3.74346e-12,25.9374
386,7,zone_3,glucose,r1032,-9.0585,4.11793e-12,4.81067
386,7,zone_3,oxygen,r0855,-19.5934,-3.74346e-12,24.0927
386,7,zone_3,glucose,r1032,-9.0585,4.11793e-12,4.81067
386,7,zone_3,oxygen,r0855,-19.5934,-3.74346e-12,24.0927
388,4,zone_2,glucose,r1032,-9.05833,4.11793e-12,4.80971
388,4,zone_2,oxygen,r0855,-19.6203,-3.74346e-12,25.839
388,4,zone_2,glucose,r1032,-9.05833,4.11793e-12,4.80971
388,4,zone_2,oxygen,r0855,-19.6203,-3.74346e-12,25.839
388,0,zone_1,glucose,r1032,-9.05833,4.11793e-12,4.80971
388,0,zone_1,oxygen,r0855,-19.626,-3.74346e-12,26.2344
388,0,zone_1,glucose,r1032,-9.05833,4.11793e-12,4.80971
388,0,zone_1,oxygen,r0855,-19.626,-3.74346e-12,26.2344
388,8,zone_3,glucose,r1032,-9.05833,4.11793e-12,4.80971
388,8,zone_3,oxygen,r0855,-19.5908,-3.74346e-12,23.9351
388,8,zone_3,glucose,r1032,-9.05833,4.11793e-12,4.80971
388,8,zone_3,oxygen,r0855,-19.5908,-3.74346e-12,23.9351
388,1,zone_1,glucose,r1032,-9.05833,4.11793e-12,4.80971
388,1,zone_1,oxygen,r0855,-19.626,-3.74346e-12,26.2344
388,1,zone_1,glucose,r1032,-9.05833,4.11793e-12,4.80971
388,1,zone_1,oxygen,r0855,-19.626,-3.74346e-12,26.2344
388,5,zone_2,glucose,r1032,-9.05833,4.11793e-12,4.80971
388,5,zone_2,oxygen,r0855,-19.6199,-3.74346e-12,25.8068
388,5,zone_2,glucose,r1032,-9.05833,4.11793e-12,4.80971
388,5,zone_2,oxygen,r0855,-19.6199,-3.74346e-12,25.8068
388,2,zone_1,glucose,r1032,-9.05833,4.11793e-12,4.80971
388,2,zone_1,oxygen,r0855,-19.6254,-3.74346e-12,26.1977
388,2,zone_1,glucose,r1032,-9.05833,4.11793e-12,4.80971
388,2,zone_1,oxygen,r0855,-19.6254,-3.74346e-12,26.1977
388,6,zone_3,glucose,r1032,-9.05833,4.11793e-12,4.80971
388,6,zone_3,oxygen,r0855,-19.5948,-3.74346e-12,24.1817
388,6,zone_3,glucose,r1032,-9.05833,4.11793e-12,4.80971
388,6,zone_3,oxygen,r0855,-19.5948,-3.74346e-12,24.1817
388,3,zone_2,glucose,r1032,-9.05833,4.11793e-12,4.80971
388,3,zone_2,oxygen,r0855,-19.6209,-3.74346e-12,25.8789
388,3,zone_2,glucose,r1032,-9.05833,4.11793e-12,4.80971
388,3,zone_2,oxygen,r0855,-19.6209,-3.74346e-12,25.8789
388,7,zone_3,glucose,r1032,-9.05833,4.11793e-12,4.80971
388,7,zone_3,oxygen,r0855,-19.5925,-3.74346e-12,24.0373
388,7,zone_3,glucose,r1032,-9.05833,4.11793e-12,4.80971
388,7,zone_3,oxygen,r0855,-19.5925,-3.74346e-12,24.0373
390,4,zone_2,glucose,r1032,-9.05816,4.11793e-12,4.80875
390,4,zone_2,oxygen,r0855,-19.6195,-3.74346e-12,25.7807
390,4,zone_2,glucose,r1032,-9.05816,4.11793e-12,4.80875
390,4,zone_2,oxygen,r0855,-19.6195,-3.74346e-12,25.7807
390,0,zone_1,glucose,r1032,-9.05816,4.11793e-12,4.80875
390,0,zone_1,oxygen,r0855,-19.6251,-3.74346e-12,26.176
390,0,zone_1,glucose,r1032,-9.05816,4.11793e-12,4.80875
390,0,zone_1,oxygen,r0855,-19.6251,-3.74346e-12,26.176
390,8,zone_3,glucose,r1032,-9.05816,4.11793e-12,4.80875
390,8,zone_3,oxygen,r0855,-19.5898,-3.74346e-12,23.8801
390,8,zone_3,glucose,r1032,-9.05816,4.11793e-12,4.80875
390,8,zone_3,oxygen,r0855,-19.5898,-3.74346e-12,23.8801
390,5,zone_2,glucose,r1032,-9.05816,4.11793e-12,4.80875
390,5,zone_2,oxygen,r0855,-19.619,-3.74346e-12,25.7486
390,5,zone_2,glucose,r1032,-9.05816,4.11793e-12,4.80875
390,5,zone_2,oxygen,r0855,-19.619,-3.74346e-12,25.7486
390,1,zone_1,glucose,r1032,-9.05816,4.11793e-12,4.80875
390,1,zone_1,oxygen,r0855,-19.6251,-3.74346e-12,26.176
390,1,zone_1,glucose,r1032,-9.05816,4.11793e-12,4.80875
390,1,zone_1,oxygen,r0855,-19.6251,-3.74346e-12,26.176
390,2,zone_1,glucose,r1032,-9.05816,4.11793e-12,4.80875
390,2,zone_1,oxygen,r0855,-19.6246,-3.74346e-12,26.1391
390,6,zone_3,glucose,r1032,-9.05816,4.11793e-12,4.80875
390,6,zone_3,oxygen,r0855,-19.5939,-3.74346e-12,24.1263
390,2,zone_1,glucose,r1032,-9.05816,4.11793e-12,4.80875
390,2,zone_1,oxygen,r0855,-19.6246,-3.74346e-12,26.1391
390,6,zone_3,glucose,r1032,-9.05816,4.11793e-12,4.80875
390,6,zone_3,oxygen,r0855,-19.5939,-3.74346e-12,24.1263
390,3,zone_2,glucose,r1032,-9.05816,4.11793e-12,4.80875
390,3,zone_2,oxygen,r0855,-19.6201,-3.74346e-12,25.8206
390,7,zone_3,glucose,r1032,-9.05816,4.11793e-12,4.80875
390,7,zone_3,oxygen,r0855,-19.5915,-3.74346e-12,23.9822
390,7,zone_3,glucose,r1032,-9.05816,4.11793e-12,4.80875
390,7,zone_3,oxygen,r0855,-19.5915,-3.74346e-12,23.9822
390,3,zone_2,glucose,r1032,-9.05816,4.11793e-12,4.80875
390,3,zone_2,oxygen,r0855,-19.6201,-3.74346e-12,25.8206
392,0,zone_1,glucose,r1032,-9.05799,4.11793e-12,4.80779
392,0,zone_1,oxygen,r0855,-19.6243,-3.74346e-12,26.1178
392,0,zone_1,glucose,r1032,-9.05799,4.11793e-12,4.80779
392,0,zone_1,oxygen,r0855,-19.6243,-3.74346e-12,26.1178
392,4,zone_2,glucose,r1032,-9.05799,4.11793e-12,4.80779
392,4,zone_2,oxygen,r0855,-19.6187,-3.74346e-12,25.7227
392,4,zone_2,glucose,r1032,-9.05799,4.11793e-12,4.80779
392,4,zone_2,oxygen,r0855,-19.6187,-3.74346e-12,25.7227
392,8,zone_3,glucose,r1032,-9.05799,4.11793e-12,4.80779
392,8,zone_3,oxygen,r0855,-19.5889,-3.74346e-12,23.8255
392,8,zone_3,glucose,r1032,-9.05799,4.11793e-12,4.80779
392,8,zone_3,oxygen,r0855,-19.5889,-3.74346e-12,23.8255
392,1,zone_1,glucose,r1032,-9.05799,4.11793e-12,4.80779
392,1,zone_1,oxygen,r0855,-19.6243,-3.74346e-12,26.1178
392,1,zone_1,glucose,r1032,-9.05799,4.11793e-12,4.80779
392,1,zone_1,oxygen,r0855,-19.6243,-3.74346e-12,26.1178
392,5,zone_2,glucose,r1032,-9.05799,4.11793e-12,4.80779
392,5,zone_2,oxygen,r0855,-19.6182,-3.74346e-12,25.6905
392,5,zone_2,glucose,r1032,-9.05799,4.11793e-12,4.80779
392,5,zone_2,oxygen,r0855,-19.6182,-3.74346e-12,25.6905
392,2,zone_1,glucose,r1032,-9.05799,4.11793e-12,4.80779
392,2,zone_1,oxygen,r0855,-19.6238,-3.74346e-12,26.0809
392,2,zone_1,glucose,r1032,-9.05799,4.11793e-12,4.80779
392,2,zone_1,oxygen,r0855,-19.6238,-3.74346e-12,26.0809
392,6,zone_3,glucose,r1032,-9.05799,4.11793e-12,4.80779
392,6,zone_3,oxygen,r0855,-19.593,-3.74346e-12,24.0711
392,6,zone_3,glucose,r1032,-9.05799,4.11793e-12,4.80779
392,6,zone_3,oxygen,r0855,-19.593,-3.74346e-12,24.0711
392,3,zone_2,glucose,r1032,-9.05799,4.11793e-12,4.80779
392,3,zone_2,oxygen,r0855,-19.6192,-3.74346e-12,25.7626
392,3,zone_2,glucose,r1032,-9.05799,4.11793e-12,4.80779
392,3,zone_2,oxygen,r0855,-19.6192,-3.74346e-12,25.7626
392,7,zone_3,glucose,r1032,-9.05799,4.11793e-12,4.80779
392,7,zone_3,oxygen,r0855,-19.5906,-3.74346e-12,23.9273
392,7,zone_3,glucose,r1032,-9.05799,4.11793e-12,4.80779
392,7,zone_3,oxygen,r0855,-19.5906,-3.74346e-12,23.9273
394,0,zone_1,glucose,r1032,-9.05782,4.11793e-12,4.80683
394,0,zone_1,oxygen,r0855,-19.6235,-3.74346e-12,26.0598
394,0,zone_1,glucose,r1032,-9.05782,4.11793e-12,4.80683
394,0,zone_1,oxygen,r0855,-19.6235,-3.74346e-12,26.0598
394,8,zone_3,glucose,r1032,-9.05782,4.11793e-12,4.80683
394,8,zone_3,oxygen,r0855,-19.588,-3.74346e-12,23.771
394,8,zone_3,glucose,r1032,-9.05782,4.11793e-12,4.80683
394,8,zone_3,oxygen,r0855,-19.588,-3.74346e-12,23.771
394,4,zone_2,glucose,r1032,-9.05782,4.11793e-12,4.80683
394,4,zone_2,oxygen,r0855,-19.6178,-3.74346e-12,25.6649
394,4,zone_2,glucose,r1032,-9.05782,4.11793e-12,4.80683
394,4,zone_2,oxygen,r0855,-19.6178,-3.74346e-12,25.6649
394,1,zone_1,glucose,r1032,-9.05782,4.11793e-12,4.80683
394,1,zone_1,oxygen,r0855,-19.6235,-3.74346e-12,26.0598
394,1,zone_1,glucose,r1032,-9.05782,4.11793e-12,4.80683
394,1,zone_1,oxygen,r0855,-19.6235,-3.74346e-12,26.0598
394,5,zone_2,glucose,r1032,-9.05782,4.11793e-12,4.80683
394,5,zone_2,oxygen,r0855,-19.6173,-3.74346e-12,25.6327
394,5,zone_2,glucose,r1032,-9.05782,4.11793e-12,4.80683
394,5,zone_2,oxygen,r0855,-19.6173,-3.74346e-12,25.6327
394,2,zone_1,glucose,r1032,-9.05782,4.11793e-12,4.80683
394,2,zone_1,oxygen,r0855,-19.623,-3.74346e-12,26.0228
394,2,zone_1,glucose,r1032,-9.05782,4.11793e-12,4.80683
394,2,zone_1,oxygen,r0855,-19.623,-3.74346e-12,26.0228
394,6,zone_3,glucose,r1032,-9.05782,4.11793e-12,4.80683
394,6,zone_3,oxygen,r0855,-19.5921,-3.74346e-12,24.0161
394,6,zone_3,glucose,r1032,-9.05782,4.11793e-12,4.80683
394,6,zone_3,oxygen,r0855,-19.5921,-3.74346e-12,24.0161
394,3,zone_2,glucose,r1032,-9.05782,4.11793e-12,4.80683
394,3,zone_2,oxygen,r0855,-19.6184,-3.74346e-12,25.7048
394,3,zone_2,glucose,r1032,-9.05782,4.11793e-12,4.80683
394,3,zone_2,oxygen,r0855,-19.6184,-3.74346e-12,25.7048
394,7,zone_3,glucose,r1032,-9.05782,4.11793e-12,4.80683
394,7,zone_3,oxygen,r0855,-19.5897,-3.74346e-12,23.8727
394,7,zone_3,glucose,r1032,-9.05782,4.11793e-12,4.80683
394,7,zone_3,oxygen,r0855,-19.5897,-3.74346e-12,23.8727
396,0,zone_1,glucose,r1032,-9.05765,4.11793e-12,4.80586
396,0,zone_1,oxygen,r0855,-19.6227,-3.74346e-12,26.0021
396,0,zone_1,glucose,r1032,-9.05765,4.11793e-12,4.80586
396,0,zone_1,oxygen,r0855,-19.6227,-3.74346e-12,26.0021
396,4,zone_2,glucose,r1032,-9.05765,4.11793e-12,4.80586
396,4,zone_2,oxygen,r0855,-19.617,-3.74346e-12,25.6074
396,4,zone_2,glucose,r1032,-9.05765,4.11793e-12,4.80586
396,4,zone_2,oxygen,r0855,-19.617,-3.74346e-12,25.6074
396,8,zone_3,glucose,r1032,-9.05765,4.11793e-12,4.80586
396,8,zone_3,oxygen,r0855,-19.5871,-3.74346e-12,23.7168
396,8,zone_3,glucose,r1032,-9.05765,4.11793e-12,4.80586
396,8,zone_3,oxygen,r0855,-19.5871,-3.74346e-12,23.7168
396,1,zone_1,glucose,r1032,-9.05765,4.11793e-12,4.80586
396,1,zone_1,oxygen,r0855,-19.6227,-3.74346e-12,26.0021
396,1,zone_1,glucose,r1032,-9.05765,4.11793e-12,4.80586
396,1,zone_1,oxygen,r0855,-19.6227,-3.74346e-12,26.0021
396,5,zone_2,glucose,r1032,-9.05765,4.11793e-12,4.80586
396,5,zone_2,oxygen,r0855,-19.6165,-3.74346e-12,25.5752
396,5,zone_2,glucose,r1032,-9.05765,4.11793e-12,4.80586
396,5,zone_2,oxygen,r0855,-19.6165,-3.74346e-12,25.5752
396,2,zone_1,glucose,r1032,-9.05765,4.11793e-12,4.80586
396,2,zone_1,oxygen,r0855,-19.6221,-3.74346e-12,25.965
396,2,zone_1,glucose,r1032,-9.05765,4.11793e-12,4.80586
396,2,zone_1,oxygen,r0855,-19.6221,-3.74346e-12,25.965
396,6,zone_3,glucose,r1032,-9.05765,4.11793e-12,4.80586
396,6,zone_3,oxygen,r0855,-19.5912,-3.74346e-12,23.9614
396,6,zone_3,glucose,r1032,-9.05765,4.11793e-12,4.80586
396,6,zone_3,oxygen,r0855,-19.5912,-3.74346e-12,23.9614
396,3,zone_2,glucose,r1032,-9.05765,4.11793e-12,4.80586
396,3,zone_2,oxygen,r0855,-19.6176,-3.74346e-12,25.6473
396,3,zone_2,glucose,r1032,-9.05765,4.11793e-12,4.80586
396,3,zone_2,oxygen,r0855,-19.6176,-3.74346e-12,25.6473
396,7,zone_3,glucose,r1032,-9.05765,4.11793e-12,4.80586
396,7,zone_3,oxygen,r0855,-19.5888,-3.74346e-12,23.8182
396,7,zone_3,glucose,r1032,-9.05765,4.11793e-12,4.80586
396,7,zone_3,oxygen,r0855,-19.5888,-3.74346e-12,23.8182
398,0,zone_1,glucose,r1032,-9.05748,4.11793e-12,4.8049
398,0,zone_1,oxygen,r0855,-19.6219,-3.74346e-12,25.9447
398,0,zone_1,glucose,r1032,-9.05748,4.11793e-12,4.8049
398,0,zone_1,oxygen,r0855,-19.6219,-3.74346e-12,25.9447
398,8,zone_3,glucose,r1032,-9.05748,4.11793e-12,4.8049
398,8,zone_3,oxygen,r0855,-19.5861,-3.74346e-12,23.6629
398,8,zone_3,glucose,r1032,-9.05748,4.11793e-12,4.8049
398,8,zone_3,oxygen,r0855,-19.5861,-3.74346e-12,23.6629
398,4,zone_2,glucose,r1032,-9.05748,4.11793e-12,4.8049
398,4,zone_2,oxygen,r0855,-19.6161,-3.74346e-12,25.5501
398,4,zone_2,glucose,r1032,-9.05748,4.11793e-12,4.8049
398,4,zone_2,oxygen,r0855,-19.6161,-3.74346e-12,25.5501
398,1,zone_1,glucose,r1032,-9.05748,4.11793e-12,4.8049
398,1,zone_1,oxygen,r0855,-19.6219,-3.74346e-12,25.9447
398,1,zone_1,glucose,r1032,-9.05748,4.11793e-12,4.8049
398,1,zone_1,oxygen,r0855,-19.6219,-3.74346e-12,25.9447
398,5,zone_2,glucose,r1032,-9.05748,4.11793e-12,4.8049
398,5,zone_2,oxygen,r0855,-19.6156,-3.74346e-12,25.5179
398,5,zone_2,glucose,r1032,-9.05748,4.11793e-12,4.8049
398,5,zone_2,oxygen,r0855,-19.6156,-3.74346e-12,25.5179
398,2,zone_1,glucose,r1032,-9.05748,4.11793e-12,4.8049
398,2,zone_1,oxygen,r0855,-19.6213,-3.74346e-12,25.9075
398,2,zone_1,glucose,r1032,-9.05748,4.11793e-12,4.8049
398,2,zone_1,oxygen,r0855,-19.6213,-3.74346e-12,25.9075
398,6,zone_3,glucose,r1032,-9.05748,4.11793e-12,4.8049
398,6,zone_3,oxygen,r0855,-19.5903,-3.74346e-12,23.9069
398,6,zone_3,glucose,r1032,-9.05748,4.11793e-12,4.8049
398,6,zone_3,oxygen,r0855,-19.5903,-3.74346e-12,23.9069
398,3,zone_2,glucose,r1032,-9.05748,4.11793e-12,4.8049
398,3,zone_2,oxygen,r0855,-19.6167,-3.74346e-12,25.59
398,3,zone_2,glucose,r1032,-9.05748,4.11793e-12,4.8049
398,3,zone_2,oxygen,r0855,-19.6167,-3.74346e-12,25.59
398,7,zone_3,glucose,r1032,-9.05748,4.11793e-12,4.8049
398,7,zone_3,oxygen,r0855,-19.5879,-3.74346e-12,23.7641
398,7,zone_3,glucose,r1032,-9.05748,4.11793e-12,4.8049
398,7,zone_3,oxygen,r0855,-19.5879,-3.74346e-12,23.7641
400,0,zone_1,glucose,r1032,-9.05731,4.11793e-12,4.80394
400,0,zone_1,oxygen,r0855,-19.621,-3.74346e-12,25.8874
400,0,zone_1,glucose,r1032,-9.05731,4.11793e-12,4.80394
400,0,zone_1,oxygen,r0855,-19.621,-3.74346e-12,25.8874
400,8,zone_3,glucose,r1032,-9.05731,4.11793e-12,4.80394
400,8,zone_3,oxygen,r0855,-19.5852,-3.74346e-12,23.6091
400,8,zone_3,glucose,r1032,-9.05731,4.11793e-12,4.80394
400,8,zone_3,oxygen,r0855,-19.5852,-3.74346e-12,23.6091
400,4,zone_2,glucose,r1032,-9.05731,4.11793e-12,4.80394
400,4,zone_2,oxygen,r0855,-19.6153,-3.74346e-12,25.493
400,4,zone_2,glucose,r1032,-9.05731,4.11793e-12,4.80394
400,4,zone_2,oxygen,r0855,-19.6153,-3.74346e-12,25.493
400,1,zone_1,glucose,r1032,-9.05731,4.11793e-12,4.80394
400,1,zone_1,oxygen,r0855,-19.621,-3.74346e-12,25.8874
400,1,zone_1,glucose,r1032,-9.05731,4.11793e-12,4.80394
400,1,zone_1,oxygen,r0855,-19.621,-3.74346e-12,25.8874
400,5,zone_2,glucose,r1032,-9.05731,4.11793e-12,4.80394
400,5,zone_2,oxygen,r0855,-19.6148,-3.74346e-12,25.4609
400,5,zone_2,glucose,r1032,-9.05731,4.11793e-12,4.80394
400,5,zone_2,oxygen,r0855,-19.6148,-3.74346e-12,25.4609
400,2,zone_1,glucose,r1032,-9.05731,4.11793e-12,4.80394
400,2,zone_1,oxygen,r0855,-19.6205,-3.74346e-12,25.8502
400,2,zone_1,glucose,r1032,-9.05731,4.11793e-12,4.80394
400,2,zone_1,oxygen,r0855,-19.6205,-3.74346e-12,25.8502
400,6,zone_3,glucose,r1032,-9.05731,4.11793e-12,4.80394
400,6,zone_3,oxygen,r0855,-19.5894,-3.74346e-12,23.8526
400,6,zone_3,glucose,r1032,-9.05731,4.11793e-12,4.80394
400,6,zone_3,oxygen,r0855,-19.5894,-3.74346e-12,23.8526
400,3,zone_2,glucose,r1032,-9.05731,4.11793e-12,4.80394
400,3,zone_2,oxygen,r0855,-19.6159,-3.74346e-12,25.533
400,3,zone_2,glucose,r1032,-9.05731,4.11793e-12,4.80394
400,3,zone_2,oxygen,r0855,-19.6159,-3.74346e-12,25.533
400,7,zone_3,glucose,r1032,-9.05731,4.11793e-12,4.80394
400,7,zone_3,oxygen,r0855,-19.5869,-3.74346e-12,23.7101
400,7,zone_3,glucose,r1032,-9.05731,4.11793e-12,4.80394
400,7,zone_3,oxygen,r0855,-19.5869,-3.74346e-12,23.7101
402,0,zone_1,glucose,r1032,-9.05713,4.11793e-12,4.80298
402,0,zone_1,oxygen,r0855,-19.6202,-3.74346e-12,25.8305
402,0,zone_1,glucose,r1032,-9.05713,4.11793e-12,4.80298
402,0,zone_1,oxygen,r0855,-19.6202,-3.74346e-12,25.8305
402,8,zone_3,glucose,r1032,-9.05713,4.11793e-12,4.80298
402,8,zone_3,oxygen,r0855,-19.5843,-3.74346e-12,23.5556
402,8,zone_3,glucose,r1032,-9.05713,4.11793e-12,4.80298
402,8,zone_3,oxygen,r0855,-19.5843,-3.74346e-12,23.5556
402,4,zone_2,glucose,r1032,-9.05713,4.11793e-12,4.80298
402,4,zone_2,oxygen,r0855,-19.6144,-3.74346e-12,25.4362
402,4,zone_2,glucose,r1032,-9.05713,4.11793e-12,4.80298
402,4,zone_2,oxygen,r0855,-19.6144,-3.74346e-12,25.4362
402,1,zone_1,glucose,r1032,-9.05713,4.11793e-12,4.80298
402,1,zone_1,oxygen,r0855,-19.6202,-3.74346e-12,25.8305
402,1,zone_1,glucose,r1032,-9.05713,4.11793e-12,4.80298
402,1,zone_1,oxygen,r0855,-19.6202,-3.74346e-12,25.8305
402,5,zone_2,glucose,r1032,-9.05713,4.11793e-12,4.80298
402,5,zone_2,oxygen,r0855,-19.614,-3.74346e-12,25.4041
402,5,zone_2,glucose,r1032,-9.05713,4.11793e-12,4.80298
402,5,zone_2,oxygen,r0855,-19.614,-3.74346e-12,25.4041
402,2,zone_1,glucose,r1032,-9.05713,4.11793e-12,4.80298
402,2,zone_1,oxygen,r0855,-19.6197,-3.74346e-12,25.7932
402,2,zone_1,glucose,r1032,-9.05713,4.11793e-12,4.80298
402,2,zone_1,oxygen,r0855,-19.6197,-3.74346e-12,25.7932
402,6,zone_3,glucose,r1032,-9.05713,4.11793e-12,4.80298
402,6,zone_3,oxygen,r0855,-19.5885,-3.74346e-12,23.7986
402,6,zone_3,glucose,r1032,-9.05713,4.11793e-12,4.80298
402,6,zone_3,oxygen,r0855,-19.5885,-3.74346e-12,23.7986
402,3,zone_2,glucose,r1032,-9.05713,4.11793e-12,4.80298
402,3,zone_2,oxygen,r0855,-19.615,-3.74346e-12,25.4762
402,3,zone_2,glucose,r1032,-9.05713,4.11793e-12,4.80298
402,3,zone_2,oxygen,r0855,-19.615,-3.74346e-12,25.4762
402,7,zone_3,glucose,r1032,-9.05713,4.11793e-12,4.80298
402,7,zone_3,oxygen,r0855,-19.586,-3.74346e-12,23.6564
402,7,zone_3,glucose,r1032,-9.05713,4.11793e-12,4.80298
402,7,zone_3,oxygen,r0855,-19.586,-3.74346e-12,23.6564
404,8,zone_3,glucose,r1032,-9.05696,4.11793e-12,4.80202
404,8,zone_3,oxygen,r0855,-19.5834,-3.74346e-12,23.5023
404,0,zone_1,glucose,r1032,-9.05696,4.11793e-12,4.80202
404,0,zone_1,oxygen,r0855,-19.6194,-3.74346e-12,25.7737
404,8,zone_3,glucose,r1032,-9.05696,4.11793e-12,4.80202
404,8,zone_3,oxygen,r0855,-19.5834,-3.74346e-12,23.5023
404,0,zone_1,glucose,r1032,-9.05696,4.11793e-12,4.80202
404,0,zone_1,oxygen,r0855,-19.6194,-3.74346e-12,25.7737
404,4,zone_2,glucose,r1032,-9.05696,4.11793e-12,4.80202
404,4,zone_2,oxygen,r0855,-19.6136,-3.74346e-12,25.3797
404,4,zone_2,glucose,r1032,-9.05696,4.11793e-12,4.80202
404,4,zone_2,oxygen,r0855,-19.6136,-3.74346e-12,25.3797
404,1,zone_1,glucose,r1032,-9.05696,4.11793e-12,4.80202
404,1,zone_1,oxygen,r0855,-19.6194,-3.74346e-12,25.7737
404,1,zone_1,glucose,r1032,-9.05696,4.11793e-12,4.80202
404,1,zone_1,oxygen,r0855,-19.6194,-3.74346e-12,25.7737
404,5,zone_2,glucose,r1032,-9.05696,4.11793e-12,4.80202
404,5,zone_2,oxygen,r0855,-19.6131,-3.74346e-12,25.3475
404,5,zone_2,glucose,r1032,-9.05696,4.11793e-12,4.80202
404,5,zone_2,oxygen,r0855,-19.6131,-3.74346e-12,25.3475
404,2,zone_1,glucose,r1032,-9.05696,4.11793e-12,4.80202
404,2,zone_1,oxygen,r0855,-19.6188,-3.74346e-12,25.7364
404,2,zone_1,glucose,r1032,-9.05696,4.11793e-12,4.80202
404,2,zone_1,oxygen,r0855,-19.6188,-3.74346e-12,25.7364
404,6,zone_3,glucose,r1032,-9.05696,4.11793e-12,4.80202
404,6,zone_3,oxygen,r0855,-19.5875,-3.74346e-12,23.7448
404,6,zone_3,glucose,r1032,-9.05696,4.11793e-12,4.80202
404,6,zone_3,oxygen,r0855,-19.5875,-3.74346e-12,23.7448
404,3,zone_2,glucose,r1032,-9.05696,4.11793e-12,4.80202
404,3,zone_2,oxygen,r0855,-19.6142,-3.74346e-12,25.4196
404,3,zone_2,glucose,r1032,-9.05696,4.11793e-12,4.80202
404,3,zone_2,oxygen,r0855,-19.6142,-3.74346e-12,25.4196
404,7,zone_3,glucose,r1032,-9.05696,4.11793e-12,4.80202
404,7,zone_3,oxygen,r0855,-19.5851,-3.74346e-12,23.6029
404,7,zone_3,glucose,r1032,-9.05696,4.11793e-12,4.80202
404,7,zone_3,oxygen,r0855,-19.5851,-3.74346e-12,23.6029
406,8,zone_3,glucose,r1032,-9.05679,4.11793e-12,4.80106
406,8,zone_3,oxygen,r0855,-19.5825,-3.74346e-12,23.4493
406,8,zone_3,glucose,r1032,-9.05679,4.11793e-12,4.80106
406,8,zone_3,oxygen,r0855,-19.5825,-3.74346e-12,23.4493
406,0,zone_1,glucose,r1032,-9.05679,4.11793e-12,4.80106
406,0,zone_1,oxygen,r0855,-19.6186,-3.74346e-12,25.7173
406,0,zone_1,glucose,r1032,-9.05679,4.11793e-12,4.80106
406,0,zone_1,oxygen,r0855,-19.6186,-3.74346e-12,25.7173
406,4,zone_2,glucose,r1032,-9.05679,4.11793e-12,4.80106
406,4,zone_2,oxygen,r0855,-19.6128,-3.74346e-12,25.3233
406,4,zone_2,glucose,r1032,-9.05679,4.11793e-12,4.80106
406,4,zone_2,oxygen,r0855,-19.6128,-3.74346e-12,25.3233
406,1,zone_1,glucose,r1032,-9.05679,4.11793e-12,4.80106
406,1,zone_1,oxygen,r0855,-19.6186,-3.74346e-12,25.7173
406,1,zone_1,glucose,r1032,-9.05679,4.11793e-12,4.80106
406,1,zone_1,oxygen,r0855,-19.6186,-3.74346e-12,25.7173
406,5,zone_2,glucose,r1032,-9.05679,4.11793e-12,4.80106
406,5,zone_2,oxygen,r0855,-19.6123,-3.74346e-12,25.2912
406,5,zone_2,glucose,r1032,-9.05679,4.11793e-12,4.80106
406,5,zone_2,oxygen,r0855,-19.6123,-3.74346e-12,25.2912
406,2,zone_1,glucose,r1032,-9.05679,4.11793e-12,4.80106
406,2,zone_1,oxygen,r0855,-19.618,-3.74346e-12,25.6798
406,2,zone_1,glucose,r1032,-9.05679,4.11793e-12,4.80106
406,2,zone_1,oxygen,r0855,-19.618,-3.74346e-12,25.6798
406,6,zone_3,glucose,r1032,-9.05679,4.11793e-12,4.80106
406,6,zone_3,oxygen,r0855,-19.5866,-3.74346e-12,23.6912
406,6,zone_3,glucose,r1032,-9.05679,4.11793e-12,4.80106
406,6,zone_3,oxygen,r0855,-19.5866,-3.74346e-12,23.6912
406,3,zone_2,glucose,r1032,-9.05679,4.11793e-12,4.80106
406,3,zone_2,oxygen,r0855,-19.6134,-3.74346e-12,25.3633
406,3,zone_2,glucose,r1032,-9.05679,4.11793e-12,4.80106
406,3,zone_2,oxygen,r0855,-19.6134,-3.74346e-12,25.3633
406,7,zone_3,glucose,r1032,-9.05679,4.11793e-12,4.80106
406,7,zone_3,oxygen,r0855,-19.5842,-3.74346e-12,23.5496
406,7,zone_3,glucose,r1032,-9.05679,4.11793e-12,4.80106
406,7,zone_3,oxygen,r0855,-19.5842,-3.74346e-12,23.5496
408,8,zone_3,glucose,r1032,-9.05662,4.11793e-12,4.8001
408,8,zone_3,oxygen,r0855,-19.5815,-3.74346e-12,23.3965
408,8,zone_3,glucose,r1032,-9.05662,4.11793e-12,4.8001
408,8,zone_3,oxygen,r0855,-19.5815,-3.74346e-12,23.3965
408,0,zone_1,glucose,r1032,-9.05662,4.11793e-12,4.8001
408,0,zone_1,oxygen,r0855,-19.6178,-3.74346e-12,25.661
408,0,zone_1,glucose,r1032,-9.05662,4.11793e-12,4.8001
408,0,zone_1,oxygen,r0855,-19.6178,-3.74346e-12,25.661
408,4,zone_2,glucose,r1032,-9.05662,4.11793e-12,4.8001
408,4,zone_2,oxygen,r0855,-19.6119,-3.74346e-12,25.2673
408,4,zone_2,glucose,r1032,-9.05662,4.11793e-12,4.8001
408,4,zone_2,oxygen,r0855,-19.6119,-3.74346e-12,25.2673
408,1,zone_1,glucose,r1032,-9.05662,4.11793e-12,4.8001
408,1,zone_1,oxygen,r0855,-19.6178,-3.74346e-12,25.661
408,1,zone_1,glucose,r1032,-9.05662,4.11793e-12,4.8001
408,1,zone_1,oxygen,r0855,-19.6178,-3.74346e-12,25.661
408,5,zone_2,glucose,r1032,-9.05662,4.11793e-12,4.8001
408,5,zone_2,oxygen,r0855,-19.6114,-3.74346e-12,25.2351
408,5,zone_2,glucose,r1032,-9.05662,4.11793e-12,4.8001
408,5,zone_2,oxygen,r0855,-19.6114,-3.74346e-12,25.2351
408,2,zone_1,glucose,r1032,-9.05662,4.11793e-12,4.8001
408,2,zone_1,oxygen,r0855,-19.6172,-3.74346e-12,25.6235
408,2,zone_1,glucose,r1032,-9.05662,4.11793e-12,4.8001
408,2,zone_1,oxygen,r0855,-19.6172,-3.74346e-12,25.6235
408,6,zone_3,glucose,r1032,-9.05662,4.11793e-12,4.8001
408,6,zone_3,oxygen,r0855,-19.5857,-3.74346e-12,23.6379
408,6,zone_3,glucose,r1032,-9.05662,4.11793e-12,4.8001
408,6,zone_3,oxygen,r0855,-19.5857,-3.74346e-12,23.6379
408,3,zone_2,glucose,r1032,-9.05662,4.11793e-12,4.8001
408,3,zone_2,oxygen,r0855,-19.6125,-3.74346e-12,25.3072
408,3,zone_2,glucose,r1032,-9.05662,4.11793e-12,4.8001
408,3,zone_2,oxygen,r0855,-19.6125,-3.74346e-12,25.3072
408,7,zone_3,glucose,r1032,-9.05662,4.11793e-12,4.8001
408,7,zone_3,oxygen,r0855,-19.5833,-3.74346e-12,23.4966
408,7,zone_3,glucose,r1032,-9.05662,4.11793e-12,4.8001
408,7,zone_3,oxygen,r0855,-19.5833,-3.74346e-12,23.4966
410,8,zone_3,glucose,r1032,-9.05645,4.11793e-12,4.79914
410,8,zone_3,oxygen,r0855,-19.5806,-3.74346e-12,23.3439
410,8,zone_3,glucose,r1032,-9.05645,4.11793e-12,4.79914
410,8,zone_3,oxygen,r0855,-19.5806,-3.74346e-12,23.3439
410,0,zone_1,glucose,r1032,-9.05645,4.11793e-12,4.79914
410,0,zone_1,oxygen,r0855,-19.6169,-3.74346e-12,25.605
410,0,zone_1,glucose,r1032,-9.05645,4.11793e-12,4.79914
410,0,zone_1,oxygen,r0855,-19.6169,-3.74346e-12,25.605
410,4,zone_2,glucose,r1032,-9.05645,4.11793e-12,4.79914
410,4,zone_2,oxygen,r0855,-19.6111,-3.74346e-12,25.2114
410,4,zone_2,glucose,r1032,-9.05645,4.11793e-12,4.79914
410,4,zone_2,oxygen,r0855,-19.6111,-3.74346e-12,25.2114
410,1,zone_1,glucose,r1032,-9.05645,4.11793e-12,4.79914
410,1,zone_1,oxygen,r0855,-19.6169,-3.74346e-12,25.605
410,1,zone_1,glucose,r1032,-9.05645,4.11793e-12,4.79914
410,1,zone_1,oxygen,r0855,-19.6169,-3.74346e-12,25.605
410,5,zone_2,glucose,r1032,-9.05645,4.11793e-12,4.79914
410,5,zone_2,oxygen,r0855,-19.6106,-3.74346e-12,25.1793
410,5,zone_2,glucose,r1032,-9.05645,4.11793e-12,4.79914
410,5,zone_2,oxygen,r0855,-19.6106,-3.74346e-12,25.1793
410,2,zone_1,glucose,r1032,-9.05645,4.11793e-12,4.79914
410,2,zone_1,oxygen,r0855,-19.6164,-3.74346e-12,25.5674
410,2,zone_1,glucose,r1032,-9.05645,4.11793e-12,4.79914
410,2,zone_1,oxygen,r0855,-19.6164,-3.74346e-12,25.5674
410,6,zone_3,glucose,r1032,-9.05645,4.11793e-12,4.79914
410,6,zone_3,oxygen,r0855,-19.5848,-3.74346e-12,23.5848
410,6,zone_3,glucose,r1032,-9.05645,4.11793e-12,4.79914
410,6,zone_3,oxygen,r0855,-19.5848,-3.74346e-12,23.5848
410,3,zone_2,glucose,r1032,-9.05645,4.11793e-12,4.79914
410,3,zone_2,oxygen,r0855,-19.6117,-3.74346e-12,25.2514
410,3,zone_2,glucose,r1032,-9.05645,4.11793e-12,4.79914
410,3,zone_2,oxygen,r0855,-19.6117,-3.74346e-12,25.2514
410,7,zone_3,glucose,r1032,-9.05645,4.11793e-12,4.79914
410,7,zone_3,oxygen,r0855,-19.5824,-3.74346e-12,23.4438
410,7,zone_3,glucose,r1032,-9.05645,4.11793e-12,4.79914
410,7,zone_3,oxygen,r0855,-19.5824,-3.74346e-12,23.4438
412,0,zone_1,glucose,r1032,-9.05628,4.11793e-12,4.79818
412,0,zone_1,oxygen,r0855,-19.6161,-3.74346e-12,25.5492
412,0,zone_1,glucose,r1032,-9.05628,4.11793e-12,4.79818
412,0,zone_1,oxygen,r0855,-19.6161,-3.74346e-12,25.5492
412,8,zone_3,glucose,r1032,-9.05628,4.11793e-12,4.79818
412,8,zone_3,oxygen,r0855,-19.5797,-3.74346e-12,23.2915
412,8,zone_3,glucose,r1032,-9.05628,4.11793e-12,4.79818
412,8,zone_3,oxygen,r0855,-19.5797,-3.74346e-12,23.2915
412,4,zone_2,glucose,r1032,-9.05628,4.11793e-12,4.79818
412,4,zone_2,oxygen,r0855,-19.6102,-3.74346e-12,25.1558
412,4,zone_2,glucose,r1032,-9.05628,4.11793e-12,4.79818
412,4,zone_2,oxygen,r0855,-19.6102,-3.74346e-12,25.1558
412,1,zone_1,glucose,r1032,-9.05628,4.11793e-12,4.79818
412,1,zone_1,oxygen,r0855,-19.6161,-3.74346e-12,25.5492
412,1,zone_1,glucose,r1032,-9.05628,4.11793e-12,4.79818
412,1,zone_1,oxygen,r0855,-19.6161,-3.74346e-12,25.5492
412,5,zone_2,glucose,r1032,-9.05628,4.11793e-12,4.79818
412,5,zone_2,oxygen,r0855,-19.6097,-3.74346e-12,25.1237
412,5,zone_2,glucose,r1032,-9.05628,4.11793e-12,4.79818
412,5,zone_2,oxygen,r0855,-19.6097,-3.74346e-12,25.1237
412,2,zone_1,glucose,r1032,-9.05628,4.11793e-12,4.79818
412,2,zone_1,oxygen,r0855,-19.6156,-3.74346e-12,25.5116
412,2,zone_1,glucose,r1032,-9.05628,4.11793e-12,4.79818
412,2,zone_1,oxygen,r0855,-19.6156,-3.74346e-12,25.5116
412,6,zone_3,glucose,r1032,-9.05628,4.11793e-12,4.79818
412,6,zone_3,oxygen,r0855,-19.5839,-3.74346e-12,23.5319
412,6,zone_3,glucose,r1032,-9.05628,4.11793e-12,4.79818
412,6,zone_3,oxygen,r0855,-19.5839,-3.74346e-12,23.5319
412,3,zone_2,glucose,r1032,-9.05628,4.11793e-12,4.79818
412,3,zone_2,oxygen,r0855,-19.6108,-3.74346e-12,25.1958
412,3,zone_2,glucose,r1032,-9.05628,4.11793e-12,4.79818
412,3,zone_2,oxygen,r0855,-19.6108,-3.74346e-12,25.1958
412,7,zone_3,glucose,r1032,-9.05628,4.11793e-12,4.79818
412,7,zone_3,oxygen,r0855,-19.5814,-3.74346e-12,23.3912
412,7,zone_3,glucose,r1032,-9.05628,4.11793e-12,4.79818
412,7,zone_3,oxygen,r0855,-19.5814,-3.74346e-12,23.3912
414,4,zone_2,glucose,r1032,-9.05611,4.11793e-12,4.79722
414,4,zone_2,oxygen,r0855,-19.6094,-3.74346e-12,25.1005
414,4,zone_2,glucose,r1032,-9.05611,4.11793e-12,4.79722
414,4,zone_2,oxygen,r0855,-19.6094,-3.74346e-12,25.1005
414,0,zone_1,glucose,r1032,-9.05611,4.11793e-12,4.79722
414,0,zone_1,oxygen,r0855,-19.6153,-3.74346e-12,25.4937
414,0,zone_1,glucose,r1032,-9.05611,4.11793e-12,4.79722
414,0,zone_1,oxygen,r0855,-19.6153,-3.74346e-12,25.4937
414,8,zone_3,glucose,r1032,-9.05611,4.11793e-12,4.79722
414,8,zone_3,oxygen,r0855,-19.5788,-3.74346e-12,23.2393
414,8,zone_3,glucose,r1032,-9.05611,4.11793e-12,4.79722
414,8,zone_3,oxygen,r0855,-19.5788,-3.74346e-12,23.2393
414,5,zone_2,glucose,r1032,-9.05611,4.11793e-12,4.79722
414,5,zone_2,oxygen,r0855,-19.6089,-3.74346e-12,25.0683
414,5,zone_2,glucose,r1032,-9.05611,4.11793e-12,4.79722
414,5,zone_2,oxygen,r0855,-19.6089,-3.74346e-12,25.0683
414,1,zone_1,glucose,r1032,-9.05611,4.11793e-12,4.79722
414,1,zone_1,oxygen,r0855,-19.6153,-3.74346e-12,25.4937
414,1,zone_1,glucose,r1032,-9.05611,4.11793e-12,4.79722
414,1,zone_1,oxygen,r0855,-19.6153,-3.74346e-12,25.4937
414,2,zone_1,glucose,r1032,-9.05611,4.11793e-12,4.79722
414,2,zone_1,oxygen,r0855,-19.6147,-3.74346e-12,25.456
414,2,zone_1,glucose,r1032,-9.05611,4.11793e-12,4.79722
414,2,zone_1,oxygen,r0855,-19.6147,-3.74346e-12,25.456
414,6,zone_3,glucose,r1032,-9.05611,4.11793e-12,4.79722
414,6,zone_3,oxygen,r0855,-19.583,-3.74346e-12,23.4793
414,6,zone_3,glucose,r1032,-9.05611,4.11793e-12,4.79722
414,6,zone_3,oxygen,r0855,-19.583,-3.74346e-12,23.4793
414,3,zone_2,glucose,r1032,-9.05611,4.11793e-12,4.79722
414,3,zone_2,oxygen,r0855,-19.61,-3.74346e-12,25.1404
414,3,zone_2,glucose,r1032,-9.05611,4.11793e-12,4.79722
414,3,zone_2,oxygen,r0855,-19.61,-3.74346e-12,25.1404
414,7,zone_3,glucose,r1032,-9.05611,4.11793e-12,4.79722
414,7,zone_3,oxygen,r0855,-19.5805,-3.74346e-12,23.3388
414,7,zone_3,glucose,r1032,-9.05611,4.11793e-12,4.79722
414,7,zone_3,oxygen,r0855,-19.5805,-3.74346e-12,23.3388
416,4,zone_2,glucose,r1032,-9.05594,4.11793e-12,4.79626
416,4,zone_2,oxygen,r0855,-19.6085,-3.74346e-12,25.0453
416,4,zone_2,glucose,r1032,-9.05594,4.11793e-12,4.79626
416,4,zone_2,oxygen,r0855,-19.6085,-3.74346e-12,25.0453
416,0,zone_1,glucose,r1032,-9.05594,4.11793e-12,4.79626
416,0,zone_1,oxygen,r0855,-19.6145,-3.74346e-12,25.4384
416,0,zone_1,glucose,r1032,-9.05594,4.11793e-12,4.79626
416,0,zone_1,oxygen,r0855,-19.6145,-3.74346e-12,25.4384
416,8,zone_3,glucose,r1032,-9.05594,4.11793e-12,4.79626
416,8,zone_3,oxygen,r0855,-19.5778,-3.74346e-12,23.1874
416,8,zone_3,glucose,r1032,-9.05594,4.11793e-12,4.79626
416,8,zone_3,oxygen,r0855,-19.5778,-3.74346e-12,23.1874
416,1,zone_1,glucose,r1032,-9.05594,4.11793e-12,4.79626
416,1,zone_1,oxygen,r0855,-19.6145,-3.74346e-12,25.4384
416,1,zone_1,glucose,r1032,-9.05594,4.11793e-12,4.79626
416,1,zone_1,oxygen,r0855,-19.6145,-3.74346e-12,25.4384
416,5,zone_2,glucose,r1032,-9.05594,4.11793e-12,4.79626
416,5,zone_2,oxygen,r0855,-19.608,-3.74346e-12,25.0132
416,5,zone_2,glucose,r1032,-9.05594,4.11793e-12,4.79626
416,5,zone_2,oxygen,r0855,-19.608,-3.74346e-12,25.0132
416,2,zone_1,glucose,r1032,-9.05594,4.11793e-12,4.79626
416,2,zone_1,oxygen,r0855,-19.6139,-3.74346e-12,25.4006
416,2,zone_1,glucose,r1032,-9.05594,4.11793e-12,4.79626
416,2,zone_1,oxygen,r0855,-19.6139,-3.74346e-12,25.4006
416,6,zone_3,glucose,r1032,-9.05594,4.11793e-12,4.79626
416,6,zone_3,oxygen,r0855,-19.5821,-3.74346e-12,23.4268
416,6,zone_3,glucose,r1032,-9.05594,4.11793e-12,4.79626
416,6,zone_3,oxygen,r0855,-19.5821,-3.74346e-12,23.4268
416,3,zone_2,glucose,r1032,-9.05594,4.11793e-12,4.79626
416,3,zone_2,oxygen,r0855,-19.6092,-3.74346e-12,25.0853
416,3,zone_2,glucose,r1032,-9.05594,4.11793e-12,4.79626
416,3,zone_2,oxygen,r0855,-19.6092,-3.74346e-12,25.0853
416,7,zone_3,glucose,r1032,-9.05594,4.11793e-12,4.79626
416,7,zone_3,oxygen,r0855,-19.5796,-3.74346e-12,23.2867
416,7,zone_3,glucose,r1032,-9.05594,4.11793e-12,4.79626
416,7,zone_3,oxygen,r0855,-19.5796,-3.74346e-12,23.2867
418,0,zone_1,glucose,r1032,-9.05577,4.11793e-12,4.7953
418,0,zone_1,oxygen,r0855,-19.6137,-3.74346e-12,25.3834
418,0,zone_1,glucose,r1032,-9.05577,4.11793e-12,4.7953
418,0,zone_1,oxygen,r0855,-19.6137,-3.74346e-12,25.3834
418,4,zone_2,glucose,r1032,-9.05577,4.11793e-12,4.7953
418,4,zone_2,oxygen,r0855,-19.6077,-3.74346e-12,24.9905
418,4,zone_2,glucose,r1032,-9.05577,4.11793e-12,4.7953
418,4,zone_2,oxygen,r0855,-19.6077,-3.74346e-12,24.9905
418,8,zone_3,glucose,r1032,-9.05577,4.11793e-12,4.7953
418,8,zone_3,oxygen,r0855,-19.5769,-3.74346e-12,23.1357
418,8,zone_3,glucose,r1032,-9.05577,4.11793e-12,4.7953
418,8,zone_3,oxygen,r0855,-19.5769,-3.74346e-12,23.1357
418,5,zone_2,glucose,r1032,-9.05577,4.11793e-12,4.7953
418,5,zone_2,oxygen,r0855,-19.6072,-3.74346e-12,24.9583
418,5,zone_2,glucose,r1032,-9.05577,4.11793e-12,4.7953
418,5,zone_2,oxygen,r0855,-19.6072,-3.74346e-12,24.9583
418,1,zone_1,glucose,r1032,-9.05577,4.11793e-12,4.7953
418,1,zone_1,oxygen,r0855,-19.6137,-3.74346e-12,25.3834
418,1,zone_1,glucose,r1032,-9.05577,4.11793e-12,4.7953
418,1,zone_1,oxygen,r0855,-19.6137,-3.74346e-12,25.3834
418,2,zone_1,glucose,r1032,-9.05577,4.11793e-12,4.7953
418,2,zone_1,oxygen,r0855,-19.6131,-3.74346e-12,25.3455
418,2,zone_1,glucose,r1032,-9.05577,4.11793e-12,4.7953
418,2,zone_1,oxygen,r0855,-19.6131,-3.74346e-12,25.3455
418,6,zone_3,glucose,r1032,-9.05577,4.11793e-12,4.7953
418,6,zone_3,oxygen,r0855,-19.5811,-3.74346e-12,23.3746
418,6,zone_3,glucose,r1032,-9.05577,4.11793e-12,4.7953
418,6,zone_3,oxygen,r0855,-19.5811,-3.74346e-12,23.3746
418,3,zone_2,glucose,r1032,-9.05577,4.11793e-12,4.7953
418,3,zone_2,oxygen,r0855,-19.6083,-3.74346e-12,25.0304
418,3,zone_2,glucose,r1032,-9.05577,4.11793e-12,4.7953
418,3,zone_2,oxygen,r0855,-19.6083,-3.74346e-12,25.0304
418,7,zone_3,glucose,r1032,-9.05577,4.11793e-12,4.7953
418,7,zone_3,oxygen,r0855,-19.5787,-3.74346e-12,23.2348
418,7,zone_3,glucose,r1032,-9.05577,4.11793e-12,4.7953
418,7,zone_3,oxygen,r0855,-19.5787,-3.74346e-12,23.2348
420,0,zone_1,glucose,r1032,-9.0556,4.11793e-12,4.79434
420,0,zone_1,oxygen,r0855,-19.6128,-3.74346e-12,25.3286
420,0,zone_1,glucose,r1032,-9.0556,4.11793e-12,4.79434
420,0,zone_1,oxygen,r0855,-19.6128,-3.74346e-12,25.3286
420,8,zone_3,glucose,r1032,-9.0556,4.11793e-12,4.79434
420,8,zone_3,oxygen,r0855,-19.576,-3.74346e-12,23.0842
420,8,zone_3,glucose,r1032,-9.0556,4.11793e-12,4.79434
420,8,zone_3,oxygen,r0855,-19.576,-3.74346e-12,23.0842
420,4,zone_2,glucose,r1032,-9.0556,4.11793e-12,4.79434
420,4,zone_2,oxygen,r0855,-19.6069,-3.74346e-12,24.9358
420,4,zone_2,glucose,r1032,-9.0556,4.11793e-12,4.79434
420,4,zone_2,oxygen,r0855,-19.6069,-3.74346e-12,24.9358
420,1,zone_1,glucose,r1032,-9.0556,4.11793e-12,4.79434
420,1,zone_1,oxygen,r0855,-19.6128,-3.74346e-12,25.3286
420,1,zone_1,glucose,r1032,-9.0556,4.11793e-12,4.79434
420,1,zone_1,oxygen,r0855,-19.6128,-3.74346e-12,25.3286
420,5,zone_2,glucose,r1032,-9.0556,4.11793e-12,4.79434
420,5,zone_2,oxygen,r0855,-19.6064,-3.74346e-12,24.9037
420,5,zone_2,glucose,r1032,-9.0556,4.11793e-12,4.79434
420,5,zone_2,oxygen,r0855,-19.6064,-3.74346e-12,24.9037
420,2,zone_1,glucose,r1032,-9.0556,4.11793e-12,4.79434
420,2,zone_1,oxygen,r0855,-19.6123,-3.74346e-12,25.2906
420,2,zone_1,glucose,r1032,-9.0556,4.11793e-12,4.79434
420,2,zone_1,oxygen,r0855,-19.6123,-3.74346e-12,25.2906
420,6,zone_3,glucose,r1032,-9.0556,4.11793e-12,4.79434
420,6,zone_3,oxygen,r0855,-19.5802,-3.74346e-12,23.3226
420,6,zone_3,glucose,r1032,-9.0556,4.11793e-12,4.79434
420,6,zone_3,oxygen,r0855,-19.5802,-3.74346e-12,23.3226
420,3,zone_2,glucose,r1032,-9.0556,4.11793e-12,4.79434
420,3,zone_2,oxygen,r0855,-19.6075,-3.74346e-12,24.9758
420,3,zone_2,glucose,r1032,-9.0556,4.11793e-12,4.79434
420,3,zone_2,oxygen,r0855,-19.6075,-3.74346e-12,24.9758
420,7,zone_3,glucose,r1032,-9.0556,4.11793e-12,4.79434
420,7,zone_3,oxygen,r0855,-19.5778,-3.74346e-12,23.1831
420,7,zone_3,glucose,r1032,-9.0556,4.11793e-12,4.79434
420,7,zone_3,oxygen,r0855,-19.5778,-3.74346e-12,23.1831
422,0,zone_1,glucose,r1032,-9.05542,4.11793e-12,4.79339
422,0,zone_1,oxygen,r0855,-19.612,-3.74346e-12,25.274
422,0,zone_1,glucose,r1032,-9.05542,4.11793e-12,4.79339
422,0,zone_1,oxygen,r0855,-19.612,-3.74346e-12,25.274
422,4,zone_2,glucose,r1032,-9.05542,4.11793e-12,4.79339
422,4,zone_2,oxygen,r0855,-19.606,-3.74346e-12,24.8814
422,4,zone_2,glucose,r1032,-9.05542,4.11793e-12,4.79339
422,4,zone_2,oxygen,r0855,-19.606,-3.74346e-12,24.8814
422,8,zone_3,glucose,r1032,-9.05542,4.11793e-12,4.79339
422,8,zone_3,oxygen,r0855,-19.5751,-3.74346e-12,23.033
422,8,zone_3,glucose,r1032,-9.05542,4.11793e-12,4.79339
422,8,zone_3,oxygen,r0855,-19.5751,-3.74346e-12,23.033
422,1,zone_1,glucose,r1032,-9.05542,4.11793e-12,4.79339
422,1,zone_1,oxygen,r0855,-19.612,-3.74346e-12,25.274
422,1,zone_1,glucose,r1032,-9.05542,4.11793e-12,4.79339
422,1,zone_1,oxygen,r0855,-19.612,-3.74346e-12,25.274
422,5,zone_2,glucose,r1032,-9.05542,4.11793e-12,4.79339
422,5,zone_2,oxygen,r0855,-19.6055,-3.74346e-12,24.8492
422,5,zone_2,glucose,r1032,-9.05542,4.11793e-12,4.79339
422,5,zone_2,oxygen,r0855,-19.6055,-3.74346e-12,24.8492
422,2,zone_1,glucose,r1032,-9.05542,4.11793e-12,4.79339
422,2,zone_1,oxygen,r0855,-19.6114,-3.74346e-12,25.236
422,2,zone_1,glucose,r1032,-9.05542,4.11793e-12,4.79339
422,2,zone_1,oxygen,r0855,-19.6114,-3.74346e-12,25.236
422,6,zone_3,glucose,r1032,-9.05542,4.11793e-12,4.79339
422,6,zone_3,oxygen,r0855,-19.5793,-3.74346e-12,23.2709
422,6,zone_3,glucose,r1032,-9.05542,4.11793e-12,4.79339
422,6,zone_3,oxygen,r0855,-19.5793,-3.74346e-12,23.2709
422,3,zone_2,glucose,r1032,-9.05542,4.11793e-12,4.79339
422,3,zone_2,oxygen,r0855,-19.6066,-3.74346e-12,24.9214
422,3,zone_2,glucose,r1032,-9.05542,4.11793e-12,4.79339
422,3,zone_2,oxygen,r0855,-19.6066,-3.74346e-12,24.9214
422,7,zone_3,glucose,r1032,-9.05542,4.11793e-12,4.79339
422,7,zone_3,oxygen,r0855,-19.5768,-3.74346e-12,23.1316
422,7,zone_3,glucose,r1032,-9.05542,4.11793e-12,4.79339
422,7,zone_3,oxygen,r0855,-19.5768,-3.74346e-12,23.1316
424,8,zone_3,glucose,r1032,-9.05525,4.11793e-12,4.79243
424,8,zone_3,oxygen,r0855,-19.5741,-3.74346e-12,22.9819
424,8,zone_3,glucose,r1032,-9.05525,4.11793e-12,4.79243
424,8,zone_3,oxygen,r0855,-19.5741,-3.74346e-12,22.9819
424,4,zone_2,glucose,r1032,-9.05525,4.11793e-12,4.79243
424,4,zone_2,oxygen,r0855,-19.6052,-3.74346e-12,24.8272
424,4,zone_2,glucose,r1032,-9.05525,4.11793e-12,4.79243
424,4,zone_2,oxygen,r0855,-19.6052,-3.74346e-12,24.8272
424,0,zone_1,glucose,r1032,-9.05525,4.11793e-12,4.79243
424,0,zone_1,oxygen,r0855,-19.6112,-3.74346e-12,25.2196
424,0,zone_1,glucose,r1032,-9.05525,4.11793e-12,4.79243
424,0,zone_1,oxygen,r0855,-19.6112,-3.74346e-12,25.2196
424,5,zone_2,glucose,r1032,-9.05525,4.11793e-12,4.79243
424,5,zone_2,oxygen,r0855,-19.6047,-3.74346e-12,24.795
424,5,zone_2,glucose,r1032,-9.05525,4.11793e-12,4.79243
424,5,zone_2,oxygen,r0855,-19.6047,-3.74346e-12,24.795
424,1,zone_1,glucose,r1032,-9.05525,4.11793e-12,4.79243
424,1,zone_1,oxygen,r0855,-19.6112,-3.74346e-12,25.2196
424,1,zone_1,glucose,r1032,-9.05525,4.11793e-12,4.79243
424,1,zone_1,oxygen,r0855,-19.6112,-3.74346e-12,25.2196
424,6,zone_3,glucose,r1032,-9.05525,4.11793e-12,4.79243
424,6,zone_3,oxygen,r0855,-19.5784,-3.74346e-12,23.2194
424,6,zone_3,glucose,r1032,-9.05525,4.11793e-12,4.79243
424,6,zone_3,oxygen,r0855,-19.5784,-3.74346e-12,23.2194
424,2,zone_1,glucose,r1032,-9.05525,4.11793e-12,4.79243
424,2,zone_1,oxygen,r0855,-19.6106,-3.74346e-12,25.1816
424,2,zone_1,glucose,r1032,-9.05525,4.11793e-12,4.79243
424,2,zone_1,oxygen,r0855,-19.6106,-3.74346e-12,25.1816
424,7,zone_3,glucose,r1032,-9.05525,4.11793e-12,4.79243
424,7,zone_3,oxygen,r0855,-19.5759,-3.74346e-12,23.0803
424,7,zone_3,glucose,r1032,-9.05525,4.11793e-12,4.79243
424,7,zone_3,oxygen,r0855,-19.5759,-3.74346e-12,23.0803
424,3,zone_2,glucose,r1032,-9.05525,4.11793e-12,4.79243
424,3,zone_2,oxygen,r0855,-19.6058,-3.74346e-12,24.8672
424,3,zone_2,glucose,r1032,-9.05525,4.11793e-12,4.79243
424,3,zone_2,oxygen,r0855,-19.6058,-3.74346e-12,24.8672
426,8,zone_3,glucose,r1032,-9.05508,4.11793e-12,4.79147
426,8,zone_3,oxygen,r0855,-19.5732,-3.74346e-12,22.9311
426,8,zone_3,glucose,r1032,-9.05508,4.11793e-12,4.79147
426,8,zone_3,oxygen,r0855,-19.5732,-3.74346e-12,22.9311
426,0,zone_1,glucose,r1032,-9.05508,4.11793e-12,4.79147
426,0,zone_1,oxygen,r0855,-19.6104,-3.74346e-12,25.1655
426,0,zone_1,glucose,r1032,-9.05508,4.11793e-12,4.79147
426,0,zone_1,oxygen,r0855,-19.6104,-3.74346e-12,25.1655
426,4,zone_2,glucose,r1032,-9.05508,4.11793e-12,4.79147
426,4,zone_2,oxygen,r0855,-19.6043,-3.74346e-12,24.7732
426,4,zone_2,glucose,r1032,-9.05508,4.11793e-12,4.79147
426,4,zone_2,oxygen,r0855,-19.6043,-3.74346e-12,24.7732
426,1,zone_1,glucose,r1032,-9.05508,4.11793e-12,4.79147
426,1,zone_1,oxygen,r0855,-19.6104,-3.74346e-12,25.1655
426,1,zone_1,glucose,r1032,-9.05508,4.11793e-12,4.79147
426,1,zone_1,oxygen,r0855,-19.6104,-3.74346e-12,25.1655
426,5,zone_2,glucose,r1032,-9.05508,4.11793e-12,4.79147
426,5,zone_2,oxygen,r0855,-19.6038,-3.74346e-12,24.7411
426,5,zone_2,glucose,r1032,-9.05508,4.11793e-12,4.79147
426,5,zone_2,oxygen,r0855,-19.6038,-3.74346e-12,24.7411
426,2,zone_1,glucose,r1032,-9.05508,4.11793e-12,4.79147
426,2,zone_1,oxygen,r0855,-19.6098,-3.74346e-12,25.1274
426,2,zone_1,glucose,r1032,-9.05508,4.11793e-12,4.79147
426,2,zone_1,oxygen,r0855,-19.6098,-3.74346e-12,25.1274
426,6,zone_3,glucose,r1032,-9.05508,4.11793e-12,4.79147
426,6,zone_3,oxygen,r0855,-19.5775,-3.74346e-12,23.168
426,6,zone_3,glucose,r1032,-9.05508,4.11793e-12,4.79147
426,6,zone_3,oxygen,r0855,-19.5775,-3.74346e-12,23.168
426,3,zone_2,glucose,r1032,-9.05508,4.11793e-12,4.79147
426,3,zone_2,oxygen,r0855,-19.6049,-3.74346e-12,24.8132
426,3,zone_2,glucose,r1032,-9.05508,4.11793e-12,4.79147
426,3,zone_2,oxygen,r0855,-19.6049,-3.74346e-12,24.8132
426,7,zone_3,glucose,r1032,-9.05508,4.11793e-12,4.79147
426,7,zone_3,oxygen,r0855,-19.575,-3.74346e-12,23.0293
426,7,zone_3,glucose,r1032,-9.05508,4.11793e-12,4.79147
426,7,zone_3,oxygen,r0855,-19.575,-3.74346e-12,23.0293
428,4,zone_2,glucose,r1032,-9.05491,4.11793e-12,4.79051
428,4,zone_2,oxygen,r0855,-19.6035,-3.74346e-12,24.7195
428,4,zone_2,glucose,r1032,-9.05491,4.11793e-12,4.79051
428,4,zone_2,oxygen,r0855,-19.6035,-3.74346e-12,24.7195
428,8,zone_3,glucose,r1032,-9.05491,4.11793e-12,4.79051
428,8,zone_3,oxygen,r0855,-19.5723,-3.74346e-12,22.8805
428,0,zone_1,glucose,r1032,-9.05491,4.11793e-12,4.79051
428,0,zone_1,oxygen,r0855,-19.6096,-3.74346e-12,25.1116
428,8,zone_3,glucose,r1032,-9.05491,4.11793e-12,4.79051
428,8,zone_3,oxygen,r0855,-19.5723,-3.74346e-12,22.8805
428,0,zone_1,glucose,r1032,-9.05491,4.11793e-12,4.79051
428,0,zone_1,oxygen,r0855,-19.6096,-3.74346e-12,25.1116
428,5,zone_2,glucose,r1032,-9.05491,4.11793e-12,4.79051
428,5,zone_2,oxygen,r0855,-19.603,-3.74346e-12,24.6874
428,5,zone_2,glucose,r1032,-9.05491,4.11793e-12,4.79051
428,5,zone_2,oxygen,r0855,-19.603,-3.74346e-12,24.6874
428,1,zone_1,glucose,r1032,-9.05491,4.11793e-12,4.79051
428,1,zone_1,oxygen,r0855,-19.6096,-3.74346e-12,25.1116
428,1,zone_1,glucose,r1032,-9.05491,4.11793e-12,4.79051
428,1,zone_1,oxygen,r0855,-19.6096,-3.74346e-12,25.1116
428,2,zone_1,glucose,r1032,-9.05491,4.11793e-12,4.79051
428,2,zone_1,oxygen,r0855,-19.609,-3.74346e-12,25.0734
428,2,zone_1,glucose,r1032,-9.05491,4.11793e-12,4.79051
428,2,zone_1,oxygen,r0855,-19.609,-3.74346e-12,25.0734
428,6,zone_3,glucose,r1032,-9.05491,4.11793e-12,4.79051
428,6,zone_3,oxygen,r0855,-19.5766,-3.74346e-12,23.1169
428,6,zone_3,glucose,r1032,-9.05491,4.11793e-12,4.79051
428,6,zone_3,oxygen,r0855,-19.5766,-3.74346e-12,23.1169
428,3,zone_2,glucose,r1032,-9.05491,4.11793e-12,4.79051
428,3,zone_2,oxygen,r0855,-19.6041,-3.74346e-12,24.7595
428,3,zone_2,glucose,r1032,-9.05491,4.11793e-12,4.79051
428,3,zone_2,oxygen,r0855,-19.6041,-3.74346e-12,24.7595
428,7,zone_3,glucose,r1032,-9.05491,4.11793e-12,4.79051
428,7,zone_3,oxygen,r0855,-19.5741,-3.74346e-12,22.9785
428,7,zone_3,glucose,r1032,-9.05491,4.11793e-12,4.79051
428,7,zone_3,oxygen,r0855,-19.5741,-3.74346e-12,22.9785
430,0,zone_1,glucose,r1032,-9.05474,4.11793e-12,4.78955
430,0,zone_1,oxygen,r0855,-19.6087,-3.74346e-12,25.058
430,0,zone_1,glucose,r1032,-9.05474,4.11793e-12,4.78955
430,0,zone_1,oxygen,r0855,-19.6087,-3.74346e-12,25.058
430,8,zone_3,glucose,r1032,-9.05474,4.11793e-12,4.78955
430,8,zone_3,oxygen,r0855,-19.5714,-3.74346e-12,22.8301
430,8,zone_3,glucose,r1032,-9.05474,4.11793e-12,4.78955
430,8,zone_3,oxygen,r0855,-19.5714,-3.74346e-12,22.8301
430,4,zone_2,glucose,r1032,-9.05474,4.11793e-12,4.78955
430,4,zone_2,oxygen,r0855,-19.6026,-3.74346e-12,24.666
430,4,zone_2,glucose,r1032,-9.05474,4.11793e-12,4.78955
430,4,zone_2,oxygen,r0855,-19.6026,-3.74346e-12,24.666
430,1,zone_1,glucose,r1032,-9.05474,4.11793e-12,4.78955
430,1,zone_1,oxygen,r0855,-19.6087,-3.74346e-12,25.058
430,1,zone_1,glucose,r1032,-9.05474,4.11793e-12,4.78955
430,1,zone_1,oxygen,r0855,-19.6087,-3.74346e-12,25.058
430,5,zone_2,glucose,r1032,-9.05474,4.11793e-12,4.78955
430,5,zone_2,oxygen,r0855,-19.6021,-3.74346e-12,24.6339
430,5,zone_2,glucose,r1032,-9.05474,4.11793e-12,4.78955
430,5,zone_2,oxygen,r0855,-19.6021,-3.74346e-12,24.6339
430,2,zone_1,glucose,r1032,-9.05474,4.11793e-12,4.78955
430,2,zone_1,oxygen,r0855,-19.6081,-3.74346e-12,25.0197
430,2,zone_1,glucose,r1032,-9.05474,4.11793e-12,4.78955
430,2,zone_1,oxygen,r0855,-19.6081,-3.74346e-12,25.0197
430,6,zone_3,glucose,r1032,-9.05474,4.11793e-12,4.78955
430,6,zone_3,oxygen,r0855,-19.5757,-3.74346e-12,23.0661
430,6,zone_3,glucose,r1032,-9.05474,4.11793e-12,4.78955
430,6,zone_3,oxygen,r0855,-19.5757,-3.74346e-12,23.0661
430,3,zone_2,glucose,r1032,-9.05474,4.11793e-12,4.78955
430,3,zone_2,oxygen,r0855,-19.6033,-3.74346e-12,24.706
430,3,zone_2,glucose,r1032,-9.05474,4.11793e-12,4.78955
430,3,zone_2,oxygen,r0855,-19.6033,-3.74346e-12,24.706
430,7,zone_3,glucose,r1032,-9.05474,4.11793e-12,4.78955
430,7,zone_3,oxygen,r0855,-19.5732,-3.74346e-12,22.9279
430,7,zone_3,glucose,r1032,-9.05474,4.11793e-12,4.78955
430,7,zone_3,oxygen,r0855,-19.5732,-3.74346e-12,22.9279
432,4,zone_2,glucose,r1032,-9.05457,4.11793e-12,4.78859
432,4,zone_2,oxygen,r0855,-19.6018,-3.74346e-12,24.6127
432,4,zone_2,glucose,r1032,-9.05457,4.11793e-12,4.78859
432,4,zone_2,oxygen,r0855,-19.6018,-3.74346e-12,24.6127
432,0,zone_1,glucose,r1032,-9.05457,4.11793e-12,4.78859
432,0,zone_1,oxygen,r0855,-19.6079,-3.74346e-12,25.0045
432,0,zone_1,glucose,r1032,-9.05457,4.11793e-12,4.78859
432,0,zone_1,oxygen,r0855,-19.6079,-3.74346e-12,25.0045
432,8,zone_3,glucose,r1032,-9.05457,4.11793e-12,4.78859
432,8,zone_3,oxygen,r0855,-19.5704,-3.74346e-12,22.7799
432,8,zone_3,glucose,r1032,-9.05457,4.11793e-12,4.78859
432,8,zone_3,oxygen,r0855,-19.5704,-3.74346e-12,22.7799
432,5,zone_2,glucose,r1032,-9.05457,4.11793e-12,4.78859
432,5,zone_2,oxygen,r0855,-19.6013,-3.74346e-12,24.5806
432,5,zone_2,glucose,r1032,-9.05457,4.11793e-12,4.78859
432,5,zone_2,oxygen,r0855,-19.6013,-3.74346e-12,24.5806
432,1,zone_1,glucose,r1032,-9.05457,4.11793e-12,4.78859
432,1,zone_1,oxygen,r0855,-19.6079,-3.74346e-12,25.0045
432,1,zone_1,glucose,r1032,-9.05457,4.11793e-12,4.78859
432,1,zone_1,oxygen,r0855,-19.6079,-3.74346e-12,25.0045
432,6,zone_3,glucose,r1032,-9.05457,4.11793e-12,4.78859
432,6,zone_3,oxygen,r0855,-19.5747,-3.74346e-12,23.0154
432,2,zone_1,glucose,r1032,-9.05457,4.11793e-12,4.78859
432,2,zone_1,oxygen,r0855,-19.6073,-3.74346e-12,24.9662
432,6,zone_3,glucose,r1032,-9.05457,4.11793e-12,4.78859
432,6,zone_3,oxygen,r0855,-19.5747,-3.74346e-12,23.0154
432,2,zone_1,glucose,r1032,-9.05457,4.11793e-12,4.78859
432,2,zone_1,oxygen,r0855,-19.6073,-3.74346e-12,24.9662
432,3,zone_2,glucose,r1032,-9.05457,4.11793e-12,4.78859
432,3,zone_2,oxygen,r0855,-19.6024,-3.74346e-12,24.6528
432,3,zone_2,glucose,r1032,-9.05457,4.11793e-12,4.78859
432,3,zone_2,oxygen,r0855,-19.6024,-3.74346e-12,24.6528
432,7,zone_3,glucose,r1032,-9.05457,4.11793e-12,4.78859
432,7,zone_3,oxygen,r0855,-19.5722,-3.74346e-12,22.8775
432,7,zone_3,glucose,r1032,-9.05457,4.11793e-12,4.78859
432,7,zone_3,oxygen,r0855,-19.5722,-3.74346e-12,22.8775
434,0,zone_1,glucose,r1032,-9.0544,4.11793e-12,4.78764
434,0,zone_1,oxygen,r0855,-19.6071,-3.74346e-12,24.9513
434,0,zone_1,glucose,r1032,-9.0544,4.11793e-12,4.78764
434,0,zone_1,oxygen,r0855,-19.6071,-3.74346e-12,24.9513
434,4,zone_2,glucose,r1032,-9.0544,4.11793e-12,4.78764
434,4,zone_2,oxygen,r0855,-19.601,-3.74346e-12,24.5597
434,4,zone_2,glucose,r1032,-9.0544,4.11793e-12,4.78764
434,4,zone_2,oxygen,r0855,-19.601,-3.74346e-12,24.5597
434,8,zone_3,glucose,r1032,-9.0544,4.11793e-12,4.78764
434,8,zone_3,oxygen,r0855,-19.5695,-3.74346e-12,22.73
434,8,zone_3,glucose,r1032,-9.0544,4.11793e-12,4.78764
434,8,zone_3,oxygen,r0855,-19.5695,-3.74346e-12,22.73
434,5,zone_2,glucose,r1032,-9.0544,4.11793e-12,4.78764
434,5,zone_2,oxygen,r0855,-19.6004,-3.74346e-12,24.5276
434,5,zone_2,glucose,r1032,-9.0544,4.11793e-12,4.78764
434,5,zone_2,oxygen,r0855,-19.6004,-3.74346e-12,24.5276
434,1,zone_1,glucose,r1032,-9.0544,4.11793e-12,4.78764
434,1,zone_1,oxygen,r0855,-19.6071,-3.74346e-12,24.9513
434,1,zone_1,glucose,r1032,-9.0544,4.11793e-12,4.78764
434,1,zone_1,oxygen,r0855,-19.6071,-3.74346e-12,24.9513
434,2,zone_1,glucose,r1032,-9.0544,4.11793e-12,4.78764
434,2,zone_1,oxygen,r0855,-19.6065,-3.74346e-12,24.9129
434,2,zone_1,glucose,r1032,-9.0544,4.11793e-12,4.78764
434,2,zone_1,oxygen,r0855,-19.6065,-3.74346e-12,24.9129
434,6,zone_3,glucose,r1032,-9.0544,4.11793e-12,4.78764
434,6,zone_3,oxygen,r0855,-19.5738,-3.74346e-12,22.965
434,6,zone_3,glucose,r1032,-9.0544,4.11793e-12,4.78764
434,6,zone_3,oxygen,r0855,-19.5738,-3.74346e-12,22.965
434,3,zone_2,glucose,r1032,-9.0544,4.11793e-12,4.78764
434,3,zone_2,oxygen,r0855,-19.6016,-3.74346e-12,24.5997
434,3,zone_2,glucose,r1032,-9.0544,4.11793e-12,4.78764
434,3,zone_2,oxygen,r0855,-19.6016,-3.74346e-12,24.5997
434,7,zone_3,glucose,r1032,-9.0544,4.11793e-12,4.78764
434,7,zone_3,oxygen,r0855,-19.5713,-3.74346e-12,22.8274
434,7,zone_3,glucose,r1032,-9.0544,4.11793e-12,4.78764
434,7,zone_3,oxygen,r0855,-19.5713,-3.74346e-12,22.8274
436,0,zone_1,glucose,r1032,-9.05423,4.11793e-12,4.78668
436,0,zone_1,oxygen,r0855,-19.6063,-3.74346e-12,24.8984
436,0,zone_1,glucose,r1032,-9.05423,4.11793e-12,4.78668
436,0,zone_1,oxygen,r0855,-19.6063,-3.74346e-12,24.8984
436,4,zone_2,glucose,r1032,-9.05423,4.11793e-12,4.78668
436,4,zone_2,oxygen,r0855,-19.6001,-3.74346e-12,24.5069
436,4,zone_2,glucose,r1032,-9.05423,4.11793e-12,4.78668
436,4,zone_2,oxygen,r0855,-19.6001,-3.74346e-12,24.5069
436,8,zone_3,glucose,r1032,-9.05423,4.11793e-12,4.78668
436,8,zone_3,oxygen,r0855,-19.5686,-3.74346e-12,22.6802
436,8,zone_3,glucose,r1032,-9.05423,4.11793e-12,4.78668
436,8,zone_3,oxygen,r0855,-19.5686,-3.74346e-12,22.6802
436,1,zone_1,glucose,r1032,-9.05423,4.11793e-12,4.78668
436,1,zone_1,oxygen,r0855,-19.6063,-3.74346e-12,24.8984
436,1,zone_1,glucose,r1032,-9.05423,4.11793e-12,4.78668
436,1,zone_1,oxygen,r0855,-19.6063,-3.74346e-12,24.8984
436,2,zone_1,glucose,r1032,-9.05423,4.11793e-12,4.78668
436,2,zone_1,oxygen,r0855,-19.6057,-3.74346e-12,24.8599
436,2,zone_1,glucose,r1032,-9.05423,4.11793e-12,4.78668
436,2,zone_1,oxygen,r0855,-19.6057,-3.74346e-12,24.8599
436,5,zone_2,glucose,r1032,-9.05423,4.11793e-12,4.78668
436,5,zone_2,oxygen,r0855,-19.5996,-3.74346e-12,24.4748
436,5,zone_2,glucose,r1032,-9.05423,4.11793e-12,4.78668
436,5,zone_2,oxygen,r0855,-19.5996,-3.74346e-12,24.4748
436,3,zone_2,glucose,r1032,-9.05423,4.11793e-12,4.78668
436,3,zone_2,oxygen,r0855,-19.6007,-3.74346e-12,24.5469
436,3,zone_2,glucose,r1032,-9.05423,4.11793e-12,4.78668
436,3,zone_2,oxygen,r0855,-19.6007,-3.74346e-12,24.5469
436,6,zone_3,glucose,r1032,-9.05423,4.11793e-12,4.78668
436,6,zone_3,oxygen,r0855,-19.5729,-3.74346e-12,22.9147
436,6,zone_3,glucose,r1032,-9.05423,4.11793e-12,4.78668
436,6,zone_3,oxygen,r0855,-19.5729,-3.74346e-12,22.9147
436,7,zone_3,glucose,r1032,-9.05423,4.11793e-12,4.78668
436,7,zone_3,oxygen,r0855,-19.5704,-3.74346e-12,22.7774
436,7,zone_3,glucose,r1032,-9.05423,4.11793e-12,4.78668
436,7,zone_3,oxygen,r0855,-19.5704,-3.74346e-12,22.7774
438,4,zone_2,glucose,r1032,-9.05406,4.11793e-12,4.78572
438,4,zone_2,oxygen,r0855,-19.5993,-3.74346e-12,24.4543
438,4,zone_2,glucose,r1032,-9.05406,4.11793e-12,4.78572
438,4,zone_2,oxygen,r0855,-19.5993,-3.74346e-12,24.4543
438,8,zone_3,glucose,r1032,-9.05406,4.11793e-12,4.78572
438,8,zone_3,oxygen,r0855,-19.5677,-3.74346e-12,22.6307
438,8,zone_3,glucose,r1032,-9.05406,4.11793e-12,4.78572
438,8,zone_3,oxygen,r0855,-19.5677,-3.74346e-12,22.6307
438,0,zone_1,glucose,r1032,-9.05406,4.11793e-12,4.78572
438,0,zone_1,oxygen,r0855,-19.6055,-3.74346e-12,24.8456
438,0,zone_1,glucose,r1032,-9.05406,4.11793e-12,4.78572
438,0,zone_1,oxygen,r0855,-19.6055,-3.74346e-12,24.8456
438,5,zone_2,glucose,r1032,-9.05406,4.11793e-12,4.78572
438,5,zone_2,oxygen,r0855,-19.5988,-3.74346e-12,24.4222
438,5,zone_2,glucose,r1032,-9.05406,4.11793e-12,4.78572
438,5,zone_2,oxygen,r0855,-19.5988,-3.74346e-12,24.4222
438,1,zone_1,glucose,r1032,-9.05406,4.11793e-12,4.78572
438,1,zone_1,oxygen,r0855,-19.6055,-3.74346e-12,24.8456
438,1,zone_1,glucose,r1032,-9.05406,4.11793e-12,4.78572
438,1,zone_1,oxygen,r0855,-19.6055,-3.74346e-12,24.8456
438,2,zone_1,glucose,r1032,-9.05406,4.11793e-12,4.78572
438,2,zone_1,oxygen,r0855,-19.6049,-3.74346e-12,24.8071
438,2,zone_1,glucose,r1032,-9.05406,4.11793e-12,4.78572
438,2,zone_1,oxygen,r0855,-19.6049,-3.74346e-12,24.8071
438,6,zone_3,glucose,r1032,-9.05406,4.11793e-12,4.78572
438,6,zone_3,oxygen,r0855,-19.572,-3.74346e-12,22.8647
438,6,zone_3,glucose,r1032,-9.05406,4.11793e-12,4.78572
438,6,zone_3,oxygen,r0855,-19.572,-3.74346e-12,22.8647
438,3,zone_2,glucose,r1032,-9.05406,4.11793e-12,4.78572
438,3,zone_2,oxygen,r0855,-19.5999,-3.74346e-12,24.4943
438,3,zone_2,glucose,r1032,-9.05406,4.11793e-12,4.78572
438,3,zone_2,oxygen,r0855,-19.5999,-3.74346e-12,24.4943
438,7,zone_3,glucose,r1032,-9.05406,4.11793e-12,4.78572
438,7,zone_3,oxygen,r0855,-19.5695,-3.74346e-12,22.7277
438,7,zone_3,glucose,r1032,-9.05406,4.11793e-12,4.78572
438,7,zone_3,oxygen,r0855,-19.5695,-3.74346e-12,22.7277
440,4,zone_2,glucose,r1032,-9.05388,4.11793e-12,4.78477
440,4,zone_2,oxygen,r0855,-19.5984,-3.74346e-12,24.402
440,4,zone_2,glucose,r1032,-9.05388,4.11793e-12,4.78477
440,4,zone_2,oxygen,r0855,-19.5984,-3.74346e-12,24.402
440,0,zone_1,glucose,r1032,-9.05388,4.11793e-12,4.78477
440,0,zone_1,oxygen,r0855,-19.6046,-3.74346e-12,24.7931
440,0,zone_1,glucose,r1032,-9.05388,4.11793e-12,4.78477
440,0,zone_1,oxygen,r0855,-19.6046,-3.74346e-12,24.7931
440,8,zone_3,glucose,r1032,-9.05388,4.11793e-12,4.78477
440,8,zone_3,oxygen,r0855,-19.5668,-3.74346e-12,22.5814
440,8,zone_3,glucose,r1032,-9.05388,4.11793e-12,4.78477
440,8,zone_3,oxygen,r0855,-19.5668,-3.74346e-12,22.5814
440,5,zone_2,glucose,r1032,-9.05388,4.11793e-12,4.78477
440,5,zone_2,oxygen,r0855,-19.5979,-3.74346e-12,24.3698
440,5,zone_2,glucose,r1032,-9.05388,4.11793e-12,4.78477
440,5,zone_2,oxygen,r0855,-19.5979,-3.74346e-12,24.3698
440,1,zone_1,glucose,r1032,-9.05388,4.11793e-12,4.78477
440,1,zone_1,oxygen,r0855,-19.6046,-3.74346e-12,24.7931
440,1,zone_1,glucose,r1032,-9.05388,4.11793e-12,4.78477
440,1,zone_1,oxygen,r0855,-19.6046,-3.74346e-12,24.7931
440,6,zone_3,glucose,r1032,-9.05388,4.11793e-12,4.78477
440,6,zone_3,oxygen,r0855,-19.5711,-3.74346e-12,22.8149
440,6,zone_3,glucose,r1032,-9.05388,4.11793e-12,4.78477
440,6,zone_3,oxygen,r0855,-19.5711,-3.74346e-12,22.8149
440,2,zone_1,glucose,r1032,-9.05388,4.11793e-12,4.78477
440,2,zone_1,oxygen,r0855,-19.604,-3.74346e-12,24.7545
440,2,zone_1,glucose,r1032,-9.05388,4.11793e-12,4.78477
440,2,zone_1,oxygen,r0855,-19.604,-3.74346e-12,24.7545
440,3,zone_2,glucose,r1032,-9.05388,4.11793e-12,4.78477
440,3,zone_2,oxygen,r0855,-19.5991,-3.74346e-12,24.442
440,7,zone_3,glucose,r1032,-9.05388,4.11793e-12,4.78477
440,7,zone_3,oxygen,r0855,-19.5686,-3.74346e-12,22.6782
440,3,zone_2,glucose,r1032,-9.05388,4.11793e-12,4.78477
440,3,zone_2,oxygen,r0855,-19.5991,-3.74346e-12,24.442
440,7,zone_3,glucose,r1032,-9.05388,4.11793e-12,4.78477
440,7,zone_3,oxygen,r0855,-19.5686,-3.74346e-12,22.6782
442,4,zone_2,glucose,r1032,-9.05371,4.11793e-12,4.78381
442,4,zone_2,oxygen,r0855,-19.5976,-3.74346e-12,24.3498
442,4,zone_2,glucose,r1032,-9.05371,4.11793e-12,4.78381
442,4,zone_2,oxygen,r0855,-19.5976,-3.74346e-12,24.3498
442,0,zone_1,glucose,r1032,-9.05371,4.11793e-12,4.78381
442,0,zone_1,oxygen,r0855,-19.6038,-3.74346e-12,24.7408
442,0,zone_1,glucose,r1032,-9.05371,4.11793e-12,4.78381
442,0,zone_1,oxygen,r0855,-19.6038,-3.74346e-12,24.7408
442,8,zone_3,glucose,r1032,-9.05371,4.11793e-12,4.78381
442,8,zone_3,oxygen,r0855,-19.5658,-3.74346e-12,22.5323
442,8,zone_3,glucose,r1032,-9.05371,4.11793e-12,4.78381
442,8,zone_3,oxygen,r0855,-19.5658,-3.74346e-12,22.5323
442,5,zone_2,glucose,r1032,-9.05371,4.11793e-12,4.78381
442,5,zone_2,oxygen,r0855,-19.5971,-3.74346e-12,24.3177
442,5,zone_2,glucose,r1032,-9.05371,4.11793e-12,4.78381
442,5,zone_2,oxygen,r0855,-19.5971,-3.74346e-12,24.3177
442,1,zone_1,glucose,r1032,-9.05371,4.11793e-12,4.78381
442,1,zone_1,oxygen,r0855,-19.6038,-3.74346e-12,24.7408
442,1,zone_1,glucose,r1032,-9.05371,4.11793e-12,4.78381
442,1,zone_1,oxygen,r0855,-19.6038,-3.74346e-12,24.7408
442,2,zone_1,glucose,r1032,-9.05371,4.11793e-12,4.78381
442,2,zone_1,oxygen,r0855,-19.6032,-3.74346e-12,24.7021
442,2,zone_1,glucose,r1032,-9.05371,4.11793e-12,4.78381
442,2,zone_1,oxygen,r0855,-19.6032,-3.74346e-12,24.7021
442,6,zone_3,glucose,r1032,-9.05371,4.11793e-12,4.78381
442,6,zone_3,oxygen,r0855,-19.5702,-3.74346e-12,22.7653
442,6,zone_3,glucose,r1032,-9.05371,4.11793e-12,4.78381
442,6,zone_3,oxygen,r0855,-19.5702,-3.74346e-12,22.7653
442,3,zone_2,glucose,r1032,-9.05371,4.11793e-12,4.78381
442,3,zone_2,oxygen,r0855,-19.5982,-3.74346e-12,24.3898
442,3,zone_2,glucose,r1032,-9.05371,4.11793e-12,4.78381
442,3,zone_2,oxygen,r0855,-19.5982,-3.74346e-12,24.3898
442,7,zone_3,glucose,r1032,-9.05371,4.11793e-12,4.78381
442,7,zone_3,oxygen,r0855,-19.5676,-3.74346e-12,22.6289
442,7,zone_3,glucose,r1032,-9.05371,4.11793e-12,4.78381
442,7,zone_3,oxygen,r0855,-19.5676,-3.74346e-12,22.6289
444,0,zone_1,glucose,r1032,-9.05354,4.11793e-12,4.78285
444,0,zone_1,oxygen,r0855,-19.603,-3.74346e-12,24.6888
444,0,zone_1,glucose,r1032,-9.05354,4.11793e-12,4.78285
444,0,zone_1,oxygen,r0855,-19.603,-3.74346e-12,24.6888
444,4,zone_2,glucose,r1032,-9.05354,4.11793e-12,4.78285
444,4,zone_2,oxygen,r0855,-19.5967,-3.74346e-12,24.2979
444,4,zone_2,glucose,r1032,-9.05354,4.11793e-12,4.78285
444,4,zone_2,oxygen,r0855,-19.5967,-3.74346e-12,24.2979
444,8,zone_3,glucose,r1032,-9.05354,4.11793e-12,4.78285
444,8,zone_3,oxygen,r0855,-19.5649,-3.74346e-12,22.4834
444,8,zone_3,glucose,r1032,-9.05354,4.11793e-12,4.78285
444,8,zone_3,oxygen,r0855,-19.5649,-3.74346e-12,22.4834
444,1,zone_1,glucose,r1032,-9.05354,4.11793e-12,4.78285
444,1,zone_1,oxygen,r0855,-19.603,-3.74346e-12,24.6888
444,1,zone_1,glucose,r1032,-9.05354,4.11793e-12,4.78285
444,1,zone_1,oxygen,r0855,-19.603,-3.74346e-12,24.6888
444,5,zone_2,glucose,r1032,-9.05354,4.11793e-12,4.78285
444,5,zone_2,oxygen,r0855,-19.5962,-3.74346e-12,24.2658
444,5,zone_2,glucose,r1032,-9.05354,4.11793e-12,4.78285
444,5,zone_2,oxygen,r0855,-19.5962,-3.74346e-12,24.2658
444,2,zone_1,glucose,r1032,-9.05354,4.11793e-12,4.78285
444,2,zone_1,oxygen,r0855,-19.6024,-3.74346e-12,24.65
444,2,zone_1,glucose,r1032,-9.05354,4.11793e-12,4.78285
444,2,zone_1,oxygen,r0855,-19.6024,-3.74346e-12,24.65
444,6,zone_3,glucose,r1032,-9.05354,4.11793e-12,4.78285
444,6,zone_3,oxygen,r0855,-19.5693,-3.74346e-12,22.716
444,6,zone_3,glucose,r1032,-9.05354,4.11793e-12,4.78285
444,6,zone_3,oxygen,r0855,-19.5693,-3.74346e-12,22.716
444,3,zone_2,glucose,r1032,-9.05354,4.11793e-12,4.78285
444,3,zone_2,oxygen,r0855,-19.5974,-3.74346e-12,24.3379
444,3,zone_2,glucose,r1032,-9.05354,4.11793e-12,4.78285
444,3,zone_2,oxygen,r0855,-19.5974,-3.74346e-12,24.3379
444,7,zone_3,glucose,r1032,-9.05354,4.11793e-12,4.78285
444,7,zone_3,oxygen,r0855,-19.5667,-3.74346e-12,22.5798
444,7,zone_3,glucose,r1032,-9.05354,4.11793e-12,4.78285
444,7,zone_3,oxygen,r0855,-19.5667,-3.74346e-12,22.5798
446,0,zone_1,glucose,r1032,-9.05337,4.11793e-12,4.7819
446,0,zone_1,oxygen,r0855,-19.6022,-3.74346e-12,24.6369
446,0,zone_1,glucose,r1032,-9.05337,4.11793e-12,4.7819
446,0,zone_1,oxygen,r0855,-19.6022,-3.74346e-12,24.6369
446,4,zone_2,glucose,r1032,-9.05337,4.11793e-12,4.7819
446,4,zone_2,oxygen,r0855,-19.5959,-3.74346e-12,24.2462
446,4,zone_2,glucose,r1032,-9.05337,4.11793e-12,4.7819
446,4,zone_2,oxygen,r0855,-19.5959,-3.74346e-12,24.2462
446,8,zone_3,glucose,r1032,-9.05337,4.11793e-12,4.7819
446,8,zone_3,oxygen,r0855,-19.564,-3.74346e-12,22.4347
446,8,zone_3,glucose,r1032,-9.05337,4.11793e-12,4.7819
446,8,zone_3,oxygen,r0855,-19.564,-3.74346e-12,22.4347
446,1,zone_1,glucose,r1032,-9.05337,4.11793e-12,4.7819
446,1,zone_1,oxygen,r0855,-19.6022,-3.74346e-12,24.6369
446,1,zone_1,glucose,r1032,-9.05337,4.11793e-12,4.7819
446,1,zone_1,oxygen,r0855,-19.6022,-3.74346e-12,24.6369
446,5,zone_2,glucose,r1032,-9.05337,4.11793e-12,4.7819
446,5,zone_2,oxygen,r0855,-19.5954,-3.74346e-12,24.2141
446,5,zone_2,glucose,r1032,-9.05337,4.11793e-12,4.7819
446,5,zone_2,oxygen,r0855,-19.5954,-3.74346e-12,24.2141
446,2,zone_1,glucose,r1032,-9.05337,4.11793e-12,4.7819
446,2,zone_1,oxygen,r0855,-19.6016,-3.74346e-12,24.5981
446,2,zone_1,glucose,r1032,-9.05337,4.11793e-12,4.7819
446,2,zone_1,oxygen,r0855,-19.6016,-3.74346e-12,24.5981
446,6,zone_3,glucose,r1032,-9.05337,4.11793e-12,4.7819
446,6,zone_3,oxygen,r0855,-19.5683,-3.74346e-12,22.6668
446,6,zone_3,glucose,r1032,-9.05337,4.11793e-12,4.7819
446,6,zone_3,oxygen,r0855,-19.5683,-3.74346e-12,22.6668
446,3,zone_2,glucose,r1032,-9.05337,4.11793e-12,4.7819
446,3,zone_2,oxygen,r0855,-19.5966,-3.74346e-12,24.2862
446,3,zone_2,glucose,r1032,-9.05337,4.11793e-12,4.7819
446,3,zone_2,oxygen,r0855,-19.5966,-3.74346e-12,24.2862
446,7,zone_3,glucose,r1032,-9.05337,4.11793e-12,4.7819
446,7,zone_3,oxygen,r0855,-19.5658,-3.74346e-12,22.5309
446,7,zone_3,glucose,r1032,-9.05337,4.11793e-12,4.7819
446,7,zone_3,oxygen,r0855,-19.5658,-3.74346e-12,22.5309
448,4,zone_2,glucose,r1032,-9.0532,4.11793e-12,4.78094
448,4,zone_2,oxygen,r0855,-19.5951,-3.74346e-12,24.1947
448,4,zone_2,glucose,r1032,-9.0532,4.11793e-12,4.78094
448,4,zone_2,oxygen,r0855,-19.5951,-3.74346e-12,24.1947
448,0,zone_1,glucose,r1032,-9.0532,4.11793e-12,4.78094
448,0,zone_1,oxygen,r0855,-19.6014,-3.74346e-12,24.5853
448,0,zone_1,glucose,r1032,-9.0532,4.11793e-12,4.78094
448,0,zone_1,oxygen,r0855,-19.6014,-3.74346e-12,24.5853
448,8,zone_3,glucose,r1032,-9.0532,4.11793e-12,4.78094
448,8,zone_3,oxygen,r0855,-19.5631,-3.74346e-12,22.3862
448,8,zone_3,glucose,r1032,-9.0532,4.11793e-12,4.78094
448,8,zone_3,oxygen,r0855,-19.5631,-3.74346e-12,22.3862
448,1,zone_1,glucose,r1032,-9.0532,4.11793e-12,4.78094
448,1,zone_1,oxygen,r0855,-19.6014,-3.74346e-12,24.5853
448,1,zone_1,glucose,r1032,-9.0532,4.11793e-12,4.78094
448,1,zone_1,oxygen,r0855,-19.6014,-3.74346e-12,24.5853
448,5,zone_2,glucose,r1032,-9.0532,4.11793e-12,4.78094
448,5,zone_2,oxygen,r0855,-19.5945,-3.74346e-12,24.1626
448,5,zone_2,glucose,r1032,-9.0532,4.11793e-12,4.78094
448,5,zone_2,oxygen,r0855,-19.5945,-3.74346e-12,24.1626
448,6,zone_3,glucose,r1032,-9.0532,4.11793e-12,4.78094
448,6,zone_3,oxygen,r0855,-19.5674,-3.74346e-12,22.6179
448,2,zone_1,glucose,r1032,-9.0532,4.11793e-12,4.78094
448,2,zone_1,oxygen,r0855,-19.6007,-3.74346e-12,24.5464
448,2,zone_1,glucose,r1032,-9.0532,4.11793e-12,4.78094
448,2,zone_1,oxygen,r0855,-19.6007,-3.74346e-12,24.5464
448,6,zone_3,glucose,r1032,-9.0532,4.11793e-12,4.78094
448,6,zone_3,oxygen,r0855,-19.5674,-3.74346e-12,22.6179
448,3,zone_2,glucose,r1032,-9.0532,4.11793e-12,4.78094
448,3,zone_2,oxygen,r0855,-19.5957,-3.74346e-12,24.2348
448,3,zone_2,glucose,r1032,-9.0532,4.11793e-12,4.78094
448,3,zone_2,oxygen,r0855,-19.5957,-3.74346e-12,24.2348
448,7,zone_3,glucose,r1032,-9.0532,4.11793e-12,4.78094
448,7,zone_3,oxygen,r0855,-19.5649,-3.74346e-12,22.4822
448,7,zone_3,glucose,r1032,-9.0532,4.11793e-12,4.78094
448,7,zone_3,oxygen,r0855,-19.5649,-3.74346e-12,22.4822
450,8,zone_3,glucose,r1032,-9.05303,4.11793e-12,4.77998
450,8,zone_3,oxygen,r0855,-19.5621,-3.74346e-12,22.3379
450,0,zone_1,glucose,r1032,-9.05303,4.11793e-12,4.77998
450,0,zone_1,oxygen,r0855,-19.6005,-3.74346e-12,24.5339
450,8,zone_3,glucose,r1032,-9.05303,4.11793e-12,4.77998
450,8,zone_3,oxygen,r0855,-19.5621,-3.74346e-12,22.3379
450,0,zone_1,glucose,r1032,-9.05303,4.11793e-12,4.77998
450,0,zone_1,oxygen,r0855,-19.6005,-3.74346e-12,24.5339
450,4,zone_2,glucose,r1032,-9.05303,4.11793e-12,4.77998
450,4,zone_2,oxygen,r0855,-19.5942,-3.74346e-12,24.1435
450,4,zone_2,glucose,r1032,-9.05303,4.11793e-12,4.77998
450,4,zone_2,oxygen,r0855,-19.5942,-3.74346e-12,24.1435
450,1,zone_1,glucose,r1032,-9.05303,4.11793e-12,4.77998
450,1,zone_1,oxygen,r0855,-19.6005,-3.74346e-12,24.5339
450,1,zone_1,glucose,r1032,-9.05303,4.11793e-12,4.77998
450,1,zone_1,oxygen,r0855,-19.6005,-3.74346e-12,24.5339
450,5,zone_2,glucose,r1032,-9.05303,4.11793e-12,4.77998
450,5,zone_2,oxygen,r0855,-19.5937,-3.74346e-12,24.1114
450,5,zone_2,glucose,r1032,-9.05303,4.11793e-12,4.77998
450,5,zone_2,oxygen,r0855,-19.5937,-3.74346e-12,24.1114
450,2,zone_1,glucose,r1032,-9.05303,4.11793e-12,4.77998
450,2,zone_1,oxygen,r0855,-19.5999,-3.74346e-12,24.4949
450,2,zone_1,glucose,r1032,-9.05303,4.11793e-12,4.77998
450,2,zone_1,oxygen,r0855,-19.5999,-3.74346e-12,24.4949
450,6,zone_3,glucose,r1032,-9.05303,4.11793e-12,4.77998
450,6,zone_3,oxygen,r0855,-19.5665,-3.74346e-12,22.5691
450,6,zone_3,glucose,r1032,-9.05303,4.11793e-12,4.77998
450,6,zone_3,oxygen,r0855,-19.5665,-3.74346e-12,22.5691
450,3,zone_2,glucose,r1032,-9.05303,4.11793e-12,4.77998
450,3,zone_2,oxygen,r0855,-19.5949,-3.74346e-12,24.1835
450,3,zone_2,glucose,r1032,-9.05303,4.11793e-12,4.77998
450,3,zone_2,oxygen,r0855,-19.5949,-3.74346e-12,24.1835
450,7,zone_3,glucose,r1032,-9.05303,4.11793e-12,4.77998
450,7,zone_3,oxygen,r0855,-19.564,-3.74346e-12,22.4337
450,7,zone_3,glucose,r1032,-9.05303,4.11793e-12,4.77998
450,7,zone_3,oxygen,r0855,-19.564,-3.74346e-12,22.4337
452,0,zone_1,glucose,r1032,-9.05286,4.11793e-12,4.77903
452,0,zone_1,oxygen,r0855,-19.5997,-3.74346e-12,24.4827
452,0,zone_1,glucose,r1032,-9.05286,4.11793e-12,4.77903
452,0,zone_1,oxygen,r0855,-19.5997,-3.74346e-12,24.4827
452,4,zone_2,glucose,r1032,-9.05286,4.11793e-12,4.77903
452,4,zone_2,oxygen,r0855,-19.5934,-3.74346e-12,24.0925
452,4,zone_2,glucose,r1032,-9.05286,4.11793e-12,4.77903
452,4,zone_2,oxygen,r0855,-19.5934,-3.74346e-12,24.0925
452,8,zone_3,glucose,r1032,-9.05286,4.11793e-12,4.77903
452,8,zone_3,oxygen,r0855,-19.5612,-3.74346e-12,22.2899
452,8,zone_3,glucose,r1032,-9.05286,4.11793e-12,4.77903
452,8,zone_3,oxygen,r0855,-19.5612,-3.74346e-12,22.2899
452,1,zone_1,glucose,r1032,-9.05286,4.11793e-12,4.77903
452,1,zone_1,oxygen,r0855,-19.5997,-3.74346e-12,24.4827
452,1,zone_1,glucose,r1032,-9.05286,4.11793e-12,4.77903
452,1,zone_1,oxygen,r0855,-19.5997,-3.74346e-12,24.4827
452,5,zone_2,glucose,r1032,-9.05286,4.11793e-12,4.77903
452,5,zone_2,oxygen,r0855,-19.5928,-3.74346e-12,24.0603
452,5,zone_2,glucose,r1032,-9.05286,4.11793e-12,4.77903
452,5,zone_2,oxygen,r0855,-19.5928,-3.74346e-12,24.0603
452,2,zone_1,glucose,r1032,-9.05286,4.11793e-12,4.77903
452,2,zone_1,oxygen,r0855,-19.5991,-3.74346e-12,24.4437
452,2,zone_1,glucose,r1032,-9.05286,4.11793e-12,4.77903
452,2,zone_1,oxygen,r0855,-19.5991,-3.74346e-12,24.4437
452,6,zone_3,glucose,r1032,-9.05286,4.11793e-12,4.77903
452,6,zone_3,oxygen,r0855,-19.5656,-3.74346e-12,22.5206
452,6,zone_3,glucose,r1032,-9.05286,4.11793e-12,4.77903
452,6,zone_3,oxygen,r0855,-19.5656,-3.74346e-12,22.5206
452,3,zone_2,glucose,r1032,-9.05286,4.11793e-12,4.77903
452,3,zone_2,oxygen,r0855,-19.594,-3.74346e-12,24.1325
452,3,zone_2,glucose,r1032,-9.05286,4.11793e-12,4.77903
452,3,zone_2,oxygen,r0855,-19.594,-3.74346e-12,24.1325
452,7,zone_3,glucose,r1032,-9.05286,4.11793e-12,4.77903
452,7,zone_3,oxygen,r0855,-19.563,-3.74346e-12,22.3855
452,7,zone_3,glucose,r1032,-9.05286,4.11793e-12,4.77903
452,7,zone_3,oxygen,r0855,-19.563,-3.74346e-12,22.3855
454,0,zone_1,glucose,r1032,-9.05268,4.11793e-12,4.77807
454,0,zone_1,oxygen,r0855,-19.5989,-3.74346e-12,24.4317
454,0,zone_1,glucose,r1032,-9.05268,4.11793e-12,4.77807
454,0,zone_1,oxygen,r0855,-19.5989,-3.74346e-12,24.4317
454,4,zone_2,glucose,r1032,-9.05268,4.11793e-12,4.77807
454,4,zone_2,oxygen,r0855,-19.5925,-3.74346e-12,24.0417
454,4,zone_2,glucose,r1032,-9.05268,4.11793e-12,4.77807
454,4,zone_2,oxygen,r0855,-19.5925,-3.74346e-12,24.0417
454,8,zone_3,glucose,r1032,-9.05268,4.11793e-12,4.77807
454,8,zone_3,oxygen,r0855,-19.5603,-3.74346e-12,22.242
454,8,zone_3,glucose,r1032,-9.05268,4.11793e-12,4.77807
454,8,zone_3,oxygen,r0855,-19.5603,-3.74346e-12,22.242
454,1,zone_1,glucose,r1032,-9.05268,4.11793e-12,4.77807
454,1,zone_1,oxygen,r0855,-19.5989,-3.74346e-12,24.4317
454,1,zone_1,glucose,r1032,-9.05268,4.11793e-12,4.77807
454,1,zone_1,oxygen,r0855,-19.5989,-3.74346e-12,24.4317
454,5,zone_2,glucose,r1032,-9.05268,4.11793e-12,4.77807
454,5,zone_2,oxygen,r0855,-19.592,-3.74346e-12,24.0095
454,5,zone_2,glucose,r1032,-9.05268,4.11793e-12,4.77807
454,5,zone_2,oxygen,r0855,-19.592,-3.74346e-12,24.0095
454,2,zone_1,glucose,r1032,-9.05268,4.11793e-12,4.77807
454,2,zone_1,oxygen,r0855,-19.5983,-3.74346e-12,24.3926
454,2,zone_1,glucose,r1032,-9.05268,4.11793e-12,4.77807
454,2,zone_1,oxygen,r0855,-19.5983,-3.74346e-12,24.3926
454,6,zone_3,glucose,r1032,-9.05268,4.11793e-12,4.77807
454,6,zone_3,oxygen,r0855,-19.5647,-3.74346e-12,22.4723
454,6,zone_3,glucose,r1032,-9.05268,4.11793e-12,4.77807
454,6,zone_3,oxygen,r0855,-19.5647,-3.74346e-12,22.4723
454,3,zone_2,glucose,r1032,-9.05268,4.11793e-12,4.77807
454,3,zone_2,oxygen,r0855,-19.5932,-3.74346e-12,24.0817
454,3,zone_2,glucose,r1032,-9.05268,4.11793e-12,4.77807
454,3,zone_2,oxygen,r0855,-19.5932,-3.74346e-12,24.0817
454,7,zone_3,glucose,r1032,-9.05268,4.11793e-12,4.77807
454,7,zone_3,oxygen,r0855,-19.5621,-3.74346e-12,22.3374
454,7,zone_3,glucose,r1032,-9.05268,4.11793e-12,4.77807
454,7,zone_3,oxygen,r0855,-19.5621,-3.74346e-12,22.3374
456,0,zone_1,glucose,r1032,-9.05251,4.11793e-12,4.77712
456,0,zone_1,oxygen,r0855,-19.5981,-3.74346e-12,24.381
456,0,zone_1,glucose,r1032,-9.05251,4.11793e-12,4.77712
456,0,zone_1,oxygen,r0855,-19.5981,-3.74346e-12,24.381
456,8,zone_3,glucose,r1032,-9.05251,4.11793e-12,4.77712
456,8,zone_3,oxygen,r0855,-19.5594,-3.74346e-12,22.1944
456,8,zone_3,glucose,r1032,-9.05251,4.11793e-12,4.77712
456,8,zone_3,oxygen,r0855,-19.5594,-3.74346e-12,22.1944
456,4,zone_2,glucose,r1032,-9.05251,4.11793e-12,4.77712
456,4,zone_2,oxygen,r0855,-19.5917,-3.74346e-12,23.9911
456,4,zone_2,glucose,r1032,-9.05251,4.11793e-12,4.77712
456,4,zone_2,oxygen,r0855,-19.5917,-3.74346e-12,23.9911
456,1,zone_1,glucose,r1032,-9.05251,4.11793e-12,4.77712
456,1,zone_1,oxygen,r0855,-19.5981,-3.74346e-12,24.381
456,1,zone_1,glucose,r1032,-9.05251,4.11793e-12,4.77712
456,1,zone_1,oxygen,r0855,-19.5981,-3.74346e-12,24.381
456,5,zone_2,glucose,r1032,-9.05251,4.11793e-12,4.77712
456,5,zone_2,oxygen,r0855,-19.5912,-3.74346e-12,23.9589
456,5,zone_2,glucose,r1032,-9.05251,4.11793e-12,4.77712
456,5,zone_2,oxygen,r0855,-19.5912,-3.74346e-12,23.9589
456,2,zone_1,glucose,r1032,-9.05251,4.11793e-12,4.77712
456,2,zone_1,oxygen,r0855,-19.5975,-3.74346e-12,24.3418
456,2,zone_1,glucose,r1032,-9.05251,4.11793e-12,4.77712
456,2,zone_1,oxygen,r0855,-19.5975,-3.74346e-12,24.3418
456,6,zone_3,glucose,r1032,-9.05251,4.11793e-12,4.77712
456,6,zone_3,oxygen,r0855,-19.5638,-3.74346e-12,22.4242
456,6,zone_3,glucose,r1032,-9.05251,4.11793e-12,4.77712
456,6,zone_3,oxygen,r0855,-19.5638,-3.74346e-12,22.4242
456,3,zone_2,glucose,r1032,-9.05251,4.11793e-12,4.77712
456,3,zone_2,oxygen,r0855,-19.5924,-3.74346e-12,24.0311
456,3,zone_2,glucose,r1032,-9.05251,4.11793e-12,4.77712
456,3,zone_2,oxygen,r0855,-19.5924,-3.74346e-12,24.0311
456,7,zone_3,glucose,r1032,-9.05251,4.11793e-12,4.77712
456,7,zone_3,oxygen,r0855,-19.5612,-3.74346e-12,22.2896
456,7,zone_3,glucose,r1032,-9.05251,4.11793e-12,4.77712
456,7,zone_3,oxygen,r0855,-19.5612,-3.74346e-12,22.2896
458,8,zone_3,glucose,r1032,-9.05234,4.11793e-12,4.77616
458,8,zone_3,oxygen,r0855,-19.5584,-3.74346e-12,22.1469
458,8,zone_3,glucose,r1032,-9.05234,4.11793e-12,4.77616
458,8,zone_3,oxygen,r0855,-19.5584,-3.74346e-12,22.1469
458,0,zone_1,glucose,r1032,-9.05234,4.11793e-12,4.77616
458,0,zone_1,oxygen,r0855,-19.5973,-3.74346e-12,24.3304
458,0,zone_1,glucose,r1032,-9.05234,4.11793e-12,4.77616
458,0,zone_1,oxygen,r0855,-19.5973,-3.74346e-12,24.3304
458,4,zone_2,glucose,r1032,-9.05234,4.11793e-12,4.77616
458,4,zone_2,oxygen,r0855,-19.5908,-3.74346e-12,23.9407
458,4,zone_2,glucose,r1032,-9.05234,4.11793e-12,4.77616
458,4,zone_2,oxygen,r0855,-19.5908,-3.74346e-12,23.9407
458,1,zone_1,glucose,r1032,-9.05234,4.11793e-12,4.77616
458,1,zone_1,oxygen,r0855,-19.5973,-3.74346e-12,24.3304
458,1,zone_1,glucose,r1032,-9.05234,4.11793e-12,4.77616
458,1,zone_1,oxygen,r0855,-19.5973,-3.74346e-12,24.3304
458,5,zone_2,glucose,r1032,-9.05234,4.11793e-12,4.77616
458,5,zone_2,oxygen,r0855,-19.5903,-3.74346e-12,23.9085
458,5,zone_2,glucose,r1032,-9.05234,4.11793e-12,4.77616
458,5,zone_2,oxygen,r0855,-19.5903,-3.74346e-12,23.9085
458,2,zone_1,glucose,r1032,-9.05234,4.11793e-12,4.77616
458,2,zone_1,oxygen,r0855,-19.5966,-3.74346e-12,24.2912
458,2,zone_1,glucose,r1032,-9.05234,4.11793e-12,4.77616
458,2,zone_1,oxygen,r0855,-19.5966,-3.74346e-12,24.2912
458,6,zone_3,glucose,r1032,-9.05234,4.11793e-12,4.77616
458,6,zone_3,oxygen,r0855,-19.5629,-3.74346e-12,22.3762
458,6,zone_3,glucose,r1032,-9.05234,4.11793e-12,4.77616
458,6,zone_3,oxygen,r0855,-19.5629,-3.74346e-12,22.3762
458,3,zone_2,glucose,r1032,-9.05234,4.11793e-12,4.77616
458,3,zone_2,oxygen,r0855,-19.5915,-3.74346e-12,23.9807
458,3,zone_2,glucose,r1032,-9.05234,4.11793e-12,4.77616
458,3,zone_2,oxygen,r0855,-19.5915,-3.74346e-12,23.9807
458,7,zone_3,glucose,r1032,-9.05234,4.11793e-12,4.77616
458,7,zone_3,oxygen,r0855,-19.5603,-3.74346e-12,22.2419
458,7,zone_3,glucose,r1032,-9.05234,4.11793e-12,4.77616
458,7,zone_3,oxygen,r0855,-19.5603,-3.74346e-12,22.2419
460,4,zone_2,glucose,r1032,-9.05217,4.11793e-12,4.77521
460,4,zone_2,oxygen,r0855,-19.59,-3.74346e-12,23.8905
460,4,zone_2,glucose,r1032,-9.05217,4.11793e-12,4.77521
460,4,zone_2,oxygen,r0855,-19.59,-3.74346e-12,23.8905
460,8,zone_3,glucose,r1032,-9.05217,4.11793e-12,4.77521
460,8,zone_3,oxygen,r0855,-19.5575,-3.74346e-12,22.0997
460,8,zone_3,glucose,r1032,-9.05217,4.11793e-12,4.77521
460,8,zone_3,oxygen,r0855,-19.5575,-3.74346e-12,22.0997
460,0,zone_1,glucose,r1032,-9.05217,4.11793e-12,4.77521
460,0,zone_1,oxygen,r0855,-19.5965,-3.74346e-12,24.2801
460,0,zone_1,glucose,r1032,-9.05217,4.11793e-12,4.77521
460,0,zone_1,oxygen,r0855,-19.5965,-3.74346e-12,24.2801
460,5,zone_2,glucose,r1032,-9.05217,4.11793e-12,4.77521
460,5,zone_2,oxygen,r0855,-19.5895,-3.74346e-12,23.8584
460,5,zone_2,glucose,r1032,-9.05217,4.11793e-12,4.77521
460,5,zone_2,oxygen,r0855,-19.5895,-3.74346e-12,23.8584
460,1,zone_1,glucose,r1032,-9.05217,4.11793e-12,4.77521
460,1,zone_1,oxygen,r0855,-19.5965,-3.74346e-12,24.2801
460,1,zone_1,glucose,r1032,-9.05217,4.11793e-12,4.77521
460,1,zone_1,oxygen,r0855,-19.5965,-3.74346e-12,24.2801
460,6,zone_3,glucose,r1032,-9.05217,4.11793e-12,4.77521
460,6,zone_3,oxygen,r0855,-19.562,-3.74346e-12,22.3285
460,6,zone_3,glucose,r1032,-9.05217,4.11793e-12,4.77521
460,6,zone_3,oxygen,r0855,-19.562,-3.74346e-12,22.3285
460,2,zone_1,glucose,r1032,-9.05217,4.11793e-12,4.77521
460,2,zone_1,oxygen,r0855,-19.5958,-3.74346e-12,24.2409
460,2,zone_1,glucose,r1032,-9.05217,4.11793e-12,4.77521
460,2,zone_1,oxygen,r0855,-19.5958,-3.74346e-12,24.2409
460,7,zone_3,glucose,r1032,-9.05217,4.11793e-12,4.77521
460,7,zone_3,oxygen,r0855,-19.5594,-3.74346e-12,22.1945
460,3,zone_2,glucose,r1032,-9.05217,4.11793e-12,4.77521
460,3,zone_2,oxygen,r0855,-19.5907,-3.74346e-12,23.9306
460,7,zone_3,glucose,r1032,-9.05217,4.11793e-12,4.77521
460,7,zone_3,oxygen,r0855,-19.5594,-3.74346e-12,22.1945
460,3,zone_2,glucose,r1032,-9.05217,4.11793e-12,4.77521
460,3,zone_2,oxygen,r0855,-19.5907,-3.74346e-12,23.9306
462,8,zone_3,glucose,r1032,-9.052,4.11793e-12,4.77425
462,8,zone_3,oxygen,r0855,-19.5566,-3.74346e-12,22.0526
462,8,zone_3,glucose,r1032,-9.052,4.11793e-12,4.77425
462,8,zone_3,oxygen,r0855,-19.5566,-3.74346e-12,22.0526
462,0,zone_1,glucose,r1032,-9.052,4.11793e-12,4.77425
462,0,zone_1,oxygen,r0855,-19.5956,-3.74346e-12,24.23
462,0,zone_1,glucose,r1032,-9.052,4.11793e-12,4.77425
462,0,zone_1,oxygen,r0855,-19.5956,-3.74346e-12,24.23
462,4,zone_2,glucose,r1032,-9.052,4.11793e-12,4.77425
462,4,zone_2,oxygen,r0855,-19.5892,-3.74346e-12,23.8406
462,4,zone_2,glucose,r1032,-9.052,4.11793e-12,4.77425
462,4,zone_2,oxygen,r0855,-19.5892,-3.74346e-12,23.8406
462,1,zone_1,glucose,r1032,-9.052,4.11793e-12,4.77425
462,1,zone_1,oxygen,r0855,-19.5956,-3.74346e-12,24.23
462,1,zone_1,glucose,r1032,-9.052,4.11793e-12,4.77425
462,1,zone_1,oxygen,r0855,-19.5956,-3.74346e-12,24.23
462,5,zone_2,glucose,r1032,-9.052,4.11793e-12,4.77425
462,5,zone_2,oxygen,r0855,-19.5886,-3.74346e-12,23.8084
462,5,zone_2,glucose,r1032,-9.052,4.11793e-12,4.77425
462,5,zone_2,oxygen,r0855,-19.5886,-3.74346e-12,23.8084
462,2,zone_1,glucose,r1032,-9.052,4.11793e-12,4.77425
462,2,zone_1,oxygen,r0855,-19.595,-3.74346e-12,24.1907
462,2,zone_1,glucose,r1032,-9.052,4.11793e-12,4.77425
462,2,zone_1,oxygen,r0855,-19.595,-3.74346e-12,24.1907
462,6,zone_3,glucose,r1032,-9.052,4.11793e-12,4.77425
462,6,zone_3,oxygen,r0855,-19.561,-3.74346e-12,22.281
462,6,zone_3,glucose,r1032,-9.052,4.11793e-12,4.77425
462,6,zone_3,oxygen,r0855,-19.561,-3.74346e-12,22.281
462,3,zone_2,glucose,r1032,-9.052,4.11793e-12,4.77425
462,3,zone_2,oxygen,r0855,-19.5898,-3.74346e-12,23.8806
462,3,zone_2,glucose,r1032,-9.052,4.11793e-12,4.77425
462,3,zone_2,oxygen,r0855,-19.5898,-3.74346e-12,23.8806
462,7,zone_3,glucose,r1032,-9.052,4.11793e-12,4.77425
462,7,zone_3,oxygen,r0855,-19.5584,-3.74346e-12,22.1473
462,7,zone_3,glucose,r1032,-9.052,4.11793e-12,4.77425
462,7,zone_3,oxygen,r0855,-19.5584,-3.74346e-12,22.1473
464,4,zone_2,glucose,r1032,-9.05183,4.11793e-12,4.7733
464,4,zone_2,oxygen,r0855,-19.5883,-3.74346e-12,23.7908
464,4,zone_2,glucose,r1032,-9.05183,4.11793e-12,4.7733
464,4,zone_2,oxygen,r0855,-19.5883,-3.74346e-12,23.7908
464,0,zone_1,glucose,r1032,-9.05183,4.11793e-12,4.7733
464,0,zone_1,oxygen,r0855,-19.5948,-3.74346e-12,24.1802
464,0,zone_1,glucose,r1032,-9.05183,4.11793e-12,4.7733
464,0,zone_1,oxygen,r0855,-19.5948,-3.74346e-12,24.1802
464,8,zone_3,glucose,r1032,-9.05183,4.11793e-12,4.7733
464,8,zone_3,oxygen,r0855,-19.5557,-3.74346e-12,22.0058
464,8,zone_3,glucose,r1032,-9.05183,4.11793e-12,4.7733
464,8,zone_3,oxygen,r0855,-19.5557,-3.74346e-12,22.0058
464,1,zone_1,glucose,r1032,-9.05183,4.11793e-12,4.7733
464,1,zone_1,oxygen,r0855,-19.5948,-3.74346e-12,24.1802
464,1,zone_1,glucose,r1032,-9.05183,4.11793e-12,4.7733
464,1,zone_1,oxygen,r0855,-19.5948,-3.74346e-12,24.1802
464,5,zone_2,glucose,r1032,-9.05183,4.11793e-12,4.7733
464,5,zone_2,oxygen,r0855,-19.5878,-3.74346e-12,23.7587
464,5,zone_2,glucose,r1032,-9.05183,4.11793e-12,4.7733
464,5,zone_2,oxygen,r0855,-19.5878,-3.74346e-12,23.7587
464,2,zone_1,glucose,r1032,-9.05183,4.11793e-12,4.7733
464,2,zone_1,oxygen,r0855,-19.5942,-3.74346e-12,24.1408
464,2,zone_1,glucose,r1032,-9.05183,4.11793e-12,4.7733
464,2,zone_1,oxygen,r0855,-19.5942,-3.74346e-12,24.1408
464,6,zone_3,glucose,r1032,-9.05183,4.11793e-12,4.7733
464,6,zone_3,oxygen,r0855,-19.5601,-3.74346e-12,22.2337
464,6,zone_3,glucose,r1032,-9.05183,4.11793e-12,4.7733
464,6,zone_3,oxygen,r0855,-19.5601,-3.74346e-12,22.2337
464,3,zone_2,glucose,r1032,-9.05183,4.11793e-12,4.7733
464,3,zone_2,oxygen,r0855,-19.589,-3.74346e-12,23.8309
464,3,zone_2,glucose,r1032,-9.05183,4.11793e-12,4.7733
464,3,zone_2,oxygen,r0855,-19.589,-3.74346e-12,23.8309
464,7,zone_3,glucose,r1032,-9.05183,4.11793e-12,4.7733
464,7,zone_3,oxygen,r0855,-19.5575,-3.74346e-12,22.1002
464,7,zone_3,glucose,r1032,-9.05183,4.11793e-12,4.7733
464,7,zone_3,oxygen,r0855,-19.5575,-3.74346e-12,22.1002
466,8,zone_3,glucose,r1032,-9.05165,4.11793e-12,4.77234
466,8,zone_3,oxygen,r0855,-19.5547,-3.74346e-12,21.9591
466,8,zone_3,glucose,r1032,-9.05165,4.11793e-12,4.77234
466,8,zone_3,oxygen,r0855,-19.5547,-3.74346e-12,21.9591
466,0,zone_1,glucose,r1032,-9.05165,4.11793e-12,4.77234
466,0,zone_1,oxygen,r0855,-19.594,-3.74346e-12,24.1305
466,0,zone_1,glucose,r1032,-9.05165,4.11793e-12,4.77234
466,0,zone_1,oxygen,r0855,-19.594,-3.74346e-12,24.1305
466,4,zone_2,glucose,r1032,-9.05165,4.11793e-12,4.77234
466,4,zone_2,oxygen,r0855,-19.5875,-3.74346e-12,23.7413
466,4,zone_2,glucose,r1032,-9.05165,4.11793e-12,4.77234
466,4,zone_2,oxygen,r0855,-19.5875,-3.74346e-12,23.7413
466,1,zone_1,glucose,r1032,-9.05165,4.11793e-12,4.77234
466,1,zone_1,oxygen,r0855,-19.594,-3.74346e-12,24.1305
466,1,zone_1,glucose,r1032,-9.05165,4.11793e-12,4.77234
466,1,zone_1,oxygen,r0855,-19.594,-3.74346e-12,24.1305
466,5,zone_2,glucose,r1032,-9.05165,4.11793e-12,4.77234
466,5,zone_2,oxygen,r0855,-19.5869,-3.74346e-12,23.7092
466,5,zone_2,glucose,r1032,-9.05165,4.11793e-12,4.77234
466,5,zone_2,oxygen,r0855,-19.5869,-3.74346e-12,23.7092
466,2,zone_1,glucose,r1032,-9.05165,4.11793e-12,4.77234
466,2,zone_1,oxygen,r0855,-19.5933,-3.74346e-12,24.091
466,2,zone_1,glucose,r1032,-9.05165,4.11793e-12,4.77234
466,2,zone_1,oxygen,r0855,-19.5933,-3.74346e-12,24.091
466,6,zone_3,glucose,r1032,-9.05165,4.11793e-12,4.77234
466,6,zone_3,oxygen,r0855,-19.5592,-3.74346e-12,22.1866
466,6,zone_3,glucose,r1032,-9.05165,4.11793e-12,4.77234
466,6,zone_3,oxygen,r0855,-19.5592,-3.74346e-12,22.1866
466,3,zone_2,glucose,r1032,-9.05165,4.11793e-12,4.77234
466,3,zone_2,oxygen,r0855,-19.5882,-3.74346e-12,23.7814
466,3,zone_2,glucose,r1032,-9.05165,4.11793e-12,4.77234
466,3,zone_2,oxygen,r0855,-19.5882,-3.74346e-12,23.7814
466,7,zone_3,glucose,r1032,-9.05165,4.11793e-12,4.77234
466,7,zone_3,oxygen,r0855,-19.5566,-3.74346e-12,22.0534
466,7,zone_3,glucose,r1032,-9.05165,4.11793e-12,4.77234
466,7,zone_3,oxygen,r0855,-19.5566,-3.74346e-12,22.0534
468,8,zone_3,glucose,r1032,-9.05148,4.11793e-12,4.77139
468,8,zone_3,oxygen,r0855,-19.5538,-3.74346e-12,21.9127
468,8,zone_3,glucose,r1032,-9.05148,4.11793e-12,4.77139
468,8,zone_3,oxygen,r0855,-19.5538,-3.74346e-12,21.9127
468,0,zone_1,glucose,r1032,-9.05148,4.11793e-12,4.77139
468,0,zone_1,oxygen,r0855,-19.5932,-3.74346e-12,24.081
468,0,zone_1,glucose,r1032,-9.05148,4.11793e-12,4.77139
468,0,zone_1,oxygen,r0855,-19.5932,-3.74346e-12,24.081
468,4,zone_2,glucose,r1032,-9.05148,4.11793e-12,4.77139
468,4,zone_2,oxygen,r0855,-19.5866,-3.74346e-12,23.692
468,4,zone_2,glucose,r1032,-9.05148,4.11793e-12,4.77139
468,4,zone_2,oxygen,r0855,-19.5866,-3.74346e-12,23.692
468,1,zone_1,glucose,r1032,-9.05148,4.11793e-12,4.77139
468,1,zone_1,oxygen,r0855,-19.5932,-3.74346e-12,24.081
468,1,zone_1,glucose,r1032,-9.05148,4.11793e-12,4.77139
468,1,zone_1,oxygen,r0855,-19.5932,-3.74346e-12,24.081
468,5,zone_2,glucose,r1032,-9.05148,4.11793e-12,4.77139
468,5,zone_2,oxygen,r0855,-19.5861,-3.74346e-12,23.6599
468,5,zone_2,glucose,r1032,-9.05148,4.11793e-12,4.77139
468,5,zone_2,oxygen,r0855,-19.5861,-3.74346e-12,23.6599
468,2,zone_1,glucose,r1032,-9.05148,4.11793e-12,4.77139
468,2,zone_1,oxygen,r0855,-19.5925,-3.74346e-12,24.0415
468,2,zone_1,glucose,r1032,-9.05148,4.11793e-12,4.77139
468,2,zone_1,oxygen,r0855,-19.5925,-3.74346e-12,24.0415
468,6,zone_3,glucose,r1032,-9.05148,4.11793e-12,4.77139
468,6,zone_3,oxygen,r0855,-19.5583,-3.74346e-12,22.1398
468,6,zone_3,glucose,r1032,-9.05148,4.11793e-12,4.77139
468,6,zone_3,oxygen,r0855,-19.5583,-3.74346e-12,22.1398
468,3,zone_2,glucose,r1032,-9.05148,4.11793e-12,4.77139
468,3,zone_2,oxygen,r0855,-19.5873,-3.74346e-12,23.7321
468,3,zone_2,glucose,r1032,-9.05148,4.11793e-12,4.77139
468,3,zone_2,oxygen,r0855,-19.5873,-3.74346e-12,23.7321
468,7,zone_3,glucose,r1032,-9.05148,4.11793e-12,4.77139
468,7,zone_3,oxygen,r0855,-19.5557,-3.74346e-12,22.0068
468,7,zone_3,glucose,r1032,-9.05148,4.11793e-12,4.77139
468,7,zone_3,oxygen,r0855,-19.5557,-3.74346e-12,22.0068
470,4,zone_2,glucose,r1032,-9.05131,4.11793e-12,4.77043
470,4,zone_2,oxygen,r0855,-19.5858,-3.74346e-12,23.6429
470,4,zone_2,glucose,r1032,-9.05131,4.11793e-12,4.77043
470,4,zone_2,oxygen,r0855,-19.5858,-3.74346e-12,23.6429
470,0,zone_1,glucose,r1032,-9.05131,4.11793e-12,4.77043
470,0,zone_1,oxygen,r0855,-19.5924,-3.74346e-12,24.0318
470,0,zone_1,glucose,r1032,-9.05131,4.11793e-12,4.77043
470,0,zone_1,oxygen,r0855,-19.5924,-3.74346e-12,24.0318
470,8,zone_3,glucose,r1032,-9.05131,4.11793e-12,4.77043
470,8,zone_3,oxygen,r0855,-19.5529,-3.74346e-12,21.8665
470,8,zone_3,glucose,r1032,-9.05131,4.11793e-12,4.77043
470,8,zone_3,oxygen,r0855,-19.5529,-3.74346e-12,21.8665
470,5,zone_2,glucose,r1032,-9.05131,4.11793e-12,4.77043
470,5,zone_2,oxygen,r0855,-19.5852,-3.74346e-12,23.6108
470,5,zone_2,glucose,r1032,-9.05131,4.11793e-12,4.77043
470,5,zone_2,oxygen,r0855,-19.5852,-3.74346e-12,23.6108
470,1,zone_1,glucose,r1032,-9.05131,4.11793e-12,4.77043
470,1,zone_1,oxygen,r0855,-19.5924,-3.74346e-12,24.0318
470,1,zone_1,glucose,r1032,-9.05131,4.11793e-12,4.77043
470,1,zone_1,oxygen,r0855,-19.5924,-3.74346e-12,24.0318
470,2,zone_1,glucose,r1032,-9.05131,4.11793e-12,4.77043
470,2,zone_1,oxygen,r0855,-19.5917,-3.74346e-12,23.9922
470,6,zone_3,glucose,r1032,-9.05131,4.11793e-12,4.77043
470,6,zone_3,oxygen,r0855,-19.5574,-3.74346e-12,22.0931
470,2,zone_1,glucose,r1032,-9.05131,4.11793e-12,4.77043
470,2,zone_1,oxygen,r0855,-19.5917,-3.74346e-12,23.9922
470,6,zone_3,glucose,r1032,-9.05131,4.11793e-12,4.77043
470,6,zone_3,oxygen,r0855,-19.5574,-3.74346e-12,22.0931
470,3,zone_2,glucose,r1032,-9.05131,4.11793e-12,4.77043
470,3,zone_2,oxygen,r0855,-19.5865,-3.74346e-12,23.683
470,3,zone_2,glucose,r1032,-9.05131,4.11793e-12,4.77043
470,3,zone_2,oxygen,r0855,-19.5865,-3.74346e-12,23.683
470,7,zone_3,glucose,r1032,-9.05131,4.11793e-12,4.77043
470,7,zone_3,oxygen,r0855,-19.5548,-3.74346e-12,21.9603
470,7,zone_3,glucose,r1032,-9.05131,4.11793e-12,4.77043
470,7,zone_3,oxygen,r0855,-19.5548,-3.74346e-12,21.9603
472,4,zone_2,glucose,r1032,-9.05114,4.11793e-12,4.76948
472,4,zone_2,oxygen,r0855,-19.585,-3.74346e-12,23.594
472,4,zone_2,glucose,r1032,-9.05114,4.11793e-12,4.76948
472,4,zone_2,oxygen,r0855,-19.585,-3.74346e-12,23.594
472,0,zone_1,glucose,r1032,-9.05114,4.11793e-12,4.76948
472,0,zone_1,oxygen,r0855,-19.5915,-3.74346e-12,23.9827
472,0,zone_1,glucose,r1032,-9.05114,4.11793e-12,4.76948
472,0,zone_1,oxygen,r0855,-19.5915,-3.74346e-12,23.9827
472,8,zone_3,glucose,r1032,-9.05114,4.11793e-12,4.76948
472,8,zone_3,oxygen,r0855,-19.552,-3.74346e-12,21.8204
472,8,zone_3,glucose,r1032,-9.05114,4.11793e-12,4.76948
472,8,zone_3,oxygen,r0855,-19.552,-3.74346e-12,21.8204
472,5,zone_2,glucose,r1032,-9.05114,4.11793e-12,4.76948
472,5,zone_2,oxygen,r0855,-19.5844,-3.74346e-12,23.5619
472,5,zone_2,glucose,r1032,-9.05114,4.11793e-12,4.76948
472,5,zone_2,oxygen,r0855,-19.5844,-3.74346e-12,23.5619
472,1,zone_1,glucose,r1032,-9.05114,4.11793e-12,4.76948
472,1,zone_1,oxygen,r0855,-19.5915,-3.74346e-12,23.9827
472,1,zone_1,glucose,r1032,-9.05114,4.11793e-12,4.76948
472,1,zone_1,oxygen,r0855,-19.5915,-3.74346e-12,23.9827
472,6,zone_3,glucose,r1032,-9.05114,4.11793e-12,4.76948
472,6,zone_3,oxygen,r0855,-19.5565,-3.74346e-12,22.0466
472,6,zone_3,glucose,r1032,-9.05114,4.11793e-12,4.76948
472,6,zone_3,oxygen,r0855,-19.5565,-3.74346e-12,22.0466
472,2,zone_1,glucose,r1032,-9.05114,4.11793e-12,4.76948
472,2,zone_1,oxygen,r0855,-19.5909,-3.74346e-12,23.9431
472,2,zone_1,glucose,r1032,-9.05114,4.11793e-12,4.76948
472,2,zone_1,oxygen,r0855,-19.5909,-3.74346e-12,23.9431
472,7,zone_3,glucose,r1032,-9.05114,4.11793e-12,4.76948
472,7,zone_3,oxygen,r0855,-19.5539,-3.74346e-12,21.9141
472,7,zone_3,glucose,r1032,-9.05114,4.11793e-12,4.76948
472,7,zone_3,oxygen,r0855,-19.5539,-3.74346e-12,21.9141
472,3,zone_2,glucose,r1032,-9.05114,4.11793e-12,4.76948
472,3,zone_2,oxygen,r0855,-19.5856,-3.74346e-12,23.6341
472,3,zone_2,glucose,r1032,-9.05114,4.11793e-12,4.76948
472,3,zone_2,oxygen,r0855,-19.5856,-3.74346e-12,23.6341
474,4,zone_2,glucose,r1032,-9.05097,4.11793e-12,4.76852
474,4,zone_2,oxygen,r0855,-19.5841,-3.74346e-12,23.5453
474,4,zone_2,glucose,r1032,-9.05097,4.11793e-12,4.76852
474,4,zone_2,oxygen,r0855,-19.5841,-3.74346e-12,23.5453
474,0,zone_1,glucose,r1032,-9.05097,4.11793e-12,4.76852
474,0,zone_1,oxygen,r0855,-19.5907,-3.74346e-12,23.9339
474,0,zone_1,glucose,r1032,-9.05097,4.11793e-12,4.76852
474,0,zone_1,oxygen,r0855,-19.5907,-3.74346e-12,23.9339
474,8,zone_3,glucose,r1032,-9.05097,4.11793e-12,4.76852
474,8,zone_3,oxygen,r0855,-19.5511,-3.74346e-12,21.7746
474,8,zone_3,glucose,r1032,-9.05097,4.11793e-12,4.76852
474,8,zone_3,oxygen,r0855,-19.5511,-3.74346e-12,21.7746
474,5,zone_2,glucose,r1032,-9.05097,4.11793e-12,4.76852
474,5,zone_2,oxygen,r0855,-19.5836,-3.74346e-12,23.5132
474,5,zone_2,glucose,r1032,-9.05097,4.11793e-12,4.76852
474,5,zone_2,oxygen,r0855,-19.5836,-3.74346e-12,23.5132
474,1,zone_1,glucose,r1032,-9.05097,4.11793e-12,4.76852
474,1,zone_1,oxygen,r0855,-19.5907,-3.74346e-12,23.9339
474,1,zone_1,glucose,r1032,-9.05097,4.11793e-12,4.76852
474,1,zone_1,oxygen,r0855,-19.5907,-3.74346e-12,23.9339
474,6,zone_3,glucose,r1032,-9.05097,4.11793e-12,4.76852
474,6,zone_3,oxygen,r0855,-19.5556,-3.74346e-12,22.0003
474,6,zone_3,glucose,r1032,-9.05097,4.11793e-12,4.76852
474,6,zone_3,oxygen,r0855,-19.5556,-3.74346e-12,22.0003
474,2,zone_1,glucose,r1032,-9.05097,4.11793e-12,4.76852
474,2,zone_1,oxygen,r0855,-19.5901,-3.74346e-12,23.8942
474,2,zone_1,glucose,r1032,-9.05097,4.11793e-12,4.76852
474,2,zone_1,oxygen,r0855,-19.5901,-3.74346e-12,23.8942
474,3,zone_2,glucose,r1032,-9.05097,4.11793e-12,4.76852
474,3,zone_2,oxygen,r0855,-19.5848,-3.74346e-12,23.5854
474,3,zone_2,glucose,r1032,-9.05097,4.11793e-12,4.76852
474,3,zone_2,oxygen,r0855,-19.5848,-3.74346e-12,23.5854
474,7,zone_3,glucose,r1032,-9.05097,4.11793e-12,4.76852
474,7,zone_3,oxygen,r0855,-19.5529,-3.74346e-12,21.8681
474,7,zone_3,glucose,r1032,-9.05097,4.11793e-12,4.76852
474,7,zone_3,oxygen,r0855,-19.5529,-3.74346e-12,21.8681
476,0,zone_1,glucose,r1032,-9.0508,4.11793e-12,4.76757
476,0,zone_1,oxygen,r0855,-19.5899,-3.74346e-12,23.8853
476,0,zone_1,glucose,r1032,-9.0508,4.11793e-12,4.76757
476,0,zone_1,oxygen,r0855,-19.5899,-3.74346e-12,23.8853
476,8,zone_3,glucose,r1032,-9.0508,4.11793e-12,4.76757
476,8,zone_3,oxygen,r0855,-19.5501,-3.74346e-12,21.7289
476,8,zone_3,glucose,r1032,-9.0508,4.11793e-12,4.76757
476,8,zone_3,oxygen,r0855,-19.5501,-3.74346e-12,21.7289
476,4,zone_2,glucose,r1032,-9.0508,4.11793e-12,4.76757
476,4,zone_2,oxygen,r0855,-19.5833,-3.74346e-12,23.4969
476,4,zone_2,glucose,r1032,-9.0508,4.11793e-12,4.76757
476,4,zone_2,oxygen,r0855,-19.5833,-3.74346e-12,23.4969
476,1,zone_1,glucose,r1032,-9.0508,4.11793e-12,4.76757
476,1,zone_1,oxygen,r0855,-19.5899,-3.74346e-12,23.8853
476,1,zone_1,glucose,r1032,-9.0508,4.11793e-12,4.76757
476,1,zone_1,oxygen,r0855,-19.5899,-3.74346e-12,23.8853
476,2,zone_1,glucose,r1032,-9.0508,4.11793e-12,4.76757
476,2,zone_1,oxygen,r0855,-19.5892,-3.74346e-12,23.8455
476,2,zone_1,glucose,r1032,-9.0508,4.11793e-12,4.76757
476,2,zone_1,oxygen,r0855,-19.5892,-3.74346e-12,23.8455
476,5,zone_2,glucose,r1032,-9.0508,4.11793e-12,4.76757
476,5,zone_2,oxygen,r0855,-19.5827,-3.74346e-12,23.4647
476,5,zone_2,glucose,r1032,-9.0508,4.11793e-12,4.76757
476,5,zone_2,oxygen,r0855,-19.5827,-3.74346e-12,23.4647
476,3,zone_2,glucose,r1032,-9.0508,4.11793e-12,4.76757
476,3,zone_2,oxygen,r0855,-19.584,-3.74346e-12,23.5369
476,3,zone_2,glucose,r1032,-9.0508,4.11793e-12,4.76757
476,3,zone_2,oxygen,r0855,-19.584,-3.74346e-12,23.5369
476,6,zone_3,glucose,r1032,-9.0508,4.11793e-12,4.76757
476,6,zone_3,oxygen,r0855,-19.5546,-3.74346e-12,21.9542
476,6,zone_3,glucose,r1032,-9.0508,4.11793e-12,4.76757
476,6,zone_3,oxygen,r0855,-19.5546,-3.74346e-12,21.9542
476,7,zone_3,glucose,r1032,-9.0508,4.11793e-12,4.76757
476,7,zone_3,oxygen,r0855,-19.552,-3.74346e-12,21.8222
476,7,zone_3,glucose,r1032,-9.0508,4.11793e-12,4.76757
476,7,zone_3,oxygen,r0855,-19.552,-3.74346e-12,21.8222
478,0,zone_1,glucose,r1032,-9.05062,4.11793e-12,4.76662
478,0,zone_1,oxygen,r0855,-19.5891,-3.74346e-12,23.8369
478,0,zone_1,glucose,r1032,-9.05062,4.11793e-12,4.76662
478,0,zone_1,oxygen,r0855,-19.5891,-3.74346e-12,23.8369
478,4,zone_2,glucose,r1032,-9.05062,4.11793e-12,4.76662
478,4,zone_2,oxygen,r0855,-19.5824,-3.74346e-12,23.4486
478,4,zone_2,glucose,r1032,-9.05062,4.11793e-12,4.76662
478,4,zone_2,oxygen,r0855,-19.5824,-3.74346e-12,23.4486
478,8,zone_3,glucose,r1032,-9.05062,4.11793e-12,4.76662
478,8,zone_3,oxygen,r0855,-19.5492,-3.74346e-12,21.6835
478,8,zone_3,glucose,r1032,-9.05062,4.11793e-12,4.76662
478,8,zone_3,oxygen,r0855,-19.5492,-3.74346e-12,21.6835
478,1,zone_1,glucose,r1032,-9.05062,4.11793e-12,4.76662
478,1,zone_1,oxygen,r0855,-19.5891,-3.74346e-12,23.8369
478,5,zone_2,glucose,r1032,-9.05062,4.11793e-12,4.76662
478,5,zone_2,oxygen,r0855,-19.5819,-3.74346e-12,23.4165
478,1,zone_1,glucose,r1032,-9.05062,4.11793e-12,4.76662
478,1,zone_1,oxygen,r0855,-19.5891,-3.74346e-12,23.8369
478,5,zone_2,glucose,r1032,-9.05062,4.11793e-12,4.76662
478,5,zone_2,oxygen,r0855,-19.5819,-3.74346e-12,23.4165
478,2,zone_1,glucose,r1032,-9.05062,4.11793e-12,4.76662
478,2,zone_1,oxygen,r0855,-19.5884,-3.74346e-12,23.7971
478,2,zone_1,glucose,r1032,-9.05062,4.11793e-12,4.76662
478,2,zone_1,oxygen,r0855,-19.5884,-3.74346e-12,23.7971
478,6,zone_3,glucose,r1032,-9.05062,4.11793e-12,4.76662
478,6,zone_3,oxygen,r0855,-19.5537,-3.74346e-12,21.9083
478,6,zone_3,glucose,r1032,-9.05062,4.11793e-12,4.76662
478,6,zone_3,oxygen,r0855,-19.5537,-3.74346e-12,21.9083
478,3,zone_2,glucose,r1032,-9.05062,4.11793e-12,4.76662
478,3,zone_2,oxygen,r0855,-19.5831,-3.74346e-12,23.4887
478,3,zone_2,glucose,r1032,-9.05062,4.11793e-12,4.76662
478,3,zone_2,oxygen,r0855,-19.5831,-3.74346e-12,23.4887
478,7,zone_3,glucose,r1032,-9.05062,4.11793e-12,4.76662
478,7,zone_3,oxygen,r0855,-19.5511,-3.74346e-12,21.7766
478,7,zone_3,glucose,r1032,-9.05062,4.11793e-12,4.76662
478,7,zone_3,oxygen,r0855,-19.5511,-3.74346e-12,21.7766
480,0,zone_1,glucose,r1032,-9.05045,4.11793e-12,4.76566
480,0,zone_1,oxygen,r0855,-19.5883,-3.74346e-12,23.7887
480,0,zone_1,glucose,r1032,-9.05045,4.11793e-12,4.76566
480,0,zone_1,oxygen,r0855,-19.5883,-3.74346e-12,23.7887
480,4,zone_2,glucose,r1032,-9.05045,4.11793e-12,4.76566
480,4,zone_2,oxygen,r0855,-19.5816,-3.74346e-12,23.4005
480,4,zone_2,glucose,r1032,-9.05045,4.11793e-12,4.76566
480,4,zone_2,oxygen,r0855,-19.5816,-3.74346e-12,23.4005
480,8,zone_3,glucose,r1032,-9.05045,4.11793e-12,4.76566
480,8,zone_3,oxygen,r0855,-19.5483,-3.74346e-12,21.6382
480,8,zone_3,glucose,r1032,-9.05045,4.11793e-12,4.76566
480,8,zone_3,oxygen,r0855,-19.5483,-3.74346e-12,21.6382
480,1,zone_1,glucose,r1032,-9.05045,4.11793e-12,4.76566
480,1,zone_1,oxygen,r0855,-19.5883,-3.74346e-12,23.7887
480,1,zone_1,glucose,r1032,-9.05045,4.11793e-12,4.76566
480,1,zone_1,oxygen,r0855,-19.5883,-3.74346e-12,23.7887
480,5,zone_2,glucose,r1032,-9.05045,4.11793e-12,4.76566
480,5,zone_2,oxygen,r0855,-19.581,-3.74346e-12,23.3684
480,5,zone_2,glucose,r1032,-9.05045,4.11793e-12,4.76566
480,5,zone_2,oxygen,r0855,-19.581,-3.74346e-12,23.3684
480,2,zone_1,glucose,r1032,-9.05045,4.11793e-12,4.76566
480,2,zone_1,oxygen,r0855,-19.5876,-3.74346e-12,23.7488
480,2,zone_1,glucose,r1032,-9.05045,4.11793e-12,4.76566
480,2,zone_1,oxygen,r0855,-19.5876,-3.74346e-12,23.7488
480,3,zone_2,glucose,r1032,-9.05045,4.11793e-12,4.76566
480,3,zone_2,oxygen,r0855,-19.5823,-3.74346e-12,23.4406
480,6,zone_3,glucose,r1032,-9.05045,4.11793e-12,4.76566
480,6,zone_3,oxygen,r0855,-19.5528,-3.74346e-12,21.8626
480,6,zone_3,glucose,r1032,-9.05045,4.11793e-12,4.76566
480,6,zone_3,oxygen,r0855,-19.5528,-3.74346e-12,21.8626
480,3,zone_2,glucose,r1032,-9.05045,4.11793e-12,4.76566
480,3,zone_2,oxygen,r0855,-19.5823,-3.74346e-12,23.4406
480,7,zone_3,glucose,r1032,-9.05045,4.11793e-12,4.76566
480,7,zone_3,oxygen,r0855,-19.5502,-3.74346e-12,21.7311
480,7,zone_3,glucose,r1032,-9.05045,4.11793e-12,4.76566
480,7,zone_3,oxygen,r0855,-19.5502,-3.74346e-12,21.7311
482,4,zone_2,glucose,r1032,-9.05028,4.11793e-12,4.76471
482,4,zone_2,oxygen,r0855,-19.5808,-3.74346e-12,23.3527
482,4,zone_2,glucose,r1032,-9.05028,4.11793e-12,4.76471
482,4,zone_2,oxygen,r0855,-19.5808,-3.74346e-12,23.3527
482,0,zone_1,glucose,r1032,-9.05028,4.11793e-12,4.76471
482,0,zone_1,oxygen,r0855,-19.5875,-3.74346e-12,23.7407
482,0,zone_1,glucose,r1032,-9.05028,4.11793e-12,4.76471
482,0,zone_1,oxygen,r0855,-19.5875,-3.74346e-12,23.7407
482,8,zone_3,glucose,r1032,-9.05028,4.11793e-12,4.76471
482,8,zone_3,oxygen,r0855,-19.5474,-3.74346e-12,21.5931
482,8,zone_3,glucose,r1032,-9.05028,4.11793e-12,4.76471
482,8,zone_3,oxygen,r0855,-19.5474,-3.74346e-12,21.5931
482,5,zone_2,glucose,r1032,-9.05028,4.11793e-12,4.76471
482,5,zone_2,oxygen,r0855,-19.5802,-3.74346e-12,23.3206
482,5,zone_2,glucose,r1032,-9.05028,4.11793e-12,4.76471
482,5,zone_2,oxygen,r0855,-19.5802,-3.74346e-12,23.3206
482,1,zone_1,glucose,r1032,-9.05028,4.11793e-12,4.76471
482,1,zone_1,oxygen,r0855,-19.5875,-3.74346e-12,23.7407
482,1,zone_1,glucose,r1032,-9.05028,4.11793e-12,4.76471
482,1,zone_1,oxygen,r0855,-19.5875,-3.74346e-12,23.7407
482,6,zone_3,glucose,r1032,-9.05028,4.11793e-12,4.76471
482,6,zone_3,oxygen,r0855,-19.5519,-3.74346e-12,21.8171
482,6,zone_3,glucose,r1032,-9.05028,4.11793e-12,4.76471
482,6,zone_3,oxygen,r0855,-19.5519,-3.74346e-12,21.8171
482,2,zone_1,glucose,r1032,-9.05028,4.11793e-12,4.76471
482,2,zone_1,oxygen,r0855,-19.5868,-3.74346e-12,23.7007
482,2,zone_1,glucose,r1032,-9.05028,4.11793e-12,4.76471
482,2,zone_1,oxygen,r0855,-19.5868,-3.74346e-12,23.7007
482,7,zone_3,glucose,r1032,-9.05028,4.11793e-12,4.76471
482,7,zone_3,oxygen,r0855,-19.5493,-3.74346e-12,21.6859
482,7,zone_3,glucose,r1032,-9.05028,4.11793e-12,4.76471
482,7,zone_3,oxygen,r0855,-19.5493,-3.74346e-12,21.6859
482,3,zone_2,glucose,r1032,-9.05028,4.11793e-12,4.76471
482,3,zone_2,oxygen,r0855,-19.5815,-3.74346e-12,23.3928
482,3,zone_2,glucose,r1032,-9.05028,4.11793e-12,4.76471
482,3,zone_2,oxygen,r0855,-19.5815,-3.74346e-12,23.3928
484,8,zone_3,glucose,r1032,-9.05011,4.11793e-12,4.76376
484,8,zone_3,oxygen,r0855,-19.5464,-3.74346e-12,21.5483
484,8,zone_3,glucose,r1032,-9.05011,4.11793e-12,4.76376
484,8,zone_3,oxygen,r0855,-19.5464,-3.74346e-12,21.5483
484,0,zone_1,glucose,r1032,-9.05011,4.11793e-12,4.76376
484,0,zone_1,oxygen,r0855,-19.5867,-3.74346e-12,23.6929
484,0,zone_1,glucose,r1032,-9.05011,4.11793e-12,4.76376
484,0,zone_1,oxygen,r0855,-19.5867,-3.74346e-12,23.6929
484,4,zone_2,glucose,r1032,-9.05011,4.11793e-12,4.76376
484,4,zone_2,oxygen,r0855,-19.5799,-3.74346e-12,23.3051
484,4,zone_2,glucose,r1032,-9.05011,4.11793e-12,4.76376
484,4,zone_2,oxygen,r0855,-19.5799,-3.74346e-12,23.3051
484,1,zone_1,glucose,r1032,-9.05011,4.11793e-12,4.76376
484,1,zone_1,oxygen,r0855,-19.5867,-3.74346e-12,23.6929
484,1,zone_1,glucose,r1032,-9.05011,4.11793e-12,4.76376
484,1,zone_1,oxygen,r0855,-19.5867,-3.74346e-12,23.6929
484,5,zone_2,glucose,r1032,-9.05011,4.11793e-12,4.76376
484,5,zone_2,oxygen,r0855,-19.5794,-3.74346e-12,23.2729
484,5,zone_2,glucose,r1032,-9.05011,4.11793e-12,4.76376
484,5,zone_2,oxygen,r0855,-19.5794,-3.74346e-12,23.2729
484,2,zone_1,glucose,r1032,-9.05011,4.11793e-12,4.76376
484,2,zone_1,oxygen,r0855,-19.586,-3.74346e-12,23.6529
484,2,zone_1,glucose,r1032,-9.05011,4.11793e-12,4.76376
484,2,zone_1,oxygen,r0855,-19.586,-3.74346e-12,23.6529
484,6,zone_3,glucose,r1032,-9.05011,4.11793e-12,4.76376
484,6,zone_3,oxygen,r0855,-19.551,-3.74346e-12,21.7718
484,6,zone_3,glucose,r1032,-9.05011,4.11793e-12,4.76376
484,6,zone_3,oxygen,r0855,-19.551,-3.74346e-12,21.7718
484,3,zone_2,glucose,r1032,-9.05011,4.11793e-12,4.76376
484,3,zone_2,oxygen,r0855,-19.5806,-3.74346e-12,23.3451
484,3,zone_2,glucose,r1032,-9.05011,4.11793e-12,4.76376
484,3,zone_2,oxygen,r0855,-19.5806,-3.74346e-12,23.3451
484,7,zone_3,glucose,r1032,-9.05011,4.11793e-12,4.76376
484,7,zone_3,oxygen,r0855,-19.5483,-3.74346e-12,21.6408
484,7,zone_3,glucose,r1032,-9.05011,4.11793e-12,4.76376
484,7,zone_3,oxygen,r0855,-19.5483,-3.74346e-12,21.6408
486,0,zone_1,glucose,r1032,-9.04994,4.11793e-12,4.76281
486,0,zone_1,oxygen,r0855,-19.5858,-3.74346e-12,23.6453
486,0,zone_1,glucose,r1032,-9.04994,4.11793e-12,4.76281
486,0,zone_1,oxygen,r0855,-19.5858,-3.74346e-12,23.6453
486,4,zone_2,glucose,r1032,-9.04994,4.11793e-12,4.76281
486,4,zone_2,oxygen,r0855,-19.5791,-3.74346e-12,23.2576
486,4,zone_2,glucose,r1032,-9.04994,4.11793e-12,4.76281
486,4,zone_2,oxygen,r0855,-19.5791,-3.74346e-12,23.2576
486,8,zone_3,glucose,r1032,-9.04994,4.11793e-12,4.76281
486,8,zone_3,oxygen,r0855,-19.5455,-3.74346e-12,21.5036
486,8,zone_3,glucose,r1032,-9.04994,4.11793e-12,4.76281
486,8,zone_3,oxygen,r0855,-19.5455,-3.74346e-12,21.5036
486,1,zone_1,glucose,r1032,-9.04994,4.11793e-12,4.76281
486,1,zone_1,oxygen,r0855,-19.5858,-3.74346e-12,23.6453
486,1,zone_1,glucose,r1032,-9.04994,4.11793e-12,4.76281
486,1,zone_1,oxygen,r0855,-19.5858,-3.74346e-12,23.6453
486,5,zone_2,glucose,r1032,-9.04994,4.11793e-12,4.76281
486,5,zone_2,oxygen,r0855,-19.5785,-3.74346e-12,23.2255
486,5,zone_2,glucose,r1032,-9.04994,4.11793e-12,4.76281
486,5,zone_2,oxygen,r0855,-19.5785,-3.74346e-12,23.2255
486,2,zone_1,glucose,r1032,-9.04994,4.11793e-12,4.76281
486,2,zone_1,oxygen,r0855,-19.5852,-3.74346e-12,23.6052
486,2,zone_1,glucose,r1032,-9.04994,4.11793e-12,4.76281
486,2,zone_1,oxygen,r0855,-19.5852,-3.74346e-12,23.6052
486,6,zone_3,glucose,r1032,-9.04994,4.11793e-12,4.76281
486,6,zone_3,oxygen,r0855,-19.5501,-3.74346e-12,21.7267
486,6,zone_3,glucose,r1032,-9.04994,4.11793e-12,4.76281
486,6,zone_3,oxygen,r0855,-19.5501,-3.74346e-12,21.7267
486,3,zone_2,glucose,r1032,-9.04994,4.11793e-12,4.76281
486,3,zone_2,oxygen,r0855,-19.5798,-3.74346e-12,23.2977
486,3,zone_2,glucose,r1032,-9.04994,4.11793e-12,4.76281
486,3,zone_2,oxygen,r0855,-19.5798,-3.74346e-12,23.2977
486,7,zone_3,glucose,r1032,-9.04994,4.11793e-12,4.76281
486,7,zone_3,oxygen,r0855,-19.5474,-3.74346e-12,21.596
486,7,zone_3,glucose,r1032,-9.04994,4.11793e-12,4.76281
486,7,zone_3,oxygen,r0855,-19.5474,-3.74346e-12,21.596
488,8,zone_3,glucose,r1032,-9.04976,4.11793e-12,4.76185
488,8,zone_3,oxygen,r0855,-19.5446,-3.74346e-12,21.4591
488,8,zone_3,glucose,r1032,-9.04976,4.11793e-12,4.76185
488,8,zone_3,oxygen,r0855,-19.5446,-3.74346e-12,21.4591
488,4,zone_2,glucose,r1032,-9.04976,4.11793e-12,4.76185
488,4,zone_2,oxygen,r0855,-19.5782,-3.74346e-12,23.2104
488,0,zone_1,glucose,r1032,-9.04976,4.11793e-12,4.76185
488,0,zone_1,oxygen,r0855,-19.585,-3.74346e-12,23.5979
488,4,zone_2,glucose,r1032,-9.04976,4.11793e-12,4.76185
488,4,zone_2,oxygen,r0855,-19.5782,-3.74346e-12,23.2104
488,0,zone_1,glucose,r1032,-9.04976,4.11793e-12,4.76185
488,0,zone_1,oxygen,r0855,-19.585,-3.74346e-12,23.5979
488,5,zone_2,glucose,r1032,-9.04976,4.11793e-12,4.76185
488,5,zone_2,oxygen,r0855,-19.5777,-3.74346e-12,23.1783
488,1,zone_1,glucose,r1032,-9.04976,4.11793e-12,4.76185
488,1,zone_1,oxygen,r0855,-19.585,-3.74346e-12,23.5979
488,5,zone_2,glucose,r1032,-9.04976,4.11793e-12,4.76185
488,5,zone_2,oxygen,r0855,-19.5777,-3.74346e-12,23.1783
488,1,zone_1,glucose,r1032,-9.04976,4.11793e-12,4.76185
488,1,zone_1,oxygen,r0855,-19.585,-3.74346e-12,23.5979
488,2,zone_1,glucose,r1032,-9.04976,4.11793e-12,4.76185
488,2,zone_1,oxygen,r0855,-19.5843,-3.74346e-12,23.5578
488,2,zone_1,glucose,r1032,-9.04976,4.11793e-12,4.76185
488,2,zone_1,oxygen,r0855,-19.5843,-3.74346e-12,23.5578
488,6,zone_3,glucose,r1032,-9.04976,4.11793e-12,4.76185
488,6,zone_3,oxygen,r0855,-19.5492,-3.74346e-12,21.6817
488,6,zone_3,glucose,r1032,-9.04976,4.11793e-12,4.76185
488,6,zone_3,oxygen,r0855,-19.5492,-3.74346e-12,21.6817
488,3,zone_2,glucose,r1032,-9.04976,4.11793e-12,4.76185
488,3,zone_2,oxygen,r0855,-19.579,-3.74346e-12,23.2505
488,3,zone_2,glucose,r1032,-9.04976,4.11793e-12,4.76185
488,3,zone_2,oxygen,r0855,-19.579,-3.74346e-12,23.2505
488,7,zone_3,glucose,r1032,-9.04976,4.11793e-12,4.76185
488,7,zone_3,oxygen,r0855,-19.5465,-3.74346e-12,21.5513
488,7,zone_3,glucose,r1032,-9.04976,4.11793e-12,4.76185
488,7,zone_3,oxygen,r0855,-19.5465,-3.74346e-12,21.5513
490,0,zone_1,glucose,r1032,-9.04959,4.11793e-12,4.7609
490,0,zone_1,oxygen,r0855,-19.5842,-3.74346e-12,23.5507
490,0,zone_1,glucose,r1032,-9.04959,4.11793e-12,4.7609
490,0,zone_1,oxygen,r0855,-19.5842,-3.74346e-12,23.5507
490,8,zone_3,glucose,r1032,-9.04959,4.11793e-12,4.7609
490,8,zone_3,oxygen,r0855,-19.5437,-3.74346e-12,21.4148
490,8,zone_3,glucose,r1032,-9.04959,4.11793e-12,4.7609
490,8,zone_3,oxygen,r0855,-19.5437,-3.74346e-12,21.4148
490,4,zone_2,glucose,r1032,-9.04959,4.11793e-12,4.7609
490,4,zone_2,oxygen,r0855,-19.5774,-3.74346e-12,23.1633
490,4,zone_2,glucose,r1032,-9.04959,4.11793e-12,4.7609
490,4,zone_2,oxygen,r0855,-19.5774,-3.74346e-12,23.1633
490,1,zone_1,glucose,r1032,-9.04959,4.11793e-12,4.7609
490,1,zone_1,oxygen,r0855,-19.5842,-3.74346e-12,23.5507
490,1,zone_1,glucose,r1032,-9.04959,4.11793e-12,4.7609
490,1,zone_1,oxygen,r0855,-19.5842,-3.74346e-12,23.5507
490,5,zone_2,glucose,r1032,-9.04959,4.11793e-12,4.7609
490,5,zone_2,oxygen,r0855,-19.5768,-3.74346e-12,23.1312
490,5,zone_2,glucose,r1032,-9.04959,4.11793e-12,4.7609
490,5,zone_2,oxygen,r0855,-19.5768,-3.74346e-12,23.1312
490,2,zone_1,glucose,r1032,-9.04959,4.11793e-12,4.7609
490,2,zone_1,oxygen,r0855,-19.5835,-3.74346e-12,23.5106
490,2,zone_1,glucose,r1032,-9.04959,4.11793e-12,4.7609
490,2,zone_1,oxygen,r0855,-19.5835,-3.74346e-12,23.5106
490,3,zone_2,glucose,r1032,-9.04959,4.11793e-12,4.7609
490,3,zone_2,oxygen,r0855,-19.5781,-3.74346e-12,23.2034
490,3,zone_2,glucose,r1032,-9.04959,4.11793e-12,4.7609
490,3,zone_2,oxygen,r0855,-19.5781,-3.74346e-12,23.2034
490,6,zone_3,glucose,r1032,-9.04959,4.11793e-12,4.7609
490,6,zone_3,oxygen,r0855,-19.5483,-3.74346e-12,21.637
490,6,zone_3,glucose,r1032,-9.04959,4.11793e-12,4.7609
490,6,zone_3,oxygen,r0855,-19.5483,-3.74346e-12,21.637
490,7,zone_3,glucose,r1032,-9.04959,4.11793e-12,4.7609
490,7,zone_3,oxygen,r0855,-19.5456,-3.74346e-12,21.5068
490,7,zone_3,glucose,r1032,-9.04959,4.11793e-12,4.7609
490,7,zone_3,oxygen,r0855,-19.5456,-3.74346e-12,21.5068
492,4,zone_2,glucose,r1032,-9.04942,4.11793e-12,4.75995
492,4,zone_2,oxygen,r0855,-19.5766,-3.74346e-12,23.1165
492,4,zone_2,glucose,r1032,-9.04942,4.11793e-12,4.75995
492,4,zone_2,oxygen,r0855,-19.5766,-3.74346e-12,23.1165
492,0,zone_1,glucose,r1032,-9.04942,4.11793e-12,4.75995
492,0,zone_1,oxygen,r0855,-19.5834,-3.74346e-12,23.5038
492,0,zone_1,glucose,r1032,-9.04942,4.11793e-12,4.75995
492,0,zone_1,oxygen,r0855,-19.5834,-3.74346e-12,23.5038
492,8,zone_3,glucose,r1032,-9.04942,4.11793e-12,4.75995
492,8,zone_3,oxygen,r0855,-19.5428,-3.74346e-12,21.3707
492,8,zone_3,glucose,r1032,-9.04942,4.11793e-12,4.75995
492,8,zone_3,oxygen,r0855,-19.5428,-3.74346e-12,21.3707
492,5,zone_2,glucose,r1032,-9.04942,4.11793e-12,4.75995
492,5,zone_2,oxygen,r0855,-19.576,-3.74346e-12,23.0844
492,5,zone_2,glucose,r1032,-9.04942,4.11793e-12,4.75995
492,5,zone_2,oxygen,r0855,-19.576,-3.74346e-12,23.0844
492,1,zone_1,glucose,r1032,-9.04942,4.11793e-12,4.75995
492,1,zone_1,oxygen,r0855,-19.5834,-3.74346e-12,23.5038
492,1,zone_1,glucose,r1032,-9.04942,4.11793e-12,4.75995
492,1,zone_1,oxygen,r0855,-19.5834,-3.74346e-12,23.5038
492,6,zone_3,glucose,r1032,-9.04942,4.11793e-12,4.75995
492,6,zone_3,oxygen,r0855,-19.5474,-3.74346e-12,21.5925
492,6,zone_3,glucose,r1032,-9.04942,4.11793e-12,4.75995
492,6,zone_3,oxygen,r0855,-19.5474,-3.74346e-12,21.5925
492,2,zone_1,glucose,r1032,-9.04942,4.11793e-12,4.75995
492,2,zone_1,oxygen,r0855,-19.5827,-3.74346e-12,23.4635
492,2,zone_1,glucose,r1032,-9.04942,4.11793e-12,4.75995
492,2,zone_1,oxygen,r0855,-19.5827,-3.74346e-12,23.4635
492,7,zone_3,glucose,r1032,-9.04942,4.11793e-12,4.75995
492,7,zone_3,oxygen,r0855,-19.5447,-3.74346e-12,21.4625
492,7,zone_3,glucose,r1032,-9.04942,4.11793e-12,4.75995
492,7,zone_3,oxygen,r0855,-19.5447,-3.74346e-12,21.4625
492,3,zone_2,glucose,r1032,-9.04942,4.11793e-12,4.75995
492,3,zone_2,oxygen,r0855,-19.5773,-3.74346e-12,23.1566
492,3,zone_2,glucose,r1032,-9.04942,4.11793e-12,4.75995
492,3,zone_2,oxygen,r0855,-19.5773,-3.74346e-12,23.1566
494,8,zone_3,glucose,r1032,-9.04925,4.11793e-12,4.759
494,8,zone_3,oxygen,r0855,-19.5418,-3.74346e-12,21.3267
494,8,zone_3,glucose,r1032,-9.04925,4.11793e-12,4.759
494,8,zone_3,oxygen,r0855,-19.5418,-3.74346e-12,21.3267
494,0,zone_1,glucose,r1032,-9.04925,4.11793e-12,4.759
494,0,zone_1,oxygen,r0855,-19.5826,-3.74346e-12,23.457
494,0,zone_1,glucose,r1032,-9.04925,4.11793e-12,4.759
494,0,zone_1,oxygen,r0855,-19.5826,-3.74346e-12,23.457
494,4,zone_2,glucose,r1032,-9.04925,4.11793e-12,4.759
494,4,zone_2,oxygen,r0855,-19.5757,-3.74346e-12,23.0699
494,4,zone_2,glucose,r1032,-9.04925,4.11793e-12,4.759
494,4,zone_2,oxygen,r0855,-19.5757,-3.74346e-12,23.0699
494,1,zone_1,glucose,r1032,-9.04925,4.11793e-12,4.759
494,1,zone_1,oxygen,r0855,-19.5826,-3.74346e-12,23.457
494,1,zone_1,glucose,r1032,-9.04925,4.11793e-12,4.759
494,1,zone_1,oxygen,r0855,-19.5826,-3.74346e-12,23.457
494,5,zone_2,glucose,r1032,-9.04925,4.11793e-12,4.759
494,5,zone_2,oxygen,r0855,-19.5752,-3.74346e-12,23.0378
494,5,zone_2,glucose,r1032,-9.04925,4.11793e-12,4.759
494,5,zone_2,oxygen,r0855,-19.5752,-3.74346e-12,23.0378
494,2,zone_1,glucose,r1032,-9.04925,4.11793e-12,4.759
494,2,zone_1,oxygen,r0855,-19.5819,-3.74346e-12,23.4167
494,2,zone_1,glucose,r1032,-9.04925,4.11793e-12,4.759
494,2,zone_1,oxygen,r0855,-19.5819,-3.74346e-12,23.4167
494,6,zone_3,glucose,r1032,-9.04925,4.11793e-12,4.759
494,6,zone_3,oxygen,r0855,-19.5464,-3.74346e-12,21.5481
494,6,zone_3,glucose,r1032,-9.04925,4.11793e-12,4.759
494,6,zone_3,oxygen,r0855,-19.5464,-3.74346e-12,21.5481
494,3,zone_2,glucose,r1032,-9.04925,4.11793e-12,4.759
494,3,zone_2,oxygen,r0855,-19.5765,-3.74346e-12,23.11
494,3,zone_2,glucose,r1032,-9.04925,4.11793e-12,4.759
494,3,zone_2,oxygen,r0855,-19.5765,-3.74346e-12,23.11
494,7,zone_3,glucose,r1032,-9.04925,4.11793e-12,4.759
494,7,zone_3,oxygen,r0855,-19.5438,-3.74346e-12,21.4184
494,7,zone_3,glucose,r1032,-9.04925,4.11793e-12,4.759
494,7,zone_3,oxygen,r0855,-19.5438,-3.74346e-12,21.4184
496,8,zone_3,glucose,r1032,-9.04908,4.11793e-12,4.75805
496,8,zone_3,oxygen,r0855,-19.5409,-3.74346e-12,21.283
496,0,zone_1,glucose,r1032,-9.04908,4.11793e-12,4.75805
496,0,zone_1,oxygen,r0855,-19.5818,-3.74346e-12,23.4104
496,8,zone_3,glucose,r1032,-9.04908,4.11793e-12,4.75805
496,8,zone_3,oxygen,r0855,-19.5409,-3.74346e-12,21.283
496,0,zone_1,glucose,r1032,-9.04908,4.11793e-12,4.75805
496,0,zone_1,oxygen,r0855,-19.5818,-3.74346e-12,23.4104
496,4,zone_2,glucose,r1032,-9.04908,4.11793e-12,4.75805
496,4,zone_2,oxygen,r0855,-19.5749,-3.74346e-12,23.0234
496,4,zone_2,glucose,r1032,-9.04908,4.11793e-12,4.75805
496,4,zone_2,oxygen,r0855,-19.5749,-3.74346e-12,23.0234
496,1,zone_1,glucose,r1032,-9.04908,4.11793e-12,4.75805
496,1,zone_1,oxygen,r0855,-19.5818,-3.74346e-12,23.4104
496,1,zone_1,glucose,r1032,-9.04908,4.11793e-12,4.75805
496,1,zone_1,oxygen,r0855,-19.5818,-3.74346e-12,23.4104
496,5,zone_2,glucose,r1032,-9.04908,4.11793e-12,4.75805
496,5,zone_2,oxygen,r0855,-19.5743,-3.74346e-12,22.9913
496,5,zone_2,glucose,r1032,-9.04908,4.11793e-12,4.75805
496,5,zone_2,oxygen,r0855,-19.5743,-3.74346e-12,22.9913
496,2,zone_1,glucose,r1032,-9.04908,4.11793e-12,4.75805
496,2,zone_1,oxygen,r0855,-19.5811,-3.74346e-12,23.37
496,2,zone_1,glucose,r1032,-9.04908,4.11793e-12,4.75805
496,2,zone_1,oxygen,r0855,-19.5811,-3.74346e-12,23.37
496,6,zone_3,glucose,r1032,-9.04908,4.11793e-12,4.75805
496,6,zone_3,oxygen,r0855,-19.5455,-3.74346e-12,21.504
496,6,zone_3,glucose,r1032,-9.04908,4.11793e-12,4.75805
496,6,zone_3,oxygen,r0855,-19.5455,-3.74346e-12,21.504
496,3,zone_2,glucose,r1032,-9.04908,4.11793e-12,4.75805
496,3,zone_2,oxygen,r0855,-19.5756,-3.74346e-12,23.0635
496,3,zone_2,glucose,r1032,-9.04908,4.11793e-12,4.75805
496,3,zone_2,oxygen,r0855,-19.5756,-3.74346e-12,23.0635
496,7,zone_3,glucose,r1032,-9.04908,4.11793e-12,4.75805
496,7,zone_3,oxygen,r0855,-19.5428,-3.74346e-12,21.3745
496,7,zone_3,glucose,r1032,-9.04908,4.11793e-12,4.75805
496,7,zone_3,oxygen,r0855,-19.5428,-3.74346e-12,21.3745
498,4,zone_2,glucose,r1032,-9.0489,4.11793e-12,4.75709
498,4,zone_2,oxygen,r0855,-19.5741,-3.74346e-12,22.9772
498,4,zone_2,glucose,r1032,-9.0489,4.11793e-12,4.75709
498,4,zone_2,oxygen,r0855,-19.5741,-3.74346e-12,22.9772
498,0,zone_1,glucose,r1032,-9.0489,4.11793e-12,4.75709
498,0,zone_1,oxygen,r0855,-19.581,-3.74346e-12,23.364
498,0,zone_1,glucose,r1032,-9.0489,4.11793e-12,4.75709
498,0,zone_1,oxygen,r0855,-19.581,-3.74346e-12,23.364
498,8,zone_3,glucose,r1032,-9.0489,4.11793e-12,4.75709
498,8,zone_3,oxygen,r0855,-19.54,-3.74346e-12,21.2395
498,8,zone_3,glucose,r1032,-9.0489,4.11793e-12,4.75709
498,8,zone_3,oxygen,r0855,-19.54,-3.74346e-12,21.2395
498,5,zone_2,glucose,r1032,-9.0489,4.11793e-12,4.75709
498,5,zone_2,oxygen,r0855,-19.5735,-3.74346e-12,22.9451
498,5,zone_2,glucose,r1032,-9.0489,4.11793e-12,4.75709
498,5,zone_2,oxygen,r0855,-19.5735,-3.74346e-12,22.9451
498,1,zone_1,glucose,r1032,-9.0489,4.11793e-12,4.75709
498,1,zone_1,oxygen,r0855,-19.581,-3.74346e-12,23.364
498,1,zone_1,glucose,r1032,-9.0489,4.11793e-12,4.75709
498,1,zone_1,oxygen,r0855,-19.581,-3.74346e-12,23.364
498,2,zone_1,glucose,r1032,-9.0489,4.11793e-12,4.75709
498,2,zone_1,oxygen,r0855,-19.5802,-3.74346e-12,23.3236
498,6,zone_3,glucose,r1032,-9.0489,4.11793e-12,4.75709
498,6,zone_3,oxygen,r0855,-19.5446,-3.74346e-12,21.46
498,6,zone_3,glucose,r1032,-9.0489,4.11793e-12,4.75709
498,6,zone_3,oxygen,r0855,-19.5446,-3.74346e-12,21.46
498,2,zone_1,glucose,r1032,-9.0489,4.11793e-12,4.75709
498,2,zone_1,oxygen,r0855,-19.5802,-3.74346e-12,23.3236
498,3,zone_2,glucose,r1032,-9.0489,4.11793e-12,4.75709
498,3,zone_2,oxygen,r0855,-19.5748,-3.74346e-12,23.0173
498,7,zone_3,glucose,r1032,-9.0489,4.11793e-12,4.75709
498,7,zone_3,oxygen,r0855,-19.5419,-3.74346e-12,21.3308
498,3,zone_2,glucose,r1032,-9.0489,4.11793e-12,4.75709
498,3,zone_2,oxygen,r0855,-19.5748,-3.74346e-12,23.0173
498,7,zone_3,glucose,r1032,-9.0489,4.11793e-12,4.75709
498,7,zone_3,oxygen,r0855,-19.5419,-3.74346e-12,21.3308
500,4,zone_2,glucose,r1032,-9.04873,4.11793e-12,4.75614
500,4,zone_2,oxygen,r0855,-19.5732,-3.74346e-12,22.9312
500,4,zone_2,glucose,r1032,-9.04873,4.11793e-12,4.75614
500,4,zone_2,oxygen,r0855,-19.5732,-3.74346e-12,22.9312
500,0,zone_1,glucose,r1032,-9.04873,4.11793e-12,4.75614
500,0,zone_1,oxygen,r0855,-19.5801,-3.74346e-12,23.3179
500,8,zone_3,glucose,r1032,-9.04873,4.11793e-12,4.75614
500,8,zone_3,oxygen,r0855,-19.5391,-3.74346e-12,21.1961
500,0,zone_1,glucose,r1032,-9.04873,4.11793e-12,4.75614
500,0,zone_1,oxygen,r0855,-19.5801,-3.74346e-12,23.3179
500,8,zone_3,glucose,r1032,-9.04873,4.11793e-12,4.75614
500,8,zone_3,oxygen,r0855,-19.5391,-3.74346e-12,21.1961
500,5,zone_2,glucose,r1032,-9.04873,4.11793e-12,4.75614
500,5,zone_2,oxygen,r0855,-19.5726,-3.74346e-12,22.8991
500,5,zone_2,glucose,r1032,-9.04873,4.11793e-12,4.75614
500,5,zone_2,oxygen,r0855,-19.5726,-3.74346e-12,22.8991
500,1,zone_1,glucose,r1032,-9.04873,4.11793e-12,4.75614
500,1,zone_1,oxygen,r0855,-19.5801,-3.74346e-12,23.3179
500,1,zone_1,glucose,r1032,-9.04873,4.11793e-12,4.75614
500,1,zone_1,oxygen,r0855,-19.5801,-3.74346e-12,23.3179
500,6,zone_3,glucose,r1032,-9.04873,4.11793e-12,4.75614
500,6,zone_3,oxygen,r0855,-19.5437,-3.74346e-12,21.4162
500,6,zone_3,glucose,r1032,-9.04873,4.11793e-12,4.75614
500,6,zone_3,oxygen,r0855,-19.5437,-3.74346e-12,21.4162
500,2,zone_1,glucose,r1032,-9.04873,4.11793e-12,4.75614
500,2,zone_1,oxygen,r0855,-19.5794,-3.74346e-12,23.2774
500,2,zone_1,glucose,r1032,-9.04873,4.11793e-12,4.75614
500,2,zone_1,oxygen,r0855,-19.5794,-3.74346e-12,23.2774
500,7,zone_3,glucose,r1032,-9.04873,4.11793e-12,4.75614
500,7,zone_3,oxygen,r0855,-19.541,-3.74346e-12,21.2873
500,7,zone_3,glucose,r1032,-9.04873,4.11793e-12,4.75614
500,7,zone_3,oxygen,r0855,-19.541,-3.74346e-12,21.2873
500,3,zone_2,glucose,r1032,-9.04873,4.11793e-12,4.75614
500,3,zone_2,oxygen,r0855,-19.5739,-3.74346e-12,22.9713
500,3,zone_2,glucose,r1032,-9.04873,4.11793e-12,4.75614
500,3,zone_2,oxygen,r0855,-19.5739,-3.74346e-12,22.9713
502,0,zone_1,glucose,r1032,-9.04856,4.11793e-12,4.75519
502,0,zone_1,oxygen,r0855,-19.5793,-3.74346e-12,23.2719
502,0,zone_1,glucose,r1032,-9.04856,4.11793e-12,4.75519
502,0,zone_1,oxygen,r0855,-19.5793,-3.74346e-12,23.2719
502,8,zone_3,glucose,r1032,-9.04856,4.11793e-12,4.75519
502,8,zone_3,oxygen,r0855,-19.5382,-3.74346e-12,21.1529
502,8,zone_3,glucose,r1032,-9.04856,4.11793e-12,4.75519
502,8,zone_3,oxygen,r0855,-19.5382,-3.74346e-12,21.1529
502,4,zone_2,glucose,r1032,-9.04856,4.11793e-12,4.75519
502,4,zone_2,oxygen,r0855,-19.5724,-3.74346e-12,22.8853
502,4,zone_2,glucose,r1032,-9.04856,4.11793e-12,4.75519
502,4,zone_2,oxygen,r0855,-19.5724,-3.74346e-12,22.8853
502,1,zone_1,glucose,r1032,-9.04856,4.11793e-12,4.75519
502,1,zone_1,oxygen,r0855,-19.5793,-3.74346e-12,23.2719
502,1,zone_1,glucose,r1032,-9.04856,4.11793e-12,4.75519
502,1,zone_1,oxygen,r0855,-19.5793,-3.74346e-12,23.2719
502,5,zone_2,glucose,r1032,-9.04856,4.11793e-12,4.75519
502,5,zone_2,oxygen,r0855,-19.5718,-3.74346e-12,22.8532
502,5,zone_2,glucose,r1032,-9.04856,4.11793e-12,4.75519
502,5,zone_2,oxygen,r0855,-19.5718,-3.74346e-12,22.8532
502,2,zone_1,glucose,r1032,-9.04856,4.11793e-12,4.75519
502,2,zone_1,oxygen,r0855,-19.5786,-3.74346e-12,23.2313
502,2,zone_1,glucose,r1032,-9.04856,4.11793e-12,4.75519
502,2,zone_1,oxygen,r0855,-19.5786,-3.74346e-12,23.2313
502,6,zone_3,glucose,r1032,-9.04856,4.11793e-12,4.75519
502,6,zone_3,oxygen,r0855,-19.5428,-3.74346e-12,21.3726
502,6,zone_3,glucose,r1032,-9.04856,4.11793e-12,4.75519
502,6,zone_3,oxygen,r0855,-19.5428,-3.74346e-12,21.3726
502,3,zone_2,glucose,r1032,-9.04856,4.11793e-12,4.75519
502,3,zone_2,oxygen,r0855,-19.5731,-3.74346e-12,22.9254
502,3,zone_2,glucose,r1032,-9.04856,4.11793e-12,4.75519
502,3,zone_2,oxygen,r0855,-19.5731,-3.74346e-12,22.9254
502,7,zone_3,glucose,r1032,-9.04856,4.11793e-12,4.75519
502,7,zone_3,oxygen,r0855,-19.5401,-3.74346e-12,21.2439
502,7,zone_3,glucose,r1032,-9.04856,4.11793e-12,4.75519
502,7,zone_3,oxygen,r0855,-19.5401,-3.74346e-12,21.2439
504,0,zone_1,glucose,r1032,-9.04839,4.11793e-12,4.75424
504,0,zone_1,oxygen,r0855,-19.5785,-3.74346e-12,23.2261
504,0,zone_1,glucose,r1032,-9.04839,4.11793e-12,4.75424
504,0,zone_1,oxygen,r0855,-19.5785,-3.74346e-12,23.2261
504,8,zone_3,glucose,r1032,-9.04839,4.11793e-12,4.75424
504,8,zone_3,oxygen,r0855,-19.5373,-3.74346e-12,21.11
504,8,zone_3,glucose,r1032,-9.04839,4.11793e-12,4.75424
504,8,zone_3,oxygen,r0855,-19.5373,-3.74346e-12,21.11
504,4,zone_2,glucose,r1032,-9.04839,4.11793e-12,4.75424
504,4,zone_2,oxygen,r0855,-19.5715,-3.74346e-12,22.8397
504,4,zone_2,glucose,r1032,-9.04839,4.11793e-12,4.75424
504,4,zone_2,oxygen,r0855,-19.5715,-3.74346e-12,22.8397
504,1,zone_1,glucose,r1032,-9.04839,4.11793e-12,4.75424
504,1,zone_1,oxygen,r0855,-19.5785,-3.74346e-12,23.2261
504,1,zone_1,glucose,r1032,-9.04839,4.11793e-12,4.75424
504,1,zone_1,oxygen,r0855,-19.5785,-3.74346e-12,23.2261
504,5,zone_2,glucose,r1032,-9.04839,4.11793e-12,4.75424
504,5,zone_2,oxygen,r0855,-19.571,-3.74346e-12,22.8076
504,5,zone_2,glucose,r1032,-9.04839,4.11793e-12,4.75424
504,5,zone_2,oxygen,r0855,-19.571,-3.74346e-12,22.8076
504,2,zone_1,glucose,r1032,-9.04839,4.11793e-12,4.75424
504,2,zone_1,oxygen,r0855,-19.5778,-3.74346e-12,23.1855
504,2,zone_1,glucose,r1032,-9.04839,4.11793e-12,4.75424
504,2,zone_1,oxygen,r0855,-19.5778,-3.74346e-12,23.1855
504,6,zone_3,glucose,r1032,-9.04839,4.11793e-12,4.75424
504,6,zone_3,oxygen,r0855,-19.5419,-3.74346e-12,21.3292
504,6,zone_3,glucose,r1032,-9.04839,4.11793e-12,4.75424
504,6,zone_3,oxygen,r0855,-19.5419,-3.74346e-12,21.3292
504,3,zone_2,glucose,r1032,-9.04839,4.11793e-12,4.75424
504,3,zone_2,oxygen,r0855,-19.5723,-3.74346e-12,22.8798
504,3,zone_2,glucose,r1032,-9.04839,4.11793e-12,4.75424
504,3,zone_2,oxygen,r0855,-19.5723,-3.74346e-12,22.8798
504,7,zone_3,glucose,r1032,-9.04839,4.11793e-12,4.75424
504,7,zone_3,oxygen,r0855,-19.5392,-3.74346e-12,21.2007
504,7,zone_3,glucose,r1032,-9.04839,4.11793e-12,4.75424
504,7,zone_3,oxygen,r0855,-19.5392,-3.74346e-12,21.2007
506,0,zone_1,glucose,r1032,-9.04822,4.11793e-12,4.75329
506,0,zone_1,oxygen,r0855,-19.5777,-3.74346e-12,23.1805
506,0,zone_1,glucose,r1032,-9.04822,4.11793e-12,4.75329
506,0,zone_1,oxygen,r0855,-19.5777,-3.74346e-12,23.1805
506,4,zone_2,glucose,r1032,-9.04822,4.11793e-12,4.75329
506,4,zone_2,oxygen,r0855,-19.5707,-3.74346e-12,22.7942
506,4,zone_2,glucose,r1032,-9.04822,4.11793e-12,4.75329
506,4,zone_2,oxygen,r0855,-19.5707,-3.74346e-12,22.7942
506,8,zone_3,glucose,r1032,-9.04822,4.11793e-12,4.75329
506,8,zone_3,oxygen,r0855,-19.5363,-3.74346e-12,21.0671
506,8,zone_3,glucose,r1032,-9.04822,4.11793e-12,4.75329
506,8,zone_3,oxygen,r0855,-19.5363,-3.74346e-12,21.0671
506,1,zone_1,glucose,r1032,-9.04822,4.11793e-12,4.75329
506,1,zone_1,oxygen,r0855,-19.5777,-3.74346e-12,23.1805
506,5,zone_2,glucose,r1032,-9.04822,4.11793e-12,4.75329
506,5,zone_2,oxygen,r0855,-19.5701,-3.74346e-12,22.7621
506,1,zone_1,glucose,r1032,-9.04822,4.11793e-12,4.75329
506,1,zone_1,oxygen,r0855,-19.5777,-3.74346e-12,23.1805
506,5,zone_2,glucose,r1032,-9.04822,4.11793e-12,4.75329
506,5,zone_2,oxygen,r0855,-19.5701,-3.74346e-12,22.7621
506,6,zone_3,glucose,r1032,-9.04822,4.11793e-12,4.75329
506,6,zone_3,oxygen,r0855,-19.541,-3.74346e-12,21.286
506,6,zone_3,glucose,r1032,-9.04822,4.11793e-12,4.75329
506,6,zone_3,oxygen,r0855,-19.541,-3.74346e-12,21.286
506,2,zone_1,glucose,r1032,-9.04822,4.11793e-12,4.75329
506,2,zone_1,oxygen,r0855,-19.577,-3.74346e-12,23.1398
506,2,zone_1,glucose,r1032,-9.04822,4.11793e-12,4.75329
506,2,zone_1,oxygen,r0855,-19.577,-3.74346e-12,23.1398
506,7,zone_3,glucose,r1032,-9.04822,4.11793e-12,4.75329
506,7,zone_3,oxygen,r0855,-19.5383,-3.74346e-12,21.1578
506,7,zone_3,glucose,r1032,-9.04822,4.11793e-12,4.75329
506,7,zone_3,oxygen,r0855,-19.5383,-3.74346e-12,21.1578
506,3,zone_2,glucose,r1032,-9.04822,4.11793e-12,4.75329
506,3,zone_2,oxygen,r0855,-19.5714,-3.74346e-12,22.8343
506,3,zone_2,glucose,r1032,-9.04822,4.11793e-12,4.75329
506,3,zone_2,oxygen,r0855,-19.5714,-3.74346e-12,22.8343
508,0,zone_1,glucose,r1032,-9.04804,4.11793e-12,4.75234
508,0,zone_1,oxygen,r0855,-19.5769,-3.74346e-12,23.1351
508,0,zone_1,glucose,r1032,-9.04804,4.11793e-12,4.75234
508,0,zone_1,oxygen,r0855,-19.5769,-3.74346e-12,23.1351
508,8,zone_3,glucose,r1032,-9.04804,4.11793e-12,4.75234
508,8,zone_3,oxygen,r0855,-19.5354,-3.74346e-12,21.0245
508,8,zone_3,glucose,r1032,-9.04804,4.11793e-12,4.75234
508,8,zone_3,oxygen,r0855,-19.5354,-3.74346e-12,21.0245
508,4,zone_2,glucose,r1032,-9.04804,4.11793e-12,4.75234
508,4,zone_2,oxygen,r0855,-19.5699,-3.74346e-12,22.749
508,4,zone_2,glucose,r1032,-9.04804,4.11793e-12,4.75234
508,4,zone_2,oxygen,r0855,-19.5699,-3.74346e-12,22.749
508,1,zone_1,glucose,r1032,-9.04804,4.11793e-12,4.75234
508,1,zone_1,oxygen,r0855,-19.5769,-3.74346e-12,23.1351
508,1,zone_1,glucose,r1032,-9.04804,4.11793e-12,4.75234
508,1,zone_1,oxygen,r0855,-19.5769,-3.74346e-12,23.1351
508,5,zone_2,glucose,r1032,-9.04804,4.11793e-12,4.75234
508,5,zone_2,oxygen,r0855,-19.5693,-3.74346e-12,22.7169
508,5,zone_2,glucose,r1032,-9.04804,4.11793e-12,4.75234
508,5,zone_2,oxygen,r0855,-19.5693,-3.74346e-12,22.7169
508,2,zone_1,glucose,r1032,-9.04804,4.11793e-12,4.75234
508,2,zone_1,oxygen,r0855,-19.5762,-3.74346e-12,23.0944
508,2,zone_1,glucose,r1032,-9.04804,4.11793e-12,4.75234
508,2,zone_1,oxygen,r0855,-19.5762,-3.74346e-12,23.0944
508,6,zone_3,glucose,r1032,-9.04804,4.11793e-12,4.75234
508,6,zone_3,oxygen,r0855,-19.5401,-3.74346e-12,21.243
508,6,zone_3,glucose,r1032,-9.04804,4.11793e-12,4.75234
508,6,zone_3,oxygen,r0855,-19.5401,-3.74346e-12,21.243
508,3,zone_2,glucose,r1032,-9.04804,4.11793e-12,4.75234
508,3,zone_2,oxygen,r0855,-19.5706,-3.74346e-12,22.7891
508,3,zone_2,glucose,r1032,-9.04804,4.11793e-12,4.75234
508,3,zone_2,oxygen,r0855,-19.5706,-3.74346e-12,22.7891
508,7,zone_3,glucose,r1032,-9.04804,4.11793e-12,4.75234
508,7,zone_3,oxygen,r0855,-19.5374,-3.74346e-12,21.115
508,7,zone_3,glucose,r1032,-9.04804,4.11793e-12,4.75234
508,7,zone_3,oxygen,r0855,-19.5374,-3.74346e-12,21.115
510,8,zone_3,glucose,r1032,-9.04787,4.11793e-12,4.75139
510,8,zone_3,oxygen,r0855,-19.5345,-3.74346e-12,20.9821
510,8,zone_3,glucose,r1032,-9.04787,4.11793e-12,4.75139
510,8,zone_3,oxygen,r0855,-19.5345,-3.74346e-12,20.9821
510,0,zone_1,glucose,r1032,-9.04787,4.11793e-12,4.75139
510,0,zone_1,oxygen,r0855,-19.5761,-3.74346e-12,23.0899
510,0,zone_1,glucose,r1032,-9.04787,4.11793e-12,4.75139
510,0,zone_1,oxygen,r0855,-19.5761,-3.74346e-12,23.0899
510,4,zone_2,glucose,r1032,-9.04787,4.11793e-12,4.75139
510,4,zone_2,oxygen,r0855,-19.569,-3.74346e-12,22.7039
510,4,zone_2,glucose,r1032,-9.04787,4.11793e-12,4.75139
510,4,zone_2,oxygen,r0855,-19.569,-3.74346e-12,22.7039
510,1,zone_1,glucose,r1032,-9.04787,4.11793e-12,4.75139
510,1,zone_1,oxygen,r0855,-19.5761,-3.74346e-12,23.0899
510,1,zone_1,glucose,r1032,-9.04787,4.11793e-12,4.75139
510,1,zone_1,oxygen,r0855,-19.5761,-3.74346e-12,23.0899
510,5,zone_2,glucose,r1032,-9.04787,4.11793e-12,4.75139
510,5,zone_2,oxygen,r0855,-19.5684,-3.74346e-12,22.6718
510,5,zone_2,glucose,r1032,-9.04787,4.11793e-12,4.75139
510,5,zone_2,oxygen,r0855,-19.5684,-3.74346e-12,22.6718
510,2,zone_1,glucose,r1032,-9.04787,4.11793e-12,4.75139
510,2,zone_1,oxygen,r0855,-19.5754,-3.74346e-12,23.0491
510,2,zone_1,glucose,r1032,-9.04787,4.11793e-12,4.75139
510,2,zone_1,oxygen,r0855,-19.5754,-3.74346e-12,23.0491
510,6,zone_3,glucose,r1032,-9.04787,4.11793e-12,4.75139
510,6,zone_3,oxygen,r0855,-19.5392,-3.74346e-12,21.2001
510,6,zone_3,glucose,r1032,-9.04787,4.11793e-12,4.75139
510,6,zone_3,oxygen,r0855,-19.5392,-3.74346e-12,21.2001
510,3,zone_2,glucose,r1032,-9.04787,4.11793e-12,4.75139
510,3,zone_2,oxygen,r0855,-19.5698,-3.74346e-12,22.744
510,3,zone_2,glucose,r1032,-9.04787,4.11793e-12,4.75139
510,3,zone_2,oxygen,r0855,-19.5698,-3.74346e-12,22.744
510,7,zone_3,glucose,r1032,-9.04787,4.11793e-12,4.75139
510,7,zone_3,oxygen,r0855,-19.5364,-3.74346e-12,21.0724
510,7,zone_3,glucose,r1032,-9.04787,4.11793e-12,4.75139
510,7,zone_3,oxygen,r0855,-19.5364,-3.74346e-12,21.0724
512,0,zone_1,glucose,r1032,-9.0477,4.11793e-12,4.75044
512,0,zone_1,oxygen,r0855,-19.5753,-3.74346e-12,23.0449
512,0,zone_1,glucose,r1032,-9.0477,4.11793e-12,4.75044
512,0,zone_1,oxygen,r0855,-19.5753,-3.74346e-12,23.0449
512,8,zone_3,glucose,r1032,-9.0477,4.11793e-12,4.75044
512,8,zone_3,oxygen,r0855,-19.5336,-3.74346e-12,20.9398
512,8,zone_3,glucose,r1032,-9.0477,4.11793e-12,4.75044
512,8,zone_3,oxygen,r0855,-19.5336,-3.74346e-12,20.9398
512,4,zone_2,glucose,r1032,-9.0477,4.11793e-12,4.75044
512,4,zone_2,oxygen,r0855,-19.5682,-3.74346e-12,22.659
512,4,zone_2,glucose,r1032,-9.0477,4.11793e-12,4.75044
512,4,zone_2,oxygen,r0855,-19.5682,-3.74346e-12,22.659
512,1,zone_1,glucose,r1032,-9.0477,4.11793e-12,4.75044
512,1,zone_1,oxygen,r0855,-19.5753,-3.74346e-12,23.0449
512,1,zone_1,glucose,r1032,-9.0477,4.11793e-12,4.75044
512,1,zone_1,oxygen,r0855,-19.5753,-3.74346e-12,23.0449
512,5,zone_2,glucose,r1032,-9.0477,4.11793e-12,4.75044
512,5,zone_2,oxygen,r0855,-19.5676,-3.74346e-12,22.6269
512,5,zone_2,glucose,r1032,-9.0477,4.11793e-12,4.75044
512,5,zone_2,oxygen,r0855,-19.5676,-3.74346e-12,22.6269
512,2,zone_1,glucose,r1032,-9.0477,4.11793e-12,4.75044
512,2,zone_1,oxygen,r0855,-19.5745,-3.74346e-12,23.0041
512,2,zone_1,glucose,r1032,-9.0477,4.11793e-12,4.75044
512,2,zone_1,oxygen,r0855,-19.5745,-3.74346e-12,23.0041
512,6,zone_3,glucose,r1032,-9.0477,4.11793e-12,4.75044
512,6,zone_3,oxygen,r0855,-19.5383,-3.74346e-12,21.1574
512,6,zone_3,glucose,r1032,-9.0477,4.11793e-12,4.75044
512,6,zone_3,oxygen,r0855,-19.5383,-3.74346e-12,21.1574
512,3,zone_2,glucose,r1032,-9.0477,4.11793e-12,4.75044
512,3,zone_2,oxygen,r0855,-19.569,-3.74346e-12,22.6992
512,3,zone_2,glucose,r1032,-9.0477,4.11793e-12,4.75044
512,3,zone_2,oxygen,r0855,-19.569,-3.74346e-12,22.6992
512,7,zone_3,glucose,r1032,-9.0477,4.11793e-12,4.75044
512,7,zone_3,oxygen,r0855,-19.5355,-3.74346e-12,21.0299
512,7,zone_3,glucose,r1032,-9.0477,4.11793e-12,4.75044
512,7,zone_3,oxygen,r0855,-19.5355,-3.74346e-12,21.0299
514,8,zone_3,glucose,r1032,-9.04753,4.11793e-12,4.74949
514,8,zone_3,oxygen,r0855,-19.5327,-3.74346e-12,20.8978
514,8,zone_3,glucose,r1032,-9.04753,4.11793e-12,4.74949
514,8,zone_3,oxygen,r0855,-19.5327,-3.74346e-12,20.8978
514,0,zone_1,glucose,r1032,-9.04753,4.11793e-12,4.74949
514,0,zone_1,oxygen,r0855,-19.5745,-3.74346e-12,23.0001
514,0,zone_1,glucose,r1032,-9.04753,4.11793e-12,4.74949
514,0,zone_1,oxygen,r0855,-19.5745,-3.74346e-12,23.0001
514,4,zone_2,glucose,r1032,-9.04753,4.11793e-12,4.74949
514,4,zone_2,oxygen,r0855,-19.5674,-3.74346e-12,22.6144
514,4,zone_2,glucose,r1032,-9.04753,4.11793e-12,4.74949
514,4,zone_2,oxygen,r0855,-19.5674,-3.74346e-12,22.6144
514,1,zone_1,glucose,r1032,-9.04753,4.11793e-12,4.74949
514,1,zone_1,oxygen,r0855,-19.5745,-3.74346e-12,23.0001
514,1,zone_1,glucose,r1032,-9.04753,4.11793e-12,4.74949
514,1,zone_1,oxygen,r0855,-19.5745,-3.74346e-12,23.0001
514,5,zone_2,glucose,r1032,-9.04753,4.11793e-12,4.74949
514,5,zone_2,oxygen,r0855,-19.5668,-3.74346e-12,22.5823
514,5,zone_2,glucose,r1032,-9.04753,4.11793e-12,4.74949
514,5,zone_2,oxygen,r0855,-19.5668,-3.74346e-12,22.5823
514,2,zone_1,glucose,r1032,-9.04753,4.11793e-12,4.74949
514,2,zone_1,oxygen,r0855,-19.5737,-3.74346e-12,22.9592
514,2,zone_1,glucose,r1032,-9.04753,4.11793e-12,4.74949
514,2,zone_1,oxygen,r0855,-19.5737,-3.74346e-12,22.9592
514,6,zone_3,glucose,r1032,-9.04753,4.11793e-12,4.74949
514,6,zone_3,oxygen,r0855,-19.5374,-3.74346e-12,21.115
514,6,zone_3,glucose,r1032,-9.04753,4.11793e-12,4.74949
514,6,zone_3,oxygen,r0855,-19.5374,-3.74346e-12,21.115
514,3,zone_2,glucose,r1032,-9.04753,4.11793e-12,4.74949
514,3,zone_2,oxygen,r0855,-19.5681,-3.74346e-12,22.6545
514,3,zone_2,glucose,r1032,-9.04753,4.11793e-12,4.74949
514,3,zone_2,oxygen,r0855,-19.5681,-3.74346e-12,22.6545
514,7,zone_3,glucose,r1032,-9.04753,4.11793e-12,4.74949
514,7,zone_3,oxygen,r0855,-19.5346,-3.74346e-12,20.9877
514,7,zone_3,glucose,r1032,-9.04753,4.11793e-12,4.74949
514,7,zone_3,oxygen,r0855,-19.5346,-3.74346e-12,20.9877
516,0,zone_1,glucose,r1032,-9.04735,4.11793e-12,4.74854
516,0,zone_1,oxygen,r0855,-19.5737,-3.74346e-12,22.9555
516,8,zone_3,glucose,r1032,-9.04735,4.11793e-12,4.74854
516,8,zone_3,oxygen,r0855,-19.5317,-3.74346e-12,20.8559
516,0,zone_1,glucose,r1032,-9.04735,4.11793e-12,4.74854
516,0,zone_1,oxygen,r0855,-19.5737,-3.74346e-12,22.9555
516,8,zone_3,glucose,r1032,-9.04735,4.11793e-12,4.74854
516,8,zone_3,oxygen,r0855,-19.5317,-3.74346e-12,20.8559
516,4,zone_2,glucose,r1032,-9.04735,4.11793e-12,4.74854
516,4,zone_2,oxygen,r0855,-19.5665,-3.74346e-12,22.5699
516,4,zone_2,glucose,r1032,-9.04735,4.11793e-12,4.74854
516,4,zone_2,oxygen,r0855,-19.5665,-3.74346e-12,22.5699
516,1,zone_1,glucose,r1032,-9.04735,4.11793e-12,4.74854
516,1,zone_1,oxygen,r0855,-19.5737,-3.74346e-12,22.9555
516,1,zone_1,glucose,r1032,-9.04735,4.11793e-12,4.74854
516,1,zone_1,oxygen,r0855,-19.5737,-3.74346e-12,22.9555
516,5,zone_2,glucose,r1032,-9.04735,4.11793e-12,4.74854
516,5,zone_2,oxygen,r0855,-19.5659,-3.74346e-12,22.5378
516,5,zone_2,glucose,r1032,-9.04735,4.11793e-12,4.74854
516,5,zone_2,oxygen,r0855,-19.5659,-3.74346e-12,22.5378
516,2,zone_1,glucose,r1032,-9.04735,4.11793e-12,4.74854
516,2,zone_1,oxygen,r0855,-19.5729,-3.74346e-12,22.9145
516,2,zone_1,glucose,r1032,-9.04735,4.11793e-12,4.74854
516,2,zone_1,oxygen,r0855,-19.5729,-3.74346e-12,22.9145
516,6,zone_3,glucose,r1032,-9.04735,4.11793e-12,4.74854
516,6,zone_3,oxygen,r0855,-19.5365,-3.74346e-12,21.0727
516,6,zone_3,glucose,r1032,-9.04735,4.11793e-12,4.74854
516,6,zone_3,oxygen,r0855,-19.5365,-3.74346e-12,21.0727
516,3,zone_2,glucose,r1032,-9.04735,4.11793e-12,4.74854
516,3,zone_2,oxygen,r0855,-19.5673,-3.74346e-12,22.61
516,3,zone_2,glucose,r1032,-9.04735,4.11793e-12,4.74854
516,3,zone_2,oxygen,r0855,-19.5673,-3.74346e-12,22.61
516,7,zone_3,glucose,r1032,-9.04735,4.11793e-12,4.74854
516,7,zone_3,oxygen,r0855,-19.5337,-3.74346e-12,20.9456
516,7,zone_3,glucose,r1032,-9.04735,4.11793e-12,4.74854
516,7,zone_3,oxygen,r0855,-19.5337,-3.74346e-12,20.9456
518,4,zone_2,glucose,r1032,-9.04718,4.11793e-12,4.74759
518,4,zone_2,oxygen,r0855,-19.5657,-3.74346e-12,22.5256
518,8,zone_3,glucose,r1032,-9.04718,4.11793e-12,4.74759
518,8,zone_3,oxygen,r0855,-19.5308,-3.74346e-12,20.8141
518,4,zone_2,glucose,r1032,-9.04718,4.11793e-12,4.74759
518,4,zone_2,oxygen,r0855,-19.5657,-3.74346e-12,22.5256
518,8,zone_3,glucose,r1032,-9.04718,4.11793e-12,4.74759
518,8,zone_3,oxygen,r0855,-19.5308,-3.74346e-12,20.8141
518,0,zone_1,glucose,r1032,-9.04718,4.11793e-12,4.74759
518,0,zone_1,oxygen,r0855,-19.5729,-3.74346e-12,22.9111
518,0,zone_1,glucose,r1032,-9.04718,4.11793e-12,4.74759
518,0,zone_1,oxygen,r0855,-19.5729,-3.74346e-12,22.9111
518,1,zone_1,glucose,r1032,-9.04718,4.11793e-12,4.74759
518,1,zone_1,oxygen,r0855,-19.5729,-3.74346e-12,22.9111
518,1,zone_1,glucose,r1032,-9.04718,4.11793e-12,4.74759
518,1,zone_1,oxygen,r0855,-19.5729,-3.74346e-12,22.9111
518,5,zone_2,glucose,r1032,-9.04718,4.11793e-12,4.74759
518,5,zone_2,oxygen,r0855,-19.5651,-3.74346e-12,22.4935
518,5,zone_2,glucose,r1032,-9.04718,4.11793e-12,4.74759
518,5,zone_2,oxygen,r0855,-19.5651,-3.74346e-12,22.4935
518,2,zone_1,glucose,r1032,-9.04718,4.11793e-12,4.74759
518,2,zone_1,oxygen,r0855,-19.5721,-3.74346e-12,22.8701
518,2,zone_1,glucose,r1032,-9.04718,4.11793e-12,4.74759
518,2,zone_1,oxygen,r0855,-19.5721,-3.74346e-12,22.8701
518,6,zone_3,glucose,r1032,-9.04718,4.11793e-12,4.74759
518,6,zone_3,oxygen,r0855,-19.5355,-3.74346e-12,21.0305
518,6,zone_3,glucose,r1032,-9.04718,4.11793e-12,4.74759
518,6,zone_3,oxygen,r0855,-19.5355,-3.74346e-12,21.0305
518,3,zone_2,glucose,r1032,-9.04718,4.11793e-12,4.74759
518,3,zone_2,oxygen,r0855,-19.5665,-3.74346e-12,22.5657
518,3,zone_2,glucose,r1032,-9.04718,4.11793e-12,4.74759
518,3,zone_2,oxygen,r0855,-19.5665,-3.74346e-12,22.5657
518,7,zone_3,glucose,r1032,-9.04718,4.11793e-12,4.74759
518,7,zone_3,oxygen,r0855,-19.5328,-3.74346e-12,20.9037
518,7,zone_3,glucose,r1032,-9.04718,4.11793e-12,4.74759
518,7,zone_3,oxygen,r0855,-19.5328,-3.74346e-12,20.9037
520,4,zone_2,glucose,r1032,-9.04701,4.11793e-12,4.74664
520,4,zone_2,oxygen,r0855,-19.5649,-3.74346e-12,22.4815
520,4,zone_2,glucose,r1032,-9.04701,4.11793e-12,4.74664
520,4,zone_2,oxygen,r0855,-19.5649,-3.74346e-12,22.4815
520,0,zone_1,glucose,r1032,-9.04701,4.11793e-12,4.74664
520,0,zone_1,oxygen,r0855,-19.572,-3.74346e-12,22.8668
520,0,zone_1,glucose,r1032,-9.04701,4.11793e-12,4.74664
520,0,zone_1,oxygen,r0855,-19.572,-3.74346e-12,22.8668
520,8,zone_3,glucose,r1032,-9.04701,4.11793e-12,4.74664
520,8,zone_3,oxygen,r0855,-19.5299,-3.74346e-12,20.7726
520,8,zone_3,glucose,r1032,-9.04701,4.11793e-12,4.74664
520,8,zone_3,oxygen,r0855,-19.5299,-3.74346e-12,20.7726
520,5,zone_2,glucose,r1032,-9.04701,4.11793e-12,4.74664
520,5,zone_2,oxygen,r0855,-19.5643,-3.74346e-12,22.4494
520,5,zone_2,glucose,r1032,-9.04701,4.11793e-12,4.74664
520,5,zone_2,oxygen,r0855,-19.5643,-3.74346e-12,22.4494
520,1,zone_1,glucose,r1032,-9.04701,4.11793e-12,4.74664
520,1,zone_1,oxygen,r0855,-19.572,-3.74346e-12,22.8668
520,1,zone_1,glucose,r1032,-9.04701,4.11793e-12,4.74664
520,1,zone_1,oxygen,r0855,-19.572,-3.74346e-12,22.8668
520,6,zone_3,glucose,r1032,-9.04701,4.11793e-12,4.74664
520,6,zone_3,oxygen,r0855,-19.5346,-3.74346e-12,20.9886
520,6,zone_3,glucose,r1032,-9.04701,4.11793e-12,4.74664
520,6,zone_3,oxygen,r0855,-19.5346,-3.74346e-12,20.9886
520,2,zone_1,glucose,r1032,-9.04701,4.11793e-12,4.74664
520,2,zone_1,oxygen,r0855,-19.5713,-3.74346e-12,22.8258
520,2,zone_1,glucose,r1032,-9.04701,4.11793e-12,4.74664
520,2,zone_1,oxygen,r0855,-19.5713,-3.74346e-12,22.8258
520,7,zone_3,glucose,r1032,-9.04701,4.11793e-12,4.74664
520,7,zone_3,oxygen,r0855,-19.5319,-3.74346e-12,20.862
520,7,zone_3,glucose,r1032,-9.04701,4.11793e-12,4.74664
520,7,zone_3,oxygen,r0855,-19.5319,-3.74346e-12,20.862
520,3,zone_2,glucose,r1032,-9.04701,4.11793e-12,4.74664
520,3,zone_2,oxygen,r0855,-19.5656,-3.74346e-12,22.5216
520,3,zone_2,glucose,r1032,-9.04701,4.11793e-12,4.74664
520,3,zone_2,oxygen,r0855,-19.5656,-3.74346e-12,22.5216
522,0,zone_1,glucose,r1032,-9.04684,4.11793e-12,4.74569
522,0,zone_1,oxygen,r0855,-19.5712,-3.74346e-12,22.8228
522,0,zone_1,glucose,r1032,-9.04684,4.11793e-12,4.74569
522,0,zone_1,oxygen,r0855,-19.5712,-3.74346e-12,22.8228
522,4,zone_2,glucose,r1032,-9.04684,4.11793e-12,4.74569
522,4,zone_2,oxygen,r0855,-19.564,-3.74346e-12,22.4376
522,8,zone_3,glucose,r1032,-9.04684,4.11793e-12,4.74569
522,8,zone_3,oxygen,r0855,-19.529,-3.74346e-12,20.7313
522,4,zone_2,glucose,r1032,-9.04684,4.11793e-12,4.74569
522,4,zone_2,oxygen,r0855,-19.564,-3.74346e-12,22.4376
522,8,zone_3,glucose,r1032,-9.04684,4.11793e-12,4.74569
522,8,zone_3,oxygen,r0855,-19.529,-3.74346e-12,20.7313
522,1,zone_1,glucose,r1032,-9.04684,4.11793e-12,4.74569
522,1,zone_1,oxygen,r0855,-19.5712,-3.74346e-12,22.8228
522,1,zone_1,glucose,r1032,-9.04684,4.11793e-12,4.74569
522,1,zone_1,oxygen,r0855,-19.5712,-3.74346e-12,22.8228
522,5,zone_2,glucose,r1032,-9.04684,4.11793e-12,4.74569
522,5,zone_2,oxygen,r0855,-19.5634,-3.74346e-12,22.4055
522,5,zone_2,glucose,r1032,-9.04684,4.11793e-12,4.74569
522,5,zone_2,oxygen,r0855,-19.5634,-3.74346e-12,22.4055
522,2,zone_1,glucose,r1032,-9.04684,4.11793e-12,4.74569
522,2,zone_1,oxygen,r0855,-19.5705,-3.74346e-12,22.7817
522,2,zone_1,glucose,r1032,-9.04684,4.11793e-12,4.74569
522,2,zone_1,oxygen,r0855,-19.5705,-3.74346e-12,22.7817
522,6,zone_3,glucose,r1032,-9.04684,4.11793e-12,4.74569
522,6,zone_3,oxygen,r0855,-19.5337,-3.74346e-12,20.9468
522,6,zone_3,glucose,r1032,-9.04684,4.11793e-12,4.74569
522,6,zone_3,oxygen,r0855,-19.5337,-3.74346e-12,20.9468
522,3,zone_2,glucose,r1032,-9.04684,4.11793e-12,4.74569
522,3,zone_2,oxygen,r0855,-19.5648,-3.74346e-12,22.4777
522,3,zone_2,glucose,r1032,-9.04684,4.11793e-12,4.74569
522,3,zone_2,oxygen,r0855,-19.5648,-3.74346e-12,22.4777
522,7,zone_3,glucose,r1032,-9.04684,4.11793e-12,4.74569
522,7,zone_3,oxygen,r0855,-19.531,-3.74346e-12,20.8205
522,7,zone_3,glucose,r1032,-9.04684,4.11793e-12,4.74569
522,7,zone_3,oxygen,r0855,-19.531,-3.74346e-12,20.8205
524,4,zone_2,glucose,r1032,-9.04666,4.11793e-12,4.74474
524,4,zone_2,oxygen,r0855,-19.5632,-3.74346e-12,22.3938
524,4,zone_2,glucose,r1032,-9.04666,4.11793e-12,4.74474
524,4,zone_2,oxygen,r0855,-19.5632,-3.74346e-12,22.3938
524,0,zone_1,glucose,r1032,-9.04666,4.11793e-12,4.74474
524,0,zone_1,oxygen,r0855,-19.5704,-3.74346e-12,22.7789
524,8,zone_3,glucose,r1032,-9.04666,4.11793e-12,4.74474
524,8,zone_3,oxygen,r0855,-19.5281,-3.74346e-12,20.6901
524,0,zone_1,glucose,r1032,-9.04666,4.11793e-12,4.74474
524,0,zone_1,oxygen,r0855,-19.5704,-3.74346e-12,22.7789
524,8,zone_3,glucose,r1032,-9.04666,4.11793e-12,4.74474
524,8,zone_3,oxygen,r0855,-19.5281,-3.74346e-12,20.6901
524,5,zone_2,glucose,r1032,-9.04666,4.11793e-12,4.74474
524,5,zone_2,oxygen,r0855,-19.5626,-3.74346e-12,22.3617
524,5,zone_2,glucose,r1032,-9.04666,4.11793e-12,4.74474
524,5,zone_2,oxygen,r0855,-19.5626,-3.74346e-12,22.3617
524,1,zone_1,glucose,r1032,-9.04666,4.11793e-12,4.74474
524,1,zone_1,oxygen,r0855,-19.5704,-3.74346e-12,22.7789
524,1,zone_1,glucose,r1032,-9.04666,4.11793e-12,4.74474
524,1,zone_1,oxygen,r0855,-19.5704,-3.74346e-12,22.7789
524,2,zone_1,glucose,r1032,-9.04666,4.11793e-12,4.74474
524,2,zone_1,oxygen,r0855,-19.5697,-3.74346e-12,22.7377
524,2,zone_1,glucose,r1032,-9.04666,4.11793e-12,4.74474
524,2,zone_1,oxygen,r0855,-19.5697,-3.74346e-12,22.7377
524,6,zone_3,glucose,r1032,-9.04666,4.11793e-12,4.74474
524,6,zone_3,oxygen,r0855,-19.5328,-3.74346e-12,20.9053
524,6,zone_3,glucose,r1032,-9.04666,4.11793e-12,4.74474
524,6,zone_3,oxygen,r0855,-19.5328,-3.74346e-12,20.9053
524,3,zone_2,glucose,r1032,-9.04666,4.11793e-12,4.74474
524,3,zone_2,oxygen,r0855,-19.564,-3.74346e-12,22.434
524,3,zone_2,glucose,r1032,-9.04666,4.11793e-12,4.74474
524,3,zone_2,oxygen,r0855,-19.564,-3.74346e-12,22.434
524,7,zone_3,glucose,r1032,-9.04666,4.11793e-12,4.74474
524,7,zone_3,oxygen,r0855,-19.5301,-3.74346e-12,20.7791
524,7,zone_3,glucose,r1032,-9.04666,4.11793e-12,4.74474
524,7,zone_3,oxygen,r0855,-19.5301,-3.74346e-12,20.7791
526,8,zone_3,glucose,r1032,-9.04649,4.11793e-12,4.74379
526,8,zone_3,oxygen,r0855,-19.5272,-3.74346e-12,20.6491
526,4,zone_2,glucose,r1032,-9.04649,4.11793e-12,4.74379
526,4,zone_2,oxygen,r0855,-19.5624,-3.74346e-12,22.3503
526,4,zone_2,glucose,r1032,-9.04649,4.11793e-12,4.74379
526,4,zone_2,oxygen,r0855,-19.5624,-3.74346e-12,22.3503
526,8,zone_3,glucose,r1032,-9.04649,4.11793e-12,4.74379
526,8,zone_3,oxygen,r0855,-19.5272,-3.74346e-12,20.6491
526,0,zone_1,glucose,r1032,-9.04649,4.11793e-12,4.74379
526,0,zone_1,oxygen,r0855,-19.5696,-3.74346e-12,22.7352
526,0,zone_1,glucose,r1032,-9.04649,4.11793e-12,4.74379
526,0,zone_1,oxygen,r0855,-19.5696,-3.74346e-12,22.7352
526,5,zone_2,glucose,r1032,-9.04649,4.11793e-12,4.74379
526,5,zone_2,oxygen,r0855,-19.5618,-3.74346e-12,22.3182
526,5,zone_2,glucose,r1032,-9.04649,4.11793e-12,4.74379
526,5,zone_2,oxygen,r0855,-19.5618,-3.74346e-12,22.3182
526,1,zone_1,glucose,r1032,-9.04649,4.11793e-12,4.74379
526,1,zone_1,oxygen,r0855,-19.5696,-3.74346e-12,22.7352
526,1,zone_1,glucose,r1032,-9.04649,4.11793e-12,4.74379
526,1,zone_1,oxygen,r0855,-19.5696,-3.74346e-12,22.7352
526,6,zone_3,glucose,r1032,-9.04649,4.11793e-12,4.74379
526,6,zone_3,oxygen,r0855,-19.5319,-3.74346e-12,20.8638
526,2,zone_1,glucose,r1032,-9.04649,4.11793e-12,4.74379
526,2,zone_1,oxygen,r0855,-19.5689,-3.74346e-12,22.694
526,2,zone_1,glucose,r1032,-9.04649,4.11793e-12,4.74379
526,2,zone_1,oxygen,r0855,-19.5689,-3.74346e-12,22.694
526,6,zone_3,glucose,r1032,-9.04649,4.11793e-12,4.74379
526,6,zone_3,oxygen,r0855,-19.5319,-3.74346e-12,20.8638
526,3,zone_2,glucose,r1032,-9.04649,4.11793e-12,4.74379
526,3,zone_2,oxygen,r0855,-19.5631,-3.74346e-12,22.3904
526,3,zone_2,glucose,r1032,-9.04649,4.11793e-12,4.74379
526,3,zone_2,oxygen,r0855,-19.5631,-3.74346e-12,22.3904
526,7,zone_3,glucose,r1032,-9.04649,4.11793e-12,4.74379
526,7,zone_3,oxygen,r0855,-19.5291,-3.74346e-12,20.738
526,7,zone_3,glucose,r1032,-9.04649,4.11793e-12,4.74379
526,7,zone_3,oxygen,r0855,-19.5291,-3.74346e-12,20.738
528,8,zone_3,glucose,r1032,-9.04632,4.11793e-12,4.74284
528,8,zone_3,oxygen,r0855,-19.5263,-3.74346e-12,20.6082
528,8,zone_3,glucose,r1032,-9.04632,4.11793e-12,4.74284
528,8,zone_3,oxygen,r0855,-19.5263,-3.74346e-12,20.6082
528,0,zone_1,glucose,r1032,-9.04632,4.11793e-12,4.74284
528,0,zone_1,oxygen,r0855,-19.5688,-3.74346e-12,22.6917
528,0,zone_1,glucose,r1032,-9.04632,4.11793e-12,4.74284
528,0,zone_1,oxygen,r0855,-19.5688,-3.74346e-12,22.6917
528,4,zone_2,glucose,r1032,-9.04632,4.11793e-12,4.74284
528,4,zone_2,oxygen,r0855,-19.5615,-3.74346e-12,22.3069
528,4,zone_2,glucose,r1032,-9.04632,4.11793e-12,4.74284
528,4,zone_2,oxygen,r0855,-19.5615,-3.74346e-12,22.3069
528,1,zone_1,glucose,r1032,-9.04632,4.11793e-12,4.74284
528,1,zone_1,oxygen,r0855,-19.5688,-3.74346e-12,22.6917
528,1,zone_1,glucose,r1032,-9.04632,4.11793e-12,4.74284
528,1,zone_1,oxygen,r0855,-19.5688,-3.74346e-12,22.6917
528,5,zone_2,glucose,r1032,-9.04632,4.11793e-12,4.74284
528,5,zone_2,oxygen,r0855,-19.5609,-3.74346e-12,22.2749
528,5,zone_2,glucose,r1032,-9.04632,4.11793e-12,4.74284
528,5,zone_2,oxygen,r0855,-19.5609,-3.74346e-12,22.2749
528,2,zone_1,glucose,r1032,-9.04632,4.11793e-12,4.74284
528,2,zone_1,oxygen,r0855,-19.568,-3.74346e-12,22.6505
528,2,zone_1,glucose,r1032,-9.04632,4.11793e-12,4.74284
528,2,zone_1,oxygen,r0855,-19.568,-3.74346e-12,22.6505
528,6,zone_3,glucose,r1032,-9.04632,4.11793e-12,4.74284
528,6,zone_3,oxygen,r0855,-19.531,-3.74346e-12,20.8226
528,6,zone_3,glucose,r1032,-9.04632,4.11793e-12,4.74284
528,6,zone_3,oxygen,r0855,-19.531,-3.74346e-12,20.8226
528,3,zone_2,glucose,r1032,-9.04632,4.11793e-12,4.74284
528,3,zone_2,oxygen,r0855,-19.5623,-3.74346e-12,22.3471
528,3,zone_2,glucose,r1032,-9.04632,4.11793e-12,4.74284
528,3,zone_2,oxygen,r0855,-19.5623,-3.74346e-12,22.3471
528,7,zone_3,glucose,r1032,-9.04632,4.11793e-12,4.74284
528,7,zone_3,oxygen,r0855,-19.5282,-3.74346e-12,20.697
528,7,zone_3,glucose,r1032,-9.04632,4.11793e-12,4.74284
528,7,zone_3,oxygen,r0855,-19.5282,-3.74346e-12,20.697
530,0,zone_1,glucose,r1032,-9.04615,4.11793e-12,4.7419
530,0,zone_1,oxygen,r0855,-19.568,-3.74346e-12,22.6484
530,0,zone_1,glucose,r1032,-9.04615,4.11793e-12,4.7419
530,0,zone_1,oxygen,r0855,-19.568,-3.74346e-12,22.6484
530,4,zone_2,glucose,r1032,-9.04615,4.11793e-12,4.7419
530,4,zone_2,oxygen,r0855,-19.5607,-3.74346e-12,22.2638
530,4,zone_2,glucose,r1032,-9.04615,4.11793e-12,4.7419
530,4,zone_2,oxygen,r0855,-19.5607,-3.74346e-12,22.2638
530,8,zone_3,glucose,r1032,-9.04615,4.11793e-12,4.7419
530,8,zone_3,oxygen,r0855,-19.5253,-3.74346e-12,20.5676
530,8,zone_3,glucose,r1032,-9.04615,4.11793e-12,4.7419
530,8,zone_3,oxygen,r0855,-19.5253,-3.74346e-12,20.5676
530,1,zone_1,glucose,r1032,-9.04615,4.11793e-12,4.7419
530,1,zone_1,oxygen,r0855,-19.568,-3.74346e-12,22.6484
530,1,zone_1,glucose,r1032,-9.04615,4.11793e-12,4.7419
530,1,zone_1,oxygen,r0855,-19.568,-3.74346e-12,22.6484
530,5,zone_2,glucose,r1032,-9.04615,4.11793e-12,4.7419
530,5,zone_2,oxygen,r0855,-19.5601,-3.74346e-12,22.2317
530,5,zone_2,glucose,r1032,-9.04615,4.11793e-12,4.7419
530,5,zone_2,oxygen,r0855,-19.5601,-3.74346e-12,22.2317
530,2,zone_1,glucose,r1032,-9.04615,4.11793e-12,4.7419
530,2,zone_1,oxygen,r0855,-19.5672,-3.74346e-12,22.6071
530,2,zone_1,glucose,r1032,-9.04615,4.11793e-12,4.7419
530,2,zone_1,oxygen,r0855,-19.5672,-3.74346e-12,22.6071
530,6,zone_3,glucose,r1032,-9.04615,4.11793e-12,4.7419
530,6,zone_3,oxygen,r0855,-19.5301,-3.74346e-12,20.7816
530,6,zone_3,glucose,r1032,-9.04615,4.11793e-12,4.7419
530,6,zone_3,oxygen,r0855,-19.5301,-3.74346e-12,20.7816
530,3,zone_2,glucose,r1032,-9.04615,4.11793e-12,4.7419
530,3,zone_2,oxygen,r0855,-19.5615,-3.74346e-12,22.3039
530,3,zone_2,glucose,r1032,-9.04615,4.11793e-12,4.7419
530,3,zone_2,oxygen,r0855,-19.5615,-3.74346e-12,22.3039
530,7,zone_3,glucose,r1032,-9.04615,4.11793e-12,4.7419
530,7,zone_3,oxygen,r0855,-19.5273,-3.74346e-12,20.6562
530,7,zone_3,glucose,r1032,-9.04615,4.11793e-12,4.7419
530,7,zone_3,oxygen,r0855,-19.5273,-3.74346e-12,20.6562
532,0,zone_1,glucose,r1032,-9.04597,4.11793e-12,4.74095
532,0,zone_1,oxygen,r0855,-19.5672,-3.74346e-12,22.6053
532,0,zone_1,glucose,r1032,-9.04597,4.11793e-12,4.74095
532,0,zone_1,oxygen,r0855,-19.5672,-3.74346e-12,22.6053
532,4,zone_2,glucose,r1032,-9.04597,4.11793e-12,4.74095
532,4,zone_2,oxygen,r0855,-19.5599,-3.74346e-12,22.2208
532,8,zone_3,glucose,r1032,-9.04597,4.11793e-12,4.74095
532,8,zone_3,oxygen,r0855,-19.5244,-3.74346e-12,20.5271
532,4,zone_2,glucose,r1032,-9.04597,4.11793e-12,4.74095
532,4,zone_2,oxygen,r0855,-19.5599,-3.74346e-12,22.2208
532,8,zone_3,glucose,r1032,-9.04597,4.11793e-12,4.74095
532,8,zone_3,oxygen,r0855,-19.5244,-3.74346e-12,20.5271
532,1,zone_1,glucose,r1032,-9.04597,4.11793e-12,4.74095
532,1,zone_1,oxygen,r0855,-19.5672,-3.74346e-12,22.6053
532,1,zone_1,glucose,r1032,-9.04597,4.11793e-12,4.74095
532,1,zone_1,oxygen,r0855,-19.5672,-3.74346e-12,22.6053
532,5,zone_2,glucose,r1032,-9.04597,4.11793e-12,4.74095
532,5,zone_2,oxygen,r0855,-19.5593,-3.74346e-12,22.1887
532,5,zone_2,glucose,r1032,-9.04597,4.11793e-12,4.74095
532,5,zone_2,oxygen,r0855,-19.5593,-3.74346e-12,22.1887
532,2,zone_1,glucose,r1032,-9.04597,4.11793e-12,4.74095
532,2,zone_1,oxygen,r0855,-19.5664,-3.74346e-12,22.5639
532,2,zone_1,glucose,r1032,-9.04597,4.11793e-12,4.74095
532,2,zone_1,oxygen,r0855,-19.5664,-3.74346e-12,22.5639
532,6,zone_3,glucose,r1032,-9.04597,4.11793e-12,4.74095
532,6,zone_3,oxygen,r0855,-19.5292,-3.74346e-12,20.7407
532,6,zone_3,glucose,r1032,-9.04597,4.11793e-12,4.74095
532,6,zone_3,oxygen,r0855,-19.5292,-3.74346e-12,20.7407
532,3,zone_2,glucose,r1032,-9.04597,4.11793e-12,4.74095
532,3,zone_2,oxygen,r0855,-19.5607,-3.74346e-12,22.2609
532,3,zone_2,glucose,r1032,-9.04597,4.11793e-12,4.74095
532,3,zone_2,oxygen,r0855,-19.5607,-3.74346e-12,22.2609
532,7,zone_3,glucose,r1032,-9.04597,4.11793e-12,4.74095
532,7,zone_3,oxygen,r0855,-19.5264,-3.74346e-12,20.6155
532,7,zone_3,glucose,r1032,-9.04597,4.11793e-12,4.74095
532,7,zone_3,oxygen,r0855,-19.5264,-3.74346e-12,20.6155
534,4,zone_2,glucose,r1032,-9.0458,4.11793e-12,4.74
534,4,zone_2,oxygen,r0855,-19.559,-3.74346e-12,22.178
534,4,zone_2,glucose,r1032,-9.0458,4.11793e-12,4.74
534,4,zone_2,oxygen,r0855,-19.559,-3.74346e-12,22.178
534,0,zone_1,glucose,r1032,-9.0458,4.11793e-12,4.74
534,0,zone_1,oxygen,r0855,-19.5664,-3.74346e-12,22.5624
534,0,zone_1,glucose,r1032,-9.0458,4.11793e-12,4.74
534,0,zone_1,oxygen,r0855,-19.5664,-3.74346e-12,22.5624
534,8,zone_3,glucose,r1032,-9.0458,4.11793e-12,4.74
534,8,zone_3,oxygen,r0855,-19.5235,-3.74346e-12,20.4868
534,8,zone_3,glucose,r1032,-9.0458,4.11793e-12,4.74
534,8,zone_3,oxygen,r0855,-19.5235,-3.74346e-12,20.4868
534,5,zone_2,glucose,r1032,-9.0458,4.11793e-12,4.74
534,5,zone_2,oxygen,r0855,-19.5584,-3.74346e-12,22.1459
534,5,zone_2,glucose,r1032,-9.0458,4.11793e-12,4.74
534,5,zone_2,oxygen,r0855,-19.5584,-3.74346e-12,22.1459
534,1,zone_1,glucose,r1032,-9.0458,4.11793e-12,4.74
534,1,zone_1,oxygen,r0855,-19.5664,-3.74346e-12,22.5624
534,1,zone_1,glucose,r1032,-9.0458,4.11793e-12,4.74
534,1,zone_1,oxygen,r0855,-19.5664,-3.74346e-12,22.5624
534,6,zone_3,glucose,r1032,-9.0458,4.11793e-12,4.74
534,6,zone_3,oxygen,r0855,-19.5283,-3.74346e-12,20.7
534,6,zone_3,glucose,r1032,-9.0458,4.11793e-12,4.74
534,6,zone_3,oxygen,r0855,-19.5283,-3.74346e-12,20.7
534,2,zone_1,glucose,r1032,-9.0458,4.11793e-12,4.74
534,2,zone_1,oxygen,r0855,-19.5656,-3.74346e-12,22.521
534,2,zone_1,glucose,r1032,-9.0458,4.11793e-12,4.74
534,2,zone_1,oxygen,r0855,-19.5656,-3.74346e-12,22.521
534,3,zone_2,glucose,r1032,-9.0458,4.11793e-12,4.74
534,3,zone_2,oxygen,r0855,-19.5598,-3.74346e-12,22.2181
534,7,zone_3,glucose,r1032,-9.0458,4.11793e-12,4.74
534,7,zone_3,oxygen,r0855,-19.5255,-3.74346e-12,20.575
534,3,zone_2,glucose,r1032,-9.0458,4.11793e-12,4.74
534,3,zone_2,oxygen,r0855,-19.5598,-3.74346e-12,22.2181
534,7,zone_3,glucose,r1032,-9.0458,4.11793e-12,4.74
534,7,zone_3,oxygen,r0855,-19.5255,-3.74346e-12,20.575
536,0,zone_1,glucose,r1032,-9.04563,4.11793e-12,4.73905
536,0,zone_1,oxygen,r0855,-19.5656,-3.74346e-12,22.5197
536,0,zone_1,glucose,r1032,-9.04563,4.11793e-12,4.73905
536,0,zone_1,oxygen,r0855,-19.5656,-3.74346e-12,22.5197
536,8,zone_3,glucose,r1032,-9.04563,4.11793e-12,4.73905
536,8,zone_3,oxygen,r0855,-19.5226,-3.74346e-12,20.4467
536,8,zone_3,glucose,r1032,-9.04563,4.11793e-12,4.73905
536,8,zone_3,oxygen,r0855,-19.5226,-3.74346e-12,20.4467
536,4,zone_2,glucose,r1032,-9.04563,4.11793e-12,4.73905
536,4,zone_2,oxygen,r0855,-19.5582,-3.74346e-12,22.1354
536,4,zone_2,glucose,r1032,-9.04563,4.11793e-12,4.73905
536,4,zone_2,oxygen,r0855,-19.5582,-3.74346e-12,22.1354
536,1,zone_1,glucose,r1032,-9.04563,4.11793e-12,4.73905
536,1,zone_1,oxygen,r0855,-19.5656,-3.74346e-12,22.5197
536,1,zone_1,glucose,r1032,-9.04563,4.11793e-12,4.73905
536,1,zone_1,oxygen,r0855,-19.5656,-3.74346e-12,22.5197
536,5,zone_2,glucose,r1032,-9.04563,4.11793e-12,4.73905
536,5,zone_2,oxygen,r0855,-19.5576,-3.74346e-12,22.1033
536,5,zone_2,glucose,r1032,-9.04563,4.11793e-12,4.73905
536,5,zone_2,oxygen,r0855,-19.5576,-3.74346e-12,22.1033
536,2,zone_1,glucose,r1032,-9.04563,4.11793e-12,4.73905
536,2,zone_1,oxygen,r0855,-19.5648,-3.74346e-12,22.4782
536,2,zone_1,glucose,r1032,-9.04563,4.11793e-12,4.73905
536,2,zone_1,oxygen,r0855,-19.5648,-3.74346e-12,22.4782
536,6,zone_3,glucose,r1032,-9.04563,4.11793e-12,4.73905
536,6,zone_3,oxygen,r0855,-19.5274,-3.74346e-12,20.6595
536,6,zone_3,glucose,r1032,-9.04563,4.11793e-12,4.73905
536,6,zone_3,oxygen,r0855,-19.5274,-3.74346e-12,20.6595
536,3,zone_2,glucose,r1032,-9.04563,4.11793e-12,4.73905
536,3,zone_2,oxygen,r0855,-19.559,-3.74346e-12,22.1755
536,3,zone_2,glucose,r1032,-9.04563,4.11793e-12,4.73905
536,3,zone_2,oxygen,r0855,-19.559,-3.74346e-12,22.1755
536,7,zone_3,glucose,r1032,-9.04563,4.11793e-12,4.73905
536,7,zone_3,oxygen,r0855,-19.5246,-3.74346e-12,20.5347
536,7,zone_3,glucose,r1032,-9.04563,4.11793e-12,4.73905
536,7,zone_3,oxygen,r0855,-19.5246,-3.74346e-12,20.5347
538,0,zone_1,glucose,r1032,-9.04546,4.11793e-12,4.7381
538,0,zone_1,oxygen,r0855,-19.5648,-3.74346e-12,22.4771
538,0,zone_1,glucose,r1032,-9.04546,4.11793e-12,4.7381
538,0,zone_1,oxygen,r0855,-19.5648,-3.74346e-12,22.4771
538,8,zone_3,glucose,r1032,-9.04546,4.11793e-12,4.7381
538,8,zone_3,oxygen,r0855,-19.5217,-3.74346e-12,20.4067
538,8,zone_3,glucose,r1032,-9.04546,4.11793e-12,4.7381
538,8,zone_3,oxygen,r0855,-19.5217,-3.74346e-12,20.4067
538,4,zone_2,glucose,r1032,-9.04546,4.11793e-12,4.7381
538,4,zone_2,oxygen,r0855,-19.5574,-3.74346e-12,22.0929
538,4,zone_2,glucose,r1032,-9.04546,4.11793e-12,4.7381
538,4,zone_2,oxygen,r0855,-19.5574,-3.74346e-12,22.0929
538,1,zone_1,glucose,r1032,-9.04546,4.11793e-12,4.7381
538,1,zone_1,oxygen,r0855,-19.5648,-3.74346e-12,22.4771
538,1,zone_1,glucose,r1032,-9.04546,4.11793e-12,4.7381
538,1,zone_1,oxygen,r0855,-19.5648,-3.74346e-12,22.4771
538,5,zone_2,glucose,r1032,-9.04546,4.11793e-12,4.7381
538,5,zone_2,oxygen,r0855,-19.5568,-3.74346e-12,22.0609
538,5,zone_2,glucose,r1032,-9.04546,4.11793e-12,4.7381
538,5,zone_2,oxygen,r0855,-19.5568,-3.74346e-12,22.0609
538,2,zone_1,glucose,r1032,-9.04546,4.11793e-12,4.7381
538,2,zone_1,oxygen,r0855,-19.564,-3.74346e-12,22.4355
538,2,zone_1,glucose,r1032,-9.04546,4.11793e-12,4.7381
538,2,zone_1,oxygen,r0855,-19.564,-3.74346e-12,22.4355
538,6,zone_3,glucose,r1032,-9.04546,4.11793e-12,4.7381
538,6,zone_3,oxygen,r0855,-19.5265,-3.74346e-12,20.6191
538,6,zone_3,glucose,r1032,-9.04546,4.11793e-12,4.7381
538,6,zone_3,oxygen,r0855,-19.5265,-3.74346e-12,20.6191
538,3,zone_2,glucose,r1032,-9.04546,4.11793e-12,4.7381
538,3,zone_2,oxygen,r0855,-19.5582,-3.74346e-12,22.1331
538,3,zone_2,glucose,r1032,-9.04546,4.11793e-12,4.7381
538,3,zone_2,oxygen,r0855,-19.5582,-3.74346e-12,22.1331
538,7,zone_3,glucose,r1032,-9.04546,4.11793e-12,4.7381
538,7,zone_3,oxygen,r0855,-19.5237,-3.74346e-12,20.4946
538,7,zone_3,glucose,r1032,-9.04546,4.11793e-12,4.7381
538,7,zone_3,oxygen,r0855,-19.5237,-3.74346e-12,20.4946
540,4,zone_2,glucose,r1032,-9.04528,4.11793e-12,4.73716
540,4,zone_2,oxygen,r0855,-19.5566,-3.74346e-12,22.0507
540,4,zone_2,glucose,r1032,-9.04528,4.11793e-12,4.73716
540,4,zone_2,oxygen,r0855,-19.5566,-3.74346e-12,22.0507
540,0,zone_1,glucose,r1032,-9.04528,4.11793e-12,4.73716
540,0,zone_1,oxygen,r0855,-19.564,-3.74346e-12,22.4347
540,0,zone_1,glucose,r1032,-9.04528,4.11793e-12,4.73716
540,0,zone_1,oxygen,r0855,-19.564,-3.74346e-12,22.4347
540,8,zone_3,glucose,r1032,-9.04528,4.11793e-12,4.73716
540,8,zone_3,oxygen,r0855,-19.5208,-3.74346e-12,20.3669
540,8,zone_3,glucose,r1032,-9.04528,4.11793e-12,4.73716
540,8,zone_3,oxygen,r0855,-19.5208,-3.74346e-12,20.3669
540,1,zone_1,glucose,r1032,-9.04528,4.11793e-12,4.73716
540,1,zone_1,oxygen,r0855,-19.564,-3.74346e-12,22.4347
540,1,zone_1,glucose,r1032,-9.04528,4.11793e-12,4.73716
540,1,zone_1,oxygen,r0855,-19.564,-3.74346e-12,22.4347
540,5,zone_2,glucose,r1032,-9.04528,4.11793e-12,4.73716
540,5,zone_2,oxygen,r0855,-19.5559,-3.74346e-12,22.0186
540,5,zone_2,glucose,r1032,-9.04528,4.11793e-12,4.73716
540,5,zone_2,oxygen,r0855,-19.5559,-3.74346e-12,22.0186
540,2,zone_1,glucose,r1032,-9.04528,4.11793e-12,4.73716
540,2,zone_1,oxygen,r0855,-19.5632,-3.74346e-12,22.3931
540,2,zone_1,glucose,r1032,-9.04528,4.11793e-12,4.73716
540,2,zone_1,oxygen,r0855,-19.5632,-3.74346e-12,22.3931
540,6,zone_3,glucose,r1032,-9.04528,4.11793e-12,4.73716
540,6,zone_3,oxygen,r0855,-19.5256,-3.74346e-12,20.5789
540,6,zone_3,glucose,r1032,-9.04528,4.11793e-12,4.73716
540,6,zone_3,oxygen,r0855,-19.5256,-3.74346e-12,20.5789
540,3,zone_2,glucose,r1032,-9.04528,4.11793e-12,4.73716
540,3,zone_2,oxygen,r0855,-19.5573,-3.74346e-12,22.0909
540,3,zone_2,glucose,r1032,-9.04528,4.11793e-12,4.73716
540,3,zone_2,oxygen,r0855,-19.5573,-3.74346e-12,22.0909
540,7,zone_3,glucose,r1032,-9.04528,4.11793e-12,4.73716
540,7,zone_3,oxygen,r0855,-19.5228,-3.74346e-12,20.4547
540,7,zone_3,glucose,r1032,-9.04528,4.11793e-12,4.73716
540,7,zone_3,oxygen,r0855,-19.5228,-3.74346e-12,20.4547
542,0,zone_1,glucose,r1032,-9.04511,4.11793e-12,4.73621
542,0,zone_1,oxygen,r0855,-19.5632,-3.74346e-12,22.3925
542,0,zone_1,glucose,r1032,-9.04511,4.11793e-12,4.73621
542,0,zone_1,oxygen,r0855,-19.5632,-3.74346e-12,22.3925
542,8,zone_3,glucose,r1032,-9.04511,4.11793e-12,4.73621
542,8,zone_3,oxygen,r0855,-19.5199,-3.74346e-12,20.3273
542,8,zone_3,glucose,r1032,-9.04511,4.11793e-12,4.73621
542,8,zone_3,oxygen,r0855,-19.5199,-3.74346e-12,20.3273
542,4,zone_2,glucose,r1032,-9.04511,4.11793e-12,4.73621
542,4,zone_2,oxygen,r0855,-19.5557,-3.74346e-12,22.0086
542,4,zone_2,glucose,r1032,-9.04511,4.11793e-12,4.73621
542,4,zone_2,oxygen,r0855,-19.5557,-3.74346e-12,22.0086
542,1,zone_1,glucose,r1032,-9.04511,4.11793e-12,4.73621
542,1,zone_1,oxygen,r0855,-19.5632,-3.74346e-12,22.3925
542,1,zone_1,glucose,r1032,-9.04511,4.11793e-12,4.73621
542,1,zone_1,oxygen,r0855,-19.5632,-3.74346e-12,22.3925
542,5,zone_2,glucose,r1032,-9.04511,4.11793e-12,4.73621
542,5,zone_2,oxygen,r0855,-19.5551,-3.74346e-12,21.9765
542,5,zone_2,glucose,r1032,-9.04511,4.11793e-12,4.73621
542,5,zone_2,oxygen,r0855,-19.5551,-3.74346e-12,21.9765
542,2,zone_1,glucose,r1032,-9.04511,4.11793e-12,4.73621
542,2,zone_1,oxygen,r0855,-19.5624,-3.74346e-12,22.3509
542,2,zone_1,glucose,r1032,-9.04511,4.11793e-12,4.73621
542,2,zone_1,oxygen,r0855,-19.5624,-3.74346e-12,22.3509
542,6,zone_3,glucose,r1032,-9.04511,4.11793e-12,4.73621
542,6,zone_3,oxygen,r0855,-19.5247,-3.74346e-12,20.5389
542,6,zone_3,glucose,r1032,-9.04511,4.11793e-12,4.73621
542,6,zone_3,oxygen,r0855,-19.5247,-3.74346e-12,20.5389
542,3,zone_2,glucose,r1032,-9.04511,4.11793e-12,4.73621
542,3,zone_2,oxygen,r0855,-19.5565,-3.74346e-12,22.0488
542,3,zone_2,glucose,r1032,-9.04511,4.11793e-12,4.73621
542,3,zone_2,oxygen,r0855,-19.5565,-3.74346e-12,22.0488
542,7,zone_3,glucose,r1032,-9.04511,4.11793e-12,4.73621
542,7,zone_3,oxygen,r0855,-19.5219,-3.74346e-12,20.4149
542,7,zone_3,glucose,r1032,-9.04511,4.11793e-12,4.73621
542,7,zone_3,oxygen,r0855,-19.5219,-3.74346e-12,20.4149
544,0,zone_1,glucose,r1032,-9.04494,4.11793e-12,4.73526
544,0,zone_1,oxygen,r0855,-19.5624,-3.74346e-12,22.3505
544,0,zone_1,glucose,r1032,-9.04494,4.11793e-12,4.73526
544,0,zone_1,oxygen,r0855,-19.5624,-3.74346e-12,22.3505
544,8,zone_3,glucose,r1032,-9.04494,4.11793e-12,4.73526
544,8,zone_3,oxygen,r0855,-19.5189,-3.74346e-12,20.2878
544,8,zone_3,glucose,r1032,-9.04494,4.11793e-12,4.73526
544,8,zone_3,oxygen,r0855,-19.5189,-3.74346e-12,20.2878
544,4,zone_2,glucose,r1032,-9.04494,4.11793e-12,4.73526
544,4,zone_2,oxygen,r0855,-19.5549,-3.74346e-12,21.9667
544,4,zone_2,glucose,r1032,-9.04494,4.11793e-12,4.73526
544,4,zone_2,oxygen,r0855,-19.5549,-3.74346e-12,21.9667
544,1,zone_1,glucose,r1032,-9.04494,4.11793e-12,4.73526
544,1,zone_1,oxygen,r0855,-19.5624,-3.74346e-12,22.3505
544,1,zone_1,glucose,r1032,-9.04494,4.11793e-12,4.73526
544,1,zone_1,oxygen,r0855,-19.5624,-3.74346e-12,22.3505
544,5,zone_2,glucose,r1032,-9.04494,4.11793e-12,4.73526
544,5,zone_2,oxygen,r0855,-19.5543,-3.74346e-12,21.9347
544,5,zone_2,glucose,r1032,-9.04494,4.11793e-12,4.73526
544,5,zone_2,oxygen,r0855,-19.5543,-3.74346e-12,21.9347
544,2,zone_1,glucose,r1032,-9.04494,4.11793e-12,4.73526
544,2,zone_1,oxygen,r0855,-19.5616,-3.74346e-12,22.3088
544,2,zone_1,glucose,r1032,-9.04494,4.11793e-12,4.73526
544,2,zone_1,oxygen,r0855,-19.5616,-3.74346e-12,22.3088
544,6,zone_3,glucose,r1032,-9.04494,4.11793e-12,4.73526
544,6,zone_3,oxygen,r0855,-19.5238,-3.74346e-12,20.4991
544,3,zone_2,glucose,r1032,-9.04494,4.11793e-12,4.73526
544,3,zone_2,oxygen,r0855,-19.5557,-3.74346e-12,22.0069
544,6,zone_3,glucose,r1032,-9.04494,4.11793e-12,4.73526
544,6,zone_3,oxygen,r0855,-19.5238,-3.74346e-12,20.4991
544,3,zone_2,glucose,r1032,-9.04494,4.11793e-12,4.73526
544,3,zone_2,oxygen,r0855,-19.5557,-3.74346e-12,22.0069
544,7,zone_3,glucose,r1032,-9.04494,4.11793e-12,4.73526
544,7,zone_3,oxygen,r0855,-19.521,-3.74346e-12,20.3753
544,7,zone_3,glucose,r1032,-9.04494,4.11793e-12,4.73526
544,7,zone_3,oxygen,r0855,-19.521,-3.74346e-12,20.3753
546,0,zone_1,glucose,r1032,-9.04477,4.11793e-12,4.73431
546,0,zone_1,oxygen,r0855,-19.5616,-3.74346e-12,22.3087
546,0,zone_1,glucose,r1032,-9.04477,4.11793e-12,4.73431
546,0,zone_1,oxygen,r0855,-19.5616,-3.74346e-12,22.3087
546,8,zone_3,glucose,r1032,-9.04477,4.11793e-12,4.73431
546,8,zone_3,oxygen,r0855,-19.518,-3.74346e-12,20.2486
546,8,zone_3,glucose,r1032,-9.04477,4.11793e-12,4.73431
546,8,zone_3,oxygen,r0855,-19.518,-3.74346e-12,20.2486
546,4,zone_2,glucose,r1032,-9.04477,4.11793e-12,4.73431
546,4,zone_2,oxygen,r0855,-19.5541,-3.74346e-12,21.925
546,4,zone_2,glucose,r1032,-9.04477,4.11793e-12,4.73431
546,4,zone_2,oxygen,r0855,-19.5541,-3.74346e-12,21.925
546,1,zone_1,glucose,r1032,-9.04477,4.11793e-12,4.73431
546,1,zone_1,oxygen,r0855,-19.5616,-3.74346e-12,22.3087
546,1,zone_1,glucose,r1032,-9.04477,4.11793e-12,4.73431
546,1,zone_1,oxygen,r0855,-19.5616,-3.74346e-12,22.3087
546,5,zone_2,glucose,r1032,-9.04477,4.11793e-12,4.73431
546,5,zone_2,oxygen,r0855,-19.5534,-3.74346e-12,21.8929
546,5,zone_2,glucose,r1032,-9.04477,4.11793e-12,4.73431
546,5,zone_2,oxygen,r0855,-19.5534,-3.74346e-12,21.8929
546,2,zone_1,glucose,r1032,-9.04477,4.11793e-12,4.73431
546,2,zone_1,oxygen,r0855,-19.5608,-3.74346e-12,22.2669
546,2,zone_1,glucose,r1032,-9.04477,4.11793e-12,4.73431
546,2,zone_1,oxygen,r0855,-19.5608,-3.74346e-12,22.2669
546,6,zone_3,glucose,r1032,-9.04477,4.11793e-12,4.73431
546,6,zone_3,oxygen,r0855,-19.5229,-3.74346e-12,20.4594
546,6,zone_3,glucose,r1032,-9.04477,4.11793e-12,4.73431
546,6,zone_3,oxygen,r0855,-19.5229,-3.74346e-12,20.4594
546,3,zone_2,glucose,r1032,-9.04477,4.11793e-12,4.73431
546,3,zone_2,oxygen,r0855,-19.5549,-3.74346e-12,21.9652
546,3,zone_2,glucose,r1032,-9.04477,4.11793e-12,4.73431
546,3,zone_2,oxygen,r0855,-19.5549,-3.74346e-12,21.9652
546,7,zone_3,glucose,r1032,-9.04477,4.11793e-12,4.73431
546,7,zone_3,oxygen,r0855,-19.5201,-3.74346e-12,20.3358
546,7,zone_3,glucose,r1032,-9.04477,4.11793e-12,4.73431
546,7,zone_3,oxygen,r0855,-19.5201,-3.74346e-12,20.3358
548,0,zone_1,glucose,r1032,-9.04459,4.11793e-12,4.73337
548,0,zone_1,oxygen,r0855,-19.5608,-3.74346e-12,22.267
548,0,zone_1,glucose,r1032,-9.04459,4.11793e-12,4.73337
548,0,zone_1,oxygen,r0855,-19.5608,-3.74346e-12,22.267
548,8,zone_3,glucose,r1032,-9.04459,4.11793e-12,4.73337
548,8,zone_3,oxygen,r0855,-19.5171,-3.74346e-12,20.2095
548,8,zone_3,glucose,r1032,-9.04459,4.11793e-12,4.73337
548,8,zone_3,oxygen,r0855,-19.5171,-3.74346e-12,20.2095
548,4,zone_2,glucose,r1032,-9.04459,4.11793e-12,4.73337
548,4,zone_2,oxygen,r0855,-19.5532,-3.74346e-12,21.8835
548,4,zone_2,glucose,r1032,-9.04459,4.11793e-12,4.73337
548,4,zone_2,oxygen,r0855,-19.5532,-3.74346e-12,21.8835
548,1,zone_1,glucose,r1032,-9.04459,4.11793e-12,4.73337
548,1,zone_1,oxygen,r0855,-19.5608,-3.74346e-12,22.267
548,1,zone_1,glucose,r1032,-9.04459,4.11793e-12,4.73337
548,1,zone_1,oxygen,r0855,-19.5608,-3.74346e-12,22.267
548,5,zone_2,glucose,r1032,-9.04459,4.11793e-12,4.73337
548,5,zone_2,oxygen,r0855,-19.5526,-3.74346e-12,21.8514
548,5,zone_2,glucose,r1032,-9.04459,4.11793e-12,4.73337
548,5,zone_2,oxygen,r0855,-19.5526,-3.74346e-12,21.8514
548,2,zone_1,glucose,r1032,-9.04459,4.11793e-12,4.73337
548,2,zone_1,oxygen,r0855,-19.56,-3.74346e-12,22.2252
548,2,zone_1,glucose,r1032,-9.04459,4.11793e-12,4.73337
548,2,zone_1,oxygen,r0855,-19.56,-3.74346e-12,22.2252
548,6,zone_3,glucose,r1032,-9.04459,4.11793e-12,4.73337
548,6,zone_3,oxygen,r0855,-19.522,-3.74346e-12,20.42
548,6,zone_3,glucose,r1032,-9.04459,4.11793e-12,4.73337
548,6,zone_3,oxygen,r0855,-19.522,-3.74346e-12,20.42
548,3,zone_2,glucose,r1032,-9.04459,4.11793e-12,4.73337
548,3,zone_2,oxygen,r0855,-19.554,-3.74346e-12,21.9237
548,3,zone_2,glucose,r1032,-9.04459,4.11793e-12,4.73337
548,3,zone_2,oxygen,r0855,-19.554,-3.74346e-12,21.9237
548,7,zone_3,glucose,r1032,-9.04459,4.11793e-12,4.73337
548,7,zone_3,oxygen,r0855,-19.5192,-3.74346e-12,20.2966
548,7,zone_3,glucose,r1032,-9.04459,4.11793e-12,4.73337
548,7,zone_3,oxygen,r0855,-19.5192,-3.74346e-12,20.2966
550,4,zone_2,glucose,r1032,-9.04442,4.11793e-12,4.73242
550,4,zone_2,oxygen,r0855,-19.5524,-3.74346e-12,21.8421
550,4,zone_2,glucose,r1032,-9.04442,4.11793e-12,4.73242
550,4,zone_2,oxygen,r0855,-19.5524,-3.74346e-12,21.8421
550,0,zone_1,glucose,r1032,-9.04442,4.11793e-12,4.73242
550,0,zone_1,oxygen,r0855,-19.56,-3.74346e-12,22.2255
550,0,zone_1,glucose,r1032,-9.04442,4.11793e-12,4.73242
550,0,zone_1,oxygen,r0855,-19.56,-3.74346e-12,22.2255
550,8,zone_3,glucose,r1032,-9.04442,4.11793e-12,4.73242
550,8,zone_3,oxygen,r0855,-19.5162,-3.74346e-12,20.1705
550,8,zone_3,glucose,r1032,-9.04442,4.11793e-12,4.73242
550,8,zone_3,oxygen,r0855,-19.5162,-3.74346e-12,20.1705
550,5,zone_2,glucose,r1032,-9.04442,4.11793e-12,4.73242
550,5,zone_2,oxygen,r0855,-19.5518,-3.74346e-12,21.8101
550,5,zone_2,glucose,r1032,-9.04442,4.11793e-12,4.73242
550,5,zone_2,oxygen,r0855,-19.5518,-3.74346e-12,21.8101
550,1,zone_1,glucose,r1032,-9.04442,4.11793e-12,4.73242
550,1,zone_1,oxygen,r0855,-19.56,-3.74346e-12,22.2255
550,1,zone_1,glucose,r1032,-9.04442,4.11793e-12,4.73242
550,1,zone_1,oxygen,r0855,-19.56,-3.74346e-12,22.2255
550,6,zone_3,glucose,r1032,-9.04442,4.11793e-12,4.73242
550,6,zone_3,oxygen,r0855,-19.5211,-3.74346e-12,20.3806
550,6,zone_3,glucose,r1032,-9.04442,4.11793e-12,4.73242
550,6,zone_3,oxygen,r0855,-19.5211,-3.74346e-12,20.3806
550,2,zone_1,glucose,r1032,-9.04442,4.11793e-12,4.73242
550,2,zone_1,oxygen,r0855,-19.5592,-3.74346e-12,22.1836
550,2,zone_1,glucose,r1032,-9.04442,4.11793e-12,4.73242
550,2,zone_1,oxygen,r0855,-19.5592,-3.74346e-12,22.1836
550,7,zone_3,glucose,r1032,-9.04442,4.11793e-12,4.73242
550,7,zone_3,oxygen,r0855,-19.5182,-3.74346e-12,20.2575
550,7,zone_3,glucose,r1032,-9.04442,4.11793e-12,4.73242
550,7,zone_3,oxygen,r0855,-19.5182,-3.74346e-12,20.2575
550,3,zone_2,glucose,r1032,-9.04442,4.11793e-12,4.73242
550,3,zone_2,oxygen,r0855,-19.5532,-3.74346e-12,21.8823
550,3,zone_2,glucose,r1032,-9.04442,4.11793e-12,4.73242
550,3,zone_2,oxygen,r0855,-19.5532,-3.74346e-12,21.8823
552,4,zone_2,glucose,r1032,-9.04425,4.11793e-12,4.73147
552,4,zone_2,oxygen,r0855,-19.5516,-3.74346e-12,21.801
552,4,zone_2,glucose,r1032,-9.04425,4.11793e-12,4.73147
552,4,zone_2,oxygen,r0855,-19.5516,-3.74346e-12,21.801
552,0,zone_1,glucose,r1032,-9.04425,4.11793e-12,4.73147
552,0,zone_1,oxygen,r0855,-19.5592,-3.74346e-12,22.1842
552,0,zone_1,glucose,r1032,-9.04425,4.11793e-12,4.73147
552,0,zone_1,oxygen,r0855,-19.5592,-3.74346e-12,22.1842
552,8,zone_3,glucose,r1032,-9.04425,4.11793e-12,4.73147
552,8,zone_3,oxygen,r0855,-19.5153,-3.74346e-12,20.1317
552,8,zone_3,glucose,r1032,-9.04425,4.11793e-12,4.73147
552,8,zone_3,oxygen,r0855,-19.5153,-3.74346e-12,20.1317
552,5,zone_2,glucose,r1032,-9.04425,4.11793e-12,4.73147
552,5,zone_2,oxygen,r0855,-19.5509,-3.74346e-12,21.7689
552,5,zone_2,glucose,r1032,-9.04425,4.11793e-12,4.73147
552,5,zone_2,oxygen,r0855,-19.5509,-3.74346e-12,21.7689
552,1,zone_1,glucose,r1032,-9.04425,4.11793e-12,4.73147
552,1,zone_1,oxygen,r0855,-19.5592,-3.74346e-12,22.1842
552,1,zone_1,glucose,r1032,-9.04425,4.11793e-12,4.73147
552,1,zone_1,oxygen,r0855,-19.5592,-3.74346e-12,22.1842
552,6,zone_3,glucose,r1032,-9.04425,4.11793e-12,4.73147
552,6,zone_3,oxygen,r0855,-19.5202,-3.74346e-12,20.3415
552,6,zone_3,glucose,r1032,-9.04425,4.11793e-12,4.73147
552,6,zone_3,oxygen,r0855,-19.5202,-3.74346e-12,20.3415
552,2,zone_1,glucose,r1032,-9.04425,4.11793e-12,4.73147
552,2,zone_1,oxygen,r0855,-19.5583,-3.74346e-12,22.1423
552,2,zone_1,glucose,r1032,-9.04425,4.11793e-12,4.73147
552,2,zone_1,oxygen,r0855,-19.5583,-3.74346e-12,22.1423
552,7,zone_3,glucose,r1032,-9.04425,4.11793e-12,4.73147
552,7,zone_3,oxygen,r0855,-19.5173,-3.74346e-12,20.2185
552,7,zone_3,glucose,r1032,-9.04425,4.11793e-12,4.73147
552,7,zone_3,oxygen,r0855,-19.5173,-3.74346e-12,20.2185
552,3,zone_2,glucose,r1032,-9.04425,4.11793e-12,4.73147
552,3,zone_2,oxygen,r0855,-19.5524,-3.74346e-12,21.8411
552,3,zone_2,glucose,r1032,-9.04425,4.11793e-12,4.73147
552,3,zone_2,oxygen,r0855,-19.5524,-3.74346e-12,21.8411
554,0,zone_1,glucose,r1032,-9.04407,4.11793e-12,4.73053
554,0,zone_1,oxygen,r0855,-19.5584,-3.74346e-12,22.1431
554,0,zone_1,glucose,r1032,-9.04407,4.11793e-12,4.73053
554,0,zone_1,oxygen,r0855,-19.5584,-3.74346e-12,22.1431
554,4,zone_2,glucose,r1032,-9.04407,4.11793e-12,4.73053
554,4,zone_2,oxygen,r0855,-19.5508,-3.74346e-12,21.76
554,4,zone_2,glucose,r1032,-9.04407,4.11793e-12,4.73053
554,4,zone_2,oxygen,r0855,-19.5508,-3.74346e-12,21.76
554,8,zone_3,glucose,r1032,-9.04407,4.11793e-12,4.73053
554,8,zone_3,oxygen,r0855,-19.5144,-3.74346e-12,20.0931
554,8,zone_3,glucose,r1032,-9.04407,4.11793e-12,4.73053
554,8,zone_3,oxygen,r0855,-19.5144,-3.74346e-12,20.0931
554,5,zone_2,glucose,r1032,-9.04407,4.11793e-12,4.73053
554,5,zone_2,oxygen,r0855,-19.5501,-3.74346e-12,21.7279
554,5,zone_2,glucose,r1032,-9.04407,4.11793e-12,4.73053
554,5,zone_2,oxygen,r0855,-19.5501,-3.74346e-12,21.7279
554,1,zone_1,glucose,r1032,-9.04407,4.11793e-12,4.73053
554,1,zone_1,oxygen,r0855,-19.5584,-3.74346e-12,22.1431
554,1,zone_1,glucose,r1032,-9.04407,4.11793e-12,4.73053
554,1,zone_1,oxygen,r0855,-19.5584,-3.74346e-12,22.1431
554,6,zone_3,glucose,r1032,-9.04407,4.11793e-12,4.73053
554,6,zone_3,oxygen,r0855,-19.5193,-3.74346e-12,20.3025
554,6,zone_3,glucose,r1032,-9.04407,4.11793e-12,4.73053
554,6,zone_3,oxygen,r0855,-19.5193,-3.74346e-12,20.3025
554,2,zone_1,glucose,r1032,-9.04407,4.11793e-12,4.73053
554,2,zone_1,oxygen,r0855,-19.5575,-3.74346e-12,22.1011
554,2,zone_1,glucose,r1032,-9.04407,4.11793e-12,4.73053
554,2,zone_1,oxygen,r0855,-19.5575,-3.74346e-12,22.1011
554,3,zone_2,glucose,r1032,-9.04407,4.11793e-12,4.73053
554,3,zone_2,oxygen,r0855,-19.5516,-3.74346e-12,21.8001
554,3,zone_2,glucose,r1032,-9.04407,4.11793e-12,4.73053
554,3,zone_2,oxygen,r0855,-19.5516,-3.74346e-12,21.8001
554,7,zone_3,glucose,r1032,-9.04407,4.11793e-12,4.73053
554,7,zone_3,oxygen,r0855,-19.5164,-3.74346e-12,20.1797
554,7,zone_3,glucose,r1032,-9.04407,4.11793e-12,4.73053
554,7,zone_3,oxygen,r0855,-19.5164,-3.74346e-12,20.1797
556,8,zone_3,glucose,r1032,-9.0439,4.11793e-12,4.72958
556,8,zone_3,oxygen,r0855,-19.5135,-3.74346e-12,20.0547
556,8,zone_3,glucose,r1032,-9.0439,4.11793e-12,4.72958
556,8,zone_3,oxygen,r0855,-19.5135,-3.74346e-12,20.0547
556,0,zone_1,glucose,r1032,-9.0439,4.11793e-12,4.72958
556,0,zone_1,oxygen,r0855,-19.5576,-3.74346e-12,22.1021
556,0,zone_1,glucose,r1032,-9.0439,4.11793e-12,4.72958
556,0,zone_1,oxygen,r0855,-19.5576,-3.74346e-12,22.1021
556,4,zone_2,glucose,r1032,-9.0439,4.11793e-12,4.72958
556,4,zone_2,oxygen,r0855,-19.5499,-3.74346e-12,21.7191
556,4,zone_2,glucose,r1032,-9.0439,4.11793e-12,4.72958
556,4,zone_2,oxygen,r0855,-19.5499,-3.74346e-12,21.7191
556,1,zone_1,glucose,r1032,-9.0439,4.11793e-12,4.72958
556,1,zone_1,oxygen,r0855,-19.5576,-3.74346e-12,22.1021
556,1,zone_1,glucose,r1032,-9.0439,4.11793e-12,4.72958
556,1,zone_1,oxygen,r0855,-19.5576,-3.74346e-12,22.1021
556,5,zone_2,glucose,r1032,-9.0439,4.11793e-12,4.72958
556,5,zone_2,oxygen,r0855,-19.5493,-3.74346e-12,21.6871
556,5,zone_2,glucose,r1032,-9.0439,4.11793e-12,4.72958
556,5,zone_2,oxygen,r0855,-19.5493,-3.74346e-12,21.6871
556,2,zone_1,glucose,r1032,-9.0439,4.11793e-12,4.72958
556,2,zone_1,oxygen,r0855,-19.5567,-3.74346e-12,22.0601
556,2,zone_1,glucose,r1032,-9.0439,4.11793e-12,4.72958
556,2,zone_1,oxygen,r0855,-19.5567,-3.74346e-12,22.0601
556,6,zone_3,glucose,r1032,-9.0439,4.11793e-12,4.72958
556,6,zone_3,oxygen,r0855,-19.5184,-3.74346e-12,20.2637
556,6,zone_3,glucose,r1032,-9.0439,4.11793e-12,4.72958
556,6,zone_3,oxygen,r0855,-19.5184,-3.74346e-12,20.2637
556,3,zone_2,glucose,r1032,-9.0439,4.11793e-12,4.72958
556,3,zone_2,oxygen,r0855,-19.5507,-3.74346e-12,21.7593
556,3,zone_2,glucose,r1032,-9.0439,4.11793e-12,4.72958
556,3,zone_2,oxygen,r0855,-19.5507,-3.74346e-12,21.7593
556,7,zone_3,glucose,r1032,-9.0439,4.11793e-12,4.72958
556,7,zone_3,oxygen,r0855,-19.5155,-3.74346e-12,20.1411
556,7,zone_3,glucose,r1032,-9.0439,4.11793e-12,4.72958
556,7,zone_3,oxygen,r0855,-19.5155,-3.74346e-12,20.1411
558,0,zone_1,glucose,r1032,-9.04373,4.11793e-12,4.72864
558,0,zone_1,oxygen,r0855,-19.5568,-3.74346e-12,22.0614
558,0,zone_1,glucose,r1032,-9.04373,4.11793e-12,4.72864
558,0,zone_1,oxygen,r0855,-19.5568,-3.74346e-12,22.0614
558,8,zone_3,glucose,r1032,-9.04373,4.11793e-12,4.72864
558,8,zone_3,oxygen,r0855,-19.5126,-3.74346e-12,20.0164
558,8,zone_3,glucose,r1032,-9.04373,4.11793e-12,4.72864
558,8,zone_3,oxygen,r0855,-19.5126,-3.74346e-12,20.0164
558,4,zone_2,glucose,r1032,-9.04373,4.11793e-12,4.72864
558,4,zone_2,oxygen,r0855,-19.5491,-3.74346e-12,21.6785
558,4,zone_2,glucose,r1032,-9.04373,4.11793e-12,4.72864
558,4,zone_2,oxygen,r0855,-19.5491,-3.74346e-12,21.6785
558,1,zone_1,glucose,r1032,-9.04373,4.11793e-12,4.72864
558,1,zone_1,oxygen,r0855,-19.5568,-3.74346e-12,22.0614
558,1,zone_1,glucose,r1032,-9.04373,4.11793e-12,4.72864
558,1,zone_1,oxygen,r0855,-19.5568,-3.74346e-12,22.0614
558,5,zone_2,glucose,r1032,-9.04373,4.11793e-12,4.72864
558,5,zone_2,oxygen,r0855,-19.5485,-3.74346e-12,21.6464
558,5,zone_2,glucose,r1032,-9.04373,4.11793e-12,4.72864
558,5,zone_2,oxygen,r0855,-19.5485,-3.74346e-12,21.6464
558,2,zone_1,glucose,r1032,-9.04373,4.11793e-12,4.72864
558,2,zone_1,oxygen,r0855,-19.5559,-3.74346e-12,22.0193
558,2,zone_1,glucose,r1032,-9.04373,4.11793e-12,4.72864
558,2,zone_1,oxygen,r0855,-19.5559,-3.74346e-12,22.0193
558,6,zone_3,glucose,r1032,-9.04373,4.11793e-12,4.72864
558,6,zone_3,oxygen,r0855,-19.5175,-3.74346e-12,20.225
558,6,zone_3,glucose,r1032,-9.04373,4.11793e-12,4.72864
558,6,zone_3,oxygen,r0855,-19.5175,-3.74346e-12,20.225
558,3,zone_2,glucose,r1032,-9.04373,4.11793e-12,4.72864
558,3,zone_2,oxygen,r0855,-19.5499,-3.74346e-12,21.7187
558,3,zone_2,glucose,r1032,-9.04373,4.11793e-12,4.72864
558,3,zone_2,oxygen,r0855,-19.5499,-3.74346e-12,21.7187
558,7,zone_3,glucose,r1032,-9.04373,4.11793e-12,4.72864
558,7,zone_3,oxygen,r0855,-19.5146,-3.74346e-12,20.1027
558,7,zone_3,glucose,r1032,-9.04373,4.11793e-12,4.72864
558,7,zone_3,oxygen,r0855,-19.5146,-3.74346e-12,20.1027
560,0,zone_1,glucose,r1032,-9.04355,4.11793e-12,4.72769
560,0,zone_1,oxygen,r0855,-19.556,-3.74346e-12,22.0208
560,0,zone_1,glucose,r1032,-9.04355,4.11793e-12,4.72769
560,0,zone_1,oxygen,r0855,-19.556,-3.74346e-12,22.0208
560,4,zone_2,glucose,r1032,-9.04355,4.11793e-12,4.72769
560,4,zone_2,oxygen,r0855,-19.5483,-3.74346e-12,21.638
560,4,zone_2,glucose,r1032,-9.04355,4.11793e-12,4.72769
560,4,zone_2,oxygen,r0855,-19.5483,-3.74346e-12,21.638
560,8,zone_3,glucose,r1032,-9.04355,4.11793e-12,4.72769
560,8,zone_3,oxygen,r0855,-19.5117,-3.74346e-12,19.9783
560,8,zone_3,glucose,r1032,-9.04355,4.11793e-12,4.72769
560,8,zone_3,oxygen,r0855,-19.5117,-3.74346e-12,19.9783
560,1,zone_1,glucose,r1032,-9.04355,4.11793e-12,4.72769
560,1,zone_1,oxygen,r0855,-19.556,-3.74346e-12,22.0208
560,1,zone_1,glucose,r1032,-9.04355,4.11793e-12,4.72769
560,1,zone_1,oxygen,r0855,-19.556,-3.74346e-12,22.0208
560,5,zone_2,glucose,r1032,-9.04355,4.11793e-12,4.72769
560,5,zone_2,oxygen,r0855,-19.5476,-3.74346e-12,21.6059
560,5,zone_2,glucose,r1032,-9.04355,4.11793e-12,4.72769
560,5,zone_2,oxygen,r0855,-19.5476,-3.74346e-12,21.6059
560,2,zone_1,glucose,r1032,-9.04355,4.11793e-12,4.72769
560,2,zone_1,oxygen,r0855,-19.5551,-3.74346e-12,21.9786
560,2,zone_1,glucose,r1032,-9.04355,4.11793e-12,4.72769
560,2,zone_1,oxygen,r0855,-19.5551,-3.74346e-12,21.9786
560,6,zone_3,glucose,r1032,-9.04355,4.11793e-12,4.72769
560,6,zone_3,oxygen,r0855,-19.5166,-3.74346e-12,20.1865
560,3,zone_2,glucose,r1032,-9.04355,4.11793e-12,4.72769
560,3,zone_2,oxygen,r0855,-19.5491,-3.74346e-12,21.6782
560,6,zone_3,glucose,r1032,-9.04355,4.11793e-12,4.72769
560,6,zone_3,oxygen,r0855,-19.5166,-3.74346e-12,20.1865
560,3,zone_2,glucose,r1032,-9.04355,4.11793e-12,4.72769
560,3,zone_2,oxygen,r0855,-19.5491,-3.74346e-12,21.6782
560,7,zone_3,glucose,r1032,-9.04355,4.11793e-12,4.72769
560,7,zone_3,oxygen,r0855,-19.5137,-3.74346e-12,20.0644
560,7,zone_3,glucose,r1032,-9.04355,4.11793e-12,4.72769
560,7,zone_3,oxygen,r0855,-19.5137,-3.74346e-12,20.0644
562,8,zone_3,glucose,r1032,-9.04338,4.11793e-12,4.72675
562,8,zone_3,oxygen,r0855,-19.5108,-3.74346e-12,19.9403
562,0,zone_1,glucose,r1032,-9.04338,4.11793e-12,4.72675
562,0,zone_1,oxygen,r0855,-19.5552,-3.74346e-12,21.9803
562,8,zone_3,glucose,r1032,-9.04338,4.11793e-12,4.72675
562,8,zone_3,oxygen,r0855,-19.5108,-3.74346e-12,19.9403
562,4,zone_2,glucose,r1032,-9.04338,4.11793e-12,4.72675
562,4,zone_2,oxygen,r0855,-19.5475,-3.74346e-12,21.5977
562,0,zone_1,glucose,r1032,-9.04338,4.11793e-12,4.72675
562,0,zone_1,oxygen,r0855,-19.5552,-3.74346e-12,21.9803
562,4,zone_2,glucose,r1032,-9.04338,4.11793e-12,4.72675
562,4,zone_2,oxygen,r0855,-19.5475,-3.74346e-12,21.5977
562,1,zone_1,glucose,r1032,-9.04338,4.11793e-12,4.72675
562,1,zone_1,oxygen,r0855,-19.5552,-3.74346e-12,21.9803
562,1,zone_1,glucose,r1032,-9.04338,4.11793e-12,4.72675
562,1,zone_1,oxygen,r0855,-19.5552,-3.74346e-12,21.9803
562,5,zone_2,glucose,r1032,-9.04338,4.11793e-12,4.72675
562,5,zone_2,oxygen,r0855,-19.5468,-3.74346e-12,21.5656
562,5,zone_2,glucose,r1032,-9.04338,4.11793e-12,4.72675
562,5,zone_2,oxygen,r0855,-19.5468,-3.74346e-12,21.5656
562,2,zone_1,glucose,r1032,-9.04338,4.11793e-12,4.72675
562,2,zone_1,oxygen,r0855,-19.5543,-3.74346e-12,21.9382
562,2,zone_1,glucose,r1032,-9.04338,4.11793e-12,4.72675
562,2,zone_1,oxygen,r0855,-19.5543,-3.74346e-12,21.9382
562,6,zone_3,glucose,r1032,-9.04338,4.11793e-12,4.72675
562,6,zone_3,oxygen,r0855,-19.5157,-3.74346e-12,20.1482
562,6,zone_3,glucose,r1032,-9.04338,4.11793e-12,4.72675
562,6,zone_3,oxygen,r0855,-19.5157,-3.74346e-12,20.1482
562,3,zone_2,glucose,r1032,-9.04338,4.11793e-12,4.72675
562,3,zone_2,oxygen,r0855,-19.5483,-3.74346e-12,21.6379
562,3,zone_2,glucose,r1032,-9.04338,4.11793e-12,4.72675
562,3,zone_2,oxygen,r0855,-19.5483,-3.74346e-12,21.6379
562,7,zone_3,glucose,r1032,-9.04338,4.11793e-12,4.72675
562,7,zone_3,oxygen,r0855,-19.5128,-3.74346e-12,20.0263
562,7,zone_3,glucose,r1032,-9.04338,4.11793e-12,4.72675
562,7,zone_3,oxygen,r0855,-19.5128,-3.74346e-12,20.0263
564,4,zone_2,glucose,r1032,-9.04321,4.11793e-12,4.7258
564,4,zone_2,oxygen,r0855,-19.5466,-3.74346e-12,21.5576
564,4,zone_2,glucose,r1032,-9.04321,4.11793e-12,4.7258
564,4,zone_2,oxygen,r0855,-19.5466,-3.74346e-12,21.5576
564,8,zone_3,glucose,r1032,-9.04321,4.11793e-12,4.7258
564,8,zone_3,oxygen,r0855,-19.5099,-3.74346e-12,19.9025
564,8,zone_3,glucose,r1032,-9.04321,4.11793e-12,4.7258
564,8,zone_3,oxygen,r0855,-19.5099,-3.74346e-12,19.9025
564,0,zone_1,glucose,r1032,-9.04321,4.11793e-12,4.7258
564,0,zone_1,oxygen,r0855,-19.5544,-3.74346e-12,21.9401
564,0,zone_1,glucose,r1032,-9.04321,4.11793e-12,4.7258
564,0,zone_1,oxygen,r0855,-19.5544,-3.74346e-12,21.9401
564,5,zone_2,glucose,r1032,-9.04321,4.11793e-12,4.7258
564,5,zone_2,oxygen,r0855,-19.546,-3.74346e-12,21.5255
564,5,zone_2,glucose,r1032,-9.04321,4.11793e-12,4.7258
564,5,zone_2,oxygen,r0855,-19.546,-3.74346e-12,21.5255
564,1,zone_1,glucose,r1032,-9.04321,4.11793e-12,4.7258
564,1,zone_1,oxygen,r0855,-19.5544,-3.74346e-12,21.9401
564,1,zone_1,glucose,r1032,-9.04321,4.11793e-12,4.7258
564,1,zone_1,oxygen,r0855,-19.5544,-3.74346e-12,21.9401
564,6,zone_3,glucose,r1032,-9.04321,4.11793e-12,4.7258
564,6,zone_3,oxygen,r0855,-19.5148,-3.74346e-12,20.11
564,6,zone_3,glucose,r1032,-9.04321,4.11793e-12,4.7258
564,6,zone_3,oxygen,r0855,-19.5148,-3.74346e-12,20.11
564,2,zone_1,glucose,r1032,-9.04321,4.11793e-12,4.7258
564,2,zone_1,oxygen,r0855,-19.5535,-3.74346e-12,21.8979
564,2,zone_1,glucose,r1032,-9.04321,4.11793e-12,4.7258
564,2,zone_1,oxygen,r0855,-19.5535,-3.74346e-12,21.8979
564,3,zone_2,glucose,r1032,-9.04321,4.11793e-12,4.7258
564,3,zone_2,oxygen,r0855,-19.5475,-3.74346e-12,21.5978
564,3,zone_2,glucose,r1032,-9.04321,4.11793e-12,4.7258
564,3,zone_2,oxygen,r0855,-19.5475,-3.74346e-12,21.5978
564,7,zone_3,glucose,r1032,-9.04321,4.11793e-12,4.7258
564,7,zone_3,oxygen,r0855,-19.5119,-3.74346e-12,19.9884
564,7,zone_3,glucose,r1032,-9.04321,4.11793e-12,4.7258
564,7,zone_3,oxygen,r0855,-19.5119,-3.74346e-12,19.9884
566,4,zone_2,glucose,r1032,-9.04304,4.11793e-12,4.72486
566,4,zone_2,oxygen,r0855,-19.5458,-3.74346e-12,21.5176
566,4,zone_2,glucose,r1032,-9.04304,4.11793e-12,4.72486
566,4,zone_2,oxygen,r0855,-19.5458,-3.74346e-12,21.5176
566,0,zone_1,glucose,r1032,-9.04304,4.11793e-12,4.72486
566,0,zone_1,oxygen,r0855,-19.5536,-3.74346e-12,21.9
566,0,zone_1,glucose,r1032,-9.04304,4.11793e-12,4.72486
566,0,zone_1,oxygen,r0855,-19.5536,-3.74346e-12,21.9
566,8,zone_3,glucose,r1032,-9.04304,4.11793e-12,4.72486
566,8,zone_3,oxygen,r0855,-19.509,-3.74346e-12,19.8649
566,8,zone_3,glucose,r1032,-9.04304,4.11793e-12,4.72486
566,8,zone_3,oxygen,r0855,-19.509,-3.74346e-12,19.8649
566,5,zone_2,glucose,r1032,-9.04304,4.11793e-12,4.72486
566,5,zone_2,oxygen,r0855,-19.5452,-3.74346e-12,21.4856
566,5,zone_2,glucose,r1032,-9.04304,4.11793e-12,4.72486
566,5,zone_2,oxygen,r0855,-19.5452,-3.74346e-12,21.4856
566,1,zone_1,glucose,r1032,-9.04304,4.11793e-12,4.72486
566,1,zone_1,oxygen,r0855,-19.5536,-3.74346e-12,21.9
566,1,zone_1,glucose,r1032,-9.04304,4.11793e-12,4.72486
566,1,zone_1,oxygen,r0855,-19.5536,-3.74346e-12,21.9
566,6,zone_3,glucose,r1032,-9.04304,4.11793e-12,4.72486
566,6,zone_3,oxygen,r0855,-19.5139,-3.74346e-12,20.072
566,6,zone_3,glucose,r1032,-9.04304,4.11793e-12,4.72486
566,6,zone_3,oxygen,r0855,-19.5139,-3.74346e-12,20.072
566,2,zone_1,glucose,r1032,-9.04304,4.11793e-12,4.72486
566,2,zone_1,oxygen,r0855,-19.5527,-3.74346e-12,21.8577
566,2,zone_1,glucose,r1032,-9.04304,4.11793e-12,4.72486
566,2,zone_1,oxygen,r0855,-19.5527,-3.74346e-12,21.8577
566,7,zone_3,glucose,r1032,-9.04304,4.11793e-12,4.72486
566,7,zone_3,oxygen,r0855,-19.511,-3.74346e-12,19.9506
566,7,zone_3,glucose,r1032,-9.04304,4.11793e-12,4.72486
566,7,zone_3,oxygen,r0855,-19.511,-3.74346e-12,19.9506
566,3,zone_2,glucose,r1032,-9.04304,4.11793e-12,4.72486
566,3,zone_2,oxygen,r0855,-19.5466,-3.74346e-12,21.5578
566,3,zone_2,glucose,r1032,-9.04304,4.11793e-12,4.72486
566,3,zone_2,oxygen,r0855,-19.5466,-3.74346e-12,21.5578
568,8,zone_3,glucose,r1032,-9.04286,4.11793e-12,4.72391
568,8,zone_3,oxygen,r0855,-19.5081,-3.74346e-12,19.8274
568,8,zone_3,glucose,r1032,-9.04286,4.11793e-12,4.72391
568,8,zone_3,oxygen,r0855,-19.5081,-3.74346e-12,19.8274
568,0,zone_1,glucose,r1032,-9.04286,4.11793e-12,4.72391
568,0,zone_1,oxygen,r0855,-19.5528,-3.74346e-12,21.8601
568,0,zone_1,glucose,r1032,-9.04286,4.11793e-12,4.72391
568,0,zone_1,oxygen,r0855,-19.5528,-3.74346e-12,21.8601
568,4,zone_2,glucose,r1032,-9.04286,4.11793e-12,4.72391
568,4,zone_2,oxygen,r0855,-19.545,-3.74346e-12,21.4778
568,4,zone_2,glucose,r1032,-9.04286,4.11793e-12,4.72391
568,4,zone_2,oxygen,r0855,-19.545,-3.74346e-12,21.4778
568,1,zone_1,glucose,r1032,-9.04286,4.11793e-12,4.72391
568,1,zone_1,oxygen,r0855,-19.5528,-3.74346e-12,21.8601
568,1,zone_1,glucose,r1032,-9.04286,4.11793e-12,4.72391
568,1,zone_1,oxygen,r0855,-19.5528,-3.74346e-12,21.8601
568,5,zone_2,glucose,r1032,-9.04286,4.11793e-12,4.72391
568,5,zone_2,oxygen,r0855,-19.5443,-3.74346e-12,21.4458
568,5,zone_2,glucose,r1032,-9.04286,4.11793e-12,4.72391
568,5,zone_2,oxygen,r0855,-19.5443,-3.74346e-12,21.4458
568,2,zone_1,glucose,r1032,-9.04286,4.11793e-12,4.72391
568,2,zone_1,oxygen,r0855,-19.5519,-3.74346e-12,21.8178
568,2,zone_1,glucose,r1032,-9.04286,4.11793e-12,4.72391
568,2,zone_1,oxygen,r0855,-19.5519,-3.74346e-12,21.8178
568,6,zone_3,glucose,r1032,-9.04286,4.11793e-12,4.72391
568,6,zone_3,oxygen,r0855,-19.513,-3.74346e-12,20.0342
568,6,zone_3,glucose,r1032,-9.04286,4.11793e-12,4.72391
568,6,zone_3,oxygen,r0855,-19.513,-3.74346e-12,20.0342
568,3,zone_2,glucose,r1032,-9.04286,4.11793e-12,4.72391
568,3,zone_2,oxygen,r0855,-19.5458,-3.74346e-12,21.518
568,3,zone_2,glucose,r1032,-9.04286,4.11793e-12,4.72391
568,3,zone_2,oxygen,r0855,-19.5458,-3.74346e-12,21.518
568,7,zone_3,glucose,r1032,-9.04286,4.11793e-12,4.72391
568,7,zone_3,oxygen,r0855,-19.5101,-3.74346e-12,19.913
568,7,zone_3,glucose,r1032,-9.04286,4.11793e-12,4.72391
568,7,zone_3,oxygen,r0855,-19.5101,-3.74346e-12,19.913
570,8,zone_3,glucose,r1032,-9.04269,4.11793e-12,4.72297
570,8,zone_3,oxygen,r0855,-19.5071,-3.74346e-12,19.7901
570,8,zone_3,glucose,r1032,-9.04269,4.11793e-12,4.72297
570,8,zone_3,oxygen,r0855,-19.5071,-3.74346e-12,19.7901
570,0,zone_1,glucose,r1032,-9.04269,4.11793e-12,4.72297
570,0,zone_1,oxygen,r0855,-19.552,-3.74346e-12,21.8203
570,0,zone_1,glucose,r1032,-9.04269,4.11793e-12,4.72297
570,0,zone_1,oxygen,r0855,-19.552,-3.74346e-12,21.8203
570,4,zone_2,glucose,r1032,-9.04269,4.11793e-12,4.72297
570,4,zone_2,oxygen,r0855,-19.5442,-3.74346e-12,21.4382
570,4,zone_2,glucose,r1032,-9.04269,4.11793e-12,4.72297
570,4,zone_2,oxygen,r0855,-19.5442,-3.74346e-12,21.4382
570,1,zone_1,glucose,r1032,-9.04269,4.11793e-12,4.72297
570,1,zone_1,oxygen,r0855,-19.552,-3.74346e-12,21.8203
570,1,zone_1,glucose,r1032,-9.04269,4.11793e-12,4.72297
570,1,zone_1,oxygen,r0855,-19.552,-3.74346e-12,21.8203
570,5,zone_2,glucose,r1032,-9.04269,4.11793e-12,4.72297
570,5,zone_2,oxygen,r0855,-19.5435,-3.74346e-12,21.4062
570,5,zone_2,glucose,r1032,-9.04269,4.11793e-12,4.72297
570,5,zone_2,oxygen,r0855,-19.5435,-3.74346e-12,21.4062
570,2,zone_1,glucose,r1032,-9.04269,4.11793e-12,4.72297
570,2,zone_1,oxygen,r0855,-19.5511,-3.74346e-12,21.778
570,2,zone_1,glucose,r1032,-9.04269,4.11793e-12,4.72297
570,2,zone_1,oxygen,r0855,-19.5511,-3.74346e-12,21.778
570,6,zone_3,glucose,r1032,-9.04269,4.11793e-12,4.72297
570,6,zone_3,oxygen,r0855,-19.5121,-3.74346e-12,19.9965
570,6,zone_3,glucose,r1032,-9.04269,4.11793e-12,4.72297
570,6,zone_3,oxygen,r0855,-19.5121,-3.74346e-12,19.9965
570,3,zone_2,glucose,r1032,-9.04269,4.11793e-12,4.72297
570,3,zone_2,oxygen,r0855,-19.545,-3.74346e-12,21.4784
570,3,zone_2,glucose,r1032,-9.04269,4.11793e-12,4.72297
570,3,zone_2,oxygen,r0855,-19.545,-3.74346e-12,21.4784
570,7,zone_3,glucose,r1032,-9.04269,4.11793e-12,4.72297
570,7,zone_3,oxygen,r0855,-19.5092,-3.74346e-12,19.8755
570,7,zone_3,glucose,r1032,-9.04269,4.11793e-12,4.72297
570,7,zone_3,oxygen,r0855,-19.5092,-3.74346e-12,19.8755
572,0,zone_1,glucose,r1032,-9.04252,4.11793e-12,4.72202
572,0,zone_1,oxygen,r0855,-19.5512,-3.74346e-12,21.7808
572,0,zone_1,glucose,r1032,-9.04252,4.11793e-12,4.72202
572,0,zone_1,oxygen,r0855,-19.5512,-3.74346e-12,21.7808
572,4,zone_2,glucose,r1032,-9.04252,4.11793e-12,4.72202
572,4,zone_2,oxygen,r0855,-19.5434,-3.74346e-12,21.3988
572,4,zone_2,glucose,r1032,-9.04252,4.11793e-12,4.72202
572,4,zone_2,oxygen,r0855,-19.5434,-3.74346e-12,21.3988
572,8,zone_3,glucose,r1032,-9.04252,4.11793e-12,4.72202
572,8,zone_3,oxygen,r0855,-19.5062,-3.74346e-12,19.753
572,8,zone_3,glucose,r1032,-9.04252,4.11793e-12,4.72202
572,8,zone_3,oxygen,r0855,-19.5062,-3.74346e-12,19.753
572,1,zone_1,glucose,r1032,-9.04252,4.11793e-12,4.72202
572,1,zone_1,oxygen,r0855,-19.5512,-3.74346e-12,21.7808
572,1,zone_1,glucose,r1032,-9.04252,4.11793e-12,4.72202
572,1,zone_1,oxygen,r0855,-19.5512,-3.74346e-12,21.7808
572,5,zone_2,glucose,r1032,-9.04252,4.11793e-12,4.72202
572,5,zone_2,oxygen,r0855,-19.5427,-3.74346e-12,21.3667
572,5,zone_2,glucose,r1032,-9.04252,4.11793e-12,4.72202
572,5,zone_2,oxygen,r0855,-19.5427,-3.74346e-12,21.3667
572,2,zone_1,glucose,r1032,-9.04252,4.11793e-12,4.72202
572,2,zone_1,oxygen,r0855,-19.5503,-3.74346e-12,21.7384
572,2,zone_1,glucose,r1032,-9.04252,4.11793e-12,4.72202
572,2,zone_1,oxygen,r0855,-19.5503,-3.74346e-12,21.7384
572,6,zone_3,glucose,r1032,-9.04252,4.11793e-12,4.72202
572,6,zone_3,oxygen,r0855,-19.5112,-3.74346e-12,19.959
572,6,zone_3,glucose,r1032,-9.04252,4.11793e-12,4.72202
572,6,zone_3,oxygen,r0855,-19.5112,-3.74346e-12,19.959
572,3,zone_2,glucose,r1032,-9.04252,4.11793e-12,4.72202
572,3,zone_2,oxygen,r0855,-19.5442,-3.74346e-12,21.439
572,3,zone_2,glucose,r1032,-9.04252,4.11793e-12,4.72202
572,3,zone_2,oxygen,r0855,-19.5442,-3.74346e-12,21.439
572,7,zone_3,glucose,r1032,-9.04252,4.11793e-12,4.72202
572,7,zone_3,oxygen,r0855,-19.5083,-3.74346e-12,19.8382
572,7,zone_3,glucose,r1032,-9.04252,4.11793e-12,4.72202
572,7,zone_3,oxygen,r0855,-19.5083,-3.74346e-12,19.8382
574,4,zone_2,glucose,r1032,-9.04234,4.11793e-12,4.72108
574,4,zone_2,oxygen,r0855,-19.5425,-3.74346e-12,21.3595
574,4,zone_2,glucose,r1032,-9.04234,4.11793e-12,4.72108
574,4,zone_2,oxygen,r0855,-19.5425,-3.74346e-12,21.3595
574,0,zone_1,glucose,r1032,-9.04234,4.11793e-12,4.72108
574,0,zone_1,oxygen,r0855,-19.5504,-3.74346e-12,21.7414
574,0,zone_1,glucose,r1032,-9.04234,4.11793e-12,4.72108
574,0,zone_1,oxygen,r0855,-19.5504,-3.74346e-12,21.7414
574,8,zone_3,glucose,r1032,-9.04234,4.11793e-12,4.72108
574,8,zone_3,oxygen,r0855,-19.5053,-3.74346e-12,19.716
574,8,zone_3,glucose,r1032,-9.04234,4.11793e-12,4.72108
574,8,zone_3,oxygen,r0855,-19.5053,-3.74346e-12,19.716
574,5,zone_2,glucose,r1032,-9.04234,4.11793e-12,4.72108
574,5,zone_2,oxygen,r0855,-19.5419,-3.74346e-12,21.3274
574,5,zone_2,glucose,r1032,-9.04234,4.11793e-12,4.72108
574,5,zone_2,oxygen,r0855,-19.5419,-3.74346e-12,21.3274
574,1,zone_1,glucose,r1032,-9.04234,4.11793e-12,4.72108
574,1,zone_1,oxygen,r0855,-19.5504,-3.74346e-12,21.7414
574,1,zone_1,glucose,r1032,-9.04234,4.11793e-12,4.72108
574,1,zone_1,oxygen,r0855,-19.5504,-3.74346e-12,21.7414
574,6,zone_3,glucose,r1032,-9.04234,4.11793e-12,4.72108
574,6,zone_3,oxygen,r0855,-19.5103,-3.74346e-12,19.9217
574,6,zone_3,glucose,r1032,-9.04234,4.11793e-12,4.72108
574,6,zone_3,oxygen,r0855,-19.5103,-3.74346e-12,19.9217
574,2,zone_1,glucose,r1032,-9.04234,4.11793e-12,4.72108
574,2,zone_1,oxygen,r0855,-19.5495,-3.74346e-12,21.6989
574,2,zone_1,glucose,r1032,-9.04234,4.11793e-12,4.72108
574,2,zone_1,oxygen,r0855,-19.5495,-3.74346e-12,21.6989
574,7,zone_3,glucose,r1032,-9.04234,4.11793e-12,4.72108
574,7,zone_3,oxygen,r0855,-19.5074,-3.74346e-12,19.8011
574,3,zone_2,glucose,r1032,-9.04234,4.11793e-12,4.72108
574,3,zone_2,oxygen,r0855,-19.5434,-3.74346e-12,21.3997
574,3,zone_2,glucose,r1032,-9.04234,4.11793e-12,4.72108
574,3,zone_2,oxygen,r0855,-19.5434,-3.74346e-12,21.3997
574,7,zone_3,glucose,r1032,-9.04234,4.11793e-12,4.72108
574,7,zone_3,oxygen,r0855,-19.5074,-3.74346e-12,19.8011
576,8,zone_3,glucose,r1032,-9.04217,4.11793e-12,4.72013
576,8,zone_3,oxygen,r0855,-19.5044,-3.74346e-12,19.6791
576,8,zone_3,glucose,r1032,-9.04217,4.11793e-12,4.72013
576,8,zone_3,oxygen,r0855,-19.5044,-3.74346e-12,19.6791
576,0,zone_1,glucose,r1032,-9.04217,4.11793e-12,4.72013
576,0,zone_1,oxygen,r0855,-19.5496,-3.74346e-12,21.7022
576,0,zone_1,glucose,r1032,-9.04217,4.11793e-12,4.72013
576,0,zone_1,oxygen,r0855,-19.5496,-3.74346e-12,21.7022
576,4,zone_2,glucose,r1032,-9.04217,4.11793e-12,4.72013
576,4,zone_2,oxygen,r0855,-19.5417,-3.74346e-12,21.3204
576,4,zone_2,glucose,r1032,-9.04217,4.11793e-12,4.72013
576,4,zone_2,oxygen,r0855,-19.5417,-3.74346e-12,21.3204
576,1,zone_1,glucose,r1032,-9.04217,4.11793e-12,4.72013
576,1,zone_1,oxygen,r0855,-19.5496,-3.74346e-12,21.7022
576,1,zone_1,glucose,r1032,-9.04217,4.11793e-12,4.72013
576,1,zone_1,oxygen,r0855,-19.5496,-3.74346e-12,21.7022
576,5,zone_2,glucose,r1032,-9.04217,4.11793e-12,4.72013
576,5,zone_2,oxygen,r0855,-19.541,-3.74346e-12,21.2883
576,5,zone_2,glucose,r1032,-9.04217,4.11793e-12,4.72013
576,5,zone_2,oxygen,r0855,-19.541,-3.74346e-12,21.2883
576,2,zone_1,glucose,r1032,-9.04217,4.11793e-12,4.72013
576,2,zone_1,oxygen,r0855,-19.5487,-3.74346e-12,21.6596
576,2,zone_1,glucose,r1032,-9.04217,4.11793e-12,4.72013
576,2,zone_1,oxygen,r0855,-19.5487,-3.74346e-12,21.6596
576,6,zone_3,glucose,r1032,-9.04217,4.11793e-12,4.72013
576,6,zone_3,oxygen,r0855,-19.5094,-3.74346e-12,19.8845
576,6,zone_3,glucose,r1032,-9.04217,4.11793e-12,4.72013
576,6,zone_3,oxygen,r0855,-19.5094,-3.74346e-12,19.8845
576,3,zone_2,glucose,r1032,-9.04217,4.11793e-12,4.72013
576,3,zone_2,oxygen,r0855,-19.5426,-3.74346e-12,21.3606
576,3,zone_2,glucose,r1032,-9.04217,4.11793e-12,4.72013
576,3,zone_2,oxygen,r0855,-19.5426,-3.74346e-12,21.3606
576,7,zone_3,glucose,r1032,-9.04217,4.11793e-12,4.72013
576,7,zone_3,oxygen,r0855,-19.5065,-3.74346e-12,19.7641
576,7,zone_3,glucose,r1032,-9.04217,4.11793e-12,4.72013
576,7,zone_3,oxygen,r0855,-19.5065,-3.74346e-12,19.7641
578,8,zone_3,glucose,r1032,-9.042,4.11793e-12,4.71919
578,8,zone_3,oxygen,r0855,-19.5035,-3.74346e-12,19.6425
578,8,zone_3,glucose,r1032,-9.042,4.11793e-12,4.71919
578,8,zone_3,oxygen,r0855,-19.5035,-3.74346e-12,19.6425
578,0,zone_1,glucose,r1032,-9.042,4.11793e-12,4.71919
578,0,zone_1,oxygen,r0855,-19.5488,-3.74346e-12,21.6631
578,0,zone_1,glucose,r1032,-9.042,4.11793e-12,4.71919
578,0,zone_1,oxygen,r0855,-19.5488,-3.74346e-12,21.6631
578,4,zone_2,glucose,r1032,-9.042,4.11793e-12,4.71919
578,4,zone_2,oxygen,r0855,-19.5409,-3.74346e-12,21.2814
578,4,zone_2,glucose,r1032,-9.042,4.11793e-12,4.71919
578,4,zone_2,oxygen,r0855,-19.5409,-3.74346e-12,21.2814
578,1,zone_1,glucose,r1032,-9.042,4.11793e-12,4.71919
578,1,zone_1,oxygen,r0855,-19.5488,-3.74346e-12,21.6631
578,1,zone_1,glucose,r1032,-9.042,4.11793e-12,4.71919
578,1,zone_1,oxygen,r0855,-19.5488,-3.74346e-12,21.6631
578,5,zone_2,glucose,r1032,-9.042,4.11793e-12,4.71919
578,5,zone_2,oxygen,r0855,-19.5402,-3.74346e-12,21.2494
578,5,zone_2,glucose,r1032,-9.042,4.11793e-12,4.71919
578,5,zone_2,oxygen,r0855,-19.5402,-3.74346e-12,21.2494
578,2,zone_1,glucose,r1032,-9.042,4.11793e-12,4.71919
578,2,zone_1,oxygen,r0855,-19.5479,-3.74346e-12,21.6205
578,2,zone_1,glucose,r1032,-9.042,4.11793e-12,4.71919
578,2,zone_1,oxygen,r0855,-19.5479,-3.74346e-12,21.6205
578,6,zone_3,glucose,r1032,-9.042,4.11793e-12,4.71919
578,6,zone_3,oxygen,r0855,-19.5085,-3.74346e-12,19.8475
578,6,zone_3,glucose,r1032,-9.042,4.11793e-12,4.71919
578,6,zone_3,oxygen,r0855,-19.5085,-3.74346e-12,19.8475
578,3,zone_2,glucose,r1032,-9.042,4.11793e-12,4.71919
578,3,zone_2,oxygen,r0855,-19.5417,-3.74346e-12,21.3216
578,3,zone_2,glucose,r1032,-9.042,4.11793e-12,4.71919
578,3,zone_2,oxygen,r0855,-19.5417,-3.74346e-12,21.3216
578,7,zone_3,glucose,r1032,-9.042,4.11793e-12,4.71919
578,7,zone_3,oxygen,r0855,-19.5056,-3.74346e-12,19.7273
578,7,zone_3,glucose,r1032,-9.042,4.11793e-12,4.71919
578,7,zone_3,oxygen,r0855,-19.5056,-3.74346e-12,19.7273
580,0,zone_1,glucose,r1032,-9.04182,4.11793e-12,4.71825
580,0,zone_1,oxygen,r0855,-19.548,-3.74346e-12,21.6242
580,0,zone_1,glucose,r1032,-9.04182,4.11793e-12,4.71825
580,0,zone_1,oxygen,r0855,-19.548,-3.74346e-12,21.6242
580,8,zone_3,glucose,r1032,-9.04182,4.11793e-12,4.71825
580,8,zone_3,oxygen,r0855,-19.5026,-3.74346e-12,19.606
580,4,zone_2,glucose,r1032,-9.04182,4.11793e-12,4.71825
580,4,zone_2,oxygen,r0855,-19.5401,-3.74346e-12,21.2427
580,8,zone_3,glucose,r1032,-9.04182,4.11793e-12,4.71825
580,8,zone_3,oxygen,r0855,-19.5026,-3.74346e-12,19.606
580,4,zone_2,glucose,r1032,-9.04182,4.11793e-12,4.71825
580,4,zone_2,oxygen,r0855,-19.5401,-3.74346e-12,21.2427
580,1,zone_1,glucose,r1032,-9.04182,4.11793e-12,4.71825
580,1,zone_1,oxygen,r0855,-19.548,-3.74346e-12,21.6242
580,1,zone_1,glucose,r1032,-9.04182,4.11793e-12,4.71825
580,1,zone_1,oxygen,r0855,-19.548,-3.74346e-12,21.6242
580,5,zone_2,glucose,r1032,-9.04182,4.11793e-12,4.71825
580,5,zone_2,oxygen,r0855,-19.5394,-3.74346e-12,21.2106
580,5,zone_2,glucose,r1032,-9.04182,4.11793e-12,4.71825
580,5,zone_2,oxygen,r0855,-19.5394,-3.74346e-12,21.2106
580,2,zone_1,glucose,r1032,-9.04182,4.11793e-12,4.71825
580,2,zone_1,oxygen,r0855,-19.5471,-3.74346e-12,21.5816
580,2,zone_1,glucose,r1032,-9.04182,4.11793e-12,4.71825
580,2,zone_1,oxygen,r0855,-19.5471,-3.74346e-12,21.5816
580,6,zone_3,glucose,r1032,-9.04182,4.11793e-12,4.71825
580,6,zone_3,oxygen,r0855,-19.5076,-3.74346e-12,19.8106
580,6,zone_3,glucose,r1032,-9.04182,4.11793e-12,4.71825
580,6,zone_3,oxygen,r0855,-19.5076,-3.74346e-12,19.8106
580,3,zone_2,glucose,r1032,-9.04182,4.11793e-12,4.71825
580,3,zone_2,oxygen,r0855,-19.5409,-3.74346e-12,21.2829
580,3,zone_2,glucose,r1032,-9.04182,4.11793e-12,4.71825
580,3,zone_2,oxygen,r0855,-19.5409,-3.74346e-12,21.2829
580,7,zone_3,glucose,r1032,-9.04182,4.11793e-12,4.71825
580,7,zone_3,oxygen,r0855,-19.5047,-3.74346e-12,19.6906
580,7,zone_3,glucose,r1032,-9.04182,4.11793e-12,4.71825
580,7,zone_3,oxygen,r0855,-19.5047,-3.74346e-12,19.6906
582,4,zone_2,glucose,r1032,-9.04165,4.11793e-12,4.7173
582,4,zone_2,oxygen,r0855,-19.5393,-3.74346e-12,21.204
582,4,zone_2,glucose,r1032,-9.04165,4.11793e-12,4.7173
582,4,zone_2,oxygen,r0855,-19.5393,-3.74346e-12,21.204
582,0,zone_1,glucose,r1032,-9.04165,4.11793e-12,4.7173
582,0,zone_1,oxygen,r0855,-19.5472,-3.74346e-12,21.5855
582,0,zone_1,glucose,r1032,-9.04165,4.11793e-12,4.7173
582,0,zone_1,oxygen,r0855,-19.5472,-3.74346e-12,21.5855
582,8,zone_3,glucose,r1032,-9.04165,4.11793e-12,4.7173
582,8,zone_3,oxygen,r0855,-19.5017,-3.74346e-12,19.5696
582,8,zone_3,glucose,r1032,-9.04165,4.11793e-12,4.7173
582,8,zone_3,oxygen,r0855,-19.5017,-3.74346e-12,19.5696
582,5,zone_2,glucose,r1032,-9.04165,4.11793e-12,4.7173
582,5,zone_2,oxygen,r0855,-19.5386,-3.74346e-12,21.172
582,5,zone_2,glucose,r1032,-9.04165,4.11793e-12,4.7173
582,5,zone_2,oxygen,r0855,-19.5386,-3.74346e-12,21.172
582,1,zone_1,glucose,r1032,-9.04165,4.11793e-12,4.7173
582,1,zone_1,oxygen,r0855,-19.5472,-3.74346e-12,21.5855
582,1,zone_1,glucose,r1032,-9.04165,4.11793e-12,4.7173
582,1,zone_1,oxygen,r0855,-19.5472,-3.74346e-12,21.5855
582,6,zone_3,glucose,r1032,-9.04165,4.11793e-12,4.7173
582,6,zone_3,oxygen,r0855,-19.5068,-3.74346e-12,19.7739
582,6,zone_3,glucose,r1032,-9.04165,4.11793e-12,4.7173
582,6,zone_3,oxygen,r0855,-19.5068,-3.74346e-12,19.7739
582,2,zone_1,glucose,r1032,-9.04165,4.11793e-12,4.7173
582,2,zone_1,oxygen,r0855,-19.5463,-3.74346e-12,21.5428
582,2,zone_1,glucose,r1032,-9.04165,4.11793e-12,4.7173
582,2,zone_1,oxygen,r0855,-19.5463,-3.74346e-12,21.5428
582,7,zone_3,glucose,r1032,-9.04165,4.11793e-12,4.7173
582,7,zone_3,oxygen,r0855,-19.5038,-3.74346e-12,19.6541
582,3,zone_2,glucose,r1032,-9.04165,4.11793e-12,4.7173
582,3,zone_2,oxygen,r0855,-19.5401,-3.74346e-12,21.2443
582,3,zone_2,glucose,r1032,-9.04165,4.11793e-12,4.7173
582,3,zone_2,oxygen,r0855,-19.5401,-3.74346e-12,21.2443
582,7,zone_3,glucose,r1032,-9.04165,4.11793e-12,4.7173
582,7,zone_3,oxygen,r0855,-19.5038,-3.74346e-12,19.6541
584,4,zone_2,glucose,r1032,-9.04148,4.11793e-12,4.71636
584,4,zone_2,oxygen,r0855,-19.5384,-3.74346e-12,21.1656
584,4,zone_2,glucose,r1032,-9.04148,4.11793e-12,4.71636
584,4,zone_2,oxygen,r0855,-19.5384,-3.74346e-12,21.1656
584,0,zone_1,glucose,r1032,-9.04148,4.11793e-12,4.71636
584,0,zone_1,oxygen,r0855,-19.5464,-3.74346e-12,21.5469
584,0,zone_1,glucose,r1032,-9.04148,4.11793e-12,4.71636
584,0,zone_1,oxygen,r0855,-19.5464,-3.74346e-12,21.5469
584,8,zone_3,glucose,r1032,-9.04148,4.11793e-12,4.71636
584,8,zone_3,oxygen,r0855,-19.5008,-3.74346e-12,19.5334
584,8,zone_3,glucose,r1032,-9.04148,4.11793e-12,4.71636
584,8,zone_3,oxygen,r0855,-19.5008,-3.74346e-12,19.5334
584,5,zone_2,glucose,r1032,-9.04148,4.11793e-12,4.71636
584,5,zone_2,oxygen,r0855,-19.5378,-3.74346e-12,21.1336
584,5,zone_2,glucose,r1032,-9.04148,4.11793e-12,4.71636
584,5,zone_2,oxygen,r0855,-19.5378,-3.74346e-12,21.1336
584,1,zone_1,glucose,r1032,-9.04148,4.11793e-12,4.71636
584,1,zone_1,oxygen,r0855,-19.5464,-3.74346e-12,21.5469
584,1,zone_1,glucose,r1032,-9.04148,4.11793e-12,4.71636
584,1,zone_1,oxygen,r0855,-19.5464,-3.74346e-12,21.5469
584,2,zone_1,glucose,r1032,-9.04148,4.11793e-12,4.71636
584,2,zone_1,oxygen,r0855,-19.5455,-3.74346e-12,21.5042
584,2,zone_1,glucose,r1032,-9.04148,4.11793e-12,4.71636
584,2,zone_1,oxygen,r0855,-19.5455,-3.74346e-12,21.5042
584,6,zone_3,glucose,r1032,-9.04148,4.11793e-12,4.71636
584,6,zone_3,oxygen,r0855,-19.5059,-3.74346e-12,19.7373
584,6,zone_3,glucose,r1032,-9.04148,4.11793e-12,4.71636
584,6,zone_3,oxygen,r0855,-19.5059,-3.74346e-12,19.7373
584,3,zone_2,glucose,r1032,-9.04148,4.11793e-12,4.71636
584,3,zone_2,oxygen,r0855,-19.5393,-3.74346e-12,21.2058
584,3,zone_2,glucose,r1032,-9.04148,4.11793e-12,4.71636
584,3,zone_2,oxygen,r0855,-19.5393,-3.74346e-12,21.2058
584,7,zone_3,glucose,r1032,-9.04148,4.11793e-12,4.71636
584,7,zone_3,oxygen,r0855,-19.5029,-3.74346e-12,19.6177
584,7,zone_3,glucose,r1032,-9.04148,4.11793e-12,4.71636
584,7,zone_3,oxygen,r0855,-19.5029,-3.74346e-12,19.6177
586,0,zone_1,glucose,r1032,-9.0413,4.11793e-12,4.71541
586,0,zone_1,oxygen,r0855,-19.5456,-3.74346e-12,21.5085
586,0,zone_1,glucose,r1032,-9.0413,4.11793e-12,4.71541
586,0,zone_1,oxygen,r0855,-19.5456,-3.74346e-12,21.5085
586,8,zone_3,glucose,r1032,-9.0413,4.11793e-12,4.71541
586,8,zone_3,oxygen,r0855,-19.4999,-3.74346e-12,19.4973
586,8,zone_3,glucose,r1032,-9.0413,4.11793e-12,4.71541
586,8,zone_3,oxygen,r0855,-19.4999,-3.74346e-12,19.4973
586,4,zone_2,glucose,r1032,-9.0413,4.11793e-12,4.71541
586,4,zone_2,oxygen,r0855,-19.5376,-3.74346e-12,21.1273
586,4,zone_2,glucose,r1032,-9.0413,4.11793e-12,4.71541
586,4,zone_2,oxygen,r0855,-19.5376,-3.74346e-12,21.1273
586,1,zone_1,glucose,r1032,-9.0413,4.11793e-12,4.71541
586,1,zone_1,oxygen,r0855,-19.5456,-3.74346e-12,21.5085
586,1,zone_1,glucose,r1032,-9.0413,4.11793e-12,4.71541
586,1,zone_1,oxygen,r0855,-19.5456,-3.74346e-12,21.5085
586,5,zone_2,glucose,r1032,-9.0413,4.11793e-12,4.71541
586,5,zone_2,oxygen,r0855,-19.5369,-3.74346e-12,21.0953
586,5,zone_2,glucose,r1032,-9.0413,4.11793e-12,4.71541
586,5,zone_2,oxygen,r0855,-19.5369,-3.74346e-12,21.0953
586,2,zone_1,glucose,r1032,-9.0413,4.11793e-12,4.71541
586,2,zone_1,oxygen,r0855,-19.5447,-3.74346e-12,21.4657
586,2,zone_1,glucose,r1032,-9.0413,4.11793e-12,4.71541
586,2,zone_1,oxygen,r0855,-19.5447,-3.74346e-12,21.4657
586,6,zone_3,glucose,r1032,-9.0413,4.11793e-12,4.71541
586,6,zone_3,oxygen,r0855,-19.505,-3.74346e-12,19.7009
586,6,zone_3,glucose,r1032,-9.0413,4.11793e-12,4.71541
586,6,zone_3,oxygen,r0855,-19.505,-3.74346e-12,19.7009
586,3,zone_2,glucose,r1032,-9.0413,4.11793e-12,4.71541
586,3,zone_2,oxygen,r0855,-19.5385,-3.74346e-12,21.1675
586,3,zone_2,glucose,r1032,-9.0413,4.11793e-12,4.71541
586,3,zone_2,oxygen,r0855,-19.5385,-3.74346e-12,21.1675
586,7,zone_3,glucose,r1032,-9.0413,4.11793e-12,4.71541
586,7,zone_3,oxygen,r0855,-19.502,-3.74346e-12,19.5815
586,7,zone_3,glucose,r1032,-9.0413,4.11793e-12,4.71541
586,7,zone_3,oxygen,r0855,-19.502,-3.74346e-12,19.5815
588,0,zone_1,glucose,r1032,-9.04113,4.11793e-12,4.71447
588,0,zone_1,oxygen,r0855,-19.5448,-3.74346e-12,21.4703
588,0,zone_1,glucose,r1032,-9.04113,4.11793e-12,4.71447
588,0,zone_1,oxygen,r0855,-19.5448,-3.74346e-12,21.4703
588,8,zone_3,glucose,r1032,-9.04113,4.11793e-12,4.71447
588,8,zone_3,oxygen,r0855,-19.499,-3.74346e-12,19.4615
588,4,zone_2,glucose,r1032,-9.04113,4.11793e-12,4.71447
588,4,zone_2,oxygen,r0855,-19.5368,-3.74346e-12,21.0892
588,4,zone_2,glucose,r1032,-9.04113,4.11793e-12,4.71447
588,4,zone_2,oxygen,r0855,-19.5368,-3.74346e-12,21.0892
588,8,zone_3,glucose,r1032,-9.04113,4.11793e-12,4.71447
588,8,zone_3,oxygen,r0855,-19.499,-3.74346e-12,19.4615
588,1,zone_1,glucose,r1032,-9.04113,4.11793e-12,4.71447
588,1,zone_1,oxygen,r0855,-19.5448,-3.74346e-12,21.4703
588,1,zone_1,glucose,r1032,-9.04113,4.11793e-12,4.71447
588,1,zone_1,oxygen,r0855,-19.5448,-3.74346e-12,21.4703
588,5,zone_2,glucose,r1032,-9.04113,4.11793e-12,4.71447
588,5,zone_2,oxygen,r0855,-19.5361,-3.74346e-12,21.0572
588,5,zone_2,glucose,r1032,-9.04113,4.11793e-12,4.71447
588,5,zone_2,oxygen,r0855,-19.5361,-3.74346e-12,21.0572
588,2,zone_1,glucose,r1032,-9.04113,4.11793e-12,4.71447
588,2,zone_1,oxygen,r0855,-19.544,-3.74346e-12,21.4275
588,2,zone_1,glucose,r1032,-9.04113,4.11793e-12,4.71447
588,2,zone_1,oxygen,r0855,-19.544,-3.74346e-12,21.4275
588,6,zone_3,glucose,r1032,-9.04113,4.11793e-12,4.71447
588,6,zone_3,oxygen,r0855,-19.5041,-3.74346e-12,19.6647
588,6,zone_3,glucose,r1032,-9.04113,4.11793e-12,4.71447
588,6,zone_3,oxygen,r0855,-19.5041,-3.74346e-12,19.6647
588,3,zone_2,glucose,r1032,-9.04113,4.11793e-12,4.71447
588,3,zone_2,oxygen,r0855,-19.5377,-3.74346e-12,21.1294
588,3,zone_2,glucose,r1032,-9.04113,4.11793e-12,4.71447
588,3,zone_2,oxygen,r0855,-19.5377,-3.74346e-12,21.1294
588,7,zone_3,glucose,r1032,-9.04113,4.11793e-12,4.71447
588,7,zone_3,oxygen,r0855,-19.5011,-3.74346e-12,19.5455
588,7,zone_3,glucose,r1032,-9.04113,4.11793e-12,4.71447
588,7,zone_3,oxygen,r0855,-19.5011,-3.74346e-12,19.5455
590,8,zone_3,glucose,r1032,-9.04096,4.11793e-12,4.71353
590,8,zone_3,oxygen,r0855,-19.4981,-3.74346e-12,19.4257
590,8,zone_3,glucose,r1032,-9.04096,4.11793e-12,4.71353
590,8,zone_3,oxygen,r0855,-19.4981,-3.74346e-12,19.4257
590,0,zone_1,glucose,r1032,-9.04096,4.11793e-12,4.71353
590,0,zone_1,oxygen,r0855,-19.544,-3.74346e-12,21.4322
590,0,zone_1,glucose,r1032,-9.04096,4.11793e-12,4.71353
590,0,zone_1,oxygen,r0855,-19.544,-3.74346e-12,21.4322
590,4,zone_2,glucose,r1032,-9.04096,4.11793e-12,4.71353
590,4,zone_2,oxygen,r0855,-19.536,-3.74346e-12,21.0513
590,4,zone_2,glucose,r1032,-9.04096,4.11793e-12,4.71353
590,4,zone_2,oxygen,r0855,-19.536,-3.74346e-12,21.0513
590,1,zone_1,glucose,r1032,-9.04096,4.11793e-12,4.71353
590,1,zone_1,oxygen,r0855,-19.544,-3.74346e-12,21.4322
590,1,zone_1,glucose,r1032,-9.04096,4.11793e-12,4.71353
590,1,zone_1,oxygen,r0855,-19.544,-3.74346e-12,21.4322
590,5,zone_2,glucose,r1032,-9.04096,4.11793e-12,4.71353
590,5,zone_2,oxygen,r0855,-19.5353,-3.74346e-12,21.0192
590,5,zone_2,glucose,r1032,-9.04096,4.11793e-12,4.71353
590,5,zone_2,oxygen,r0855,-19.5353,-3.74346e-12,21.0192
590,2,zone_1,glucose,r1032,-9.04096,4.11793e-12,4.71353
590,2,zone_1,oxygen,r0855,-19.5432,-3.74346e-12,21.3894
590,2,zone_1,glucose,r1032,-9.04096,4.11793e-12,4.71353
590,2,zone_1,oxygen,r0855,-19.5432,-3.74346e-12,21.3894
590,6,zone_3,glucose,r1032,-9.04096,4.11793e-12,4.71353
590,6,zone_3,oxygen,r0855,-19.5032,-3.74346e-12,19.6286
590,6,zone_3,glucose,r1032,-9.04096,4.11793e-12,4.71353
590,6,zone_3,oxygen,r0855,-19.5032,-3.74346e-12,19.6286
590,3,zone_2,glucose,r1032,-9.04096,4.11793e-12,4.71353
590,3,zone_2,oxygen,r0855,-19.5369,-3.74346e-12,21.0915
590,3,zone_2,glucose,r1032,-9.04096,4.11793e-12,4.71353
590,3,zone_2,oxygen,r0855,-19.5369,-3.74346e-12,21.0915
590,7,zone_3,glucose,r1032,-9.04096,4.11793e-12,4.71353
590,7,zone_3,oxygen,r0855,-19.5002,-3.74346e-12,19.5096
590,7,zone_3,glucose,r1032,-9.04096,4.11793e-12,4.71353
590,7,zone_3,oxygen,r0855,-19.5002,-3.74346e-12,19.5096
592,0,zone_1,glucose,r1032,-9.04078,4.11793e-12,4.71259
592,0,zone_1,oxygen,r0855,-19.5433,-3.74346e-12,21.3943
592,0,zone_1,glucose,r1032,-9.04078,4.11793e-12,4.71259
592,0,zone_1,oxygen,r0855,-19.5433,-3.74346e-12,21.3943
592,8,zone_3,glucose,r1032,-9.04078,4.11793e-12,4.71259
592,8,zone_3,oxygen,r0855,-19.4972,-3.74346e-12,19.3901
592,8,zone_3,glucose,r1032,-9.04078,4.11793e-12,4.71259
592,8,zone_3,oxygen,r0855,-19.4972,-3.74346e-12,19.3901
592,4,zone_2,glucose,r1032,-9.04078,4.11793e-12,4.71259
592,4,zone_2,oxygen,r0855,-19.5352,-3.74346e-12,21.0135
592,4,zone_2,glucose,r1032,-9.04078,4.11793e-12,4.71259
592,4,zone_2,oxygen,r0855,-19.5352,-3.74346e-12,21.0135
592,1,zone_1,glucose,r1032,-9.04078,4.11793e-12,4.71259
592,1,zone_1,oxygen,r0855,-19.5433,-3.74346e-12,21.3943
592,1,zone_1,glucose,r1032,-9.04078,4.11793e-12,4.71259
592,1,zone_1,oxygen,r0855,-19.5433,-3.74346e-12,21.3943
592,5,zone_2,glucose,r1032,-9.04078,4.11793e-12,4.71259
592,5,zone_2,oxygen,r0855,-19.5345,-3.74346e-12,20.9814
592,5,zone_2,glucose,r1032,-9.04078,4.11793e-12,4.71259
592,5,zone_2,oxygen,r0855,-19.5345,-3.74346e-12,20.9814
592,2,zone_1,glucose,r1032,-9.04078,4.11793e-12,4.71259
592,2,zone_1,oxygen,r0855,-19.5424,-3.74346e-12,21.3514
592,2,zone_1,glucose,r1032,-9.04078,4.11793e-12,4.71259
592,2,zone_1,oxygen,r0855,-19.5424,-3.74346e-12,21.3514
592,6,zone_3,glucose,r1032,-9.04078,4.11793e-12,4.71259
592,6,zone_3,oxygen,r0855,-19.5023,-3.74346e-12,19.5927
592,6,zone_3,glucose,r1032,-9.04078,4.11793e-12,4.71259
592,6,zone_3,oxygen,r0855,-19.5023,-3.74346e-12,19.5927
592,3,zone_2,glucose,r1032,-9.04078,4.11793e-12,4.71259
592,3,zone_2,oxygen,r0855,-19.536,-3.74346e-12,21.0537
592,3,zone_2,glucose,r1032,-9.04078,4.11793e-12,4.71259
592,3,zone_2,oxygen,r0855,-19.536,-3.74346e-12,21.0537
592,7,zone_3,glucose,r1032,-9.04078,4.11793e-12,4.71259
592,7,zone_3,oxygen,r0855,-19.4993,-3.74346e-12,19.4739
592,7,zone_3,glucose,r1032,-9.04078,4.11793e-12,4.71259
592,7,zone_3,oxygen,r0855,-19.4993,-3.74346e-12,19.4739
594,8,zone_3,glucose,r1032,-9.04061,4.11793e-12,4.71164
594,8,zone_3,oxygen,r0855,-19.4963,-3.74346e-12,19.3547
594,8,zone_3,glucose,r1032,-9.04061,4.11793e-12,4.71164
594,8,zone_3,oxygen,r0855,-19.4963,-3.74346e-12,19.3547
594,0,zone_1,glucose,r1032,-9.04061,4.11793e-12,4.71164
594,0,zone_1,oxygen,r0855,-19.5425,-3.74346e-12,21.3566
594,0,zone_1,glucose,r1032,-9.04061,4.11793e-12,4.71164
594,0,zone_1,oxygen,r0855,-19.5425,-3.74346e-12,21.3566
594,4,zone_2,glucose,r1032,-9.04061,4.11793e-12,4.71164
594,4,zone_2,oxygen,r0855,-19.5344,-3.74346e-12,20.9758
594,4,zone_2,glucose,r1032,-9.04061,4.11793e-12,4.71164
594,4,zone_2,oxygen,r0855,-19.5344,-3.74346e-12,20.9758
594,1,zone_1,glucose,r1032,-9.04061,4.11793e-12,4.71164
594,1,zone_1,oxygen,r0855,-19.5425,-3.74346e-12,21.3566
594,1,zone_1,glucose,r1032,-9.04061,4.11793e-12,4.71164
594,1,zone_1,oxygen,r0855,-19.5425,-3.74346e-12,21.3566
594,5,zone_2,glucose,r1032,-9.04061,4.11793e-12,4.71164
594,5,zone_2,oxygen,r0855,-19.5337,-3.74346e-12,20.9438
594,5,zone_2,glucose,r1032,-9.04061,4.11793e-12,4.71164
594,5,zone_2,oxygen,r0855,-19.5337,-3.74346e-12,20.9438
594,2,zone_1,glucose,r1032,-9.04061,4.11793e-12,4.71164
594,2,zone_1,oxygen,r0855,-19.5416,-3.74346e-12,21.3136
594,2,zone_1,glucose,r1032,-9.04061,4.11793e-12,4.71164
594,2,zone_1,oxygen,r0855,-19.5416,-3.74346e-12,21.3136
594,6,zone_3,glucose,r1032,-9.04061,4.11793e-12,4.71164
594,6,zone_3,oxygen,r0855,-19.5014,-3.74346e-12,19.5569
594,6,zone_3,glucose,r1032,-9.04061,4.11793e-12,4.71164
594,6,zone_3,oxygen,r0855,-19.5014,-3.74346e-12,19.5569
594,3,zone_2,glucose,r1032,-9.04061,4.11793e-12,4.71164
594,3,zone_2,oxygen,r0855,-19.5352,-3.74346e-12,21.0161
594,3,zone_2,glucose,r1032,-9.04061,4.11793e-12,4.71164
594,3,zone_2,oxygen,r0855,-19.5352,-3.74346e-12,21.0161
594,7,zone_3,glucose,r1032,-9.04061,4.11793e-12,4.71164
594,7,zone_3,oxygen,r0855,-19.4985,-3.74346e-12,19.4383
594,7,zone_3,glucose,r1032,-9.04061,4.11793e-12,4.71164
594,7,zone_3,oxygen,r0855,-19.4985,-3.74346e-12,19.4383
596,4,zone_2,glucose,r1032,-9.04044,4.11793e-12,4.7107
596,4,zone_2,oxygen,r0855,-19.5335,-3.74346e-12,20.9384
596,4,zone_2,glucose,r1032,-9.04044,4.11793e-12,4.7107
596,4,zone_2,oxygen,r0855,-19.5335,-3.74346e-12,20.9384
596,8,zone_3,glucose,r1032,-9.04044,4.11793e-12,4.7107
596,8,zone_3,oxygen,r0855,-19.4954,-3.74346e-12,19.3194
596,8,zone_3,glucose,r1032,-9.04044,4.11793e-12,4.7107
596,8,zone_3,oxygen,r0855,-19.4954,-3.74346e-12,19.3194
596,0,zone_1,glucose,r1032,-9.04044,4.11793e-12,4.7107
596,0,zone_1,oxygen,r0855,-19.5417,-3.74346e-12,21.319
596,0,zone_1,glucose,r1032,-9.04044,4.11793e-12,4.7107
596,0,zone_1,oxygen,r0855,-19.5417,-3.74346e-12,21.319
596,5,zone_2,glucose,r1032,-9.04044,4.11793e-12,4.7107
596,5,zone_2,oxygen,r0855,-19.5328,-3.74346e-12,20.9063
596,5,zone_2,glucose,r1032,-9.04044,4.11793e-12,4.7107
596,5,zone_2,oxygen,r0855,-19.5328,-3.74346e-12,20.9063
596,1,zone_1,glucose,r1032,-9.04044,4.11793e-12,4.7107
596,1,zone_1,oxygen,r0855,-19.5417,-3.74346e-12,21.319
596,1,zone_1,glucose,r1032,-9.04044,4.11793e-12,4.7107
596,1,zone_1,oxygen,r0855,-19.5417,-3.74346e-12,21.319
596,2,zone_1,glucose,r1032,-9.04044,4.11793e-12,4.7107
596,2,zone_1,oxygen,r0855,-19.5408,-3.74346e-12,21.276
596,2,zone_1,glucose,r1032,-9.04044,4.11793e-12,4.7107
596,2,zone_1,oxygen,r0855,-19.5408,-3.74346e-12,21.276
596,6,zone_3,glucose,r1032,-9.04044,4.11793e-12,4.7107
596,6,zone_3,oxygen,r0855,-19.5005,-3.74346e-12,19.5213
596,6,zone_3,glucose,r1032,-9.04044,4.11793e-12,4.7107
596,6,zone_3,oxygen,r0855,-19.5005,-3.74346e-12,19.5213
596,3,zone_2,glucose,r1032,-9.04044,4.11793e-12,4.7107
596,3,zone_2,oxygen,r0855,-19.5344,-3.74346e-12,20.9786
596,3,zone_2,glucose,r1032,-9.04044,4.11793e-12,4.7107
596,3,zone_2,oxygen,r0855,-19.5344,-3.74346e-12,20.9786
596,7,zone_3,glucose,r1032,-9.04044,4.11793e-12,4.7107
596,7,zone_3,oxygen,r0855,-19.4976,-3.74346e-12,19.4029
596,7,zone_3,glucose,r1032,-9.04044,4.11793e-12,4.7107
596,7,zone_3,oxygen,r0855,-19.4976,-3.74346e-12,19.4029
598,0,zone_1,glucose,r1032,-9.04026,4.11793e-12,4.70976
598,0,zone_1,oxygen,r0855,-19.5409,-3.74346e-12,21.2816
598,0,zone_1,glucose,r1032,-9.04026,4.11793e-12,4.70976
598,0,zone_1,oxygen,r0855,-19.5409,-3.74346e-12,21.2816
598,8,zone_3,glucose,r1032,-9.04026,4.11793e-12,4.70976
598,8,zone_3,oxygen,r0855,-19.4945,-3.74346e-12,19.2843
598,8,zone_3,glucose,r1032,-9.04026,4.11793e-12,4.70976
598,8,zone_3,oxygen,r0855,-19.4945,-3.74346e-12,19.2843
598,4,zone_2,glucose,r1032,-9.04026,4.11793e-12,4.70976
598,4,zone_2,oxygen,r0855,-19.5327,-3.74346e-12,20.9011
598,4,zone_2,glucose,r1032,-9.04026,4.11793e-12,4.70976
598,4,zone_2,oxygen,r0855,-19.5327,-3.74346e-12,20.9011
598,1,zone_1,glucose,r1032,-9.04026,4.11793e-12,4.70976
598,1,zone_1,oxygen,r0855,-19.5409,-3.74346e-12,21.2816
598,1,zone_1,glucose,r1032,-9.04026,4.11793e-12,4.70976
598,1,zone_1,oxygen,r0855,-19.5409,-3.74346e-12,21.2816
598,5,zone_2,glucose,r1032,-9.04026,4.11793e-12,4.70976
598,5,zone_2,oxygen,r0855,-19.532,-3.74346e-12,20.869
598,5,zone_2,glucose,r1032,-9.04026,4.11793e-12,4.70976
598,5,zone_2,oxygen,r0855,-19.532,-3.74346e-12,20.869
598,2,zone_1,glucose,r1032,-9.04026,4.11793e-12,4.70976
598,2,zone_1,oxygen,r0855,-19.54,-3.74346e-12,21.2385
598,2,zone_1,glucose,r1032,-9.04026,4.11793e-12,4.70976
598,2,zone_1,oxygen,r0855,-19.54,-3.74346e-12,21.2385
598,6,zone_3,glucose,r1032,-9.04026,4.11793e-12,4.70976
598,6,zone_3,oxygen,r0855,-19.4996,-3.74346e-12,19.4858
598,6,zone_3,glucose,r1032,-9.04026,4.11793e-12,4.70976
598,6,zone_3,oxygen,r0855,-19.4996,-3.74346e-12,19.4858
598,3,zone_2,glucose,r1032,-9.04026,4.11793e-12,4.70976
598,3,zone_2,oxygen,r0855,-19.5336,-3.74346e-12,20.9413
598,3,zone_2,glucose,r1032,-9.04026,4.11793e-12,4.70976
598,3,zone_2,oxygen,r0855,-19.5336,-3.74346e-12,20.9413
598,7,zone_3,glucose,r1032,-9.04026,4.11793e-12,4.70976
598,7,zone_3,oxygen,r0855,-19.4967,-3.74346e-12,19.3676
598,7,zone_3,glucose,r1032,-9.04026,4.11793e-12,4.70976
598,7,zone_3,oxygen,r0855,-19.4967,-3.74346e-12,19.3676
600,4,zone_2,glucose,r1032,-9.04009,4.11793e-12,4.70882
600,4,zone_2,oxygen,r0855,-19.5319,-3.74346e-12,20.8639
600,4,zone_2,glucose,r1032,-9.04009,4.11793e-12,4.70882
600,4,zone_2,oxygen,r0855,-19.5319,-3.74346e-12,20.8639
600,0,zone_1,glucose,r1032,-9.04009,4.11793e-12,4.70882
600,0,zone_1,oxygen,r0855,-19.5401,-3.74346e-12,21.2443
600,0,zone_1,glucose,r1032,-9.04009,4.11793e-12,4.70882
600,0,zone_1,oxygen,r0855,-19.5401,-3.74346e-12,21.2443
600,8,zone_3,glucose,r1032,-9.04009,4.11793e-12,4.70882
600,8,zone_3,oxygen,r0855,-19.4937,-3.74346e-12,19.2493
600,8,zone_3,glucose,r1032,-9.04009,4.11793e-12,4.70882
600,8,zone_3,oxygen,r0855,-19.4937,-3.74346e-12,19.2493
600,5,zone_2,glucose,r1032,-9.04009,4.11793e-12,4.70882
600,5,zone_2,oxygen,r0855,-19.5312,-3.74346e-12,20.8319
600,5,zone_2,glucose,r1032,-9.04009,4.11793e-12,4.70882
600,5,zone_2,oxygen,r0855,-19.5312,-3.74346e-12,20.8319
600,1,zone_1,glucose,r1032,-9.04009,4.11793e-12,4.70882
600,1,zone_1,oxygen,r0855,-19.5401,-3.74346e-12,21.2443
600,1,zone_1,glucose,r1032,-9.04009,4.11793e-12,4.70882
600,1,zone_1,oxygen,r0855,-19.5401,-3.74346e-12,21.2443
600,2,zone_1,glucose,r1032,-9.04009,4.11793e-12,4.70882
600,2,zone_1,oxygen,r0855,-19.5392,-3.74346e-12,21.2012
600,2,zone_1,glucose,r1032,-9.04009,4.11793e-12,4.70882
600,2,zone_1,oxygen,r0855,-19.5392,-3.74346e-12,21.2012
600,6,zone_3,glucose,r1032,-9.04009,4.11793e-12,4.70882
600,6,zone_3,oxygen,r0855,-19.4988,-3.74346e-12,19.4505
600,6,zone_3,glucose,r1032,-9.04009,4.11793e-12,4.70882
600,6,zone_3,oxygen,r0855,-19.4988,-3.74346e-12,19.4505
600,3,zone_2,glucose,r1032,-9.04009,4.11793e-12,4.70882
600,3,zone_2,oxygen,r0855,-19.5328,-3.74346e-12,20.9041
600,3,zone_2,glucose,r1032,-9.04009,4.11793e-12,4.70882
600,3,zone_2,oxygen,r0855,-19.5328,-3.74346e-12,20.9041
600,7,zone_3,glucose,r1032,-9.04009,4.11793e-12,4.70882
600,7,zone_3,oxygen,r0855,-19.4958,-3.74346e-12,19.3325
600,7,zone_3,glucose,r1032,-9.04009,4.11793e-12,4.70882
600,7,zone_3,oxygen,r0855,-19.4958,-3.74346e-12,19.3325
602,0,zone_1,glucose,r1032,-9.03992,4.11793e-12,4.70788
602,0,zone_1,oxygen,r0855,-19.5393,-3.74346e-12,21.2072
602,0,zone_1,glucose,r1032,-9.03992,4.11793e-12,4.70788
602,0,zone_1,oxygen,r0855,-19.5393,-3.74346e-12,21.2072
602,4,zone_2,glucose,r1032,-9.03992,4.11793e-12,4.70788
602,4,zone_2,oxygen,r0855,-19.5311,-3.74346e-12,20.8269
602,4,zone_2,glucose,r1032,-9.03992,4.11793e-12,4.70788
602,4,zone_2,oxygen,r0855,-19.5311,-3.74346e-12,20.8269
602,8,zone_3,glucose,r1032,-9.03992,4.11793e-12,4.70788
602,8,zone_3,oxygen,r0855,-19.4928,-3.74346e-12,19.2145
602,8,zone_3,glucose,r1032,-9.03992,4.11793e-12,4.70788
602,8,zone_3,oxygen,r0855,-19.4928,-3.74346e-12,19.2145
602,1,zone_1,glucose,r1032,-9.03992,4.11793e-12,4.70788
602,1,zone_1,oxygen,r0855,-19.5393,-3.74346e-12,21.2072
602,1,zone_1,glucose,r1032,-9.03992,4.11793e-12,4.70788
602,1,zone_1,oxygen,r0855,-19.5393,-3.74346e-12,21.2072
602,5,zone_2,glucose,r1032,-9.03992,4.11793e-12,4.70788
602,5,zone_2,oxygen,r0855,-19.5304,-3.74346e-12,20.7949
602,5,zone_2,glucose,r1032,-9.03992,4.11793e-12,4.70788
602,5,zone_2,oxygen,r0855,-19.5304,-3.74346e-12,20.7949
602,2,zone_1,glucose,r1032,-9.03992,4.11793e-12,4.70788
602,2,zone_1,oxygen,r0855,-19.5384,-3.74346e-12,21.1641
602,2,zone_1,glucose,r1032,-9.03992,4.11793e-12,4.70788
602,2,zone_1,oxygen,r0855,-19.5384,-3.74346e-12,21.1641
602,6,zone_3,glucose,r1032,-9.03992,4.11793e-12,4.70788
602,6,zone_3,oxygen,r0855,-19.4979,-3.74346e-12,19.4153
602,6,zone_3,glucose,r1032,-9.03992,4.11793e-12,4.70788
602,6,zone_3,oxygen,r0855,-19.4979,-3.74346e-12,19.4153
602,3,zone_2,glucose,r1032,-9.03992,4.11793e-12,4.70788
602,3,zone_2,oxygen,r0855,-19.532,-3.74346e-12,20.8672
602,3,zone_2,glucose,r1032,-9.03992,4.11793e-12,4.70788
602,3,zone_2,oxygen,r0855,-19.532,-3.74346e-12,20.8672
602,7,zone_3,glucose,r1032,-9.03992,4.11793e-12,4.70788
602,7,zone_3,oxygen,r0855,-19.4949,-3.74346e-12,19.2975
602,7,zone_3,glucose,r1032,-9.03992,4.11793e-12,4.70788
602,7,zone_3,oxygen,r0855,-19.4949,-3.74346e-12,19.2975
604,8,zone_3,glucose,r1032,-9.03974,4.11793e-12,4.70693
604,8,zone_3,oxygen,r0855,-19.4919,-3.74346e-12,19.1798
604,8,zone_3,glucose,r1032,-9.03974,4.11793e-12,4.70693
604,8,zone_3,oxygen,r0855,-19.4919,-3.74346e-12,19.1798
604,0,zone_1,glucose,r1032,-9.03974,4.11793e-12,4.70693
604,0,zone_1,oxygen,r0855,-19.5385,-3.74346e-12,21.1703
604,0,zone_1,glucose,r1032,-9.03974,4.11793e-12,4.70693
604,0,zone_1,oxygen,r0855,-19.5385,-3.74346e-12,21.1703
604,4,zone_2,glucose,r1032,-9.03974,4.11793e-12,4.70693
604,4,zone_2,oxygen,r0855,-19.5303,-3.74346e-12,20.7901
604,4,zone_2,glucose,r1032,-9.03974,4.11793e-12,4.70693
604,4,zone_2,oxygen,r0855,-19.5303,-3.74346e-12,20.7901
604,1,zone_1,glucose,r1032,-9.03974,4.11793e-12,4.70693
604,1,zone_1,oxygen,r0855,-19.5385,-3.74346e-12,21.1703
604,1,zone_1,glucose,r1032,-9.03974,4.11793e-12,4.70693
604,1,zone_1,oxygen,r0855,-19.5385,-3.74346e-12,21.1703
604,5,zone_2,glucose,r1032,-9.03974,4.11793e-12,4.70693
604,5,zone_2,oxygen,r0855,-19.5296,-3.74346e-12,20.7581
604,5,zone_2,glucose,r1032,-9.03974,4.11793e-12,4.70693
604,5,zone_2,oxygen,r0855,-19.5296,-3.74346e-12,20.7581
604,2,zone_1,glucose,r1032,-9.03974,4.11793e-12,4.70693
604,2,zone_1,oxygen,r0855,-19.5376,-3.74346e-12,21.1271
604,2,zone_1,glucose,r1032,-9.03974,4.11793e-12,4.70693
604,2,zone_1,oxygen,r0855,-19.5376,-3.74346e-12,21.1271
604,6,zone_3,glucose,r1032,-9.03974,4.11793e-12,4.70693
604,6,zone_3,oxygen,r0855,-19.497,-3.74346e-12,19.3803
604,6,zone_3,glucose,r1032,-9.03974,4.11793e-12,4.70693
604,6,zone_3,oxygen,r0855,-19.497,-3.74346e-12,19.3803
604,3,zone_2,glucose,r1032,-9.03974,4.11793e-12,4.70693
604,3,zone_2,oxygen,r0855,-19.5312,-3.74346e-12,20.8303
604,3,zone_2,glucose,r1032,-9.03974,4.11793e-12,4.70693
604,3,zone_2,oxygen,r0855,-19.5312,-3.74346e-12,20.8303
604,7,zone_3,glucose,r1032,-9.03974,4.11793e-12,4.70693
604,7,zone_3,oxygen,r0855,-19.494,-3.74346e-12,19.2627
604,7,zone_3,glucose,r1032,-9.03974,4.11793e-12,4.70693
604,7,zone_3,oxygen,r0855,-19.494,-3.74346e-12,19.2627
606,0,zone_1,glucose,r1032,-9.03957,4.11793e-12,4.70599
606,0,zone_1,oxygen,r0855,-19.5378,-3.74346e-12,21.1335
606,0,zone_1,glucose,r1032,-9.03957,4.11793e-12,4.70599
606,0,zone_1,oxygen,r0855,-19.5378,-3.74346e-12,21.1335
606,8,zone_3,glucose,r1032,-9.03957,4.11793e-12,4.70599
606,8,zone_3,oxygen,r0855,-19.491,-3.74346e-12,19.1453
606,8,zone_3,glucose,r1032,-9.03957,4.11793e-12,4.70599
606,8,zone_3,oxygen,r0855,-19.491,-3.74346e-12,19.1453
606,4,zone_2,glucose,r1032,-9.03957,4.11793e-12,4.70599
606,4,zone_2,oxygen,r0855,-19.5295,-3.74346e-12,20.7534
606,4,zone_2,glucose,r1032,-9.03957,4.11793e-12,4.70599
606,4,zone_2,oxygen,r0855,-19.5295,-3.74346e-12,20.7534
606,1,zone_1,glucose,r1032,-9.03957,4.11793e-12,4.70599
606,1,zone_1,oxygen,r0855,-19.5378,-3.74346e-12,21.1335
606,1,zone_1,glucose,r1032,-9.03957,4.11793e-12,4.70599
606,1,zone_1,oxygen,r0855,-19.5378,-3.74346e-12,21.1335
606,5,zone_2,glucose,r1032,-9.03957,4.11793e-12,4.70599
606,5,zone_2,oxygen,r0855,-19.5288,-3.74346e-12,20.7214
606,5,zone_2,glucose,r1032,-9.03957,4.11793e-12,4.70599
606,5,zone_2,oxygen,r0855,-19.5288,-3.74346e-12,20.7214
606,2,zone_1,glucose,r1032,-9.03957,4.11793e-12,4.70599
606,2,zone_1,oxygen,r0855,-19.5368,-3.74346e-12,21.0902
606,2,zone_1,glucose,r1032,-9.03957,4.11793e-12,4.70599
606,2,zone_1,oxygen,r0855,-19.5368,-3.74346e-12,21.0902
606,6,zone_3,glucose,r1032,-9.03957,4.11793e-12,4.70599
606,6,zone_3,oxygen,r0855,-19.4961,-3.74346e-12,19.3454
606,6,zone_3,glucose,r1032,-9.03957,4.11793e-12,4.70599
606,6,zone_3,oxygen,r0855,-19.4961,-3.74346e-12,19.3454
606,3,zone_2,glucose,r1032,-9.03957,4.11793e-12,4.70599
606,3,zone_2,oxygen,r0855,-19.5304,-3.74346e-12,20.7937
606,3,zone_2,glucose,r1032,-9.03957,4.11793e-12,4.70599
606,3,zone_2,oxygen,r0855,-19.5304,-3.74346e-12,20.7937
606,7,zone_3,glucose,r1032,-9.03957,4.11793e-12,4.70599
606,7,zone_3,oxygen,r0855,-19.4931,-3.74346e-12,19.228
606,7,zone_3,glucose,r1032,-9.03957,4.11793e-12,4.70599
606,7,zone_3,oxygen,r0855,-19.4931,-3.74346e-12,19.228
608,0,zone_1,glucose,r1032,-9.03939,4.11793e-12,4.70505
608,0,zone_1,oxygen,r0855,-19.537,-3.74346e-12,21.0968
608,0,zone_1,glucose,r1032,-9.03939,4.11793e-12,4.70505
608,0,zone_1,oxygen,r0855,-19.537,-3.74346e-12,21.0968
608,8,zone_3,glucose,r1032,-9.03939,4.11793e-12,4.70505
608,8,zone_3,oxygen,r0855,-19.4901,-3.74346e-12,19.1109
608,8,zone_3,glucose,r1032,-9.03939,4.11793e-12,4.70505
608,8,zone_3,oxygen,r0855,-19.4901,-3.74346e-12,19.1109
608,4,zone_2,glucose,r1032,-9.03939,4.11793e-12,4.70505
608,4,zone_2,oxygen,r0855,-19.5287,-3.74346e-12,20.7169
608,4,zone_2,glucose,r1032,-9.03939,4.11793e-12,4.70505
608,4,zone_2,oxygen,r0855,-19.5287,-3.74346e-12,20.7169
608,1,zone_1,glucose,r1032,-9.03939,4.11793e-12,4.70505
608,1,zone_1,oxygen,r0855,-19.537,-3.74346e-12,21.0968
608,1,zone_1,glucose,r1032,-9.03939,4.11793e-12,4.70505
608,1,zone_1,oxygen,r0855,-19.537,-3.74346e-12,21.0968
608,5,zone_2,glucose,r1032,-9.03939,4.11793e-12,4.70505
608,5,zone_2,oxygen,r0855,-19.528,-3.74346e-12,20.6849
608,5,zone_2,glucose,r1032,-9.03939,4.11793e-12,4.70505
608,5,zone_2,oxygen,r0855,-19.528,-3.74346e-12,20.6849
608,2,zone_1,glucose,r1032,-9.03939,4.11793e-12,4.70505
608,2,zone_1,oxygen,r0855,-19.536,-3.74346e-12,21.0536
608,2,zone_1,glucose,r1032,-9.03939,4.11793e-12,4.70505
608,2,zone_1,oxygen,r0855,-19.536,-3.74346e-12,21.0536
608,6,zone_3,glucose,r1032,-9.03939,4.11793e-12,4.70505
608,6,zone_3,oxygen,r0855,-19.4952,-3.74346e-12,19.3107
608,6,zone_3,glucose,r1032,-9.03939,4.11793e-12,4.70505
608,6,zone_3,oxygen,r0855,-19.4952,-3.74346e-12,19.3107
608,3,zone_2,glucose,r1032,-9.03939,4.11793e-12,4.70505
608,3,zone_2,oxygen,r0855,-19.5296,-3.74346e-12,20.7572
608,3,zone_2,glucose,r1032,-9.03939,4.11793e-12,4.70505
608,3,zone_2,oxygen,r0855,-19.5296,-3.74346e-12,20.7572
608,7,zone_3,glucose,r1032,-9.03939,4.11793e-12,4.70505
608,7,zone_3,oxygen,r0855,-19.4922,-3.74346e-12,19.1935
608,7,zone_3,glucose,r1032,-9.03939,4.11793e-12,4.70505
608,7,zone_3,oxygen,r0855,-19.4922,-3.74346e-12,19.1935
610,0,zone_1,glucose,r1032,-9.03922,4.11793e-12,4.70411
610,0,zone_1,oxygen,r0855,-19.5362,-3.74346e-12,21.0604
610,0,zone_1,glucose,r1032,-9.03922,4.11793e-12,4.70411
610,0,zone_1,oxygen,r0855,-19.5362,-3.74346e-12,21.0604
610,4,zone_2,glucose,r1032,-9.03922,4.11793e-12,4.70411
610,4,zone_2,oxygen,r0855,-19.5279,-3.74346e-12,20.6806
610,4,zone_2,glucose,r1032,-9.03922,4.11793e-12,4.70411
610,4,zone_2,oxygen,r0855,-19.5279,-3.74346e-12,20.6806
610,8,zone_3,glucose,r1032,-9.03922,4.11793e-12,4.70411
610,8,zone_3,oxygen,r0855,-19.4892,-3.74346e-12,19.0766
610,8,zone_3,glucose,r1032,-9.03922,4.11793e-12,4.70411
610,8,zone_3,oxygen,r0855,-19.4892,-3.74346e-12,19.0766
610,1,zone_1,glucose,r1032,-9.03922,4.11793e-12,4.70411
610,1,zone_1,oxygen,r0855,-19.5362,-3.74346e-12,21.0604
610,1,zone_1,glucose,r1032,-9.03922,4.11793e-12,4.70411
610,1,zone_1,oxygen,r0855,-19.5362,-3.74346e-12,21.0604
610,5,zone_2,glucose,r1032,-9.03922,4.11793e-12,4.70411
610,5,zone_2,oxygen,r0855,-19.5272,-3.74346e-12,20.6485
610,5,zone_2,glucose,r1032,-9.03922,4.11793e-12,4.70411
610,5,zone_2,oxygen,r0855,-19.5272,-3.74346e-12,20.6485
610,2,zone_1,glucose,r1032,-9.03922,4.11793e-12,4.70411
610,2,zone_1,oxygen,r0855,-19.5353,-3.74346e-12,21.0171
610,2,zone_1,glucose,r1032,-9.03922,4.11793e-12,4.70411
610,2,zone_1,oxygen,r0855,-19.5353,-3.74346e-12,21.0171
610,6,zone_3,glucose,r1032,-9.03922,4.11793e-12,4.70411
610,6,zone_3,oxygen,r0855,-19.4943,-3.74346e-12,19.2761
610,6,zone_3,glucose,r1032,-9.03922,4.11793e-12,4.70411
610,6,zone_3,oxygen,r0855,-19.4943,-3.74346e-12,19.2761
610,3,zone_2,glucose,r1032,-9.03922,4.11793e-12,4.70411
610,3,zone_2,oxygen,r0855,-19.5288,-3.74346e-12,20.7208
610,3,zone_2,glucose,r1032,-9.03922,4.11793e-12,4.70411
610,3,zone_2,oxygen,r0855,-19.5288,-3.74346e-12,20.7208
610,7,zone_3,glucose,r1032,-9.03922,4.11793e-12,4.70411
610,7,zone_3,oxygen,r0855,-19.4913,-3.74346e-12,19.1591
610,7,zone_3,glucose,r1032,-9.03922,4.11793e-12,4.70411
610,7,zone_3,oxygen,r0855,-19.4913,-3.74346e-12,19.1591
612,4,zone_2,glucose,r1032,-9.03905,4.11793e-12,4.70317
612,4,zone_2,oxygen,r0855,-19.5271,-3.74346e-12,20.6444
612,4,zone_2,glucose,r1032,-9.03905,4.11793e-12,4.70317
612,4,zone_2,oxygen,r0855,-19.5271,-3.74346e-12,20.6444
612,0,zone_1,glucose,r1032,-9.03905,4.11793e-12,4.70317
612,0,zone_1,oxygen,r0855,-19.5354,-3.74346e-12,21.0241
612,0,zone_1,glucose,r1032,-9.03905,4.11793e-12,4.70317
612,0,zone_1,oxygen,r0855,-19.5354,-3.74346e-12,21.0241
612,8,zone_3,glucose,r1032,-9.03905,4.11793e-12,4.70317
612,8,zone_3,oxygen,r0855,-19.4883,-3.74346e-12,19.0425
612,8,zone_3,glucose,r1032,-9.03905,4.11793e-12,4.70317
612,8,zone_3,oxygen,r0855,-19.4883,-3.74346e-12,19.0425
612,5,zone_2,glucose,r1032,-9.03905,4.11793e-12,4.70317
612,5,zone_2,oxygen,r0855,-19.5263,-3.74346e-12,20.6123
612,5,zone_2,glucose,r1032,-9.03905,4.11793e-12,4.70317
612,5,zone_2,oxygen,r0855,-19.5263,-3.74346e-12,20.6123
612,1,zone_1,glucose,r1032,-9.03905,4.11793e-12,4.70317
612,1,zone_1,oxygen,r0855,-19.5354,-3.74346e-12,21.0241
612,1,zone_1,glucose,r1032,-9.03905,4.11793e-12,4.70317
612,1,zone_1,oxygen,r0855,-19.5354,-3.74346e-12,21.0241
612,6,zone_3,glucose,r1032,-9.03905,4.11793e-12,4.70317
612,6,zone_3,oxygen,r0855,-19.4935,-3.74346e-12,19.2417
612,6,zone_3,glucose,r1032,-9.03905,4.11793e-12,4.70317
612,6,zone_3,oxygen,r0855,-19.4935,-3.74346e-12,19.2417
612,2,zone_1,glucose,r1032,-9.03905,4.11793e-12,4.70317
612,2,zone_1,oxygen,r0855,-19.5345,-3.74346e-12,20.9807
612,2,zone_1,glucose,r1032,-9.03905,4.11793e-12,4.70317
612,2,zone_1,oxygen,r0855,-19.5345,-3.74346e-12,20.9807
612,3,zone_2,glucose,r1032,-9.03905,4.11793e-12,4.70317
612,3,zone_2,oxygen,r0855,-19.528,-3.74346e-12,20.6846
612,3,zone_2,glucose,r1032,-9.03905,4.11793e-12,4.70317
612,3,zone_2,oxygen,r0855,-19.528,-3.74346e-12,20.6846
612,7,zone_3,glucose,r1032,-9.03905,4.11793e-12,4.70317
612,7,zone_3,oxygen,r0855,-19.4904,-3.74346e-12,19.1249
612,7,zone_3,glucose,r1032,-9.03905,4.11793e-12,4.70317
612,7,zone_3,oxygen,r0855,-19.4904,-3.74346e-12,19.1249
614,4,zone_2,glucose,r1032,-9.03887,4.11793e-12,4.70223
614,4,zone_2,oxygen,r0855,-19.5263,-3.74346e-12,20.6083
614,4,zone_2,glucose,r1032,-9.03887,4.11793e-12,4.70223
614,4,zone_2,oxygen,r0855,-19.5263,-3.74346e-12,20.6083
614,8,zone_3,glucose,r1032,-9.03887,4.11793e-12,4.70223
614,8,zone_3,oxygen,r0855,-19.4874,-3.74346e-12,19.0086
614,8,zone_3,glucose,r1032,-9.03887,4.11793e-12,4.70223
614,8,zone_3,oxygen,r0855,-19.4874,-3.74346e-12,19.0086
614,0,zone_1,glucose,r1032,-9.03887,4.11793e-12,4.70223
614,0,zone_1,oxygen,r0855,-19.5346,-3.74346e-12,20.9879
614,0,zone_1,glucose,r1032,-9.03887,4.11793e-12,4.70223
614,0,zone_1,oxygen,r0855,-19.5346,-3.74346e-12,20.9879
614,5,zone_2,glucose,r1032,-9.03887,4.11793e-12,4.70223
614,5,zone_2,oxygen,r0855,-19.5255,-3.74346e-12,20.5763
614,5,zone_2,glucose,r1032,-9.03887,4.11793e-12,4.70223
614,5,zone_2,oxygen,r0855,-19.5255,-3.74346e-12,20.5763
614,1,zone_1,glucose,r1032,-9.03887,4.11793e-12,4.70223
614,1,zone_1,oxygen,r0855,-19.5346,-3.74346e-12,20.9879
614,1,zone_1,glucose,r1032,-9.03887,4.11793e-12,4.70223
614,1,zone_1,oxygen,r0855,-19.5346,-3.74346e-12,20.9879
614,6,zone_3,glucose,r1032,-9.03887,4.11793e-12,4.70223
614,6,zone_3,oxygen,r0855,-19.4926,-3.74346e-12,19.2074
614,6,zone_3,glucose,r1032,-9.03887,4.11793e-12,4.70223
614,6,zone_3,oxygen,r0855,-19.4926,-3.74346e-12,19.2074
614,2,zone_1,glucose,r1032,-9.03887,4.11793e-12,4.70223
614,2,zone_1,oxygen,r0855,-19.5337,-3.74346e-12,20.9445
614,2,zone_1,glucose,r1032,-9.03887,4.11793e-12,4.70223
614,2,zone_1,oxygen,r0855,-19.5337,-3.74346e-12,20.9445
614,7,zone_3,glucose,r1032,-9.03887,4.11793e-12,4.70223
614,7,zone_3,oxygen,r0855,-19.4896,-3.74346e-12,19.0908
614,7,zone_3,glucose,r1032,-9.03887,4.11793e-12,4.70223
614,7,zone_3,oxygen,r0855,-19.4896,-3.74346e-12,19.0908
614,3,zone_2,glucose,r1032,-9.03887,4.11793e-12,4.70223
614,3,zone_2,oxygen,r0855,-19.5272,-3.74346e-12,20.6486
614,3,zone_2,glucose,r1032,-9.03887,4.11793e-12,4.70223
614,3,zone_2,oxygen,r0855,-19.5272,-3.74346e-12,20.6486
616,4,zone_2,glucose,r1032,-9.0387,4.11793e-12,4.70129
616,4,zone_2,oxygen,r0855,-19.5254,-3.74346e-12,20.5724
616,4,zone_2,glucose,r1032,-9.0387,4.11793e-12,4.70129
616,4,zone_2,oxygen,r0855,-19.5254,-3.74346e-12,20.5724
616,0,zone_1,glucose,r1032,-9.0387,4.11793e-12,4.70129
616,0,zone_1,oxygen,r0855,-19.5338,-3.74346e-12,20.9519
616,0,zone_1,glucose,r1032,-9.0387,4.11793e-12,4.70129
616,0,zone_1,oxygen,r0855,-19.5338,-3.74346e-12,20.9519
616,8,zone_3,glucose,r1032,-9.0387,4.11793e-12,4.70129
616,8,zone_3,oxygen,r0855,-19.4865,-3.74346e-12,18.9748
616,8,zone_3,glucose,r1032,-9.0387,4.11793e-12,4.70129
616,8,zone_3,oxygen,r0855,-19.4865,-3.74346e-12,18.9748
616,5,zone_2,glucose,r1032,-9.0387,4.11793e-12,4.70129
616,5,zone_2,oxygen,r0855,-19.5247,-3.74346e-12,20.5404
616,5,zone_2,glucose,r1032,-9.0387,4.11793e-12,4.70129
616,5,zone_2,oxygen,r0855,-19.5247,-3.74346e-12,20.5404
616,1,zone_1,glucose,r1032,-9.0387,4.11793e-12,4.70129
616,1,zone_1,oxygen,r0855,-19.5338,-3.74346e-12,20.9519
616,1,zone_1,glucose,r1032,-9.0387,4.11793e-12,4.70129
616,1,zone_1,oxygen,r0855,-19.5338,-3.74346e-12,20.9519
616,2,zone_1,glucose,r1032,-9.0387,4.11793e-12,4.70129
616,2,zone_1,oxygen,r0855,-19.5329,-3.74346e-12,20.9084
616,2,zone_1,glucose,r1032,-9.0387,4.11793e-12,4.70129
616,2,zone_1,oxygen,r0855,-19.5329,-3.74346e-12,20.9084
616,6,zone_3,glucose,r1032,-9.0387,4.11793e-12,4.70129
616,6,zone_3,oxygen,r0855,-19.4917,-3.74346e-12,19.1733
616,6,zone_3,glucose,r1032,-9.0387,4.11793e-12,4.70129
616,6,zone_3,oxygen,r0855,-19.4917,-3.74346e-12,19.1733
616,3,zone_2,glucose,r1032,-9.0387,4.11793e-12,4.70129
616,3,zone_2,oxygen,r0855,-19.5264,-3.74346e-12,20.6127
616,3,zone_2,glucose,r1032,-9.0387,4.11793e-12,4.70129
616,3,zone_2,oxygen,r0855,-19.5264,-3.74346e-12,20.6127
616,7,zone_3,glucose,r1032,-9.0387,4.11793e-12,4.70129
616,7,zone_3,oxygen,r0855,-19.4887,-3.74346e-12,19.0569
616,7,zone_3,glucose,r1032,-9.0387,4.11793e-12,4.70129
616,7,zone_3,oxygen,r0855,-19.4887,-3.74346e-12,19.0569
618,4,zone_2,glucose,r1032,-9.03853,4.11793e-12,4.70035
618,4,zone_2,oxygen,r0855,-19.5246,-3.74346e-12,20.5367
618,4,zone_2,glucose,r1032,-9.03853,4.11793e-12,4.70035
618,4,zone_2,oxygen,r0855,-19.5246,-3.74346e-12,20.5367
618,0,zone_1,glucose,r1032,-9.03853,4.11793e-12,4.70035
618,0,zone_1,oxygen,r0855,-19.5331,-3.74346e-12,20.9161
618,8,zone_3,glucose,r1032,-9.03853,4.11793e-12,4.70035
618,8,zone_3,oxygen,r0855,-19.4856,-3.74346e-12,18.9411
618,0,zone_1,glucose,r1032,-9.03853,4.11793e-12,4.70035
618,0,zone_1,oxygen,r0855,-19.5331,-3.74346e-12,20.9161
618,8,zone_3,glucose,r1032,-9.03853,4.11793e-12,4.70035
618,8,zone_3,oxygen,r0855,-19.4856,-3.74346e-12,18.9411
618,5,zone_2,glucose,r1032,-9.03853,4.11793e-12,4.70035
618,5,zone_2,oxygen,r0855,-19.5239,-3.74346e-12,20.5047
618,1,zone_1,glucose,r1032,-9.03853,4.11793e-12,4.70035
618,1,zone_1,oxygen,r0855,-19.5331,-3.74346e-12,20.9161
618,5,zone_2,glucose,r1032,-9.03853,4.11793e-12,4.70035
618,5,zone_2,oxygen,r0855,-19.5239,-3.74346e-12,20.5047
618,1,zone_1,glucose,r1032,-9.03853,4.11793e-12,4.70035
618,1,zone_1,oxygen,r0855,-19.5331,-3.74346e-12,20.9161
618,2,zone_1,glucose,r1032,-9.03853,4.11793e-12,4.70035
618,2,zone_1,oxygen,r0855,-19.5321,-3.74346e-12,20.8726
618,2,zone_1,glucose,r1032,-9.03853,4.11793e-12,4.70035
618,2,zone_1,oxygen,r0855,-19.5321,-3.74346e-12,20.8726
618,6,zone_3,glucose,r1032,-9.03853,4.11793e-12,4.70035
618,6,zone_3,oxygen,r0855,-19.4908,-3.74346e-12,19.1393
618,6,zone_3,glucose,r1032,-9.03853,4.11793e-12,4.70035
618,6,zone_3,oxygen,r0855,-19.4908,-3.74346e-12,19.1393
618,3,zone_2,glucose,r1032,-9.03853,4.11793e-12,4.70035
618,3,zone_2,oxygen,r0855,-19.5255,-3.74346e-12,20.5769
618,3,zone_2,glucose,r1032,-9.03853,4.11793e-12,4.70035
618,3,zone_2,oxygen,r0855,-19.5255,-3.74346e-12,20.5769
618,7,zone_3,glucose,r1032,-9.03853,4.11793e-12,4.70035
618,7,zone_3,oxygen,r0855,-19.4878,-3.74346e-12,19.0231
618,7,zone_3,glucose,r1032,-9.03853,4.11793e-12,4.70035
618,7,zone_3,oxygen,r0855,-19.4878,-3.74346e-12,19.0231
620,4,zone_2,glucose,r1032,-9.03835,4.11793e-12,4.69941
620,4,zone_2,oxygen,r0855,-19.5238,-3.74346e-12,20.5011
620,4,zone_2,glucose,r1032,-9.03835,4.11793e-12,4.69941
620,4,zone_2,oxygen,r0855,-19.5238,-3.74346e-12,20.5011
620,8,zone_3,glucose,r1032,-9.03835,4.11793e-12,4.69941
620,8,zone_3,oxygen,r0855,-19.4847,-3.74346e-12,18.9076
620,8,zone_3,glucose,r1032,-9.03835,4.11793e-12,4.69941
620,8,zone_3,oxygen,r0855,-19.4847,-3.74346e-12,18.9076
620,0,zone_1,glucose,r1032,-9.03835,4.11793e-12,4.69941
620,0,zone_1,oxygen,r0855,-19.5323,-3.74346e-12,20.8804
620,0,zone_1,glucose,r1032,-9.03835,4.11793e-12,4.69941
620,0,zone_1,oxygen,r0855,-19.5323,-3.74346e-12,20.8804
620,5,zone_2,glucose,r1032,-9.03835,4.11793e-12,4.69941
620,5,zone_2,oxygen,r0855,-19.5231,-3.74346e-12,20.4691
620,5,zone_2,glucose,r1032,-9.03835,4.11793e-12,4.69941
620,5,zone_2,oxygen,r0855,-19.5231,-3.74346e-12,20.4691
620,1,zone_1,glucose,r1032,-9.03835,4.11793e-12,4.69941
620,1,zone_1,oxygen,r0855,-19.5323,-3.74346e-12,20.8804
620,1,zone_1,glucose,r1032,-9.03835,4.11793e-12,4.69941
620,1,zone_1,oxygen,r0855,-19.5323,-3.74346e-12,20.8804
620,6,zone_3,glucose,r1032,-9.03835,4.11793e-12,4.69941
620,6,zone_3,oxygen,r0855,-19.4899,-3.74346e-12,19.1055
620,6,zone_3,glucose,r1032,-9.03835,4.11793e-12,4.69941
620,6,zone_3,oxygen,r0855,-19.4899,-3.74346e-12,19.1055
620,2,zone_1,glucose,r1032,-9.03835,4.11793e-12,4.69941
620,2,zone_1,oxygen,r0855,-19.5313,-3.74346e-12,20.8368
620,2,zone_1,glucose,r1032,-9.03835,4.11793e-12,4.69941
620,2,zone_1,oxygen,r0855,-19.5313,-3.74346e-12,20.8368
620,7,zone_3,glucose,r1032,-9.03835,4.11793e-12,4.69941
620,7,zone_3,oxygen,r0855,-19.4869,-3.74346e-12,18.9894
620,7,zone_3,glucose,r1032,-9.03835,4.11793e-12,4.69941
620,7,zone_3,oxygen,r0855,-19.4869,-3.74346e-12,18.9894
620,3,zone_2,glucose,r1032,-9.03835,4.11793e-12,4.69941
620,3,zone_2,oxygen,r0855,-19.5247,-3.74346e-12,20.5413
620,3,zone_2,glucose,r1032,-9.03835,4.11793e-12,4.69941
620,3,zone_2,oxygen,r0855,-19.5247,-3.74346e-12,20.5413
622,0,zone_1,glucose,r1032,-9.03818,4.11793e-12,4.69847
622,0,zone_1,oxygen,r0855,-19.5315,-3.74346e-12,20.8448
622,0,zone_1,glucose,r1032,-9.03818,4.11793e-12,4.69847
622,0,zone_1,oxygen,r0855,-19.5315,-3.74346e-12,20.8448
622,8,zone_3,glucose,r1032,-9.03818,4.11793e-12,4.69847
622,8,zone_3,oxygen,r0855,-19.4839,-3.74346e-12,18.8743
622,8,zone_3,glucose,r1032,-9.03818,4.11793e-12,4.69847
622,8,zone_3,oxygen,r0855,-19.4839,-3.74346e-12,18.8743
622,4,zone_2,glucose,r1032,-9.03818,4.11793e-12,4.69847
622,4,zone_2,oxygen,r0855,-19.523,-3.74346e-12,20.4657
622,4,zone_2,glucose,r1032,-9.03818,4.11793e-12,4.69847
622,4,zone_2,oxygen,r0855,-19.523,-3.74346e-12,20.4657
622,1,zone_1,glucose,r1032,-9.03818,4.11793e-12,4.69847
622,1,zone_1,oxygen,r0855,-19.5315,-3.74346e-12,20.8448
622,1,zone_1,glucose,r1032,-9.03818,4.11793e-12,4.69847
622,1,zone_1,oxygen,r0855,-19.5315,-3.74346e-12,20.8448
622,5,zone_2,glucose,r1032,-9.03818,4.11793e-12,4.69847
622,5,zone_2,oxygen,r0855,-19.5223,-3.74346e-12,20.4337
622,5,zone_2,glucose,r1032,-9.03818,4.11793e-12,4.69847
622,5,zone_2,oxygen,r0855,-19.5223,-3.74346e-12,20.4337
622,2,zone_1,glucose,r1032,-9.03818,4.11793e-12,4.69847
622,2,zone_1,oxygen,r0855,-19.5305,-3.74346e-12,20.8012
622,2,zone_1,glucose,r1032,-9.03818,4.11793e-12,4.69847
622,2,zone_1,oxygen,r0855,-19.5305,-3.74346e-12,20.8012
622,6,zone_3,glucose,r1032,-9.03818,4.11793e-12,4.69847
622,6,zone_3,oxygen,r0855,-19.4891,-3.74346e-12,19.0718
622,6,zone_3,glucose,r1032,-9.03818,4.11793e-12,4.69847
622,6,zone_3,oxygen,r0855,-19.4891,-3.74346e-12,19.0718
622,3,zone_2,glucose,r1032,-9.03818,4.11793e-12,4.69847
622,3,zone_2,oxygen,r0855,-19.5239,-3.74346e-12,20.5059
622,3,zone_2,glucose,r1032,-9.03818,4.11793e-12,4.69847
622,3,zone_2,oxygen,r0855,-19.5239,-3.74346e-12,20.5059
622,7,zone_3,glucose,r1032,-9.03818,4.11793e-12,4.69847
622,7,zone_3,oxygen,r0855,-19.486,-3.74346e-12,18.9559
622,7,zone_3,glucose,r1032,-9.03818,4.11793e-12,4.69847
622,7,zone_3,oxygen,r0855,-19.486,-3.74346e-12,18.9559
624,4,zone_2,glucose,r1032,-9.038,4.11793e-12,4.69753
624,4,zone_2,oxygen,r0855,-19.5222,-3.74346e-12,20.4304
624,0,zone_1,glucose,r1032,-9.038,4.11793e-12,4.69753
624,0,zone_1,oxygen,r0855,-19.5307,-3.74346e-12,20.8094
624,0,zone_1,glucose,r1032,-9.038,4.11793e-12,4.69753
624,0,zone_1,oxygen,r0855,-19.5307,-3.74346e-12,20.8094
624,4,zone_2,glucose,r1032,-9.038,4.11793e-12,4.69753
624,4,zone_2,oxygen,r0855,-19.5222,-3.74346e-12,20.4304
624,8,zone_3,glucose,r1032,-9.038,4.11793e-12,4.69753
624,8,zone_3,oxygen,r0855,-19.483,-3.74346e-12,18.841
624,8,zone_3,glucose,r1032,-9.038,4.11793e-12,4.69753
624,8,zone_3,oxygen,r0855,-19.483,-3.74346e-12,18.841
624,5,zone_2,glucose,r1032,-9.038,4.11793e-12,4.69753
624,5,zone_2,oxygen,r0855,-19.5215,-3.74346e-12,20.3984
624,1,zone_1,glucose,r1032,-9.038,4.11793e-12,4.69753
624,1,zone_1,oxygen,r0855,-19.5307,-3.74346e-12,20.8094
624,5,zone_2,glucose,r1032,-9.038,4.11793e-12,4.69753
624,5,zone_2,oxygen,r0855,-19.5215,-3.74346e-12,20.3984
624,1,zone_1,glucose,r1032,-9.038,4.11793e-12,4.69753
624,1,zone_1,oxygen,r0855,-19.5307,-3.74346e-12,20.8094
624,2,zone_1,glucose,r1032,-9.038,4.11793e-12,4.69753
624,2,zone_1,oxygen,r0855,-19.5298,-3.74346e-12,20.7658
624,2,zone_1,glucose,r1032,-9.038,4.11793e-12,4.69753
624,2,zone_1,oxygen,r0855,-19.5298,-3.74346e-12,20.7658
624,6,zone_3,glucose,r1032,-9.038,4.11793e-12,4.69753
624,6,zone_3,oxygen,r0855,-19.4882,-3.74346e-12,19.0382
624,6,zone_3,glucose,r1032,-9.038,4.11793e-12,4.69753
624,6,zone_3,oxygen,r0855,-19.4882,-3.74346e-12,19.0382
624,3,zone_2,glucose,r1032,-9.038,4.11793e-12,4.69753
624,3,zone_2,oxygen,r0855,-19.5231,-3.74346e-12,20.4706
624,3,zone_2,glucose,r1032,-9.038,4.11793e-12,4.69753
624,3,zone_2,oxygen,r0855,-19.5231,-3.74346e-12,20.4706
624,7,zone_3,glucose,r1032,-9.038,4.11793e-12,4.69753
624,7,zone_3,oxygen,r0855,-19.4851,-3.74346e-12,18.9226
624,7,zone_3,glucose,r1032,-9.038,4.11793e-12,4.69753
624,7,zone_3,oxygen,r0855,-19.4851,-3.74346e-12,18.9226
626,8,zone_3,glucose,r1032,-9.03783,4.11793e-12,4.69659
626,8,zone_3,oxygen,r0855,-19.4821,-3.74346e-12,18.808
626,8,zone_3,glucose,r1032,-9.03783,4.11793e-12,4.69659
626,8,zone_3,oxygen,r0855,-19.4821,-3.74346e-12,18.808
626,0,zone_1,glucose,r1032,-9.03783,4.11793e-12,4.69659
626,0,zone_1,oxygen,r0855,-19.5299,-3.74346e-12,20.7742
626,0,zone_1,glucose,r1032,-9.03783,4.11793e-12,4.69659
626,0,zone_1,oxygen,r0855,-19.5299,-3.74346e-12,20.7742
626,4,zone_2,glucose,r1032,-9.03783,4.11793e-12,4.69659
626,4,zone_2,oxygen,r0855,-19.5214,-3.74346e-12,20.3953
626,4,zone_2,glucose,r1032,-9.03783,4.11793e-12,4.69659
626,4,zone_2,oxygen,r0855,-19.5214,-3.74346e-12,20.3953
626,5,zone_2,glucose,r1032,-9.03783,4.11793e-12,4.69659
626,5,zone_2,oxygen,r0855,-19.5207,-3.74346e-12,20.3632
626,5,zone_2,glucose,r1032,-9.03783,4.11793e-12,4.69659
626,5,zone_2,oxygen,r0855,-19.5207,-3.74346e-12,20.3632
626,1,zone_1,glucose,r1032,-9.03783,4.11793e-12,4.69659
626,1,zone_1,oxygen,r0855,-19.5299,-3.74346e-12,20.7742
626,1,zone_1,glucose,r1032,-9.03783,4.11793e-12,4.69659
626,1,zone_1,oxygen,r0855,-19.5299,-3.74346e-12,20.7742
626,6,zone_3,glucose,r1032,-9.03783,4.11793e-12,4.69659
626,6,zone_3,oxygen,r0855,-19.4873,-3.74346e-12,19.0048
626,6,zone_3,glucose,r1032,-9.03783,4.11793e-12,4.69659
626,6,zone_3,oxygen,r0855,-19.4873,-3.74346e-12,19.0048
626,2,zone_1,glucose,r1032,-9.03783,4.11793e-12,4.69659
626,2,zone_1,oxygen,r0855,-19.529,-3.74346e-12,20.7305
626,2,zone_1,glucose,r1032,-9.03783,4.11793e-12,4.69659
626,2,zone_1,oxygen,r0855,-19.529,-3.74346e-12,20.7305
626,3,zone_2,glucose,r1032,-9.03783,4.11793e-12,4.69659
626,3,zone_2,oxygen,r0855,-19.5223,-3.74346e-12,20.4355
626,3,zone_2,glucose,r1032,-9.03783,4.11793e-12,4.69659
626,3,zone_2,oxygen,r0855,-19.5223,-3.74346e-12,20.4355
626,7,zone_3,glucose,r1032,-9.03783,4.11793e-12,4.69659
626,7,zone_3,oxygen,r0855,-19.4843,-3.74346e-12,18.8893
626,7,zone_3,glucose,r1032,-9.03783,4.11793e-12,4.69659
626,7,zone_3,oxygen,r0855,-19.4843,-3.74346e-12,18.8893
628,0,zone_1,glucose,r1032,-9.03766,4.11793e-12,4.69565
628,0,zone_1,oxygen,r0855,-19.5292,-3.74346e-12,20.7391
628,0,zone_1,glucose,r1032,-9.03766,4.11793e-12,4.69565
628,0,zone_1,oxygen,r0855,-19.5292,-3.74346e-12,20.7391
628,8,zone_3,glucose,r1032,-9.03766,4.11793e-12,4.69565
628,8,zone_3,oxygen,r0855,-19.4812,-3.74346e-12,18.775
628,8,zone_3,glucose,r1032,-9.03766,4.11793e-12,4.69565
628,8,zone_3,oxygen,r0855,-19.4812,-3.74346e-12,18.775
628,4,zone_2,glucose,r1032,-9.03766,4.11793e-12,4.69565
628,4,zone_2,oxygen,r0855,-19.5206,-3.74346e-12,20.3603
628,4,zone_2,glucose,r1032,-9.03766,4.11793e-12,4.69565
628,4,zone_2,oxygen,r0855,-19.5206,-3.74346e-12,20.3603
628,1,zone_1,glucose,r1032,-9.03766,4.11793e-12,4.69565
628,1,zone_1,oxygen,r0855,-19.5292,-3.74346e-12,20.7391
628,1,zone_1,glucose,r1032,-9.03766,4.11793e-12,4.69565
628,1,zone_1,oxygen,r0855,-19.5292,-3.74346e-12,20.7391
628,5,zone_2,glucose,r1032,-9.03766,4.11793e-12,4.69565
628,5,zone_2,oxygen,r0855,-19.5199,-3.74346e-12,20.3283
628,5,zone_2,glucose,r1032,-9.03766,4.11793e-12,4.69565
628,5,zone_2,oxygen,r0855,-19.5199,-3.74346e-12,20.3283
628,2,zone_1,glucose,r1032,-9.03766,4.11793e-12,4.69565
628,2,zone_1,oxygen,r0855,-19.5282,-3.74346e-12,20.6954
628,2,zone_1,glucose,r1032,-9.03766,4.11793e-12,4.69565
628,2,zone_1,oxygen,r0855,-19.5282,-3.74346e-12,20.6954
628,6,zone_3,glucose,r1032,-9.03766,4.11793e-12,4.69565
628,6,zone_3,oxygen,r0855,-19.4864,-3.74346e-12,18.9716
628,6,zone_3,glucose,r1032,-9.03766,4.11793e-12,4.69565
628,6,zone_3,oxygen,r0855,-19.4864,-3.74346e-12,18.9716
628,3,zone_2,glucose,r1032,-9.03766,4.11793e-12,4.69565
628,3,zone_2,oxygen,r0855,-19.5215,-3.74346e-12,20.4005
628,3,zone_2,glucose,r1032,-9.03766,4.11793e-12,4.69565
628,3,zone_2,oxygen,r0855,-19.5215,-3.74346e-12,20.4005
628,7,zone_3,glucose,r1032,-9.03766,4.11793e-12,4.69565
628,7,zone_3,oxygen,r0855,-19.4834,-3.74346e-12,18.8563
628,7,zone_3,glucose,r1032,-9.03766,4.11793e-12,4.69565
628,7,zone_3,oxygen,r0855,-19.4834,-3.74346e-12,18.8563
630,0,zone_1,glucose,r1032,-9.03748,4.11793e-12,4.69471
630,0,zone_1,oxygen,r0855,-19.5284,-3.74346e-12,20.7042
630,0,zone_1,glucose,r1032,-9.03748,4.11793e-12,4.69471
630,0,zone_1,oxygen,r0855,-19.5284,-3.74346e-12,20.7042
630,4,zone_2,glucose,r1032,-9.03748,4.11793e-12,4.69471
630,4,zone_2,oxygen,r0855,-19.5198,-3.74346e-12,20.3255
630,4,zone_2,glucose,r1032,-9.03748,4.11793e-12,4.69471
630,4,zone_2,oxygen,r0855,-19.5198,-3.74346e-12,20.3255
630,8,zone_3,glucose,r1032,-9.03748,4.11793e-12,4.69471
630,8,zone_3,oxygen,r0855,-19.4803,-3.74346e-12,18.7422
630,8,zone_3,glucose,r1032,-9.03748,4.11793e-12,4.69471
630,8,zone_3,oxygen,r0855,-19.4803,-3.74346e-12,18.7422
630,1,zone_1,glucose,r1032,-9.03748,4.11793e-12,4.69471
630,1,zone_1,oxygen,r0855,-19.5284,-3.74346e-12,20.7042
630,1,zone_1,glucose,r1032,-9.03748,4.11793e-12,4.69471
630,1,zone_1,oxygen,r0855,-19.5284,-3.74346e-12,20.7042
630,5,zone_2,glucose,r1032,-9.03748,4.11793e-12,4.69471
630,5,zone_2,oxygen,r0855,-19.5191,-3.74346e-12,20.2934
630,5,zone_2,glucose,r1032,-9.03748,4.11793e-12,4.69471
630,5,zone_2,oxygen,r0855,-19.5191,-3.74346e-12,20.2934
630,2,zone_1,glucose,r1032,-9.03748,4.11793e-12,4.69471
630,2,zone_1,oxygen,r0855,-19.5274,-3.74346e-12,20.6604
630,2,zone_1,glucose,r1032,-9.03748,4.11793e-12,4.69471
630,2,zone_1,oxygen,r0855,-19.5274,-3.74346e-12,20.6604
630,6,zone_3,glucose,r1032,-9.03748,4.11793e-12,4.69471
630,6,zone_3,oxygen,r0855,-19.4856,-3.74346e-12,18.9384
630,6,zone_3,glucose,r1032,-9.03748,4.11793e-12,4.69471
630,6,zone_3,oxygen,r0855,-19.4856,-3.74346e-12,18.9384
630,3,zone_2,glucose,r1032,-9.03748,4.11793e-12,4.69471
630,3,zone_2,oxygen,r0855,-19.5207,-3.74346e-12,20.3657
630,3,zone_2,glucose,r1032,-9.03748,4.11793e-12,4.69471
630,3,zone_2,oxygen,r0855,-19.5207,-3.74346e-12,20.3657
630,7,zone_3,glucose,r1032,-9.03748,4.11793e-12,4.69471
630,7,zone_3,oxygen,r0855,-19.4825,-3.74346e-12,18.8233
630,7,zone_3,glucose,r1032,-9.03748,4.11793e-12,4.69471
630,7,zone_3,oxygen,r0855,-19.4825,-3.74346e-12,18.8233
632,8,zone_3,glucose,r1032,-9.03731,4.11793e-12,4.69377
632,8,zone_3,oxygen,r0855,-19.4794,-3.74346e-12,18.7096
632,8,zone_3,glucose,r1032,-9.03731,4.11793e-12,4.69377
632,8,zone_3,oxygen,r0855,-19.4794,-3.74346e-12,18.7096
632,0,zone_1,glucose,r1032,-9.03731,4.11793e-12,4.69377
632,0,zone_1,oxygen,r0855,-19.5276,-3.74346e-12,20.6694
632,0,zone_1,glucose,r1032,-9.03731,4.11793e-12,4.69377
632,0,zone_1,oxygen,r0855,-19.5276,-3.74346e-12,20.6694
632,4,zone_2,glucose,r1032,-9.03731,4.11793e-12,4.69377
632,4,zone_2,oxygen,r0855,-19.519,-3.74346e-12,20.2908
632,4,zone_2,glucose,r1032,-9.03731,4.11793e-12,4.69377
632,4,zone_2,oxygen,r0855,-19.519,-3.74346e-12,20.2908
632,1,zone_1,glucose,r1032,-9.03731,4.11793e-12,4.69377
632,1,zone_1,oxygen,r0855,-19.5276,-3.74346e-12,20.6694
632,1,zone_1,glucose,r1032,-9.03731,4.11793e-12,4.69377
632,1,zone_1,oxygen,r0855,-19.5276,-3.74346e-12,20.6694
632,5,zone_2,glucose,r1032,-9.03731,4.11793e-12,4.69377
632,5,zone_2,oxygen,r0855,-19.5183,-3.74346e-12,20.2588
632,5,zone_2,glucose,r1032,-9.03731,4.11793e-12,4.69377
632,5,zone_2,oxygen,r0855,-19.5183,-3.74346e-12,20.2588
632,2,zone_1,glucose,r1032,-9.03731,4.11793e-12,4.69377
632,2,zone_1,oxygen,r0855,-19.5266,-3.74346e-12,20.6256
632,2,zone_1,glucose,r1032,-9.03731,4.11793e-12,4.69377
632,2,zone_1,oxygen,r0855,-19.5266,-3.74346e-12,20.6256
632,6,zone_3,glucose,r1032,-9.03731,4.11793e-12,4.69377
632,6,zone_3,oxygen,r0855,-19.4847,-3.74346e-12,18.9055
632,6,zone_3,glucose,r1032,-9.03731,4.11793e-12,4.69377
632,6,zone_3,oxygen,r0855,-19.4847,-3.74346e-12,18.9055
632,3,zone_2,glucose,r1032,-9.03731,4.11793e-12,4.69377
632,3,zone_2,oxygen,r0855,-19.5199,-3.74346e-12,20.331
632,3,zone_2,glucose,r1032,-9.03731,4.11793e-12,4.69377
632,3,zone_2,oxygen,r0855,-19.5199,-3.74346e-12,20.331
632,7,zone_3,glucose,r1032,-9.03731,4.11793e-12,4.69377
632,7,zone_3,oxygen,r0855,-19.4816,-3.74346e-12,18.7905
632,7,zone_3,glucose,r1032,-9.03731,4.11793e-12,4.69377
632,7,zone_3,oxygen,r0855,-19.4816,-3.74346e-12,18.7905
634,8,zone_3,glucose,r1032,-9.03713,4.11793e-12,4.69284
634,8,zone_3,oxygen,r0855,-19.4785,-3.74346e-12,18.6771
634,8,zone_3,glucose,r1032,-9.03713,4.11793e-12,4.69284
634,8,zone_3,oxygen,r0855,-19.4785,-3.74346e-12,18.6771
634,0,zone_1,glucose,r1032,-9.03713,4.11793e-12,4.69284
634,0,zone_1,oxygen,r0855,-19.5268,-3.74346e-12,20.6348
634,0,zone_1,glucose,r1032,-9.03713,4.11793e-12,4.69284
634,0,zone_1,oxygen,r0855,-19.5268,-3.74346e-12,20.6348
634,4,zone_2,glucose,r1032,-9.03713,4.11793e-12,4.69284
634,4,zone_2,oxygen,r0855,-19.5182,-3.74346e-12,20.2562
634,4,zone_2,glucose,r1032,-9.03713,4.11793e-12,4.69284
634,4,zone_2,oxygen,r0855,-19.5182,-3.74346e-12,20.2562
634,1,zone_1,glucose,r1032,-9.03713,4.11793e-12,4.69284
634,1,zone_1,oxygen,r0855,-19.5268,-3.74346e-12,20.6348
634,1,zone_1,glucose,r1032,-9.03713,4.11793e-12,4.69284
634,1,zone_1,oxygen,r0855,-19.5268,-3.74346e-12,20.6348
634,5,zone_2,glucose,r1032,-9.03713,4.11793e-12,4.69284
634,5,zone_2,oxygen,r0855,-19.5175,-3.74346e-12,20.2242
634,5,zone_2,glucose,r1032,-9.03713,4.11793e-12,4.69284
634,5,zone_2,oxygen,r0855,-19.5175,-3.74346e-12,20.2242
634,2,zone_1,glucose,r1032,-9.03713,4.11793e-12,4.69284
634,2,zone_1,oxygen,r0855,-19.5259,-3.74346e-12,20.5909
634,2,zone_1,glucose,r1032,-9.03713,4.11793e-12,4.69284
634,2,zone_1,oxygen,r0855,-19.5259,-3.74346e-12,20.5909
634,6,zone_3,glucose,r1032,-9.03713,4.11793e-12,4.69284
634,6,zone_3,oxygen,r0855,-19.4838,-3.74346e-12,18.8726
634,6,zone_3,glucose,r1032,-9.03713,4.11793e-12,4.69284
634,6,zone_3,oxygen,r0855,-19.4838,-3.74346e-12,18.8726
634,3,zone_2,glucose,r1032,-9.03713,4.11793e-12,4.69284
634,3,zone_2,oxygen,r0855,-19.5191,-3.74346e-12,20.2965
634,3,zone_2,glucose,r1032,-9.03713,4.11793e-12,4.69284
634,3,zone_2,oxygen,r0855,-19.5191,-3.74346e-12,20.2965
634,7,zone_3,glucose,r1032,-9.03713,4.11793e-12,4.69284
634,7,zone_3,oxygen,r0855,-19.4807,-3.74346e-12,18.7579
634,7,zone_3,glucose,r1032,-9.03713,4.11793e-12,4.69284
634,7,zone_3,oxygen,r0855,-19.4807,-3.74346e-12,18.7579
636,4,zone_2,glucose,r1032,-9.03696,4.11793e-12,4.6919
636,4,zone_2,oxygen,r0855,-19.5174,-3.74346e-12,20.2219
636,4,zone_2,glucose,r1032,-9.03696,4.11793e-12,4.6919
636,4,zone_2,oxygen,r0855,-19.5174,-3.74346e-12,20.2219
636,8,zone_3,glucose,r1032,-9.03696,4.11793e-12,4.6919
636,8,zone_3,oxygen,r0855,-19.4777,-3.74346e-12,18.6447
636,0,zone_1,glucose,r1032,-9.03696,4.11793e-12,4.6919
636,0,zone_1,oxygen,r0855,-19.5261,-3.74346e-12,20.6003
636,8,zone_3,glucose,r1032,-9.03696,4.11793e-12,4.6919
636,8,zone_3,oxygen,r0855,-19.4777,-3.74346e-12,18.6447
636,0,zone_1,glucose,r1032,-9.03696,4.11793e-12,4.6919
636,0,zone_1,oxygen,r0855,-19.5261,-3.74346e-12,20.6003
636,5,zone_2,glucose,r1032,-9.03696,4.11793e-12,4.6919
636,5,zone_2,oxygen,r0855,-19.5167,-3.74346e-12,20.1899
636,5,zone_2,glucose,r1032,-9.03696,4.11793e-12,4.6919
636,5,zone_2,oxygen,r0855,-19.5167,-3.74346e-12,20.1899
636,1,zone_1,glucose,r1032,-9.03696,4.11793e-12,4.6919
636,1,zone_1,oxygen,r0855,-19.5261,-3.74346e-12,20.6003
636,1,zone_1,glucose,r1032,-9.03696,4.11793e-12,4.6919
636,1,zone_1,oxygen,r0855,-19.5261,-3.74346e-12,20.6003
636,6,zone_3,glucose,r1032,-9.03696,4.11793e-12,4.6919
636,6,zone_3,oxygen,r0855,-19.4829,-3.74346e-12,18.8399
636,6,zone_3,glucose,r1032,-9.03696,4.11793e-12,4.6919
636,6,zone_3,oxygen,r0855,-19.4829,-3.74346e-12,18.8399
636,2,zone_1,glucose,r1032,-9.03696,4.11793e-12,4.6919
636,2,zone_1,oxygen,r0855,-19.5251,-3.74346e-12,20.5564
636,2,zone_1,glucose,r1032,-9.03696,4.11793e-12,4.6919
636,2,zone_1,oxygen,r0855,-19.5251,-3.74346e-12,20.5564
636,3,zone_2,glucose,r1032,-9.03696,4.11793e-12,4.6919
636,3,zone_2,oxygen,r0855,-19.5184,-3.74346e-12,20.2621
636,7,zone_3,glucose,r1032,-9.03696,4.11793e-12,4.6919
636,7,zone_3,oxygen,r0855,-19.4799,-3.74346e-12,18.7254
636,3,zone_2,glucose,r1032,-9.03696,4.11793e-12,4.6919
636,3,zone_2,oxygen,r0855,-19.5184,-3.74346e-12,20.2621
636,7,zone_3,glucose,r1032,-9.03696,4.11793e-12,4.6919
636,7,zone_3,oxygen,r0855,-19.4799,-3.74346e-12,18.7254
638,0,zone_1,glucose,r1032,-9.03679,4.11793e-12,4.69096
638,0,zone_1,oxygen,r0855,-19.5253,-3.74346e-12,20.5659
638,0,zone_1,glucose,r1032,-9.03679,4.11793e-12,4.69096
638,0,zone_1,oxygen,r0855,-19.5253,-3.74346e-12,20.5659
638,8,zone_3,glucose,r1032,-9.03679,4.11793e-12,4.69096
638,8,zone_3,oxygen,r0855,-19.4768,-3.74346e-12,18.6124
638,8,zone_3,glucose,r1032,-9.03679,4.11793e-12,4.69096
638,8,zone_3,oxygen,r0855,-19.4768,-3.74346e-12,18.6124
638,4,zone_2,glucose,r1032,-9.03679,4.11793e-12,4.69096
638,4,zone_2,oxygen,r0855,-19.5166,-3.74346e-12,20.1876
638,4,zone_2,glucose,r1032,-9.03679,4.11793e-12,4.69096
638,4,zone_2,oxygen,r0855,-19.5166,-3.74346e-12,20.1876
638,1,zone_1,glucose,r1032,-9.03679,4.11793e-12,4.69096
638,1,zone_1,oxygen,r0855,-19.5253,-3.74346e-12,20.5659
638,1,zone_1,glucose,r1032,-9.03679,4.11793e-12,4.69096
638,1,zone_1,oxygen,r0855,-19.5253,-3.74346e-12,20.5659
638,5,zone_2,glucose,r1032,-9.03679,4.11793e-12,4.69096
638,5,zone_2,oxygen,r0855,-19.5159,-3.74346e-12,20.1556
638,5,zone_2,glucose,r1032,-9.03679,4.11793e-12,4.69096
638,5,zone_2,oxygen,r0855,-19.5159,-3.74346e-12,20.1556
638,2,zone_1,glucose,r1032,-9.03679,4.11793e-12,4.69096
638,2,zone_1,oxygen,r0855,-19.5243,-3.74346e-12,20.522
638,2,zone_1,glucose,r1032,-9.03679,4.11793e-12,4.69096
638,2,zone_1,oxygen,r0855,-19.5243,-3.74346e-12,20.522
638,6,zone_3,glucose,r1032,-9.03679,4.11793e-12,4.69096
638,6,zone_3,oxygen,r0855,-19.4821,-3.74346e-12,18.8074
638,6,zone_3,glucose,r1032,-9.03679,4.11793e-12,4.69096
638,6,zone_3,oxygen,r0855,-19.4821,-3.74346e-12,18.8074
638,3,zone_2,glucose,r1032,-9.03679,4.11793e-12,4.69096
638,3,zone_2,oxygen,r0855,-19.5176,-3.74346e-12,20.2279
638,3,zone_2,glucose,r1032,-9.03679,4.11793e-12,4.69096
638,3,zone_2,oxygen,r0855,-19.5176,-3.74346e-12,20.2279
638,7,zone_3,glucose,r1032,-9.03679,4.11793e-12,4.69096
638,7,zone_3,oxygen,r0855,-19.479,-3.74346e-12,18.693
638,7,zone_3,glucose,r1032,-9.03679,4.11793e-12,4.69096
638,7,zone_3,oxygen,r0855,-19.479,-3.74346e-12,18.693
640,4,zone_2,glucose,r1032,-9.03661,4.11793e-12,4.69002
640,4,zone_2,oxygen,r0855,-19.5158,-3.74346e-12,20.1535
640,8,zone_3,glucose,r1032,-9.03661,4.11793e-12,4.69002
640,8,zone_3,oxygen,r0855,-19.4759,-3.74346e-12,18.5803
640,0,zone_1,glucose,r1032,-9.03661,4.11793e-12,4.69002
640,0,zone_1,oxygen,r0855,-19.5245,-3.74346e-12,20.5317
640,8,zone_3,glucose,r1032,-9.03661,4.11793e-12,4.69002
640,8,zone_3,oxygen,r0855,-19.4759,-3.74346e-12,18.5803
640,4,zone_2,glucose,r1032,-9.03661,4.11793e-12,4.69002
640,4,zone_2,oxygen,r0855,-19.5158,-3.74346e-12,20.1535
640,0,zone_1,glucose,r1032,-9.03661,4.11793e-12,4.69002
640,0,zone_1,oxygen,r0855,-19.5245,-3.74346e-12,20.5317
640,1,zone_1,glucose,r1032,-9.03661,4.11793e-12,4.69002
640,1,zone_1,oxygen,r0855,-19.5245,-3.74346e-12,20.5317
640,1,zone_1,glucose,r1032,-9.03661,4.11793e-12,4.69002
640,1,zone_1,oxygen,r0855,-19.5245,-3.74346e-12,20.5317
640,5,zone_2,glucose,r1032,-9.03661,4.11793e-12,4.69002
640,5,zone_2,oxygen,r0855,-19.5151,-3.74346e-12,20.1215
640,5,zone_2,glucose,r1032,-9.03661,4.11793e-12,4.69002
640,5,zone_2,oxygen,r0855,-19.5151,-3.74346e-12,20.1215
640,2,zone_1,glucose,r1032,-9.03661,4.11793e-12,4.69002
640,2,zone_1,oxygen,r0855,-19.5235,-3.74346e-12,20.4877
640,2,zone_1,glucose,r1032,-9.03661,4.11793e-12,4.69002
640,2,zone_1,oxygen,r0855,-19.5235,-3.74346e-12,20.4877
640,6,zone_3,glucose,r1032,-9.03661,4.11793e-12,4.69002
640,6,zone_3,oxygen,r0855,-19.4812,-3.74346e-12,18.775
640,6,zone_3,glucose,r1032,-9.03661,4.11793e-12,4.69002
640,6,zone_3,oxygen,r0855,-19.4812,-3.74346e-12,18.775
640,3,zone_2,glucose,r1032,-9.03661,4.11793e-12,4.69002
640,3,zone_2,oxygen,r0855,-19.5168,-3.74346e-12,20.1938
640,3,zone_2,glucose,r1032,-9.03661,4.11793e-12,4.69002
640,3,zone_2,oxygen,r0855,-19.5168,-3.74346e-12,20.1938
640,7,zone_3,glucose,r1032,-9.03661,4.11793e-12,4.69002
640,7,zone_3,oxygen,r0855,-19.4781,-3.74346e-12,18.6608
640,7,zone_3,glucose,r1032,-9.03661,4.11793e-12,4.69002
640,7,zone_3,oxygen,r0855,-19.4781,-3.74346e-12,18.6608
642,4,zone_2,glucose,r1032,-9.03644,4.11793e-12,4.68908
642,4,zone_2,oxygen,r0855,-19.515,-3.74346e-12,20.1196
642,4,zone_2,glucose,r1032,-9.03644,4.11793e-12,4.68908
642,4,zone_2,oxygen,r0855,-19.515,-3.74346e-12,20.1196
642,0,zone_1,glucose,r1032,-9.03644,4.11793e-12,4.68908
642,0,zone_1,oxygen,r0855,-19.5238,-3.74346e-12,20.4977
642,0,zone_1,glucose,r1032,-9.03644,4.11793e-12,4.68908
642,0,zone_1,oxygen,r0855,-19.5238,-3.74346e-12,20.4977
642,8,zone_3,glucose,r1032,-9.03644,4.11793e-12,4.68908
642,8,zone_3,oxygen,r0855,-19.475,-3.74346e-12,18.5484
642,8,zone_3,glucose,r1032,-9.03644,4.11793e-12,4.68908
642,8,zone_3,oxygen,r0855,-19.475,-3.74346e-12,18.5484
642,1,zone_1,glucose,r1032,-9.03644,4.11793e-12,4.68908
642,1,zone_1,oxygen,r0855,-19.5238,-3.74346e-12,20.4977
642,1,zone_1,glucose,r1032,-9.03644,4.11793e-12,4.68908
642,1,zone_1,oxygen,r0855,-19.5238,-3.74346e-12,20.4977
642,5,zone_2,glucose,r1032,-9.03644,4.11793e-12,4.68908
642,5,zone_2,oxygen,r0855,-19.5143,-3.74346e-12,20.0876
642,5,zone_2,glucose,r1032,-9.03644,4.11793e-12,4.68908
642,5,zone_2,oxygen,r0855,-19.5143,-3.74346e-12,20.0876
642,2,zone_1,glucose,r1032,-9.03644,4.11793e-12,4.68908
642,2,zone_1,oxygen,r0855,-19.5228,-3.74346e-12,20.4537
642,2,zone_1,glucose,r1032,-9.03644,4.11793e-12,4.68908
642,2,zone_1,oxygen,r0855,-19.5228,-3.74346e-12,20.4537
642,6,zone_3,glucose,r1032,-9.03644,4.11793e-12,4.68908
642,6,zone_3,oxygen,r0855,-19.4803,-3.74346e-12,18.7427
642,6,zone_3,glucose,r1032,-9.03644,4.11793e-12,4.68908
642,6,zone_3,oxygen,r0855,-19.4803,-3.74346e-12,18.7427
642,3,zone_2,glucose,r1032,-9.03644,4.11793e-12,4.68908
642,3,zone_2,oxygen,r0855,-19.516,-3.74346e-12,20.1599
642,3,zone_2,glucose,r1032,-9.03644,4.11793e-12,4.68908
642,3,zone_2,oxygen,r0855,-19.516,-3.74346e-12,20.1599
642,7,zone_3,glucose,r1032,-9.03644,4.11793e-12,4.68908
642,7,zone_3,oxygen,r0855,-19.4772,-3.74346e-12,18.6287
642,7,zone_3,glucose,r1032,-9.03644,4.11793e-12,4.68908
642,7,zone_3,oxygen,r0855,-19.4772,-3.74346e-12,18.6287
644,0,zone_1,glucose,r1032,-9.03626,4.11793e-12,4.68814
644,0,zone_1,oxygen,r0855,-19.523,-3.74346e-12,20.4638
644,0,zone_1,glucose,r1032,-9.03626,4.11793e-12,4.68814
644,0,zone_1,oxygen,r0855,-19.523,-3.74346e-12,20.4638
644,8,zone_3,glucose,r1032,-9.03626,4.11793e-12,4.68814
644,8,zone_3,oxygen,r0855,-19.4741,-3.74346e-12,18.5165
644,8,zone_3,glucose,r1032,-9.03626,4.11793e-12,4.68814
644,8,zone_3,oxygen,r0855,-19.4741,-3.74346e-12,18.5165
644,1,zone_1,glucose,r1032,-9.03626,4.11793e-12,4.68814
644,1,zone_1,oxygen,r0855,-19.523,-3.74346e-12,20.4638
644,4,zone_2,glucose,r1032,-9.03626,4.11793e-12,4.68814
644,4,zone_2,oxygen,r0855,-19.5142,-3.74346e-12,20.0858
644,1,zone_1,glucose,r1032,-9.03626,4.11793e-12,4.68814
644,1,zone_1,oxygen,r0855,-19.523,-3.74346e-12,20.4638
644,4,zone_2,glucose,r1032,-9.03626,4.11793e-12,4.68814
644,4,zone_2,oxygen,r0855,-19.5142,-3.74346e-12,20.0858
644,2,zone_1,glucose,r1032,-9.03626,4.11793e-12,4.68814
644,2,zone_1,oxygen,r0855,-19.522,-3.74346e-12,20.4197
644,2,zone_1,glucose,r1032,-9.03626,4.11793e-12,4.68814
644,2,zone_1,oxygen,r0855,-19.522,-3.74346e-12,20.4197
644,5,zone_2,glucose,r1032,-9.03626,4.11793e-12,4.68814
644,5,zone_2,oxygen,r0855,-19.5135,-3.74346e-12,20.0538
644,5,zone_2,glucose,r1032,-9.03626,4.11793e-12,4.68814
644,5,zone_2,oxygen,r0855,-19.5135,-3.74346e-12,20.0538
644,3,zone_2,glucose,r1032,-9.03626,4.11793e-12,4.68814
644,3,zone_2,oxygen,r0855,-19.5152,-3.74346e-12,20.1261
644,3,zone_2,glucose,r1032,-9.03626,4.11793e-12,4.68814
644,3,zone_2,oxygen,r0855,-19.5152,-3.74346e-12,20.1261
644,6,zone_3,glucose,r1032,-9.03626,4.11793e-12,4.68814
644,6,zone_3,oxygen,r0855,-19.4795,-3.74346e-12,18.7106
644,6,zone_3,glucose,r1032,-9.03626,4.11793e-12,4.68814
644,6,zone_3,oxygen,r0855,-19.4795,-3.74346e-12,18.7106
644,7,zone_3,glucose,r1032,-9.03626,4.11793e-12,4.68814
644,7,zone_3,oxygen,r0855,-19.4763,-3.74346e-12,18.5967
644,7,zone_3,glucose,r1032,-9.03626,4.11793e-12,4.68814
644,7,zone_3,oxygen,r0855,-19.4763,-3.74346e-12,18.5967
646,0,zone_1,glucose,r1032,-9.03609,4.11793e-12,4.68721
646,0,zone_1,oxygen,r0855,-19.5222,-3.74346e-12,20.43
646,0,zone_1,glucose,r1032,-9.03609,4.11793e-12,4.68721
646,0,zone_1,oxygen,r0855,-19.5222,-3.74346e-12,20.43
646,8,zone_3,glucose,r1032,-9.03609,4.11793e-12,4.68721
646,8,zone_3,oxygen,r0855,-19.4733,-3.74346e-12,18.4849
646,4,zone_2,glucose,r1032,-9.03609,4.11793e-12,4.68721
646,4,zone_2,oxygen,r0855,-19.5134,-3.74346e-12,20.0521
646,8,zone_3,glucose,r1032,-9.03609,4.11793e-12,4.68721
646,8,zone_3,oxygen,r0855,-19.4733,-3.74346e-12,18.4849
646,4,zone_2,glucose,r1032,-9.03609,4.11793e-12,4.68721
646,4,zone_2,oxygen,r0855,-19.5134,-3.74346e-12,20.0521
646,1,zone_1,glucose,r1032,-9.03609,4.11793e-12,4.68721
646,1,zone_1,oxygen,r0855,-19.5222,-3.74346e-12,20.43
646,1,zone_1,glucose,r1032,-9.03609,4.11793e-12,4.68721
646,1,zone_1,oxygen,r0855,-19.5222,-3.74346e-12,20.43
646,5,zone_2,glucose,r1032,-9.03609,4.11793e-12,4.68721
646,5,zone_2,oxygen,r0855,-19.5127,-3.74346e-12,20.0201
646,5,zone_2,glucose,r1032,-9.03609,4.11793e-12,4.68721
646,5,zone_2,oxygen,r0855,-19.5127,-3.74346e-12,20.0201
646,2,zone_1,glucose,r1032,-9.03609,4.11793e-12,4.68721
646,2,zone_1,oxygen,r0855,-19.5212,-3.74346e-12,20.3859
646,2,zone_1,glucose,r1032,-9.03609,4.11793e-12,4.68721
646,2,zone_1,oxygen,r0855,-19.5212,-3.74346e-12,20.3859
646,6,zone_3,glucose,r1032,-9.03609,4.11793e-12,4.68721
646,6,zone_3,oxygen,r0855,-19.4786,-3.74346e-12,18.6786
646,6,zone_3,glucose,r1032,-9.03609,4.11793e-12,4.68721
646,6,zone_3,oxygen,r0855,-19.4786,-3.74346e-12,18.6786
646,3,zone_2,glucose,r1032,-9.03609,4.11793e-12,4.68721
646,3,zone_2,oxygen,r0855,-19.5144,-3.74346e-12,20.0924
646,3,zone_2,glucose,r1032,-9.03609,4.11793e-12,4.68721
646,3,zone_2,oxygen,r0855,-19.5144,-3.74346e-12,20.0924
646,7,zone_3,glucose,r1032,-9.03609,4.11793e-12,4.68721
646,7,zone_3,oxygen,r0855,-19.4755,-3.74346e-12,18.5649
646,7,zone_3,glucose,r1032,-9.03609,4.11793e-12,4.68721
646,7,zone_3,oxygen,r0855,-19.4755,-3.74346e-12,18.5649
648,8,zone_3,glucose,r1032,-9.03592,4.11793e-12,4.68627
648,8,zone_3,oxygen,r0855,-19.4724,-3.74346e-12,18.4533
648,8,zone_3,glucose,r1032,-9.03592,4.11793e-12,4.68627
648,8,zone_3,oxygen,r0855,-19.4724,-3.74346e-12,18.4533
648,0,zone_1,glucose,r1032,-9.03592,4.11793e-12,4.68627
648,0,zone_1,oxygen,r0855,-19.5214,-3.74346e-12,20.3964
648,0,zone_1,glucose,r1032,-9.03592,4.11793e-12,4.68627
648,0,zone_1,oxygen,r0855,-19.5214,-3.74346e-12,20.3964
648,4,zone_2,glucose,r1032,-9.03592,4.11793e-12,4.68627
648,4,zone_2,oxygen,r0855,-19.5126,-3.74346e-12,20.0186
648,4,zone_2,glucose,r1032,-9.03592,4.11793e-12,4.68627
648,4,zone_2,oxygen,r0855,-19.5126,-3.74346e-12,20.0186
648,1,zone_1,glucose,r1032,-9.03592,4.11793e-12,4.68627
648,1,zone_1,oxygen,r0855,-19.5214,-3.74346e-12,20.3964
648,1,zone_1,glucose,r1032,-9.03592,4.11793e-12,4.68627
648,1,zone_1,oxygen,r0855,-19.5214,-3.74346e-12,20.3964
648,5,zone_2,glucose,r1032,-9.03592,4.11793e-12,4.68627
648,5,zone_2,oxygen,r0855,-19.5119,-3.74346e-12,19.9866
648,5,zone_2,glucose,r1032,-9.03592,4.11793e-12,4.68627
648,5,zone_2,oxygen,r0855,-19.5119,-3.74346e-12,19.9866
648,2,zone_1,glucose,r1032,-9.03592,4.11793e-12,4.68627
648,2,zone_1,oxygen,r0855,-19.5204,-3.74346e-12,20.3523
648,2,zone_1,glucose,r1032,-9.03592,4.11793e-12,4.68627
648,2,zone_1,oxygen,r0855,-19.5204,-3.74346e-12,20.3523
648,6,zone_3,glucose,r1032,-9.03592,4.11793e-12,4.68627
648,6,zone_3,oxygen,r0855,-19.4777,-3.74346e-12,18.6467
648,6,zone_3,glucose,r1032,-9.03592,4.11793e-12,4.68627
648,6,zone_3,oxygen,r0855,-19.4777,-3.74346e-12,18.6467
648,3,zone_2,glucose,r1032,-9.03592,4.11793e-12,4.68627
648,3,zone_2,oxygen,r0855,-19.5136,-3.74346e-12,20.0589
648,3,zone_2,glucose,r1032,-9.03592,4.11793e-12,4.68627
648,3,zone_2,oxygen,r0855,-19.5136,-3.74346e-12,20.0589
648,7,zone_3,glucose,r1032,-9.03592,4.11793e-12,4.68627
648,7,zone_3,oxygen,r0855,-19.4746,-3.74346e-12,18.5332
648,7,zone_3,glucose,r1032,-9.03592,4.11793e-12,4.68627
648,7,zone_3,oxygen,r0855,-19.4746,-3.74346e-12,18.5332
650,0,zone_1,glucose,r1032,-9.03574,4.11793e-12,4.68533
650,0,zone_1,oxygen,r0855,-19.5207,-3.74346e-12,20.3629
650,0,zone_1,glucose,r1032,-9.03574,4.11793e-12,4.68533
650,0,zone_1,oxygen,r0855,-19.5207,-3.74346e-12,20.3629
650,4,zone_2,glucose,r1032,-9.03574,4.11793e-12,4.68533
650,4,zone_2,oxygen,r0855,-19.5118,-3.74346e-12,19.9853
650,4,zone_2,glucose,r1032,-9.03574,4.11793e-12,4.68533
650,4,zone_2,oxygen,r0855,-19.5118,-3.74346e-12,19.9853
650,8,zone_3,glucose,r1032,-9.03574,4.11793e-12,4.68533
650,8,zone_3,oxygen,r0855,-19.4715,-3.74346e-12,18.4219
650,8,zone_3,glucose,r1032,-9.03574,4.11793e-12,4.68533
650,8,zone_3,oxygen,r0855,-19.4715,-3.74346e-12,18.4219
650,1,zone_1,glucose,r1032,-9.03574,4.11793e-12,4.68533
650,1,zone_1,oxygen,r0855,-19.5207,-3.74346e-12,20.3629
650,1,zone_1,glucose,r1032,-9.03574,4.11793e-12,4.68533
650,1,zone_1,oxygen,r0855,-19.5207,-3.74346e-12,20.3629
650,5,zone_2,glucose,r1032,-9.03574,4.11793e-12,4.68533
650,5,zone_2,oxygen,r0855,-19.5111,-3.74346e-12,19.9533
650,5,zone_2,glucose,r1032,-9.03574,4.11793e-12,4.68533
650,5,zone_2,oxygen,r0855,-19.5111,-3.74346e-12,19.9533
650,2,zone_1,glucose,r1032,-9.03574,4.11793e-12,4.68533
650,2,zone_1,oxygen,r0855,-19.5197,-3.74346e-12,20.3187
650,2,zone_1,glucose,r1032,-9.03574,4.11793e-12,4.68533
650,2,zone_1,oxygen,r0855,-19.5197,-3.74346e-12,20.3187
650,6,zone_3,glucose,r1032,-9.03574,4.11793e-12,4.68533
650,6,zone_3,oxygen,r0855,-19.4769,-3.74346e-12,18.615
650,6,zone_3,glucose,r1032,-9.03574,4.11793e-12,4.68533
650,6,zone_3,oxygen,r0855,-19.4769,-3.74346e-12,18.615
650,3,zone_2,glucose,r1032,-9.03574,4.11793e-12,4.68533
650,3,zone_2,oxygen,r0855,-19.5128,-3.74346e-12,20.0255
650,3,zone_2,glucose,r1032,-9.03574,4.11793e-12,4.68533
650,3,zone_2,oxygen,r0855,-19.5128,-3.74346e-12,20.0255
650,7,zone_3,glucose,r1032,-9.03574,4.11793e-12,4.68533
650,7,zone_3,oxygen,r0855,-19.4737,-3.74346e-12,18.5017
650,7,zone_3,glucose,r1032,-9.03574,4.11793e-12,4.68533
650,7,zone_3,oxygen,r0855,-19.4737,-3.74346e-12,18.5017
652,8,zone_3,glucose,r1032,-9.03557,4.11793e-12,4.6844
652,8,zone_3,oxygen,r0855,-19.4706,-3.74346e-12,18.3906
652,8,zone_3,glucose,r1032,-9.03557,4.11793e-12,4.6844
652,8,zone_3,oxygen,r0855,-19.4706,-3.74346e-12,18.3906
652,0,zone_1,glucose,r1032,-9.03557,4.11793e-12,4.6844
652,0,zone_1,oxygen,r0855,-19.5199,-3.74346e-12,20.3296
652,0,zone_1,glucose,r1032,-9.03557,4.11793e-12,4.6844
652,0,zone_1,oxygen,r0855,-19.5199,-3.74346e-12,20.3296
652,4,zone_2,glucose,r1032,-9.03557,4.11793e-12,4.6844
652,4,zone_2,oxygen,r0855,-19.5111,-3.74346e-12,19.952
652,4,zone_2,glucose,r1032,-9.03557,4.11793e-12,4.6844
652,4,zone_2,oxygen,r0855,-19.5111,-3.74346e-12,19.952
652,1,zone_1,glucose,r1032,-9.03557,4.11793e-12,4.6844
652,1,zone_1,oxygen,r0855,-19.5199,-3.74346e-12,20.3296
652,1,zone_1,glucose,r1032,-9.03557,4.11793e-12,4.6844
652,1,zone_1,oxygen,r0855,-19.5199,-3.74346e-12,20.3296
652,5,zone_2,glucose,r1032,-9.03557,4.11793e-12,4.6844
652,5,zone_2,oxygen,r0855,-19.5103,-3.74346e-12,19.92
652,5,zone_2,glucose,r1032,-9.03557,4.11793e-12,4.6844
652,5,zone_2,oxygen,r0855,-19.5103,-3.74346e-12,19.92
652,2,zone_1,glucose,r1032,-9.03557,4.11793e-12,4.6844
652,2,zone_1,oxygen,r0855,-19.5189,-3.74346e-12,20.2854
652,2,zone_1,glucose,r1032,-9.03557,4.11793e-12,4.6844
652,2,zone_1,oxygen,r0855,-19.5189,-3.74346e-12,20.2854
652,6,zone_3,glucose,r1032,-9.03557,4.11793e-12,4.6844
652,6,zone_3,oxygen,r0855,-19.476,-3.74346e-12,18.5834
652,6,zone_3,glucose,r1032,-9.03557,4.11793e-12,4.6844
652,6,zone_3,oxygen,r0855,-19.476,-3.74346e-12,18.5834
652,3,zone_2,glucose,r1032,-9.03557,4.11793e-12,4.6844
652,3,zone_2,oxygen,r0855,-19.512,-3.74346e-12,19.9923
652,3,zone_2,glucose,r1032,-9.03557,4.11793e-12,4.6844
652,3,zone_2,oxygen,r0855,-19.512,-3.74346e-12,19.9923
652,7,zone_3,glucose,r1032,-9.03557,4.11793e-12,4.6844
652,7,zone_3,oxygen,r0855,-19.4729,-3.74346e-12,18.4703
652,7,zone_3,glucose,r1032,-9.03557,4.11793e-12,4.6844
652,7,zone_3,oxygen,r0855,-19.4729,-3.74346e-12,18.4703
654,0,zone_1,glucose,r1032,-9.03539,4.11793e-12,4.68346
654,0,zone_1,oxygen,r0855,-19.5191,-3.74346e-12,20.2964
654,0,zone_1,glucose,r1032,-9.03539,4.11793e-12,4.68346
654,0,zone_1,oxygen,r0855,-19.5191,-3.74346e-12,20.2964
654,8,zone_3,glucose,r1032,-9.03539,4.11793e-12,4.68346
654,8,zone_3,oxygen,r0855,-19.4698,-3.74346e-12,18.3594
654,8,zone_3,glucose,r1032,-9.03539,4.11793e-12,4.68346
654,8,zone_3,oxygen,r0855,-19.4698,-3.74346e-12,18.3594
654,4,zone_2,glucose,r1032,-9.03539,4.11793e-12,4.68346
654,4,zone_2,oxygen,r0855,-19.5103,-3.74346e-12,19.919
654,4,zone_2,glucose,r1032,-9.03539,4.11793e-12,4.68346
654,4,zone_2,oxygen,r0855,-19.5103,-3.74346e-12,19.919
654,1,zone_1,glucose,r1032,-9.03539,4.11793e-12,4.68346
654,1,zone_1,oxygen,r0855,-19.5191,-3.74346e-12,20.2964
654,1,zone_1,glucose,r1032,-9.03539,4.11793e-12,4.68346
654,1,zone_1,oxygen,r0855,-19.5191,-3.74346e-12,20.2964
654,5,zone_2,glucose,r1032,-9.03539,4.11793e-12,4.68346
654,5,zone_2,oxygen,r0855,-19.5095,-3.74346e-12,19.887
654,5,zone_2,glucose,r1032,-9.03539,4.11793e-12,4.68346
654,5,zone_2,oxygen,r0855,-19.5095,-3.74346e-12,19.887
654,2,zone_1,glucose,r1032,-9.03539,4.11793e-12,4.68346
654,2,zone_1,oxygen,r0855,-19.5181,-3.74346e-12,20.2522
654,2,zone_1,glucose,r1032,-9.03539,4.11793e-12,4.68346
654,2,zone_1,oxygen,r0855,-19.5181,-3.74346e-12,20.2522
654,6,zone_3,glucose,r1032,-9.03539,4.11793e-12,4.68346
654,6,zone_3,oxygen,r0855,-19.4751,-3.74346e-12,18.5519
654,3,zone_2,glucose,r1032,-9.03539,4.11793e-12,4.68346
654,3,zone_2,oxygen,r0855,-19.5112,-3.74346e-12,19.9592
654,6,zone_3,glucose,r1032,-9.03539,4.11793e-12,4.68346
654,6,zone_3,oxygen,r0855,-19.4751,-3.74346e-12,18.5519
654,3,zone_2,glucose,r1032,-9.03539,4.11793e-12,4.68346
654,3,zone_2,oxygen,r0855,-19.5112,-3.74346e-12,19.9592
654,7,zone_3,glucose,r1032,-9.03539,4.11793e-12,4.68346
654,7,zone_3,oxygen,r0855,-19.472,-3.74346e-12,18.439
654,7,zone_3,glucose,r1032,-9.03539,4.11793e-12,4.68346
654,7,zone_3,oxygen,r0855,-19.472,-3.74346e-12,18.439
656,0,zone_1,glucose,r1032,-9.03522,4.11793e-12,4.68252
656,0,zone_1,oxygen,r0855,-19.5184,-3.74346e-12,20.2634
656,0,zone_1,glucose,r1032,-9.03522,4.11793e-12,4.68252
656,0,zone_1,oxygen,r0855,-19.5184,-3.74346e-12,20.2634
656,8,zone_3,glucose,r1032,-9.03522,4.11793e-12,4.68252
656,8,zone_3,oxygen,r0855,-19.4689,-3.74346e-12,18.3284
656,8,zone_3,glucose,r1032,-9.03522,4.11793e-12,4.68252
656,8,zone_3,oxygen,r0855,-19.4689,-3.74346e-12,18.3284
656,4,zone_2,glucose,r1032,-9.03522,4.11793e-12,4.68252
656,4,zone_2,oxygen,r0855,-19.5095,-3.74346e-12,19.886
656,4,zone_2,glucose,r1032,-9.03522,4.11793e-12,4.68252
656,4,zone_2,oxygen,r0855,-19.5095,-3.74346e-12,19.886
656,1,zone_1,glucose,r1032,-9.03522,4.11793e-12,4.68252
656,1,zone_1,oxygen,r0855,-19.5184,-3.74346e-12,20.2634
656,1,zone_1,glucose,r1032,-9.03522,4.11793e-12,4.68252
656,1,zone_1,oxygen,r0855,-19.5184,-3.74346e-12,20.2634
656,5,zone_2,glucose,r1032,-9.03522,4.11793e-12,4.68252
656,5,zone_2,oxygen,r0855,-19.5087,-3.74346e-12,19.854
656,5,zone_2,glucose,r1032,-9.03522,4.11793e-12,4.68252
656,5,zone_2,oxygen,r0855,-19.5087,-3.74346e-12,19.854
656,2,zone_1,glucose,r1032,-9.03522,4.11793e-12,4.68252
656,2,zone_1,oxygen,r0855,-19.5174,-3.74346e-12,20.2191
656,2,zone_1,glucose,r1032,-9.03522,4.11793e-12,4.68252
656,2,zone_1,oxygen,r0855,-19.5174,-3.74346e-12,20.2191
656,6,zone_3,glucose,r1032,-9.03522,4.11793e-12,4.68252
656,6,zone_3,oxygen,r0855,-19.4743,-3.74346e-12,18.5206
656,6,zone_3,glucose,r1032,-9.03522,4.11793e-12,4.68252
656,6,zone_3,oxygen,r0855,-19.4743,-3.74346e-12,18.5206
656,3,zone_2,glucose,r1032,-9.03522,4.11793e-12,4.68252
656,3,zone_2,oxygen,r0855,-19.5104,-3.74346e-12,19.9263
656,3,zone_2,glucose,r1032,-9.03522,4.11793e-12,4.68252
656,3,zone_2,oxygen,r0855,-19.5104,-3.74346e-12,19.9263
656,7,zone_3,glucose,r1032,-9.03522,4.11793e-12,4.68252
656,7,zone_3,oxygen,r0855,-19.4711,-3.74346e-12,18.4078
656,7,zone_3,glucose,r1032,-9.03522,4.11793e-12,4.68252
656,7,zone_3,oxygen,r0855,-19.4711,-3.74346e-12,18.4078
658,0,zone_1,glucose,r1032,-9.03504,4.11793e-12,4.68159
658,0,zone_1,oxygen,r0855,-19.5176,-3.74346e-12,20.2305
658,0,zone_1,glucose,r1032,-9.03504,4.11793e-12,4.68159
658,0,zone_1,oxygen,r0855,-19.5176,-3.74346e-12,20.2305
658,8,zone_3,glucose,r1032,-9.03504,4.11793e-12,4.68159
658,8,zone_3,oxygen,r0855,-19.468,-3.74346e-12,18.2975
658,8,zone_3,glucose,r1032,-9.03504,4.11793e-12,4.68159
658,8,zone_3,oxygen,r0855,-19.468,-3.74346e-12,18.2975
658,4,zone_2,glucose,r1032,-9.03504,4.11793e-12,4.68159
658,4,zone_2,oxygen,r0855,-19.5087,-3.74346e-12,19.8532
658,4,zone_2,glucose,r1032,-9.03504,4.11793e-12,4.68159
658,4,zone_2,oxygen,r0855,-19.5087,-3.74346e-12,19.8532
658,1,zone_1,glucose,r1032,-9.03504,4.11793e-12,4.68159
658,1,zone_1,oxygen,r0855,-19.5176,-3.74346e-12,20.2305
658,1,zone_1,glucose,r1032,-9.03504,4.11793e-12,4.68159
658,1,zone_1,oxygen,r0855,-19.5176,-3.74346e-12,20.2305
658,5,zone_2,glucose,r1032,-9.03504,4.11793e-12,4.68159
658,5,zone_2,oxygen,r0855,-19.5079,-3.74346e-12,19.8212
658,5,zone_2,glucose,r1032,-9.03504,4.11793e-12,4.68159
658,5,zone_2,oxygen,r0855,-19.5079,-3.74346e-12,19.8212
658,2,zone_1,glucose,r1032,-9.03504,4.11793e-12,4.68159
658,2,zone_1,oxygen,r0855,-19.5166,-3.74346e-12,20.1861
658,2,zone_1,glucose,r1032,-9.03504,4.11793e-12,4.68159
658,2,zone_1,oxygen,r0855,-19.5166,-3.74346e-12,20.1861
658,6,zone_3,glucose,r1032,-9.03504,4.11793e-12,4.68159
658,6,zone_3,oxygen,r0855,-19.4734,-3.74346e-12,18.4894
658,6,zone_3,glucose,r1032,-9.03504,4.11793e-12,4.68159
658,6,zone_3,oxygen,r0855,-19.4734,-3.74346e-12,18.4894
658,3,zone_2,glucose,r1032,-9.03504,4.11793e-12,4.68159
658,3,zone_2,oxygen,r0855,-19.5096,-3.74346e-12,19.8935
658,3,zone_2,glucose,r1032,-9.03504,4.11793e-12,4.68159
658,3,zone_2,oxygen,r0855,-19.5096,-3.74346e-12,19.8935
658,7,zone_3,glucose,r1032,-9.03504,4.11793e-12,4.68159
658,7,zone_3,oxygen,r0855,-19.4702,-3.74346e-12,18.3768
658,7,zone_3,glucose,r1032,-9.03504,4.11793e-12,4.68159
658,7,zone_3,oxygen,r0855,-19.4702,-3.74346e-12,18.3768
660,4,zone_2,glucose,r1032,-9.03487,4.11793e-12,4.68065
660,4,zone_2,oxygen,r0855,-19.5079,-3.74346e-12,19.8206
660,4,zone_2,glucose,r1032,-9.03487,4.11793e-12,4.68065
660,4,zone_2,oxygen,r0855,-19.5079,-3.74346e-12,19.8206
660,0,zone_1,glucose,r1032,-9.03487,4.11793e-12,4.68065
660,0,zone_1,oxygen,r0855,-19.5169,-3.74346e-12,20.1977
660,0,zone_1,glucose,r1032,-9.03487,4.11793e-12,4.68065
660,0,zone_1,oxygen,r0855,-19.5169,-3.74346e-12,20.1977
660,8,zone_3,glucose,r1032,-9.03487,4.11793e-12,4.68065
660,8,zone_3,oxygen,r0855,-19.4671,-3.74346e-12,18.2668
660,8,zone_3,glucose,r1032,-9.03487,4.11793e-12,4.68065
660,8,zone_3,oxygen,r0855,-19.4671,-3.74346e-12,18.2668
660,5,zone_2,glucose,r1032,-9.03487,4.11793e-12,4.68065
660,5,zone_2,oxygen,r0855,-19.5071,-3.74346e-12,19.7886
660,5,zone_2,glucose,r1032,-9.03487,4.11793e-12,4.68065
660,5,zone_2,oxygen,r0855,-19.5071,-3.74346e-12,19.7886
660,1,zone_1,glucose,r1032,-9.03487,4.11793e-12,4.68065
660,1,zone_1,oxygen,r0855,-19.5169,-3.74346e-12,20.1977
660,1,zone_1,glucose,r1032,-9.03487,4.11793e-12,4.68065
660,1,zone_1,oxygen,r0855,-19.5169,-3.74346e-12,20.1977
660,6,zone_3,glucose,r1032,-9.03487,4.11793e-12,4.68065
660,6,zone_3,oxygen,r0855,-19.4725,-3.74346e-12,18.4584
660,6,zone_3,glucose,r1032,-9.03487,4.11793e-12,4.68065
660,6,zone_3,oxygen,r0855,-19.4725,-3.74346e-12,18.4584
660,2,zone_1,glucose,r1032,-9.03487,4.11793e-12,4.68065
660,2,zone_1,oxygen,r0855,-19.5158,-3.74346e-12,20.1533
660,2,zone_1,glucose,r1032,-9.03487,4.11793e-12,4.68065
660,2,zone_1,oxygen,r0855,-19.5158,-3.74346e-12,20.1533
660,7,zone_3,glucose,r1032,-9.03487,4.11793e-12,4.68065
660,7,zone_3,oxygen,r0855,-19.4694,-3.74346e-12,18.346
660,7,zone_3,glucose,r1032,-9.03487,4.11793e-12,4.68065
660,7,zone_3,oxygen,r0855,-19.4694,-3.74346e-12,18.346
660,3,zone_2,glucose,r1032,-9.03487,4.11793e-12,4.68065
660,3,zone_2,oxygen,r0855,-19.5089,-3.74346e-12,19.8609
660,3,zone_2,glucose,r1032,-9.03487,4.11793e-12,4.68065
660,3,zone_2,oxygen,r0855,-19.5089,-3.74346e-12,19.8609
662,4,zone_2,glucose,r1032,-9.0347,4.11793e-12,4.67971
662,4,zone_2,oxygen,r0855,-19.5071,-3.74346e-12,19.7881
662,4,zone_2,glucose,r1032,-9.0347,4.11793e-12,4.67971
662,4,zone_2,oxygen,r0855,-19.5071,-3.74346e-12,19.7881
662,0,zone_1,glucose,r1032,-9.0347,4.11793e-12,4.67971
662,0,zone_1,oxygen,r0855,-19.5161,-3.74346e-12,20.1651
662,0,zone_1,glucose,r1032,-9.0347,4.11793e-12,4.67971
662,0,zone_1,oxygen,r0855,-19.5161,-3.74346e-12,20.1651
662,8,zone_3,glucose,r1032,-9.0347,4.11793e-12,4.67971
662,8,zone_3,oxygen,r0855,-19.4663,-3.74346e-12,18.2362
662,8,zone_3,glucose,r1032,-9.0347,4.11793e-12,4.67971
662,8,zone_3,oxygen,r0855,-19.4663,-3.74346e-12,18.2362
662,5,zone_2,glucose,r1032,-9.0347,4.11793e-12,4.67971
662,5,zone_2,oxygen,r0855,-19.5063,-3.74346e-12,19.7561
662,5,zone_2,glucose,r1032,-9.0347,4.11793e-12,4.67971
662,5,zone_2,oxygen,r0855,-19.5063,-3.74346e-12,19.7561
662,1,zone_1,glucose,r1032,-9.0347,4.11793e-12,4.67971
662,1,zone_1,oxygen,r0855,-19.5161,-3.74346e-12,20.1651
662,1,zone_1,glucose,r1032,-9.0347,4.11793e-12,4.67971
662,1,zone_1,oxygen,r0855,-19.5161,-3.74346e-12,20.1651
662,6,zone_3,glucose,r1032,-9.0347,4.11793e-12,4.67971
662,6,zone_3,oxygen,r0855,-19.4717,-3.74346e-12,18.4275
662,6,zone_3,glucose,r1032,-9.0347,4.11793e-12,4.67971
662,6,zone_3,oxygen,r0855,-19.4717,-3.74346e-12,18.4275
662,2,zone_1,glucose,r1032,-9.0347,4.11793e-12,4.67971
662,2,zone_1,oxygen,r0855,-19.5151,-3.74346e-12,20.1207
662,2,zone_1,glucose,r1032,-9.0347,4.11793e-12,4.67971
662,2,zone_1,oxygen,r0855,-19.5151,-3.74346e-12,20.1207
662,3,zone_2,glucose,r1032,-9.0347,4.11793e-12,4.67971
662,3,zone_2,oxygen,r0855,-19.5081,-3.74346e-12,19.8283
662,3,zone_2,glucose,r1032,-9.0347,4.11793e-12,4.67971
662,3,zone_2,oxygen,r0855,-19.5081,-3.74346e-12,19.8283
662,7,zone_3,glucose,r1032,-9.0347,4.11793e-12,4.67971
662,7,zone_3,oxygen,r0855,-19.4685,-3.74346e-12,18.3152
662,7,zone_3,glucose,r1032,-9.0347,4.11793e-12,4.67971
662,7,zone_3,oxygen,r0855,-19.4685,-3.74346e-12,18.3152
664,8,zone_3,glucose,r1032,-9.03452,4.11793e-12,4.67878
664,8,zone_3,oxygen,r0855,-19.4654,-3.74346e-12,18.2057
664,8,zone_3,glucose,r1032,-9.03452,4.11793e-12,4.67878
664,8,zone_3,oxygen,r0855,-19.4654,-3.74346e-12,18.2057
664,0,zone_1,glucose,r1032,-9.03452,4.11793e-12,4.67878
664,0,zone_1,oxygen,r0855,-19.5153,-3.74346e-12,20.1327
664,0,zone_1,glucose,r1032,-9.03452,4.11793e-12,4.67878
664,0,zone_1,oxygen,r0855,-19.5153,-3.74346e-12,20.1327
664,4,zone_2,glucose,r1032,-9.03452,4.11793e-12,4.67878
664,4,zone_2,oxygen,r0855,-19.5063,-3.74346e-12,19.7557
664,4,zone_2,glucose,r1032,-9.03452,4.11793e-12,4.67878
664,4,zone_2,oxygen,r0855,-19.5063,-3.74346e-12,19.7557
664,1,zone_1,glucose,r1032,-9.03452,4.11793e-12,4.67878
664,1,zone_1,oxygen,r0855,-19.5153,-3.74346e-12,20.1327
664,1,zone_1,glucose,r1032,-9.03452,4.11793e-12,4.67878
664,1,zone_1,oxygen,r0855,-19.5153,-3.74346e-12,20.1327
664,5,zone_2,glucose,r1032,-9.03452,4.11793e-12,4.67878
664,5,zone_2,oxygen,r0855,-19.5055,-3.74346e-12,19.7237
664,5,zone_2,glucose,r1032,-9.03452,4.11793e-12,4.67878
664,5,zone_2,oxygen,r0855,-19.5055,-3.74346e-12,19.7237
664,2,zone_1,glucose,r1032,-9.03452,4.11793e-12,4.67878
664,2,zone_1,oxygen,r0855,-19.5143,-3.74346e-12,20.0882
664,2,zone_1,glucose,r1032,-9.03452,4.11793e-12,4.67878
664,2,zone_1,oxygen,r0855,-19.5143,-3.74346e-12,20.0882
664,6,zone_3,glucose,r1032,-9.03452,4.11793e-12,4.67878
664,6,zone_3,oxygen,r0855,-19.4708,-3.74346e-12,18.3967
664,6,zone_3,glucose,r1032,-9.03452,4.11793e-12,4.67878
664,6,zone_3,oxygen,r0855,-19.4708,-3.74346e-12,18.3967
664,3,zone_2,glucose,r1032,-9.03452,4.11793e-12,4.67878
664,3,zone_2,oxygen,r0855,-19.5073,-3.74346e-12,19.796
664,3,zone_2,glucose,r1032,-9.03452,4.11793e-12,4.67878
664,3,zone_2,oxygen,r0855,-19.5073,-3.74346e-12,19.796
664,7,zone_3,glucose,r1032,-9.03452,4.11793e-12,4.67878
664,7,zone_3,oxygen,r0855,-19.4676,-3.74346e-12,18.2846
664,7,zone_3,glucose,r1032,-9.03452,4.11793e-12,4.67878
664,7,zone_3,oxygen,r0855,-19.4676,-3.74346e-12,18.2846
666,4,zone_2,glucose,r1032,-9.03435,4.11793e-12,4.67784
666,4,zone_2,oxygen,r0855,-19.5055,-3.74346e-12,19.7235
666,4,zone_2,glucose,r1032,-9.03435,4.11793e-12,4.67784
666,4,zone_2,oxygen,r0855,-19.5055,-3.74346e-12,19.7235
666,0,zone_1,glucose,r1032,-9.03435,4.11793e-12,4.67784
666,0,zone_1,oxygen,r0855,-19.5146,-3.74346e-12,20.1003
666,0,zone_1,glucose,r1032,-9.03435,4.11793e-12,4.67784
666,0,zone_1,oxygen,r0855,-19.5146,-3.74346e-12,20.1003
666,8,zone_3,glucose,r1032,-9.03435,4.11793e-12,4.67784
666,8,zone_3,oxygen,r0855,-19.4645,-3.74346e-12,18.1753
666,8,zone_3,glucose,r1032,-9.03435,4.11793e-12,4.67784
666,8,zone_3,oxygen,r0855,-19.4645,-3.74346e-12,18.1753
666,5,zone_2,glucose,r1032,-9.03435,4.11793e-12,4.67784
666,5,zone_2,oxygen,r0855,-19.5047,-3.74346e-12,19.6915
666,5,zone_2,glucose,r1032,-9.03435,4.11793e-12,4.67784
666,5,zone_2,oxygen,r0855,-19.5047,-3.74346e-12,19.6915
666,1,zone_1,glucose,r1032,-9.03435,4.11793e-12,4.67784
666,1,zone_1,oxygen,r0855,-19.5146,-3.74346e-12,20.1003
666,1,zone_1,glucose,r1032,-9.03435,4.11793e-12,4.67784
666,1,zone_1,oxygen,r0855,-19.5146,-3.74346e-12,20.1003
666,6,zone_3,glucose,r1032,-9.03435,4.11793e-12,4.67784
666,6,zone_3,oxygen,r0855,-19.4699,-3.74346e-12,18.366
666,6,zone_3,glucose,r1032,-9.03435,4.11793e-12,4.67784
666,6,zone_3,oxygen,r0855,-19.4699,-3.74346e-12,18.366
666,2,zone_1,glucose,r1032,-9.03435,4.11793e-12,4.67784
666,2,zone_1,oxygen,r0855,-19.5135,-3.74346e-12,20.0558
666,2,zone_1,glucose,r1032,-9.03435,4.11793e-12,4.67784
666,2,zone_1,oxygen,r0855,-19.5135,-3.74346e-12,20.0558
666,7,zone_3,glucose,r1032,-9.03435,4.11793e-12,4.67784
666,7,zone_3,oxygen,r0855,-19.4668,-3.74346e-12,18.2541
666,7,zone_3,glucose,r1032,-9.03435,4.11793e-12,4.67784
666,7,zone_3,oxygen,r0855,-19.4668,-3.74346e-12,18.2541
666,3,zone_2,glucose,r1032,-9.03435,4.11793e-12,4.67784
666,3,zone_2,oxygen,r0855,-19.5065,-3.74346e-12,19.764
666,3,zone_2,glucose,r1032,-9.03435,4.11793e-12,4.67784
666,3,zone_2,oxygen,r0855,-19.5065,-3.74346e-12,19.764
668,0,zone_1,glucose,r1032,-9.03417,4.11793e-12,4.67691
668,0,zone_1,oxygen,r0855,-19.5138,-3.74346e-12,20.0686
668,8,zone_3,glucose,r1032,-9.03417,4.11793e-12,4.67691
668,8,zone_3,oxygen,r0855,-19.4637,-3.74346e-12,18.1452
668,8,zone_3,glucose,r1032,-9.03417,4.11793e-12,4.67691
668,8,zone_3,oxygen,r0855,-19.4637,-3.74346e-12,18.1452
668,0,zone_1,glucose,r1032,-9.03417,4.11793e-12,4.67691
668,0,zone_1,oxygen,r0855,-19.5138,-3.74346e-12,20.0686
668,4,zone_2,glucose,r1032,-9.03417,4.11793e-12,4.67691
668,4,zone_2,oxygen,r0855,-19.5048,-3.74346e-12,19.6928
668,4,zone_2,glucose,r1032,-9.03417,4.11793e-12,4.67691
668,4,zone_2,oxygen,r0855,-19.5048,-3.74346e-12,19.6928
668,1,zone_1,glucose,r1032,-9.03417,4.11793e-12,4.67691
668,1,zone_1,oxygen,r0855,-19.5138,-3.74346e-12,20.0686
668,1,zone_1,glucose,r1032,-9.03417,4.11793e-12,4.67691
668,1,zone_1,oxygen,r0855,-19.5138,-3.74346e-12,20.0686
668,5,zone_2,glucose,r1032,-9.03417,4.11793e-12,4.67691
668,5,zone_2,oxygen,r0855,-19.504,-3.74346e-12,19.6603
668,5,zone_2,glucose,r1032,-9.03417,4.11793e-12,4.67691
668,5,zone_2,oxygen,r0855,-19.504,-3.74346e-12,19.6603
668,2,zone_1,glucose,r1032,-9.03417,4.11793e-12,4.67691
668,2,zone_1,oxygen,r0855,-19.5128,-3.74346e-12,20.0239
668,2,zone_1,glucose,r1032,-9.03417,4.11793e-12,4.67691
668,2,zone_1,oxygen,r0855,-19.5128,-3.74346e-12,20.0239
668,6,zone_3,glucose,r1032,-9.03417,4.11793e-12,4.67691
668,6,zone_3,oxygen,r0855,-19.4691,-3.74346e-12,18.3356
668,6,zone_3,glucose,r1032,-9.03417,4.11793e-12,4.67691
668,6,zone_3,oxygen,r0855,-19.4691,-3.74346e-12,18.3356
668,3,zone_2,glucose,r1032,-9.03417,4.11793e-12,4.67691
668,3,zone_2,oxygen,r0855,-19.5058,-3.74346e-12,19.7344
668,3,zone_2,glucose,r1032,-9.03417,4.11793e-12,4.67691
668,3,zone_2,oxygen,r0855,-19.5058,-3.74346e-12,19.7344
668,7,zone_3,glucose,r1032,-9.03417,4.11793e-12,4.67691
668,7,zone_3,oxygen,r0855,-19.4659,-3.74346e-12,18.2238
668,7,zone_3,glucose,r1032,-9.03417,4.11793e-12,4.67691
668,7,zone_3,oxygen,r0855,-19.4659,-3.74346e-12,18.2238
670,4,zone_2,glucose,r1032,-9.034,4.11793e-12,4.67597
670,4,zone_2,oxygen,r0855,-19.5041,-3.74346e-12,19.6652
670,4,zone_2,glucose,r1032,-9.034,4.11793e-12,4.67597
670,4,zone_2,oxygen,r0855,-19.5041,-3.74346e-12,19.6652
670,8,zone_3,glucose,r1032,-9.034,4.11793e-12,4.67597
670,8,zone_3,oxygen,r0855,-19.4628,-3.74346e-12,18.1153
670,8,zone_3,glucose,r1032,-9.034,4.11793e-12,4.67597
670,8,zone_3,oxygen,r0855,-19.4628,-3.74346e-12,18.1153
670,0,zone_1,glucose,r1032,-9.034,4.11793e-12,4.67597
670,0,zone_1,oxygen,r0855,-19.5131,-3.74346e-12,20.0389
670,0,zone_1,glucose,r1032,-9.034,4.11793e-12,4.67597
670,0,zone_1,oxygen,r0855,-19.5131,-3.74346e-12,20.0389
670,5,zone_2,glucose,r1032,-9.034,4.11793e-12,4.67597
670,5,zone_2,oxygen,r0855,-19.5033,-3.74346e-12,19.6313
670,5,zone_2,glucose,r1032,-9.034,4.11793e-12,4.67597
670,5,zone_2,oxygen,r0855,-19.5033,-3.74346e-12,19.6313
670,1,zone_1,glucose,r1032,-9.034,4.11793e-12,4.67597
670,1,zone_1,oxygen,r0855,-19.5131,-3.74346e-12,20.0389
670,1,zone_1,glucose,r1032,-9.034,4.11793e-12,4.67597
670,1,zone_1,oxygen,r0855,-19.5131,-3.74346e-12,20.0389
670,6,zone_3,glucose,r1032,-9.034,4.11793e-12,4.67597
670,6,zone_3,oxygen,r0855,-19.4682,-3.74346e-12,18.3053
670,2,zone_1,glucose,r1032,-9.034,4.11793e-12,4.67597
670,2,zone_1,oxygen,r0855,-19.512,-3.74346e-12,19.9935
670,6,zone_3,glucose,r1032,-9.034,4.11793e-12,4.67597
670,6,zone_3,oxygen,r0855,-19.4682,-3.74346e-12,18.3053
670,2,zone_1,glucose,r1032,-9.034,4.11793e-12,4.67597
670,2,zone_1,oxygen,r0855,-19.512,-3.74346e-12,19.9935
670,3,zone_2,glucose,r1032,-9.034,4.11793e-12,4.67597
670,3,zone_2,oxygen,r0855,-19.5052,-3.74346e-12,19.7092
670,3,zone_2,glucose,r1032,-9.034,4.11793e-12,4.67597
670,3,zone_2,oxygen,r0855,-19.5052,-3.74346e-12,19.7092
670,7,zone_3,glucose,r1032,-9.034,4.11793e-12,4.67597
670,7,zone_3,oxygen,r0855,-19.4651,-3.74346e-12,18.1938
670,7,zone_3,glucose,r1032,-9.034,4.11793e-12,4.67597
670,7,zone_3,oxygen,r0855,-19.4651,-3.74346e-12,18.1938
672,4,zone_2,glucose,r1032,-9.03382,4.11793e-12,4.67504
672,4,zone_2,oxygen,r0855,-19.5035,-3.74346e-12,19.6413
672,4,zone_2,glucose,r1032,-9.03382,4.11793e-12,4.67504
672,4,zone_2,oxygen,r0855,-19.5035,-3.74346e-12,19.6413
672,0,zone_1,glucose,r1032,-9.03382,4.11793e-12,4.67504
672,0,zone_1,oxygen,r0855,-19.5125,-3.74346e-12,20.0126
672,0,zone_1,glucose,r1032,-9.03382,4.11793e-12,4.67504
672,0,zone_1,oxygen,r0855,-19.5125,-3.74346e-12,20.0126
672,8,zone_3,glucose,r1032,-9.03382,4.11793e-12,4.67504
672,8,zone_3,oxygen,r0855,-19.462,-3.74346e-12,18.0859
672,8,zone_3,glucose,r1032,-9.03382,4.11793e-12,4.67504
672,8,zone_3,oxygen,r0855,-19.462,-3.74346e-12,18.0859
672,5,zone_2,glucose,r1032,-9.03382,4.11793e-12,4.67504
672,5,zone_2,oxygen,r0855,-19.5026,-3.74346e-12,19.6054
672,5,zone_2,glucose,r1032,-9.03382,4.11793e-12,4.67504
672,5,zone_2,oxygen,r0855,-19.5026,-3.74346e-12,19.6054
672,1,zone_1,glucose,r1032,-9.03382,4.11793e-12,4.67504
672,1,zone_1,oxygen,r0855,-19.5125,-3.74346e-12,20.0126
672,1,zone_1,glucose,r1032,-9.03382,4.11793e-12,4.67504
672,1,zone_1,oxygen,r0855,-19.5125,-3.74346e-12,20.0126
672,2,zone_1,glucose,r1032,-9.03382,4.11793e-12,4.67504
672,2,zone_1,oxygen,r0855,-19.5114,-3.74346e-12,19.966
672,2,zone_1,glucose,r1032,-9.03382,4.11793e-12,4.67504
672,2,zone_1,oxygen,r0855,-19.5114,-3.74346e-12,19.966
672,6,zone_3,glucose,r1032,-9.03382,4.11793e-12,4.67504
672,6,zone_3,oxygen,r0855,-19.4674,-3.74346e-12,18.2756
672,6,zone_3,glucose,r1032,-9.03382,4.11793e-12,4.67504
672,6,zone_3,oxygen,r0855,-19.4674,-3.74346e-12,18.2756
672,3,zone_2,glucose,r1032,-9.03382,4.11793e-12,4.67504
672,3,zone_2,oxygen,r0855,-19.5047,-3.74346e-12,19.6884
672,3,zone_2,glucose,r1032,-9.03382,4.11793e-12,4.67504
672,3,zone_2,oxygen,r0855,-19.5047,-3.74346e-12,19.6884
672,7,zone_3,glucose,r1032,-9.03382,4.11793e-12,4.67504
672,7,zone_3,oxygen,r0855,-19.4642,-3.74346e-12,18.1643
672,7,zone_3,glucose,r1032,-9.03382,4.11793e-12,4.67504
672,7,zone_3,oxygen,r0855,-19.4642,-3.74346e-12,18.1643
674,8,zone_3,glucose,r1032,-9.03365,4.11793e-12,4.6741
674,8,zone_3,oxygen,r0855,-19.4611,-3.74346e-12,18.0572
674,8,zone_3,glucose,r1032,-9.03365,4.11793e-12,4.6741
674,8,zone_3,oxygen,r0855,-19.4611,-3.74346e-12,18.0572
674,0,zone_1,glucose,r1032,-9.03365,4.11793e-12,4.6741
674,0,zone_1,oxygen,r0855,-19.5119,-3.74346e-12,19.9888
674,0,zone_1,glucose,r1032,-9.03365,4.11793e-12,4.6741
674,0,zone_1,oxygen,r0855,-19.5119,-3.74346e-12,19.9888
674,4,zone_2,glucose,r1032,-9.03365,4.11793e-12,4.6741
674,4,zone_2,oxygen,r0855,-19.503,-3.74346e-12,19.6198
674,4,zone_2,glucose,r1032,-9.03365,4.11793e-12,4.6741
674,4,zone_2,oxygen,r0855,-19.503,-3.74346e-12,19.6198
674,1,zone_1,glucose,r1032,-9.03365,4.11793e-12,4.6741
674,1,zone_1,oxygen,r0855,-19.5119,-3.74346e-12,19.9888
674,1,zone_1,glucose,r1032,-9.03365,4.11793e-12,4.6741
674,1,zone_1,oxygen,r0855,-19.5119,-3.74346e-12,19.9888
674,5,zone_2,glucose,r1032,-9.03365,4.11793e-12,4.6741
674,5,zone_2,oxygen,r0855,-19.502,-3.74346e-12,19.582
674,5,zone_2,glucose,r1032,-9.03365,4.11793e-12,4.6741
674,5,zone_2,oxygen,r0855,-19.502,-3.74346e-12,19.582
674,2,zone_1,glucose,r1032,-9.03365,4.11793e-12,4.6741
674,2,zone_1,oxygen,r0855,-19.5108,-3.74346e-12,19.9409
674,2,zone_1,glucose,r1032,-9.03365,4.11793e-12,4.6741
674,2,zone_1,oxygen,r0855,-19.5108,-3.74346e-12,19.9409
674,6,zone_3,glucose,r1032,-9.03365,4.11793e-12,4.6741
674,6,zone_3,oxygen,r0855,-19.4666,-3.74346e-12,18.2465
674,6,zone_3,glucose,r1032,-9.03365,4.11793e-12,4.6741
674,6,zone_3,oxygen,r0855,-19.4666,-3.74346e-12,18.2465
674,3,zone_2,glucose,r1032,-9.03365,4.11793e-12,4.6741
674,3,zone_2,oxygen,r0855,-19.5042,-3.74346e-12,19.6696
674,3,zone_2,glucose,r1032,-9.03365,4.11793e-12,4.6741
674,3,zone_2,oxygen,r0855,-19.5042,-3.74346e-12,19.6696
674,7,zone_3,glucose,r1032,-9.03365,4.11793e-12,4.6741
674,7,zone_3,oxygen,r0855,-19.4634,-3.74346e-12,18.1353
674,7,zone_3,glucose,r1032,-9.03365,4.11793e-12,4.6741
674,7,zone_3,oxygen,r0855,-19.4634,-3.74346e-12,18.1353
676,8,zone_3,glucose,r1032,-9.03347,4.11793e-12,4.67317
676,8,zone_3,oxygen,r0855,-19.4603,-3.74346e-12,18.0293
676,8,zone_3,glucose,r1032,-9.03347,4.11793e-12,4.67317
676,8,zone_3,oxygen,r0855,-19.4603,-3.74346e-12,18.0293
676,0,zone_1,glucose,r1032,-9.03347,4.11793e-12,4.67317
676,0,zone_1,oxygen,r0855,-19.5114,-3.74346e-12,19.9686
676,0,zone_1,glucose,r1032,-9.03347,4.11793e-12,4.67317
676,0,zone_1,oxygen,r0855,-19.5114,-3.74346e-12,19.9686
676,4,zone_2,glucose,r1032,-9.03347,4.11793e-12,4.67317
676,4,zone_2,oxygen,r0855,-19.5025,-3.74346e-12,19.6
676,4,zone_2,glucose,r1032,-9.03347,4.11793e-12,4.67317
676,4,zone_2,oxygen,r0855,-19.5025,-3.74346e-12,19.6
676,1,zone_1,glucose,r1032,-9.03347,4.11793e-12,4.67317
676,1,zone_1,oxygen,r0855,-19.5114,-3.74346e-12,19.9686
676,1,zone_1,glucose,r1032,-9.03347,4.11793e-12,4.67317
676,1,zone_1,oxygen,r0855,-19.5114,-3.74346e-12,19.9686
676,5,zone_2,glucose,r1032,-9.03347,4.11793e-12,4.67317
676,5,zone_2,oxygen,r0855,-19.5015,-3.74346e-12,19.5604
676,5,zone_2,glucose,r1032,-9.03347,4.11793e-12,4.67317
676,5,zone_2,oxygen,r0855,-19.5015,-3.74346e-12,19.5604
676,2,zone_1,glucose,r1032,-9.03347,4.11793e-12,4.67317
676,2,zone_1,oxygen,r0855,-19.5103,-3.74346e-12,19.9186
676,2,zone_1,glucose,r1032,-9.03347,4.11793e-12,4.67317
676,2,zone_1,oxygen,r0855,-19.5103,-3.74346e-12,19.9186
676,6,zone_3,glucose,r1032,-9.03347,4.11793e-12,4.67317
676,6,zone_3,oxygen,r0855,-19.4658,-3.74346e-12,18.2182
676,6,zone_3,glucose,r1032,-9.03347,4.11793e-12,4.67317
676,6,zone_3,oxygen,r0855,-19.4658,-3.74346e-12,18.2182
676,3,zone_2,glucose,r1032,-9.03347,4.11793e-12,4.67317
676,3,zone_2,oxygen,r0855,-19.5038,-3.74346e-12,19.6522
676,3,zone_2,glucose,r1032,-9.03347,4.11793e-12,4.67317
676,3,zone_2,oxygen,r0855,-19.5038,-3.74346e-12,19.6522
676,7,zone_3,glucose,r1032,-9.03347,4.11793e-12,4.67317
676,7,zone_3,oxygen,r0855,-19.4626,-3.74346e-12,18.1072
676,7,zone_3,glucose,r1032,-9.03347,4.11793e-12,4.67317
676,7,zone_3,oxygen,r0855,-19.4626,-3.74346e-12,18.1072
678,8,zone_3,glucose,r1032,-9.0333,4.11793e-12,4.67223
678,8,zone_3,oxygen,r0855,-19.4595,-3.74346e-12,18.0022
678,8,zone_3,glucose,r1032,-9.0333,4.11793e-12,4.67223
678,8,zone_3,oxygen,r0855,-19.4595,-3.74346e-12,18.0022
678,0,zone_1,glucose,r1032,-9.0333,4.11793e-12,4.67223
678,0,zone_1,oxygen,r0855,-19.5111,-3.74346e-12,19.9538
678,0,zone_1,glucose,r1032,-9.0333,4.11793e-12,4.67223
678,0,zone_1,oxygen,r0855,-19.5111,-3.74346e-12,19.9538
678,4,zone_2,glucose,r1032,-9.0333,4.11793e-12,4.67223
678,4,zone_2,oxygen,r0855,-19.502,-3.74346e-12,19.5823
678,4,zone_2,glucose,r1032,-9.0333,4.11793e-12,4.67223
678,4,zone_2,oxygen,r0855,-19.502,-3.74346e-12,19.5823
678,1,zone_1,glucose,r1032,-9.0333,4.11793e-12,4.67223
678,1,zone_1,oxygen,r0855,-19.5111,-3.74346e-12,19.9538
678,1,zone_1,glucose,r1032,-9.0333,4.11793e-12,4.67223
678,1,zone_1,oxygen,r0855,-19.5111,-3.74346e-12,19.9538
678,5,zone_2,glucose,r1032,-9.0333,4.11793e-12,4.67223
678,5,zone_2,oxygen,r0855,-19.501,-3.74346e-12,19.5409
678,5,zone_2,glucose,r1032,-9.0333,4.11793e-12,4.67223
678,5,zone_2,oxygen,r0855,-19.501,-3.74346e-12,19.5409
678,2,zone_1,glucose,r1032,-9.0333,4.11793e-12,4.67223
678,2,zone_1,oxygen,r0855,-19.5098,-3.74346e-12,19.9006
678,2,zone_1,glucose,r1032,-9.0333,4.11793e-12,4.67223
678,2,zone_1,oxygen,r0855,-19.5098,-3.74346e-12,19.9006
678,6,zone_3,glucose,r1032,-9.0333,4.11793e-12,4.67223
678,6,zone_3,oxygen,r0855,-19.465,-3.74346e-12,18.1908
678,6,zone_3,glucose,r1032,-9.0333,4.11793e-12,4.67223
678,6,zone_3,oxygen,r0855,-19.465,-3.74346e-12,18.1908
678,3,zone_2,glucose,r1032,-9.0333,4.11793e-12,4.67223
678,3,zone_2,oxygen,r0855,-19.5034,-3.74346e-12,19.6369
678,3,zone_2,glucose,r1032,-9.0333,4.11793e-12,4.67223
678,3,zone_2,oxygen,r0855,-19.5034,-3.74346e-12,19.6369
678,7,zone_3,glucose,r1032,-9.0333,4.11793e-12,4.67223
678,7,zone_3,oxygen,r0855,-19.4618,-3.74346e-12,18.08
678,7,zone_3,glucose,r1032,-9.0333,4.11793e-12,4.67223
678,7,zone_3,oxygen,r0855,-19.4618,-3.74346e-12,18.08
680,4,zone_2,glucose,r1032,-9.03312,4.11793e-12,4.6713
680,4,zone_2,oxygen,r0855,-19.5017,-3.74346e-12,19.5663
680,4,zone_2,glucose,r1032,-9.03312,4.11793e-12,4.6713
680,4,zone_2,oxygen,r0855,-19.5017,-3.74346e-12,19.5663
680,0,zone_1,glucose,r1032,-9.03312,4.11793e-12,4.6713
680,0,zone_1,oxygen,r0855,-19.5108,-3.74346e-12,19.9409
680,0,zone_1,glucose,r1032,-9.03312,4.11793e-12,4.6713
680,0,zone_1,oxygen,r0855,-19.5108,-3.74346e-12,19.9409
680,8,zone_3,glucose,r1032,-9.03312,4.11793e-12,4.6713
680,8,zone_3,oxygen,r0855,-19.4588,-3.74346e-12,17.9762
680,8,zone_3,glucose,r1032,-9.03312,4.11793e-12,4.6713
680,8,zone_3,oxygen,r0855,-19.4588,-3.74346e-12,17.9762
680,1,zone_1,glucose,r1032,-9.03312,4.11793e-12,4.6713
680,1,zone_1,oxygen,r0855,-19.5108,-3.74346e-12,19.9409
680,1,zone_1,glucose,r1032,-9.03312,4.11793e-12,4.6713
680,1,zone_1,oxygen,r0855,-19.5108,-3.74346e-12,19.9409
680,5,zone_2,glucose,r1032,-9.03312,4.11793e-12,4.6713
680,5,zone_2,oxygen,r0855,-19.5006,-3.74346e-12,19.5234
680,5,zone_2,glucose,r1032,-9.03312,4.11793e-12,4.6713
680,5,zone_2,oxygen,r0855,-19.5006,-3.74346e-12,19.5234
680,2,zone_1,glucose,r1032,-9.03312,4.11793e-12,4.6713
680,2,zone_1,oxygen,r0855,-19.5094,-3.74346e-12,19.885
680,2,zone_1,glucose,r1032,-9.03312,4.11793e-12,4.6713
680,2,zone_1,oxygen,r0855,-19.5094,-3.74346e-12,19.885
680,6,zone_3,glucose,r1032,-9.03312,4.11793e-12,4.6713
680,6,zone_3,oxygen,r0855,-19.4642,-3.74346e-12,18.1644
680,6,zone_3,glucose,r1032,-9.03312,4.11793e-12,4.6713
680,6,zone_3,oxygen,r0855,-19.4642,-3.74346e-12,18.1644
680,3,zone_2,glucose,r1032,-9.03312,4.11793e-12,4.6713
680,3,zone_2,oxygen,r0855,-19.5031,-3.74346e-12,19.623
680,3,zone_2,glucose,r1032,-9.03312,4.11793e-12,4.6713
680,3,zone_2,oxygen,r0855,-19.5031,-3.74346e-12,19.623
680,7,zone_3,glucose,r1032,-9.03312,4.11793e-12,4.6713
680,7,zone_3,oxygen,r0855,-19.461,-3.74346e-12,18.0537
680,7,zone_3,glucose,r1032,-9.03312,4.11793e-12,4.6713
680,7,zone_3,oxygen,r0855,-19.461,-3.74346e-12,18.0537
682,4,zone_2,glucose,r1032,-9.03295,4.11793e-12,4.67036
682,4,zone_2,oxygen,r0855,-19.5013,-3.74346e-12,19.5517
682,4,zone_2,glucose,r1032,-9.03295,4.11793e-12,4.67036
682,4,zone_2,oxygen,r0855,-19.5013,-3.74346e-12,19.5517
682,0,zone_1,glucose,r1032,-9.03295,4.11793e-12,4.67036
682,0,zone_1,oxygen,r0855,-19.5105,-3.74346e-12,19.9286
682,0,zone_1,glucose,r1032,-9.03295,4.11793e-12,4.67036
682,0,zone_1,oxygen,r0855,-19.5105,-3.74346e-12,19.9286
682,8,zone_3,glucose,r1032,-9.03295,4.11793e-12,4.67036
682,8,zone_3,oxygen,r0855,-19.458,-3.74346e-12,17.9512
682,8,zone_3,glucose,r1032,-9.03295,4.11793e-12,4.67036
682,8,zone_3,oxygen,r0855,-19.458,-3.74346e-12,17.9512
682,5,zone_2,glucose,r1032,-9.03295,4.11793e-12,4.67036
682,5,zone_2,oxygen,r0855,-19.5002,-3.74346e-12,19.5074
682,5,zone_2,glucose,r1032,-9.03295,4.11793e-12,4.67036
682,5,zone_2,oxygen,r0855,-19.5002,-3.74346e-12,19.5074
682,1,zone_1,glucose,r1032,-9.03295,4.11793e-12,4.67036
682,1,zone_1,oxygen,r0855,-19.5105,-3.74346e-12,19.9286
682,1,zone_1,glucose,r1032,-9.03295,4.11793e-12,4.67036
682,1,zone_1,oxygen,r0855,-19.5105,-3.74346e-12,19.9286
682,6,zone_3,glucose,r1032,-9.03295,4.11793e-12,4.67036
682,6,zone_3,oxygen,r0855,-19.4635,-3.74346e-12,18.1391
682,2,zone_1,glucose,r1032,-9.03295,4.11793e-12,4.67036
682,2,zone_1,oxygen,r0855,-19.5091,-3.74346e-12,19.8706
682,6,zone_3,glucose,r1032,-9.03295,4.11793e-12,4.67036
682,6,zone_3,oxygen,r0855,-19.4635,-3.74346e-12,18.1391
682,2,zone_1,glucose,r1032,-9.03295,4.11793e-12,4.67036
682,2,zone_1,oxygen,r0855,-19.5091,-3.74346e-12,19.8706
682,3,zone_2,glucose,r1032,-9.03295,4.11793e-12,4.67036
682,3,zone_2,oxygen,r0855,-19.5027,-3.74346e-12,19.6104
682,3,zone_2,glucose,r1032,-9.03295,4.11793e-12,4.67036
682,3,zone_2,oxygen,r0855,-19.5027,-3.74346e-12,19.6104
682,7,zone_3,glucose,r1032,-9.03295,4.11793e-12,4.67036
682,7,zone_3,oxygen,r0855,-19.4603,-3.74346e-12,18.0286
682,7,zone_3,glucose,r1032,-9.03295,4.11793e-12,4.67036
682,7,zone_3,oxygen,r0855,-19.4603,-3.74346e-12,18.0286
684,4,zone_2,glucose,r1032,-9.03278,4.11793e-12,4.66943
684,4,zone_2,oxygen,r0855,-19.501,-3.74346e-12,19.5381
684,4,zone_2,glucose,r1032,-9.03278,4.11793e-12,4.66943
684,4,zone_2,oxygen,r0855,-19.501,-3.74346e-12,19.5381
684,0,zone_1,glucose,r1032,-9.03278,4.11793e-12,4.66943
684,0,zone_1,oxygen,r0855,-19.5103,-3.74346e-12,19.9203
684,0,zone_1,glucose,r1032,-9.03278,4.11793e-12,4.66943
684,0,zone_1,oxygen,r0855,-19.5103,-3.74346e-12,19.9203
684,8,zone_3,glucose,r1032,-9.03278,4.11793e-12,4.66943
684,8,zone_3,oxygen,r0855,-19.4573,-3.74346e-12,17.9274
684,8,zone_3,glucose,r1032,-9.03278,4.11793e-12,4.66943
684,8,zone_3,oxygen,r0855,-19.4573,-3.74346e-12,17.9274
684,5,zone_2,glucose,r1032,-9.03278,4.11793e-12,4.66943
684,5,zone_2,oxygen,r0855,-19.4998,-3.74346e-12,19.4925
684,5,zone_2,glucose,r1032,-9.03278,4.11793e-12,4.66943
684,5,zone_2,oxygen,r0855,-19.4998,-3.74346e-12,19.4925
684,1,zone_1,glucose,r1032,-9.03278,4.11793e-12,4.66943
684,1,zone_1,oxygen,r0855,-19.5103,-3.74346e-12,19.9203
684,1,zone_1,glucose,r1032,-9.03278,4.11793e-12,4.66943
684,1,zone_1,oxygen,r0855,-19.5103,-3.74346e-12,19.9203
684,6,zone_3,glucose,r1032,-9.03278,4.11793e-12,4.66943
684,6,zone_3,oxygen,r0855,-19.4628,-3.74346e-12,18.1149
684,6,zone_3,glucose,r1032,-9.03278,4.11793e-12,4.66943
684,6,zone_3,oxygen,r0855,-19.4628,-3.74346e-12,18.1149
684,2,zone_1,glucose,r1032,-9.03278,4.11793e-12,4.66943
684,2,zone_1,oxygen,r0855,-19.5088,-3.74346e-12,19.8586
684,2,zone_1,glucose,r1032,-9.03278,4.11793e-12,4.66943
684,2,zone_1,oxygen,r0855,-19.5088,-3.74346e-12,19.8586
684,3,zone_2,glucose,r1032,-9.03278,4.11793e-12,4.66943
684,3,zone_2,oxygen,r0855,-19.5025,-3.74346e-12,19.5985
684,3,zone_2,glucose,r1032,-9.03278,4.11793e-12,4.66943
684,3,zone_2,oxygen,r0855,-19.5025,-3.74346e-12,19.5985
684,7,zone_3,glucose,r1032,-9.03278,4.11793e-12,4.66943
684,7,zone_3,oxygen,r0855,-19.4596,-3.74346e-12,18.0046
684,7,zone_3,glucose,r1032,-9.03278,4.11793e-12,4.66943
684,7,zone_3,oxygen,r0855,-19.4596,-3.74346e-12,18.0046
686,0,zone_1,glucose,r1032,-9.0326,4.11793e-12,4.6685
686,0,zone_1,oxygen,r0855,-19.5101,-3.74346e-12,19.9138
686,0,zone_1,glucose,r1032,-9.0326,4.11793e-12,4.6685
686,0,zone_1,oxygen,r0855,-19.5101,-3.74346e-12,19.9138
686,8,zone_3,glucose,r1032,-9.0326,4.11793e-12,4.6685
686,8,zone_3,oxygen,r0855,-19.4567,-3.74346e-12,17.9048
686,8,zone_3,glucose,r1032,-9.0326,4.11793e-12,4.6685
686,8,zone_3,oxygen,r0855,-19.4567,-3.74346e-12,17.9048
686,4,zone_2,glucose,r1032,-9.0326,4.11793e-12,4.6685
686,4,zone_2,oxygen,r0855,-19.5006,-3.74346e-12,19.5257
686,4,zone_2,glucose,r1032,-9.0326,4.11793e-12,4.6685
686,4,zone_2,oxygen,r0855,-19.5006,-3.74346e-12,19.5257
686,1,zone_1,glucose,r1032,-9.0326,4.11793e-12,4.6685
686,1,zone_1,oxygen,r0855,-19.5101,-3.74346e-12,19.9138
686,1,zone_1,glucose,r1032,-9.0326,4.11793e-12,4.6685
686,1,zone_1,oxygen,r0855,-19.5101,-3.74346e-12,19.9138
686,5,zone_2,glucose,r1032,-9.0326,4.11793e-12,4.6685
686,5,zone_2,oxygen,r0855,-19.4995,-3.74346e-12,19.4788
686,5,zone_2,glucose,r1032,-9.0326,4.11793e-12,4.6685
686,5,zone_2,oxygen,r0855,-19.4995,-3.74346e-12,19.4788
686,2,zone_1,glucose,r1032,-9.0326,4.11793e-12,4.6685
686,2,zone_1,oxygen,r0855,-19.5086,-3.74346e-12,19.8487
686,2,zone_1,glucose,r1032,-9.0326,4.11793e-12,4.6685
686,2,zone_1,oxygen,r0855,-19.5086,-3.74346e-12,19.8487
686,6,zone_3,glucose,r1032,-9.0326,4.11793e-12,4.6685
686,6,zone_3,oxygen,r0855,-19.4621,-3.74346e-12,18.0921
686,6,zone_3,glucose,r1032,-9.0326,4.11793e-12,4.6685
686,6,zone_3,oxygen,r0855,-19.4621,-3.74346e-12,18.0921
686,3,zone_2,glucose,r1032,-9.0326,4.11793e-12,4.6685
686,3,zone_2,oxygen,r0855,-19.5022,-3.74346e-12,19.5877
686,3,zone_2,glucose,r1032,-9.0326,4.11793e-12,4.6685
686,3,zone_2,oxygen,r0855,-19.5022,-3.74346e-12,19.5877
686,7,zone_3,glucose,r1032,-9.0326,4.11793e-12,4.6685
686,7,zone_3,oxygen,r0855,-19.4589,-3.74346e-12,17.9818
686,7,zone_3,glucose,r1032,-9.0326,4.11793e-12,4.6685
686,7,zone_3,oxygen,r0855,-19.4589,-3.74346e-12,17.9818
688,0,zone_1,glucose,r1032,-9.03243,4.11793e-12,4.66756
688,0,zone_1,oxygen,r0855,-19.51,-3.74346e-12,19.9089
688,0,zone_1,glucose,r1032,-9.03243,4.11793e-12,4.66756
688,0,zone_1,oxygen,r0855,-19.51,-3.74346e-12,19.9089
688,8,zone_3,glucose,r1032,-9.03243,4.11793e-12,4.66756
688,8,zone_3,oxygen,r0855,-19.456,-3.74346e-12,17.8834
688,8,zone_3,glucose,r1032,-9.03243,4.11793e-12,4.66756
688,8,zone_3,oxygen,r0855,-19.456,-3.74346e-12,17.8834
688,4,zone_2,glucose,r1032,-9.03243,4.11793e-12,4.66756
688,4,zone_2,oxygen,r0855,-19.5004,-3.74346e-12,19.5145
688,4,zone_2,glucose,r1032,-9.03243,4.11793e-12,4.66756
688,4,zone_2,oxygen,r0855,-19.5004,-3.74346e-12,19.5145
688,1,zone_1,glucose,r1032,-9.03243,4.11793e-12,4.66756
688,1,zone_1,oxygen,r0855,-19.51,-3.74346e-12,19.9089
688,1,zone_1,glucose,r1032,-9.03243,4.11793e-12,4.66756
688,1,zone_1,oxygen,r0855,-19.51,-3.74346e-12,19.9089
688,5,zone_2,glucose,r1032,-9.03243,4.11793e-12,4.66756
688,5,zone_2,oxygen,r0855,-19.4992,-3.74346e-12,19.4665
688,5,zone_2,glucose,r1032,-9.03243,4.11793e-12,4.66756
688,5,zone_2,oxygen,r0855,-19.4992,-3.74346e-12,19.4665
688,2,zone_1,glucose,r1032,-9.03243,4.11793e-12,4.66756
688,2,zone_1,oxygen,r0855,-19.5084,-3.74346e-12,19.8407
688,2,zone_1,glucose,r1032,-9.03243,4.11793e-12,4.66756
688,2,zone_1,oxygen,r0855,-19.5084,-3.74346e-12,19.8407
688,3,zone_2,glucose,r1032,-9.03243,4.11793e-12,4.66756
688,3,zone_2,oxygen,r0855,-19.5019,-3.74346e-12,19.578
688,3,zone_2,glucose,r1032,-9.03243,4.11793e-12,4.66756
688,3,zone_2,oxygen,r0855,-19.5019,-3.74346e-12,19.578
688,6,zone_3,glucose,r1032,-9.03243,4.11793e-12,4.66756
688,6,zone_3,oxygen,r0855,-19.4615,-3.74346e-12,18.0705
688,6,zone_3,glucose,r1032,-9.03243,4.11793e-12,4.66756
688,6,zone_3,oxygen,r0855,-19.4615,-3.74346e-12,18.0705
688,7,zone_3,glucose,r1032,-9.03243,4.11793e-12,4.66756
688,7,zone_3,oxygen,r0855,-19.4583,-3.74346e-12,17.9603
688,7,zone_3,glucose,r1032,-9.03243,4.11793e-12,4.66756
688,7,zone_3,oxygen,r0855,-19.4583,-3.74346e-12,17.9603
690,4,zone_2,glucose,r1032,-9.03225,4.11793e-12,4.66663
690,4,zone_2,oxygen,r0855,-19.5001,-3.74346e-12,19.5042
690,4,zone_2,glucose,r1032,-9.03225,4.11793e-12,4.66663
690,4,zone_2,oxygen,r0855,-19.5001,-3.74346e-12,19.5042
690,0,zone_1,glucose,r1032,-9.03225,4.11793e-12,4.66663
690,0,zone_1,oxygen,r0855,-19.5099,-3.74346e-12,19.9046
690,0,zone_1,glucose,r1032,-9.03225,4.11793e-12,4.66663
690,0,zone_1,oxygen,r0855,-19.5099,-3.74346e-12,19.9046
690,8,zone_3,glucose,r1032,-9.03225,4.11793e-12,4.66663
690,8,zone_3,oxygen,r0855,-19.4554,-3.74346e-12,17.8633
690,8,zone_3,glucose,r1032,-9.03225,4.11793e-12,4.66663
690,8,zone_3,oxygen,r0855,-19.4554,-3.74346e-12,17.8633
690,5,zone_2,glucose,r1032,-9.03225,4.11793e-12,4.66663
690,5,zone_2,oxygen,r0855,-19.4989,-3.74346e-12,19.4552
690,5,zone_2,glucose,r1032,-9.03225,4.11793e-12,4.66663
690,5,zone_2,oxygen,r0855,-19.4989,-3.74346e-12,19.4552
690,1,zone_1,glucose,r1032,-9.03225,4.11793e-12,4.66663
690,1,zone_1,oxygen,r0855,-19.5099,-3.74346e-12,19.9046
690,1,zone_1,glucose,r1032,-9.03225,4.11793e-12,4.66663
690,1,zone_1,oxygen,r0855,-19.5099,-3.74346e-12,19.9046
690,6,zone_3,glucose,r1032,-9.03225,4.11793e-12,4.66663
690,6,zone_3,oxygen,r0855,-19.4609,-3.74346e-12,18.0501
690,6,zone_3,glucose,r1032,-9.03225,4.11793e-12,4.66663
690,6,zone_3,oxygen,r0855,-19.4609,-3.74346e-12,18.0501
690,2,zone_1,glucose,r1032,-9.03225,4.11793e-12,4.66663
690,2,zone_1,oxygen,r0855,-19.5082,-3.74346e-12,19.8339
690,2,zone_1,glucose,r1032,-9.03225,4.11793e-12,4.66663
690,2,zone_1,oxygen,r0855,-19.5082,-3.74346e-12,19.8339
690,7,zone_3,glucose,r1032,-9.03225,4.11793e-12,4.66663
690,7,zone_3,oxygen,r0855,-19.4577,-3.74346e-12,17.94
690,7,zone_3,glucose,r1032,-9.03225,4.11793e-12,4.66663
690,7,zone_3,oxygen,r0855,-19.4577,-3.74346e-12,17.94
690,3,zone_2,glucose,r1032,-9.03225,4.11793e-12,4.66663
690,3,zone_2,oxygen,r0855,-19.5017,-3.74346e-12,19.569
690,3,zone_2,glucose,r1032,-9.03225,4.11793e-12,4.66663
690,3,zone_2,oxygen,r0855,-19.5017,-3.74346e-12,19.569
692,0,zone_1,glucose,r1032,-9.03208,4.11793e-12,4.6657
692,0,zone_1,oxygen,r0855,-19.5098,-3.74346e-12,19.9012
692,0,zone_1,glucose,r1032,-9.03208,4.11793e-12,4.6657
692,0,zone_1,oxygen,r0855,-19.5098,-3.74346e-12,19.9012
692,4,zone_2,glucose,r1032,-9.03208,4.11793e-12,4.6657
692,4,zone_2,oxygen,r0855,-19.4999,-3.74346e-12,19.4949
692,4,zone_2,glucose,r1032,-9.03208,4.11793e-12,4.6657
692,4,zone_2,oxygen,r0855,-19.4999,-3.74346e-12,19.4949
692,8,zone_3,glucose,r1032,-9.03208,4.11793e-12,4.6657
692,8,zone_3,oxygen,r0855,-19.4549,-3.74346e-12,17.8444
692,8,zone_3,glucose,r1032,-9.03208,4.11793e-12,4.6657
692,8,zone_3,oxygen,r0855,-19.4549,-3.74346e-12,17.8444
692,1,zone_1,glucose,r1032,-9.03208,4.11793e-12,4.6657
692,1,zone_1,oxygen,r0855,-19.5098,-3.74346e-12,19.9012
692,1,zone_1,glucose,r1032,-9.03208,4.11793e-12,4.6657
692,1,zone_1,oxygen,r0855,-19.5098,-3.74346e-12,19.9012
692,5,zone_2,glucose,r1032,-9.03208,4.11793e-12,4.6657
692,5,zone_2,oxygen,r0855,-19.4986,-3.74346e-12,19.445
692,5,zone_2,glucose,r1032,-9.03208,4.11793e-12,4.6657
692,5,zone_2,oxygen,r0855,-19.4986,-3.74346e-12,19.445
692,2,zone_1,glucose,r1032,-9.03208,4.11793e-12,4.6657
692,2,zone_1,oxygen,r0855,-19.5081,-3.74346e-12,19.8282
692,2,zone_1,glucose,r1032,-9.03208,4.11793e-12,4.6657
692,2,zone_1,oxygen,r0855,-19.5081,-3.74346e-12,19.8282
692,6,zone_3,glucose,r1032,-9.03208,4.11793e-12,4.6657
692,6,zone_3,oxygen,r0855,-19.4604,-3.74346e-12,18.031
692,3,zone_2,glucose,r1032,-9.03208,4.11793e-12,4.6657
692,3,zone_2,oxygen,r0855,-19.5015,-3.74346e-12,19.5608
692,3,zone_2,glucose,r1032,-9.03208,4.11793e-12,4.6657
692,3,zone_2,oxygen,r0855,-19.5015,-3.74346e-12,19.5608
692,6,zone_3,glucose,r1032,-9.03208,4.11793e-12,4.6657
692,6,zone_3,oxygen,r0855,-19.4604,-3.74346e-12,18.031
692,7,zone_3,glucose,r1032,-9.03208,4.11793e-12,4.6657
692,7,zone_3,oxygen,r0855,-19.4571,-3.74346e-12,17.921
692,7,zone_3,glucose,r1032,-9.03208,4.11793e-12,4.6657
692,7,zone_3,oxygen,r0855,-19.4571,-3.74346e-12,17.921
694,0,zone_1,glucose,r1032,-9.0319,4.11793e-12,4.66476
694,0,zone_1,oxygen,r0855,-19.5098,-3.74346e-12,19.8981
694,0,zone_1,glucose,r1032,-9.0319,4.11793e-12,4.66476
694,0,zone_1,oxygen,r0855,-19.5098,-3.74346e-12,19.8981
694,4,zone_2,glucose,r1032,-9.0319,4.11793e-12,4.66476
694,4,zone_2,oxygen,r0855,-19.4997,-3.74346e-12,19.4863
694,8,zone_3,glucose,r1032,-9.0319,4.11793e-12,4.66476
694,8,zone_3,oxygen,r0855,-19.4543,-3.74346e-12,17.8266
694,4,zone_2,glucose,r1032,-9.0319,4.11793e-12,4.66476
694,4,zone_2,oxygen,r0855,-19.4997,-3.74346e-12,19.4863
694,8,zone_3,glucose,r1032,-9.0319,4.11793e-12,4.66476
694,8,zone_3,oxygen,r0855,-19.4543,-3.74346e-12,17.8266
694,1,zone_1,glucose,r1032,-9.0319,4.11793e-12,4.66476
694,1,zone_1,oxygen,r0855,-19.5098,-3.74346e-12,19.8981
694,1,zone_1,glucose,r1032,-9.0319,4.11793e-12,4.66476
694,1,zone_1,oxygen,r0855,-19.5098,-3.74346e-12,19.8981
694,5,zone_2,glucose,r1032,-9.0319,4.11793e-12,4.66476
694,5,zone_2,oxygen,r0855,-19.4984,-3.74346e-12,19.4357
694,5,zone_2,glucose,r1032,-9.0319,4.11793e-12,4.66476
694,5,zone_2,oxygen,r0855,-19.4984,-3.74346e-12,19.4357
694,2,zone_1,glucose,r1032,-9.0319,4.11793e-12,4.66476
694,2,zone_1,oxygen,r0855,-19.5079,-3.74346e-12,19.8231
694,2,zone_1,glucose,r1032,-9.0319,4.11793e-12,4.66476
694,2,zone_1,oxygen,r0855,-19.5079,-3.74346e-12,19.8231
694,6,zone_3,glucose,r1032,-9.0319,4.11793e-12,4.66476
694,6,zone_3,oxygen,r0855,-19.4598,-3.74346e-12,18.0132
694,6,zone_3,glucose,r1032,-9.0319,4.11793e-12,4.66476
694,6,zone_3,oxygen,r0855,-19.4598,-3.74346e-12,18.0132
694,3,zone_2,glucose,r1032,-9.0319,4.11793e-12,4.66476
694,3,zone_2,oxygen,r0855,-19.5013,-3.74346e-12,19.5533
694,3,zone_2,glucose,r1032,-9.0319,4.11793e-12,4.66476
694,3,zone_2,oxygen,r0855,-19.5013,-3.74346e-12,19.5533
694,7,zone_3,glucose,r1032,-9.0319,4.11793e-12,4.66476
694,7,zone_3,oxygen,r0855,-19.4566,-3.74346e-12,17.9032
694,7,zone_3,glucose,r1032,-9.0319,4.11793e-12,4.66476
694,7,zone_3,oxygen,r0855,-19.4566,-3.74346e-12,17.9032
696,4,zone_2,glucose,r1032,-9.03173,4.11793e-12,4.66383
696,4,zone_2,oxygen,r0855,-19.4995,-3.74346e-12,19.4785
696,4,zone_2,glucose,r1032,-9.03173,4.11793e-12,4.66383
696,4,zone_2,oxygen,r0855,-19.4995,-3.74346e-12,19.4785
696,0,zone_1,glucose,r1032,-9.03173,4.11793e-12,4.66383
696,0,zone_1,oxygen,r0855,-19.5097,-3.74346e-12,19.8954
696,0,zone_1,glucose,r1032,-9.03173,4.11793e-12,4.66383
696,0,zone_1,oxygen,r0855,-19.5097,-3.74346e-12,19.8954
696,8,zone_3,glucose,r1032,-9.03173,4.11793e-12,4.66383
696,8,zone_3,oxygen,r0855,-19.4539,-3.74346e-12,17.81
696,8,zone_3,glucose,r1032,-9.03173,4.11793e-12,4.66383
696,8,zone_3,oxygen,r0855,-19.4539,-3.74346e-12,17.81
696,5,zone_2,glucose,r1032,-9.03173,4.11793e-12,4.66383
696,5,zone_2,oxygen,r0855,-19.4982,-3.74346e-12,19.4272
696,5,zone_2,glucose,r1032,-9.03173,4.11793e-12,4.66383
696,5,zone_2,oxygen,r0855,-19.4982,-3.74346e-12,19.4272
696,1,zone_1,glucose,r1032,-9.03173,4.11793e-12,4.66383
696,1,zone_1,oxygen,r0855,-19.5097,-3.74346e-12,19.8954
696,1,zone_1,glucose,r1032,-9.03173,4.11793e-12,4.66383
696,1,zone_1,oxygen,r0855,-19.5097,-3.74346e-12,19.8954
696,6,zone_3,glucose,r1032,-9.03173,4.11793e-12,4.66383
696,6,zone_3,oxygen,r0855,-19.4594,-3.74346e-12,17.9965
696,2,zone_1,glucose,r1032,-9.03173,4.11793e-12,4.66383
696,2,zone_1,oxygen,r0855,-19.5078,-3.74346e-12,19.8187
696,6,zone_3,glucose,r1032,-9.03173,4.11793e-12,4.66383
696,6,zone_3,oxygen,r0855,-19.4594,-3.74346e-12,17.9965
696,2,zone_1,glucose,r1032,-9.03173,4.11793e-12,4.66383
696,2,zone_1,oxygen,r0855,-19.5078,-3.74346e-12,19.8187
696,3,zone_2,glucose,r1032,-9.03173,4.11793e-12,4.66383
696,3,zone_2,oxygen,r0855,-19.5012,-3.74346e-12,19.5464
696,3,zone_2,glucose,r1032,-9.03173,4.11793e-12,4.66383
696,3,zone_2,oxygen,r0855,-19.5012,-3.74346e-12,19.5464
696,7,zone_3,glucose,r1032,-9.03173,4.11793e-12,4.66383
696,7,zone_3,oxygen,r0855,-19.4561,-3.74346e-12,17.8865
696,7,zone_3,glucose,r1032,-9.03173,4.11793e-12,4.66383
696,7,zone_3,oxygen,r0855,-19.4561,-3.74346e-12,17.8865
698,0,zone_1,glucose,r1032,-9.03155,4.11793e-12,4.6629
698,0,zone_1,oxygen,r0855,-19.5096,-3.74346e-12,19.8929
698,0,zone_1,glucose,r1032,-9.03155,4.11793e-12,4.6629
698,0,zone_1,oxygen,r0855,-19.5096,-3.74346e-12,19.8929
698,4,zone_2,glucose,r1032,-9.03155,4.11793e-12,4.6629
698,4,zone_2,oxygen,r0855,-19.4993,-3.74346e-12,19.4714
698,4,zone_2,glucose,r1032,-9.03155,4.11793e-12,4.6629
698,4,zone_2,oxygen,r0855,-19.4993,-3.74346e-12,19.4714
698,8,zone_3,glucose,r1032,-9.03155,4.11793e-12,4.6629
698,8,zone_3,oxygen,r0855,-19.4534,-3.74346e-12,17.7945
698,8,zone_3,glucose,r1032,-9.03155,4.11793e-12,4.6629
698,8,zone_3,oxygen,r0855,-19.4534,-3.74346e-12,17.7945
698,1,zone_1,glucose,r1032,-9.03155,4.11793e-12,4.6629
698,1,zone_1,oxygen,r0855,-19.5096,-3.74346e-12,19.8929
698,1,zone_1,glucose,r1032,-9.03155,4.11793e-12,4.6629
698,1,zone_1,oxygen,r0855,-19.5096,-3.74346e-12,19.8929
698,5,zone_2,glucose,r1032,-9.03155,4.11793e-12,4.6629
698,5,zone_2,oxygen,r0855,-19.498,-3.74346e-12,19.4194
698,5,zone_2,glucose,r1032,-9.03155,4.11793e-12,4.6629
698,5,zone_2,oxygen,r0855,-19.498,-3.74346e-12,19.4194
698,2,zone_1,glucose,r1032,-9.03155,4.11793e-12,4.6629
698,2,zone_1,oxygen,r0855,-19.5077,-3.74346e-12,19.8147
698,2,zone_1,glucose,r1032,-9.03155,4.11793e-12,4.6629
698,2,zone_1,oxygen,r0855,-19.5077,-3.74346e-12,19.8147
698,6,zone_3,glucose,r1032,-9.03155,4.11793e-12,4.6629
698,6,zone_3,oxygen,r0855,-19.4589,-3.74346e-12,17.9809
698,6,zone_3,glucose,r1032,-9.03155,4.11793e-12,4.6629
698,6,zone_3,oxygen,r0855,-19.4589,-3.74346e-12,17.9809
698,3,zone_2,glucose,r1032,-9.03155,4.11793e-12,4.6629
698,3,zone_2,oxygen,r0855,-19.501,-3.74346e-12,19.5401
698,3,zone_2,glucose,r1032,-9.03155,4.11793e-12,4.6629
698,3,zone_2,oxygen,r0855,-19.501,-3.74346e-12,19.5401
698,7,zone_3,glucose,r1032,-9.03155,4.11793e-12,4.6629
698,7,zone_3,oxygen,r0855,-19.4557,-3.74346e-12,17.8709
698,7,zone_3,glucose,r1032,-9.03155,4.11793e-12,4.6629
698,7,zone_3,oxygen,r0855,-19.4557,-3.74346e-12,17.8709
700,0,zone_1,glucose,r1032,-9.03138,4.11793e-12,4.66196
700,0,zone_1,oxygen,r0855,-19.5096,-3.74346e-12,19.8908
700,0,zone_1,glucose,r1032,-9.03138,4.11793e-12,4.66196
700,0,zone_1,oxygen,r0855,-19.5096,-3.74346e-12,19.8908
700,8,zone_3,glucose,r1032,-9.03138,4.11793e-12,4.66196
700,8,zone_3,oxygen,r0855,-19.453,-3.74346e-12,17.7801
700,8,zone_3,glucose,r1032,-9.03138,4.11793e-12,4.66196
700,8,zone_3,oxygen,r0855,-19.453,-3.74346e-12,17.7801
700,4,zone_2,glucose,r1032,-9.03138,4.11793e-12,4.66196
700,4,zone_2,oxygen,r0855,-19.4991,-3.74346e-12,19.4648
700,4,zone_2,glucose,r1032,-9.03138,4.11793e-12,4.66196
700,4,zone_2,oxygen,r0855,-19.4991,-3.74346e-12,19.4648
700,1,zone_1,glucose,r1032,-9.03138,4.11793e-12,4.66196
700,1,zone_1,oxygen,r0855,-19.5096,-3.74346e-12,19.8908
700,1,zone_1,glucose,r1032,-9.03138,4.11793e-12,4.66196
700,1,zone_1,oxygen,r0855,-19.5096,-3.74346e-12,19.8908
700,5,zone_2,glucose,r1032,-9.03138,4.11793e-12,4.66196
700,5,zone_2,oxygen,r0855,-19.4978,-3.74346e-12,19.4123
700,5,zone_2,glucose,r1032,-9.03138,4.11793e-12,4.66196
700,5,zone_2,oxygen,r0855,-19.4978,-3.74346e-12,19.4123
700,2,zone_1,glucose,r1032,-9.03138,4.11793e-12,4.66196
700,2,zone_1,oxygen,r0855,-19.5077,-3.74346e-12,19.8113
700,2,zone_1,glucose,r1032,-9.03138,4.11793e-12,4.66196
700,2,zone_1,oxygen,r0855,-19.5077,-3.74346e-12,19.8113
700,6,zone_3,glucose,r1032,-9.03138,4.11793e-12,4.66196
700,6,zone_3,oxygen,r0855,-19.4585,-3.74346e-12,17.9665
700,3,zone_2,glucose,r1032,-9.03138,4.11793e-12,4.66196
700,3,zone_2,oxygen,r0855,-19.5009,-3.74346e-12,19.5343
700,6,zone_3,glucose,r1032,-9.03138,4.11793e-12,4.66196
700,6,zone_3,oxygen,r0855,-19.4585,-3.74346e-12,17.9665
700,3,zone_2,glucose,r1032,-9.03138,4.11793e-12,4.66196
700,3,zone_2,oxygen,r0855,-19.5009,-3.74346e-12,19.5343
700,7,zone_3,glucose,r1032,-9.03138,4.11793e-12,4.66196
700,7,zone_3,oxygen,r0855,-19.4552,-3.74346e-12,17.8564
700,7,zone_3,glucose,r1032,-9.03138,4.11793e-12,4.66196
700,7,zone_3,oxygen,r0855,-19.4552,-3.74346e-12,17.8564
702,0,zone_1,glucose,r1032,-9.0312,4.11793e-12,4.66103
702,0,zone_1,oxygen,r0855,-19.5095,-3.74346e-12,19.8886
702,0,zone_1,glucose,r1032,-9.0312,4.11793e-12,4.66103
702,0,zone_1,oxygen,r0855,-19.5095,-3.74346e-12,19.8886
702,4,zone_2,glucose,r1032,-9.0312,4.11793e-12,4.66103
702,4,zone_2,oxygen,r0855,-19.499,-3.74346e-12,19.4589
702,4,zone_2,glucose,r1032,-9.0312,4.11793e-12,4.66103
702,4,zone_2,oxygen,r0855,-19.499,-3.74346e-12,19.4589
702,8,zone_3,glucose,r1032,-9.0312,4.11793e-12,4.66103
702,8,zone_3,oxygen,r0855,-19.4526,-3.74346e-12,17.7666
702,8,zone_3,glucose,r1032,-9.0312,4.11793e-12,4.66103
702,8,zone_3,oxygen,r0855,-19.4526,-3.74346e-12,17.7666
702,1,zone_1,glucose,r1032,-9.0312,4.11793e-12,4.66103
702,1,zone_1,oxygen,r0855,-19.5095,-3.74346e-12,19.8886
702,1,zone_1,glucose,r1032,-9.0312,4.11793e-12,4.66103
702,1,zone_1,oxygen,r0855,-19.5095,-3.74346e-12,19.8886
702,5,zone_2,glucose,r1032,-9.0312,4.11793e-12,4.66103
702,5,zone_2,oxygen,r0855,-19.4976,-3.74346e-12,19.4058
702,5,zone_2,glucose,r1032,-9.0312,4.11793e-12,4.66103
702,5,zone_2,oxygen,r0855,-19.4976,-3.74346e-12,19.4058
702,2,zone_1,glucose,r1032,-9.0312,4.11793e-12,4.66103
702,2,zone_1,oxygen,r0855,-19.5076,-3.74346e-12,19.808
702,2,zone_1,glucose,r1032,-9.0312,4.11793e-12,4.66103
702,2,zone_1,oxygen,r0855,-19.5076,-3.74346e-12,19.808
702,6,zone_3,glucose,r1032,-9.0312,4.11793e-12,4.66103
702,6,zone_3,oxygen,r0855,-19.4581,-3.74346e-12,17.953
702,6,zone_3,glucose,r1032,-9.0312,4.11793e-12,4.66103
702,6,zone_3,oxygen,r0855,-19.4581,-3.74346e-12,17.953
702,3,zone_2,glucose,r1032,-9.0312,4.11793e-12,4.66103
702,3,zone_2,oxygen,r0855,-19.5007,-3.74346e-12,19.529
702,3,zone_2,glucose,r1032,-9.0312,4.11793e-12,4.66103
702,3,zone_2,oxygen,r0855,-19.5007,-3.74346e-12,19.529
702,7,zone_3,glucose,r1032,-9.0312,4.11793e-12,4.66103
702,7,zone_3,oxygen,r0855,-19.4548,-3.74346e-12,17.843
702,7,zone_3,glucose,r1032,-9.0312,4.11793e-12,4.66103
702,7,zone_3,oxygen,r0855,-19.4548,-3.74346e-12,17.843
704,8,zone_3,glucose,r1032,-9.03103,4.11793e-12,4.6601
704,8,zone_3,oxygen,r0855,-19.4522,-3.74346e-12,17.7541
704,8,zone_3,glucose,r1032,-9.03103,4.11793e-12,4.6601
704,8,zone_3,oxygen,r0855,-19.4522,-3.74346e-12,17.7541
704,0,zone_1,glucose,r1032,-9.03103,4.11793e-12,4.6601
704,0,zone_1,oxygen,r0855,-19.5095,-3.74346e-12,19.8866
704,0,zone_1,glucose,r1032,-9.03103,4.11793e-12,4.6601
704,0,zone_1,oxygen,r0855,-19.5095,-3.74346e-12,19.8866
704,4,zone_2,glucose,r1032,-9.03103,4.11793e-12,4.6601
704,4,zone_2,oxygen,r0855,-19.4988,-3.74346e-12,19.4533
704,4,zone_2,glucose,r1032,-9.03103,4.11793e-12,4.6601
704,4,zone_2,oxygen,r0855,-19.4988,-3.74346e-12,19.4533
704,1,zone_1,glucose,r1032,-9.03103,4.11793e-12,4.6601
704,1,zone_1,oxygen,r0855,-19.5095,-3.74346e-12,19.8866
704,1,zone_1,glucose,r1032,-9.03103,4.11793e-12,4.6601
704,1,zone_1,oxygen,r0855,-19.5095,-3.74346e-12,19.8866
704,5,zone_2,glucose,r1032,-9.03103,4.11793e-12,4.6601
704,5,zone_2,oxygen,r0855,-19.4975,-3.74346e-12,19.3998
704,5,zone_2,glucose,r1032,-9.03103,4.11793e-12,4.6601
704,5,zone_2,oxygen,r0855,-19.4975,-3.74346e-12,19.3998
704,2,zone_1,glucose,r1032,-9.03103,4.11793e-12,4.6601
704,2,zone_1,oxygen,r0855,-19.5075,-3.74346e-12,19.8049
704,2,zone_1,glucose,r1032,-9.03103,4.11793e-12,4.6601
704,2,zone_1,oxygen,r0855,-19.5075,-3.74346e-12,19.8049
704,6,zone_3,glucose,r1032,-9.03103,4.11793e-12,4.6601
704,6,zone_3,oxygen,r0855,-19.4577,-3.74346e-12,17.9405
704,6,zone_3,glucose,r1032,-9.03103,4.11793e-12,4.6601
704,6,zone_3,oxygen,r0855,-19.4577,-3.74346e-12,17.9405
704,3,zone_2,glucose,r1032,-9.03103,4.11793e-12,4.6601
704,3,zone_2,oxygen,r0855,-19.5006,-3.74346e-12,19.5241
704,3,zone_2,glucose,r1032,-9.03103,4.11793e-12,4.6601
704,3,zone_2,oxygen,r0855,-19.5006,-3.74346e-12,19.5241
704,7,zone_3,glucose,r1032,-9.03103,4.11793e-12,4.6601
704,7,zone_3,oxygen,r0855,-19.4545,-3.74346e-12,17.8304
704,7,zone_3,glucose,r1032,-9.03103,4.11793e-12,4.6601
704,7,zone_3,oxygen,r0855,-19.4545,-3.74346e-12,17.8304
706,4,zone_2,glucose,r1032,-9.03085,4.11793e-12,4.65917
706,4,zone_2,oxygen,r0855,-19.4987,-3.74346e-12,19.4482
706,4,zone_2,glucose,r1032,-9.03085,4.11793e-12,4.65917
706,4,zone_2,oxygen,r0855,-19.4987,-3.74346e-12,19.4482
706,8,zone_3,glucose,r1032,-9.03085,4.11793e-12,4.65917
706,8,zone_3,oxygen,r0855,-19.4518,-3.74346e-12,17.7425
706,0,zone_1,glucose,r1032,-9.03085,4.11793e-12,4.65917
706,0,zone_1,oxygen,r0855,-19.5094,-3.74346e-12,19.8849
706,8,zone_3,glucose,r1032,-9.03085,4.11793e-12,4.65917
706,8,zone_3,oxygen,r0855,-19.4518,-3.74346e-12,17.7425
706,0,zone_1,glucose,r1032,-9.03085,4.11793e-12,4.65917
706,0,zone_1,oxygen,r0855,-19.5094,-3.74346e-12,19.8849
706,5,zone_2,glucose,r1032,-9.03085,4.11793e-12,4.65917
706,5,zone_2,oxygen,r0855,-19.4973,-3.74346e-12,19.3942
706,5,zone_2,glucose,r1032,-9.03085,4.11793e-12,4.65917
706,5,zone_2,oxygen,r0855,-19.4973,-3.74346e-12,19.3942
706,1,zone_1,glucose,r1032,-9.03085,4.11793e-12,4.65917
706,1,zone_1,oxygen,r0855,-19.5094,-3.74346e-12,19.8849
706,1,zone_1,glucose,r1032,-9.03085,4.11793e-12,4.65917
706,1,zone_1,oxygen,r0855,-19.5094,-3.74346e-12,19.8849
706,6,zone_3,glucose,r1032,-9.03085,4.11793e-12,4.65917
706,6,zone_3,oxygen,r0855,-19.4574,-3.74346e-12,17.9289
706,6,zone_3,glucose,r1032,-9.03085,4.11793e-12,4.65917
706,6,zone_3,oxygen,r0855,-19.4574,-3.74346e-12,17.9289
706,2,zone_1,glucose,r1032,-9.03085,4.11793e-12,4.65917
706,2,zone_1,oxygen,r0855,-19.5074,-3.74346e-12,19.8023
706,2,zone_1,glucose,r1032,-9.03085,4.11793e-12,4.65917
706,2,zone_1,oxygen,r0855,-19.5074,-3.74346e-12,19.8023
706,7,zone_3,glucose,r1032,-9.03085,4.11793e-12,4.65917
706,7,zone_3,oxygen,r0855,-19.4541,-3.74346e-12,17.8188
706,7,zone_3,glucose,r1032,-9.03085,4.11793e-12,4.65917
706,7,zone_3,oxygen,r0855,-19.4541,-3.74346e-12,17.8188
706,3,zone_2,glucose,r1032,-9.03085,4.11793e-12,4.65917
706,3,zone_2,oxygen,r0855,-19.5005,-3.74346e-12,19.5196
706,3,zone_2,glucose,r1032,-9.03085,4.11793e-12,4.65917
706,3,zone_2,oxygen,r0855,-19.5005,-3.74346e-12,19.5196
708,4,zone_2,glucose,r1032,-9.03068,4.11793e-12,4.65824
708,4,zone_2,oxygen,r0855,-19.4986,-3.74346e-12,19.4435
708,4,zone_2,glucose,r1032,-9.03068,4.11793e-12,4.65824
708,4,zone_2,oxygen,r0855,-19.4986,-3.74346e-12,19.4435
708,0,zone_1,glucose,r1032,-9.03068,4.11793e-12,4.65824
708,0,zone_1,oxygen,r0855,-19.5094,-3.74346e-12,19.8834
708,0,zone_1,glucose,r1032,-9.03068,4.11793e-12,4.65824
708,0,zone_1,oxygen,r0855,-19.5094,-3.74346e-12,19.8834
708,8,zone_3,glucose,r1032,-9.03068,4.11793e-12,4.65824
708,8,zone_3,oxygen,r0855,-19.4515,-3.74346e-12,17.7317
708,8,zone_3,glucose,r1032,-9.03068,4.11793e-12,4.65824
708,8,zone_3,oxygen,r0855,-19.4515,-3.74346e-12,17.7317
708,5,zone_2,glucose,r1032,-9.03068,4.11793e-12,4.65824
708,5,zone_2,oxygen,r0855,-19.4972,-3.74346e-12,19.3891
708,5,zone_2,glucose,r1032,-9.03068,4.11793e-12,4.65824
708,5,zone_2,oxygen,r0855,-19.4972,-3.74346e-12,19.3891
708,1,zone_1,glucose,r1032,-9.03068,4.11793e-12,4.65824
708,1,zone_1,oxygen,r0855,-19.5094,-3.74346e-12,19.8834
708,1,zone_1,glucose,r1032,-9.03068,4.11793e-12,4.65824
708,1,zone_1,oxygen,r0855,-19.5094,-3.74346e-12,19.8834
708,6,zone_3,glucose,r1032,-9.03068,4.11793e-12,4.65824
708,6,zone_3,oxygen,r0855,-19.4571,-3.74346e-12,17.9181
708,6,zone_3,glucose,r1032,-9.03068,4.11793e-12,4.65824
708,6,zone_3,oxygen,r0855,-19.4571,-3.74346e-12,17.9181
708,2,zone_1,glucose,r1032,-9.03068,4.11793e-12,4.65824
708,2,zone_1,oxygen,r0855,-19.5074,-3.74346e-12,19.8
708,2,zone_1,glucose,r1032,-9.03068,4.11793e-12,4.65824
708,2,zone_1,oxygen,r0855,-19.5074,-3.74346e-12,19.8
708,3,zone_2,glucose,r1032,-9.03068,4.11793e-12,4.65824
708,3,zone_2,oxygen,r0855,-19.5004,-3.74346e-12,19.5154
708,7,zone_3,glucose,r1032,-9.03068,4.11793e-12,4.65824
708,7,zone_3,oxygen,r0855,-19.4538,-3.74346e-12,17.808
708,3,zone_2,glucose,r1032,-9.03068,4.11793e-12,4.65824
708,3,zone_2,oxygen,r0855,-19.5004,-3.74346e-12,19.5154
708,7,zone_3,glucose,r1032,-9.03068,4.11793e-12,4.65824
708,7,zone_3,oxygen,r0855,-19.4538,-3.74346e-12,17.808
710,0,zone_1,glucose,r1032,-9.0305,4.11793e-12,4.6573
710,0,zone_1,oxygen,r0855,-19.5094,-3.74346e-12,19.8822
710,0,zone_1,glucose,r1032,-9.0305,4.11793e-12,4.6573
710,0,zone_1,oxygen,r0855,-19.5094,-3.74346e-12,19.8822
710,8,zone_3,glucose,r1032,-9.0305,4.11793e-12,4.6573
710,8,zone_3,oxygen,r0855,-19.4512,-3.74346e-12,17.7217
710,8,zone_3,glucose,r1032,-9.0305,4.11793e-12,4.6573
710,8,zone_3,oxygen,r0855,-19.4512,-3.74346e-12,17.7217
710,4,zone_2,glucose,r1032,-9.0305,4.11793e-12,4.6573
710,4,zone_2,oxygen,r0855,-19.4985,-3.74346e-12,19.4392
710,4,zone_2,glucose,r1032,-9.0305,4.11793e-12,4.6573
710,4,zone_2,oxygen,r0855,-19.4985,-3.74346e-12,19.4392
710,1,zone_1,glucose,r1032,-9.0305,4.11793e-12,4.6573
710,1,zone_1,oxygen,r0855,-19.5094,-3.74346e-12,19.8822
710,1,zone_1,glucose,r1032,-9.0305,4.11793e-12,4.6573
710,1,zone_1,oxygen,r0855,-19.5094,-3.74346e-12,19.8822
710,5,zone_2,glucose,r1032,-9.0305,4.11793e-12,4.6573
710,5,zone_2,oxygen,r0855,-19.4971,-3.74346e-12,19.3845
710,5,zone_2,glucose,r1032,-9.0305,4.11793e-12,4.6573
710,5,zone_2,oxygen,r0855,-19.4971,-3.74346e-12,19.3845
710,2,zone_1,glucose,r1032,-9.0305,4.11793e-12,4.6573
710,2,zone_1,oxygen,r0855,-19.5073,-3.74346e-12,19.798
710,2,zone_1,glucose,r1032,-9.0305,4.11793e-12,4.6573
710,2,zone_1,oxygen,r0855,-19.5073,-3.74346e-12,19.798
710,6,zone_3,glucose,r1032,-9.0305,4.11793e-12,4.6573
710,6,zone_3,oxygen,r0855,-19.4568,-3.74346e-12,17.9081
710,6,zone_3,glucose,r1032,-9.0305,4.11793e-12,4.6573
710,6,zone_3,oxygen,r0855,-19.4568,-3.74346e-12,17.9081
710,3,zone_2,glucose,r1032,-9.0305,4.11793e-12,4.6573
710,3,zone_2,oxygen,r0855,-19.5003,-3.74346e-12,19.5117
710,3,zone_2,glucose,r1032,-9.0305,4.11793e-12,4.6573
710,3,zone_2,oxygen,r0855,-19.5003,-3.74346e-12,19.5117
710,7,zone_3,glucose,r1032,-9.0305,4.11793e-12,4.6573
710,7,zone_3,oxygen,r0855,-19.4535,-3.74346e-12,17.7979
710,7,zone_3,glucose,r1032,-9.0305,4.11793e-12,4.6573
710,7,zone_3,oxygen,r0855,-19.4535,-3.74346e-12,17.7979
712,0,zone_1,glucose,r1032,-9.03033,4.11793e-12,4.65637
712,0,zone_1,oxygen,r0855,-19.5094,-3.74346e-12,19.8812
712,0,zone_1,glucose,r1032,-9.03033,4.11793e-12,4.65637
712,0,zone_1,oxygen,r0855,-19.5094,-3.74346e-12,19.8812
712,8,zone_3,glucose,r1032,-9.03033,4.11793e-12,4.65637
712,8,zone_3,oxygen,r0855,-19.4509,-3.74346e-12,17.7124
712,8,zone_3,glucose,r1032,-9.03033,4.11793e-12,4.65637
712,8,zone_3,oxygen,r0855,-19.4509,-3.74346e-12,17.7124
712,4,zone_2,glucose,r1032,-9.03033,4.11793e-12,4.65637
712,4,zone_2,oxygen,r0855,-19.4984,-3.74346e-12,19.4354
712,4,zone_2,glucose,r1032,-9.03033,4.11793e-12,4.65637
712,4,zone_2,oxygen,r0855,-19.4984,-3.74346e-12,19.4354
712,1,zone_1,glucose,r1032,-9.03033,4.11793e-12,4.65637
712,1,zone_1,oxygen,r0855,-19.5094,-3.74346e-12,19.8812
712,1,zone_1,glucose,r1032,-9.03033,4.11793e-12,4.65637
712,1,zone_1,oxygen,r0855,-19.5094,-3.74346e-12,19.8812
712,5,zone_2,glucose,r1032,-9.03033,4.11793e-12,4.65637
712,5,zone_2,oxygen,r0855,-19.497,-3.74346e-12,19.3803
712,5,zone_2,glucose,r1032,-9.03033,4.11793e-12,4.65637
712,5,zone_2,oxygen,r0855,-19.497,-3.74346e-12,19.3803
712,2,zone_1,glucose,r1032,-9.03033,4.11793e-12,4.65637
712,2,zone_1,oxygen,r0855,-19.5073,-3.74346e-12,19.7963
712,2,zone_1,glucose,r1032,-9.03033,4.11793e-12,4.65637
712,2,zone_1,oxygen,r0855,-19.5073,-3.74346e-12,19.7963
712,3,zone_2,glucose,r1032,-9.03033,4.11793e-12,4.65637
712,3,zone_2,oxygen,r0855,-19.5002,-3.74346e-12,19.5083
712,3,zone_2,glucose,r1032,-9.03033,4.11793e-12,4.65637
712,3,zone_2,oxygen,r0855,-19.5002,-3.74346e-12,19.5083
712,6,zone_3,glucose,r1032,-9.03033,4.11793e-12,4.65637
712,6,zone_3,oxygen,r0855,-19.4565,-3.74346e-12,17.8988
712,6,zone_3,glucose,r1032,-9.03033,4.11793e-12,4.65637
712,6,zone_3,oxygen,r0855,-19.4565,-3.74346e-12,17.8988
712,7,zone_3,glucose,r1032,-9.03033,4.11793e-12,4.65637
712,7,zone_3,oxygen,r0855,-19.4532,-3.74346e-12,17.7886
712,7,zone_3,glucose,r1032,-9.03033,4.11793e-12,4.65637
712,7,zone_3,oxygen,r0855,-19.4532,-3.74346e-12,17.7886
714,8,zone_3,glucose,r1032,-9.03015,4.11793e-12,4.65544
714,8,zone_3,oxygen,r0855,-19.4507,-3.74346e-12,17.7038
714,8,zone_3,glucose,r1032,-9.03015,4.11793e-12,4.65544
714,8,zone_3,oxygen,r0855,-19.4507,-3.74346e-12,17.7038
714,0,zone_1,glucose,r1032,-9.03015,4.11793e-12,4.65544
714,0,zone_1,oxygen,r0855,-19.5093,-3.74346e-12,19.8802
714,0,zone_1,glucose,r1032,-9.03015,4.11793e-12,4.65544
714,0,zone_1,oxygen,r0855,-19.5093,-3.74346e-12,19.8802
714,4,zone_2,glucose,r1032,-9.03015,4.11793e-12,4.65544
714,4,zone_2,oxygen,r0855,-19.4983,-3.74346e-12,19.4319
714,4,zone_2,glucose,r1032,-9.03015,4.11793e-12,4.65544
714,4,zone_2,oxygen,r0855,-19.4983,-3.74346e-12,19.4319
714,1,zone_1,glucose,r1032,-9.03015,4.11793e-12,4.65544
714,1,zone_1,oxygen,r0855,-19.5093,-3.74346e-12,19.8802
714,1,zone_1,glucose,r1032,-9.03015,4.11793e-12,4.65544
714,1,zone_1,oxygen,r0855,-19.5093,-3.74346e-12,19.8802
714,5,zone_2,glucose,r1032,-9.03015,4.11793e-12,4.65544
714,5,zone_2,oxygen,r0855,-19.4969,-3.74346e-12,19.3764
714,5,zone_2,glucose,r1032,-9.03015,4.11793e-12,4.65544
714,5,zone_2,oxygen,r0855,-19.4969,-3.74346e-12,19.3764
714,2,zone_1,glucose,r1032,-9.03015,4.11793e-12,4.65544
714,2,zone_1,oxygen,r0855,-19.5073,-3.74346e-12,19.7947
714,2,zone_1,glucose,r1032,-9.03015,4.11793e-12,4.65544
714,2,zone_1,oxygen,r0855,-19.5073,-3.74346e-12,19.7947
714,6,zone_3,glucose,r1032,-9.03015,4.11793e-12,4.65544
714,6,zone_3,oxygen,r0855,-19.4562,-3.74346e-12,17.8902
714,6,zone_3,glucose,r1032,-9.03015,4.11793e-12,4.65544
714,6,zone_3,oxygen,r0855,-19.4562,-3.74346e-12,17.8902
714,3,zone_2,glucose,r1032,-9.03015,4.11793e-12,4.65544
714,3,zone_2,oxygen,r0855,-19.5001,-3.74346e-12,19.5053
714,3,zone_2,glucose,r1032,-9.03015,4.11793e-12,4.65544
714,3,zone_2,oxygen,r0855,-19.5001,-3.74346e-12,19.5053
714,7,zone_3,glucose,r1032,-9.03015,4.11793e-12,4.65544
714,7,zone_3,oxygen,r0855,-19.453,-3.74346e-12,17.78
714,7,zone_3,glucose,r1032,-9.03015,4.11793e-12,4.65544
714,7,zone_3,oxygen,r0855,-19.453,-3.74346e-12,17.78
716,4,zone_2,glucose,r1032,-9.02998,4.11793e-12,4.65451
716,4,zone_2,oxygen,r0855,-19.4982,-3.74346e-12,19.4286
716,4,zone_2,glucose,r1032,-9.02998,4.11793e-12,4.65451
716,4,zone_2,oxygen,r0855,-19.4982,-3.74346e-12,19.4286
716,0,zone_1,glucose,r1032,-9.02998,4.11793e-12,4.65451
716,0,zone_1,oxygen,r0855,-19.5093,-3.74346e-12,19.8793
716,0,zone_1,glucose,r1032,-9.02998,4.11793e-12,4.65451
716,0,zone_1,oxygen,r0855,-19.5093,-3.74346e-12,19.8793
716,8,zone_3,glucose,r1032,-9.02998,4.11793e-12,4.65451
716,8,zone_3,oxygen,r0855,-19.4504,-3.74346e-12,17.6958
716,8,zone_3,glucose,r1032,-9.02998,4.11793e-12,4.65451
716,8,zone_3,oxygen,r0855,-19.4504,-3.74346e-12,17.6958
716,1,zone_1,glucose,r1032,-9.02998,4.11793e-12,4.65451
716,1,zone_1,oxygen,r0855,-19.5093,-3.74346e-12,19.8793
716,1,zone_1,glucose,r1032,-9.02998,4.11793e-12,4.65451
716,1,zone_1,oxygen,r0855,-19.5093,-3.74346e-12,19.8793
716,5,zone_2,glucose,r1032,-9.02998,4.11793e-12,4.65451
716,5,zone_2,oxygen,r0855,-19.4968,-3.74346e-12,19.3729
716,5,zone_2,glucose,r1032,-9.02998,4.11793e-12,4.65451
716,5,zone_2,oxygen,r0855,-19.4968,-3.74346e-12,19.3729
716,2,zone_1,glucose,r1032,-9.02998,4.11793e-12,4.65451
716,2,zone_1,oxygen,r0855,-19.5072,-3.74346e-12,19.7934
716,2,zone_1,glucose,r1032,-9.02998,4.11793e-12,4.65451
716,2,zone_1,oxygen,r0855,-19.5072,-3.74346e-12,19.7934
716,6,zone_3,glucose,r1032,-9.02998,4.11793e-12,4.65451
716,6,zone_3,oxygen,r0855,-19.456,-3.74346e-12,17.8823
716,6,zone_3,glucose,r1032,-9.02998,4.11793e-12,4.65451
716,6,zone_3,oxygen,r0855,-19.456,-3.74346e-12,17.8823
716,3,zone_2,glucose,r1032,-9.02998,4.11793e-12,4.65451
716,3,zone_2,oxygen,r0855,-19.5001,-3.74346e-12,19.5024
716,3,zone_2,glucose,r1032,-9.02998,4.11793e-12,4.65451
716,3,zone_2,oxygen,r0855,-19.5001,-3.74346e-12,19.5024
716,7,zone_3,glucose,r1032,-9.02998,4.11793e-12,4.65451
716,7,zone_3,oxygen,r0855,-19.4527,-3.74346e-12,17.772
716,7,zone_3,glucose,r1032,-9.02998,4.11793e-12,4.65451
716,7,zone_3,oxygen,r0855,-19.4527,-3.74346e-12,17.772
718,0,zone_1,glucose,r1032,-9.0298,4.11793e-12,4.65358
718,0,zone_1,oxygen,r0855,-19.5093,-3.74346e-12,19.8786
718,0,zone_1,glucose,r1032,-9.0298,4.11793e-12,4.65358
718,0,zone_1,oxygen,r0855,-19.5093,-3.74346e-12,19.8786
718,4,zone_2,glucose,r1032,-9.0298,4.11793e-12,4.65358
718,4,zone_2,oxygen,r0855,-19.4981,-3.74346e-12,19.4256
718,4,zone_2,glucose,r1032,-9.0298,4.11793e-12,4.65358
718,4,zone_2,oxygen,r0855,-19.4981,-3.74346e-12,19.4256
718,8,zone_3,glucose,r1032,-9.0298,4.11793e-12,4.65358
718,8,zone_3,oxygen,r0855,-19.4502,-3.74346e-12,17.6884
718,8,zone_3,glucose,r1032,-9.0298,4.11793e-12,4.65358
718,8,zone_3,oxygen,r0855,-19.4502,-3.74346e-12,17.6884
718,1,zone_1,glucose,r1032,-9.0298,4.11793e-12,4.65358
718,1,zone_1,oxygen,r0855,-19.5093,-3.74346e-12,19.8786
718,1,zone_1,glucose,r1032,-9.0298,4.11793e-12,4.65358
718,1,zone_1,oxygen,r0855,-19.5093,-3.74346e-12,19.8786
718,5,zone_2,glucose,r1032,-9.0298,4.11793e-12,4.65358
718,5,zone_2,oxygen,r0855,-19.4967,-3.74346e-12,19.3696
718,5,zone_2,glucose,r1032,-9.0298,4.11793e-12,4.65358
718,5,zone_2,oxygen,r0855,-19.4967,-3.74346e-12,19.3696
718,2,zone_1,glucose,r1032,-9.0298,4.11793e-12,4.65358
718,2,zone_1,oxygen,r0855,-19.5072,-3.74346e-12,19.7922
718,2,zone_1,glucose,r1032,-9.0298,4.11793e-12,4.65358
718,2,zone_1,oxygen,r0855,-19.5072,-3.74346e-12,19.7922
718,6,zone_3,glucose,r1032,-9.0298,4.11793e-12,4.65358
718,6,zone_3,oxygen,r0855,-19.4558,-3.74346e-12,17.8749
718,6,zone_3,glucose,r1032,-9.0298,4.11793e-12,4.65358
718,6,zone_3,oxygen,r0855,-19.4558,-3.74346e-12,17.8749
718,3,zone_2,glucose,r1032,-9.0298,4.11793e-12,4.65358
718,3,zone_2,oxygen,r0855,-19.5,-3.74346e-12,19.4996
718,3,zone_2,glucose,r1032,-9.0298,4.11793e-12,4.65358
718,3,zone_2,oxygen,r0855,-19.5,-3.74346e-12,19.4996
718,7,zone_3,glucose,r1032,-9.0298,4.11793e-12,4.65358
718,7,zone_3,oxygen,r0855,-19.4525,-3.74346e-12,17.7646
718,7,zone_3,glucose,r1032,-9.0298,4.11793e-12,4.65358
718,7,zone_3,oxygen,r0855,-19.4525,-3.74346e-12,17.7646
720,8,zone_3,glucose,r1032,-9.02963,4.11793e-12,4.65265
720,8,zone_3,oxygen,r0855,-19.45,-3.74346e-12,17.6816
720,8,zone_3,glucose,r1032,-9.02963,4.11793e-12,4.65265
720,8,zone_3,oxygen,r0855,-19.45,-3.74346e-12,17.6816
720,0,zone_1,glucose,r1032,-9.02963,4.11793e-12,4.65265
720,0,zone_1,oxygen,r0855,-19.5093,-3.74346e-12,19.8784
720,0,zone_1,glucose,r1032,-9.02963,4.11793e-12,4.65265
720,0,zone_1,oxygen,r0855,-19.5093,-3.74346e-12,19.8784
720,4,zone_2,glucose,r1032,-9.02963,4.11793e-12,4.65265
720,4,zone_2,oxygen,r0855,-19.4981,-3.74346e-12,19.4227
720,4,zone_2,glucose,r1032,-9.02963,4.11793e-12,4.65265
720,4,zone_2,oxygen,r0855,-19.4981,-3.74346e-12,19.4227
720,1,zone_1,glucose,r1032,-9.02963,4.11793e-12,4.65265
720,1,zone_1,oxygen,r0855,-19.5093,-3.74346e-12,19.8784
720,1,zone_1,glucose,r1032,-9.02963,4.11793e-12,4.65265
720,1,zone_1,oxygen,r0855,-19.5093,-3.74346e-12,19.8784
720,5,zone_2,glucose,r1032,-9.02963,4.11793e-12,4.65265
720,5,zone_2,oxygen,r0855,-19.4966,-3.74346e-12,19.3665
720,5,zone_2,glucose,r1032,-9.02963,4.11793e-12,4.65265
720,5,zone_2,oxygen,r0855,-19.4966,-3.74346e-12,19.3665
720,2,zone_1,glucose,r1032,-9.02963,4.11793e-12,4.65265
720,2,zone_1,oxygen,r0855,-19.5072,-3.74346e-12,19.7913
720,2,zone_1,glucose,r1032,-9.02963,4.11793e-12,4.65265
720,2,zone_1,oxygen,r0855,-19.5072,-3.74346e-12,19.7913
720,6,zone_3,glucose,r1032,-9.02963,4.11793e-12,4.65265
720,6,zone_3,oxygen,r0855,-19.4556,-3.74346e-12,17.8681
720,6,zone_3,glucose,r1032,-9.02963,4.11793e-12,4.65265
720,6,zone_3,oxygen,r0855,-19.4556,-3.74346e-12,17.8681
720,3,zone_2,glucose,r1032,-9.02963,4.11793e-12,4.65265
720,3,zone_2,oxygen,r0855,-19.4999,-3.74346e-12,19.497
720,3,zone_2,glucose,r1032,-9.02963,4.11793e-12,4.65265
720,3,zone_2,oxygen,r0855,-19.4999,-3.74346e-12,19.497
720,7,zone_3,glucose,r1032,-9.02963,4.11793e-12,4.65265
720,7,zone_3,oxygen,r0855,-19.4523,-3.74346e-12,17.7578
720,7,zone_3,glucose,r1032,-9.02963,4.11793e-12,4.65265
720,7,zone_3,oxygen,r0855,-19.4523,-3.74346e-12,17.7578
