x,y,z,cell_type,volume
-42.667558181741406,-21.031776369885588,-90.58763975100052,MCF7_core,3350.151846584962
-42.667558181741406,-4.206355273977131,-90.58763975100052,MCF7_core,3660.1525861899663
-42.667558181741406,12.619065821931326,-90.58763975100052,MCF7_core,2769.4809469917845
-42.667558181741406,29.444486917839782,-90.58763975100052,MCF7_core,3233.6990157592263
-28.096316083314075,-29.444486917839818,-90.58763975100052,MCF7_core,3251.117261830551
-28.096316083314075,-12.61906582193136,-90.58763975100052,MCF7_core,3305.3782627523115
-28.096316083314075,4.206355273977097,-90.58763975100052,MCF7_core,2549.7823315861697
-28.096316083314075,21.031776369885556,-90.58763975100052,MCF7_core,3017.8585275690125
-28.096316083314075,37.85719746579401,-90.58763975100052,MCF7_core,3487.1945203046744
-13.525073984886742,-37.857197465794044,-90.58763975100052,MCF7_core,3653.9738262368173
-13.525073984886742,-21.031776369885588,-90.58763975100052,MCF7_core,3204.701652008728
-13.525073984886742,-4.206355273977131,-90.58763975100052,MCF7_core,3647.784585446083
-13.525073984886742,12.619065821931326,-90.58763975100052,MCF7_core,3329.765729825606
-13.525073984886742,29.444486917839782,-90.58763975100052,MCF7_core,2552.983340430522
-13.525073984886742,46.269908013748235,-90.58763975100052,MCF7_core,3566.6943304234987
1.046168113540591,-46.26990801374827,-90.58763975100052,MCF7_core,2897.483732886334
1.046168113540591,-29.444486917839818,-90.58763975100052,MCF7_core,3173.1359894333636
1.046168113540591,-12.61906582193136,-90.58763975100052,MCF7_core,3381.4481138912674
1.046168113540591,4.206355273977097,-90.58763975100052,MCF7_core,3030.923380592576
1.046168113540591,21.031776369885556,-90.58763975100052,MCF7_core,3428.884124607234
1.046168113540591,37.85719746579401,-90.58763975100052,MCF7_core,2626.216243825761
15.617410211967922,-37.857197465794044,-90.58763975100052,MCF7_core,3734.114096119273
15.617410211967922,-21.031776369885588,-90.58763975100052,MCF7_core,3428.907578660915
15.617410211967922,-4.206355273977131,-90.58763975100052,MCF7_core,2589.970494104516
15.617410211967922,12.619065821931326,-90.58763975100052,MCF7_core,2569.1833051366743
15.617410211967922,29.444486917839782,-90.58763975100052,MCF7_core,2667.293415100224
15.617410211967922,46.269908013748235,-90.58763975100052,MCF7_core,3712.9069704498074
30.188652310395252,-29.444486917839818,-90.58763975100052,MCF7_core,3276.607043240665
30.188652310395252,-12.61906582193136,-90.58763975100052,MCF7_core,2961.070436269486
30.188652310395252,4.206355273977097,-90.58763975100052,MCF7_core,2624.159928805963
30.188652310395252,21.031776369885556,-90.58763975100052,MCF7_core,3647.541030064279
30.188652310395252,37.85719746579401,-90.58763975100052,MCF7_core,2575.9079353875936
44.75989440882259,-21.031776369885588,-90.58763975100052,MCF7_core,3202.1134705389663
44.75989440882259,-4.206355273977131,-90.58763975100052,MCF7_core,3303.804975697379
44.75989440882259,12.619065821931326,-90.58763975100052,MCF7_core,3529.169309626084
-61.445155554145856,-29.444486917839818,-76.01639765257319,MCF7_core,3679.9902833725982
-61.445155554145856,-12.61906582193136,-76.01639765257319,MCF7_core,2650.9985716265023
-61.445155554145856,4.206355273977097,-76.01639765257319,MCF7_core,3073.943976273716
-61.445155554145856,21.031776369885556,-76.01639765257319,MCF7_core,2682.232128508936
-61.445155554145856,37.85719746579401,-76.01639765257319,MCF7_core,2974.9105746226596
-46.87391345571852,-54.6826185617025,-76.01639765257319,MCF7_core,2514.6144382208463
-46.87391345571852,-37.857197465794044,-76.01639765257319,MCF7_core,3714.8657259927045
-46.87391345571852,-21.031776369885588,-76.01639765257319,MCF7_core,2514.731874005695
-46.87391345571852,-4.206355273977131,-76.01639765257319,MCF7_core,3053.267468646109
-46.87391345571852,12.619065821931326,-76.01639765257319,MCF7_core,3245.6226845351553
-46.87391345571852,29.444486917839782,-76.01639765257319,MCF7_core,3215.697707516451
-46.87391345571852,46.269908013748235,-76.01639765257319,MCF7_core,2991.2262320543596
-32.30267135729119,-63.095329109656724,-76.01639765257319,MCF7_core,3038.1555464518165
-32.30267135729119,-46.26990801374827,-76.01639765257319,MCF7_core,2591.3937233755137
-32.30267135729119,-29.444486917839818,-76.01639765257319,MCF7_core,2939.277479222865
-32.30267135729119,-12.61906582193136,-76.01639765257319,MCF7_core,3165.4561389604155
-32.30267135729119,4.206355273977097,-76.01639765257319,MCF7_core,2990.001958318341
-32.30267135729119,21.031776369885556,-76.01639765257319,MCF7_core,3117.699571354864
-32.30267135729119,37.85719746579401,-76.01639765257319,MCF7_core,3706.721219149547
-32.30267135729119,54.68261856170246,-76.01639765257319,MCF7_core,3434.962708012996
-17.731429258863855,-54.6826185617025,-76.01639765257319,MCF7_core,3723.4856828166357
-17.731429258863855,-37.857197465794044,-76.01639765257319,MCF7_core,3326.5862226066556
-17.731429258863855,-21.031776369885588,-76.01639765257319,MCF7_core,3139.117526551557
-17.731429258863855,-4.206355273977131,-76.01639765257319,MCF7_core,2837.0290714287653
-17.731429258863855,12.619065821931326,-76.01639765257319,MCF7_core,3235.5177931450307
-17.731429258863855,29.444486917839782,-76.01639765257319,MCF7_core,2812.889985841676
-17.731429258863855,46.269908013748235,-76.01639765257319,MCF7_core,3573.5446165437843
-17.731429258863855,63.09532910965669,-76.01639765257319,MCF7_core,2586.9203517760766
-3.1601871604365233,-63.095329109656724,-76.01639765257319,MCF7_core,2564.1250908630036
-3.1601871604365233,-46.26990801374827,-76.01639765257319,MCF7_core,3114.519526168937
-3.1601871604365233,-29.444486917839818,-76.01639765257319,MCF7_core,2806.5847138169015
-3.1601871604365233,-12.61906582193136,-76.01639765257319,MCF7_core,3236.049179839556
-3.1601871604365233,4.206355273977097,-76.01639765257319,MCF7_core,3131.4801825627014
-3.1601871604365233,21.031776369885556,-76.01639765257319,MCF7_core,2686.0970046271077
-3.1601871604365233,37.85719746579401,-76.01639765257319,MCF7_core,3122.688914737713
-3.1601871604365233,54.68261856170246,-76.01639765257319,MCF7_core,2855.072035011565
-3.1601871604365233,71.50803965761092,-76.01639765257319,MCF7_core,2567.695951779807
11.411054937990809,-71.50803965761095,-76.01639765257319,MCF7_core,2720.394258952727
11.411054937990809,-54.6826185617025,-76.01639765257319,MCF7_core,2971.808215477154
11.411054937990809,-37.857197465794044,-76.01639765257319,MCF7_core,3105.618798751081
11.411054937990809,-21.031776369885588,-76.01639765257319,MCF7_core,2759.5176703391935
11.411054937990809,-4.206355273977131,-76.01639765257319,MCF7_core,3614.2294353924067
11.411054937990809,12.619065821931326,-76.01639765257319,MCF7_core,2665.2787041818183
11.411054937990809,29.444486917839782,-76.01639765257319,MCF7_core,3214.997472523486
11.411054937990809,46.269908013748235,-76.01639765257319,MCF7_core,3657.017158573768
11.411054937990809,63.09532910965669,-76.01639765257319,MCF7_core,3262.2132567668004
25.98229703641814,-63.095329109656724,-76.01639765257319,MCF7_core,3537.94556206471
25.98229703641814,-46.26990801374827,-76.01639765257319,MCF7_core,2855.447085141514
25.98229703641814,-29.444486917839818,-76.01639765257319,MCF7_core,3226.56063043165
25.98229703641814,-12.61906582193136,-76.01639765257319,MCF7_core,3028.848085050494
25.98229703641814,4.206355273977097,-76.01639765257319,MCF7_core,2594.547334786608
25.98229703641814,21.031776369885556,-76.01639765257319,MCF7_core,3279.1700332948267
25.98229703641814,37.85719746579401,-76.01639765257319,MCF7_core,3151.205740458686
25.98229703641814,54.68261856170246,-76.01639765257319,MCF7_core,3474.103965799882
40.55353913484547,-54.6826185617025,-76.01639765257319,MCF7_core,3560.926349271212
40.55353913484547,-37.857197465794044,-76.01639765257319,MCF7_core,2750.7679296219367
40.55353913484547,-21.031776369885588,-76.01639765257319,MCF7_core,3265.7216240188563
40.55353913484547,-4.206355273977131,-76.01639765257319,MCF7_core,3097.4708294383636
40.55353913484547,12.619065821931326,-76.01639765257319,MCF7_core,3145.9238627810223
40.55353913484547,29.444486917839782,-76.01639765257319,MCF7_core,3395.0137804724145
40.55353913484547,46.269908013748235,-76.01639765257319,MCF7_core,2620.995571955653
55.124781233272806,-46.26990801374827,-76.01639765257319,MCF7_core,3314.695348173735
55.124781233272806,-29.444486917839818,-76.01639765257319,MCF7_core,2536.8701663049073
55.124781233272806,-12.61906582193136,-76.01639765257319,MCF7_core,3565.7273164377807
55.124781233272806,4.206355273977097,-76.01639765257319,MCF7_core,3168.422646232168
55.124781233272806,21.031776369885556,-76.01639765257319,MCF7_core,3034.355105286454
55.124781233272806,37.85719746579401,-76.01639765257319,MCF7_core,3237.5558209080223
69.69602333170013,-4.206355273977131,-76.01639765257319,MCF7_core,3313.051760247349
69.69602333170013,12.619065821931326,-76.01639765257319,MCF7_core,2888.3472391202786
-71.81004237859608,-37.857197465794044,-61.445155554145856,MCF7_core,2762.425274644006
-71.81004237859608,-21.031776369885588,-61.445155554145856,MCF7_core,3692.3508825618865
-71.81004237859608,-4.206355273977131,-61.445155554145856,MCF7_core,3452.5231533847827
-71.81004237859608,12.619065821931326,-61.445155554145856,MCF7_core,2749.7203823209848
-71.81004237859608,29.444486917839782,-61.445155554145856,MCF7_core,3557.070336752743
-57.23880028016874,-63.095329109656724,-61.445155554145856,MCF7_core,3627.1378936684796
-57.23880028016874,-46.26990801374827,-61.445155554145856,MCF7_core,3531.1176338956893
-57.23880028016874,-29.444486917839818,-61.445155554145856,MCF7_core,2777.5637985974367
-57.23880028016874,-12.61906582193136,-61.445155554145856,MCF7_core,3727.3449652101003
-57.23880028016874,4.206355273977097,-61.445155554145856,MCF7_core,2661.4222899861497
-57.23880028016874,21.031776369885556,-61.445155554145856,MCF7_core,3221.483437484218
-57.23880028016874,37.85719746579401,-61.445155554145856,MCF7_core,3053.397328820934
-57.23880028016874,54.68261856170246,-61.445155554145856,MCF7_core,3730.409108786899
-42.667558181741406,-71.50803965761095,-61.445155554145856,MCF7_core,3427.072020269874
-42.667558181741406,-54.6826185617025,-61.445155554145856,MCF7_core,2644.327214702158
-42.667558181741406,-37.857197465794044,-61.445155554145856,MCF7_core,3692.8769433711236
-42.667558181741406,-21.031776369885588,-61.445155554145856,MCF7_core,3338.5840485951817
-42.667558181741406,-4.206355273977131,-61.445155554145856,MCF7_core,2785.4715798523807
-42.667558181741406,12.619065821931326,-61.445155554145856,MCF7_core,3122.9482004111546
-42.667558181741406,29.444486917839782,-61.445155554145856,MCF7_core,3586.919654478499
-42.667558181741406,46.269908013748235,-61.445155554145856,MCF7_core,2656.1116186125205
-42.667558181741406,63.09532910965669,-61.445155554145856,MCF7_core,3100.0448898339228
-28.096316083314075,-79.92075020556517,-61.445155554145856,MCF7_core,3079.3918139265934
-28.096316083314075,-63.095329109656724,-61.445155554145856,MCF7_core,2632.0492078091156
-28.096316083314075,-46.26990801374827,-61.445155554145856,MCF7_core,2925.315719174534
-28.096316083314075,-29.444486917839818,-61.445155554145856,MCF7_core,3091.762272973693
-28.096316083314075,-12.61906582193136,-61.445155554145856,MCF7_core,3300.404185706896
-28.096316083314075,4.206355273977097,-61.445155554145856,MCF7_core,2919.870177785097
-28.096316083314075,21.031776369885556,-61.445155554145856,MCF7_core,3357.2602445697044
-28.096316083314075,37.85719746579401,-61.445155554145856,MCF7_core,3339.0943451058865
-28.096316083314075,54.68261856170246,-61.445155554145856,MCF7_core,2642.2734403349273
-28.096316083314075,71.50803965761092,-61.445155554145856,MCF7_core,3380.9465696342213
-13.525073984886742,-71.50803965761095,-61.445155554145856,MCF7_core,3317.118809999657
-13.525073984886742,-54.6826185617025,-61.445155554145856,MCF7_core,3441.686122233379
-13.525073984886742,-37.857197465794044,-61.445155554145856,MCF7_core,3131.9584794474513
-13.525073984886742,-21.031776369885588,-61.445155554145856,MCF7_core,3208.8602166036108
-13.525073984886742,-4.206355273977131,-61.445155554145856,MCF7_core,2924.4614428117357
-13.525073984886742,12.619065821931326,-61.445155554145856,MCF7_core,2681.822543635446
-13.525073984886742,29.444486917839782,-61.445155554145856,MCF7_core,3614.1328684132877
-13.525073984886742,46.269908013748235,-61.445155554145856,MCF7_core,3189.4869032534143
-13.525073984886742,63.09532910965669,-61.445155554145856,MCF7_core,3078.5847863678564
-13.525073984886742,79.92075020556514,-61.445155554145856,MCF7_core,3543.5107850748436
1.046168113540591,-79.92075020556517,-61.445155554145856,MCF7_core,2617.787179462954
1.046168113540591,-63.095329109656724,-61.445155554145856,MCF7_core,3418.4885101624213
1.046168113540591,-46.26990801374827,-61.445155554145856,MCF7_core,3733.9004309648567
1.046168113540591,-29.444486917839818,-61.445155554145856,MCF7_core,3085.1991683560923
1.046168113540591,-12.61906582193136,-61.445155554145856,MCF7_core,3120.533326061724
1.046168113540591,4.206355273977097,-61.445155554145856,MCF7_core,3416.5233165833397
1.046168113540591,21.031776369885556,-61.445155554145856,MCF7_core,3332.2827945812105
1.046168113540591,37.85719746579401,-61.445155554145856,MCF7_core,2543.3656539014105
1.046168113540591,54.68261856170246,-61.445155554145856,MCF7_core,2975.4335372155897
1.046168113540591,71.50803965761092,-61.445155554145856,MCF7_core,3137.0284747248224
15.617410211967922,-71.50803965761095,-61.445155554145856,MCF7_core,3729.5106158161407
15.617410211967922,-54.6826185617025,-61.445155554145856,MCF7_core,2729.2971303292807
15.617410211967922,-37.857197465794044,-61.445155554145856,MCF7_core,2957.304302911388
15.617410211967922,-21.031776369885588,-61.445155554145856,MCF7_core,3373.987113586114
15.617410211967922,-4.206355273977131,-61.445155554145856,MCF7_core,2616.2280285277698
15.617410211967922,12.619065821931326,-61.445155554145856,MCF7_core,3619.311956731415
15.617410211967922,29.444486917839782,-61.445155554145856,MCF7_core,2911.7082294013003
15.617410211967922,46.269908013748235,-61.445155554145856,MCF7_core,2956.1814694601785
15.617410211967922,63.09532910965669,-61.445155554145856,MCF7_core,3330.753665955752
15.617410211967922,79.92075020556514,-61.445155554145856,MCF7_core,3367.698430681172
30.188652310395252,-63.095329109656724,-61.445155554145856,MCF7_core,3297.282333357469
30.188652310395252,-46.26990801374827,-61.445155554145856,MCF7_core,2533.272494448816
30.188652310395252,-29.444486917839818,-61.445155554145856,MCF7_core,2744.0182811398745
30.188652310395252,-12.61906582193136,-61.445155554145856,MCF7_core,2512.4782986593
30.188652310395252,4.206355273977097,-61.445155554145856,MCF7_core,2946.0895948687958
30.188652310395252,21.031776369885556,-61.445155554145856,MCF7_core,3235.9583402215467
30.188652310395252,37.85719746579401,-61.445155554145856,MCF7_core,3495.5396313898927
30.188652310395252,54.68261856170246,-61.445155554145856,MCF7_core,3471.4777974847266
30.188652310395252,71.50803965761092,-61.445155554145856,MCF7_core,2670.6461337665282
44.75989440882259,-71.50803965761095,-61.445155554145856,MCF7_core,3062.3412287179926
44.75989440882259,-54.6826185617025,-61.445155554145856,MCF7_core,3224.5887264665407
44.75989440882259,-37.857197465794044,-61.445155554145856,MCF7_core,2707.4688320207797
44.75989440882259,-21.031776369885588,-61.445155554145856,MCF7_core,2911.5891027704665
44.75989440882259,-4.206355273977131,-61.445155554145856,MCF7_core,3367.775553776717
44.75989440882259,12.619065821931326,-61.445155554145856,MCF7_core,3173.5386537581053
44.75989440882259,29.444486917839782,-61.445155554145856,MCF7_core,3103.3653512476712
44.75989440882259,46.269908013748235,-61.445155554145856,MCF7_core,3600.0686208604748
44.75989440882259,63.09532910965669,-61.445155554145856,MCF7_core,3538.958195529578
59.33113650724992,-46.26990801374827,-61.445155554145856,MCF7_core,3607.554359714901
59.33113650724992,-29.444486917839818,-61.445155554145856,MCF7_core,3698.0401613989416
59.33113650724992,-12.61906582193136,-61.445155554145856,MCF7_core,3470.6805442390596
59.33113650724992,4.206355273977097,-61.445155554145856,MCF7_core,2978.5880549583203
59.33113650724992,21.031776369885556,-61.445155554145856,MCF7_core,2977.268240762192
59.33113650724992,37.85719746579401,-61.445155554145856,MCF7_core,3498.7922996618677
59.33113650724992,54.68261856170246,-61.445155554145856,MCF7_core,3636.5591506529368
73.90237860567724,-37.857197465794044,-61.445155554145856,MCF7_core,3522.1502290557214
73.90237860567724,-21.031776369885588,-61.445155554145856,MCF7_core,2495.1675219778854
73.90237860567724,-4.206355273977131,-61.445155554145856,MCF7_core,2633.087784498777
73.90237860567724,12.619065821931326,-61.445155554145856,MCF7_core,3240.200630352136
73.90237860567724,29.444486917839782,-61.445155554145856,MCF7_core,3717.587995249113
-90.58763975100052,-12.61906582193136,-46.87391345571852,MCF7_core,3191.5416101213523
-90.58763975100052,4.206355273977097,-46.87391345571852,MCF7_core,2611.5819660593934
-90.58763975100052,21.031776369885556,-46.87391345571852,MCF7_core,3660.111340801282
-76.01639765257319,-54.6826185617025,-46.87391345571852,MCF7_core,3245.122779529355
-76.01639765257319,-37.857197465794044,-46.87391345571852,MCF7_core,3703.3065611118964
-76.01639765257319,-21.031776369885588,-46.87391345571852,MCF7_core,2903.092538263407
-76.01639765257319,-4.206355273977131,-46.87391345571852,MCF7_core,3259.4853002030027
-76.01639765257319,12.619065821931326,-46.87391345571852,MCF7_core,3689.3359849038206
-76.01639765257319,29.444486917839782,-46.87391345571852,MCF7_core,2512.704394140595
-76.01639765257319,46.269908013748235,-46.87391345571852,MCF7_core,3620.1957733835416
-61.445155554145856,-63.095329109656724,-46.87391345571852,MCF7_core,2725.120950378284
-61.445155554145856,-46.26990801374827,-46.87391345571852,MCF7_core,2646.3455735592306
-61.445155554145856,-29.444486917839818,-46.87391345571852,MCF7_core,3421.391360708148
-61.445155554145856,-12.61906582193136,-46.87391345571852,MCF7_core,2665.3647143538838
-61.445155554145856,4.206355273977097,-46.87391345571852,MCF7_core,2784.667092440314
-61.445155554145856,21.031776369885556,-46.87391345571852,MCF7_core,3197.5992716537044
-61.445155554145856,37.85719746579401,-46.87391345571852,MCF7_core,2682.9504235704835
-61.445155554145856,54.68261856170246,-46.87391345571852,MCF7_core,3405.0140905447015
-46.87391345571852,-71.50803965761095,-46.87391345571852,MCF7_core,2894.9483940946498
-46.87391345571852,-54.6826185617025,-46.87391345571852,MCF7_core,2853.604727951715
-46.87391345571852,-37.857197465794044,-46.87391345571852,MCF7_core,2712.6358469725064
-46.87391345571852,-21.031776369885588,-46.87391345571852,MCF7_core,2566.3389394449505
-46.87391345571852,-4.206355273977131,-46.87391345571852,MCF7_core,3418.4846520533188
-46.87391345571852,12.619065821931326,-46.87391345571852,MCF7_core,2795.6621286941768
-46.87391345571852,29.444486917839782,-46.87391345571852,MCF7_core,2704.4640538634076
-46.87391345571852,46.269908013748235,-46.87391345571852,MCF7_core,2561.3558843308333
-46.87391345571852,63.09532910965669,-46.87391345571852,MCF7_core,3659.629393578265
-46.87391345571852,79.92075020556514,-46.87391345571852,MCF7_core,2817.277497799709
-32.30267135729119,-79.92075020556517,-46.87391345571852,MCF7_core,3354.2006220067055
-32.30267135729119,-63.095329109656724,-46.87391345571852,MCF7_core,2688.0709303323365
-32.30267135729119,-46.26990801374827,-46.87391345571852,MCF7_core,3628.1297854253653
-32.30267135729119,-29.444486917839818,-46.87391345571852,MCF7_core,2764.078549119201
-32.30267135729119,-12.61906582193136,-46.87391345571852,MCF7_core,3573.4283309458706
-32.30267135729119,4.206355273977097,-46.87391345571852,MCF7_core,3167.997202534941
-32.30267135729119,21.031776369885556,-46.87391345571852,MCF7_core,3463.3930476946653
-32.30267135729119,37.85719746579401,-46.87391345571852,MCF7_core,2514.132858132513
-32.30267135729119,54.68261856170246,-46.87391345571852,MCF7_core,3024.712899235902
-32.30267135729119,71.50803965761092,-46.87391345571852,MCF7_core,3442.575026390628
-32.30267135729119,88.33346075351938,-46.87391345571852,MCF7_core,3033.279932257701
-17.731429258863855,-88.3334607535194,-46.87391345571852,MCF7_core,3534.15079936897
-17.731429258863855,-71.50803965761095,-46.87391345571852,MCF7_core,3044.0794221115816
-17.731429258863855,-54.6826185617025,-46.87391345571852,MCF7_core,3675.88782103624
-17.731429258863855,-37.857197465794044,-46.87391345571852,MCF7_core,3334.344400324143
-17.731429258863855,-21.031776369885588,-46.87391345571852,MCF7_core,3294.660501102961
-17.731429258863855,-4.206355273977131,-46.87391345571852,MCF7_core,3601.325361854761
-17.731429258863855,12.619065821931326,-46.87391345571852,MCF7_core,2941.778723260225
-17.731429258863855,29.444486917839782,-46.87391345571852,MCF7_core,2534.1045513010617
-17.731429258863855,46.269908013748235,-46.87391345571852,MCF7_core,3294.408227356948
-17.731429258863855,63.09532910965669,-46.87391345571852,MCF7_core,2850.3123736565954
-17.731429258863855,79.92075020556514,-46.87391345571852,MCF7_core,3597.884302757455
-3.1601871604365233,-79.92075020556517,-46.87391345571852,MCF7_core,3104.792607159458
-3.1601871604365233,-63.095329109656724,-46.87391345571852,MCF7_core,3095.063625902807
-3.1601871604365233,-46.26990801374827,-46.87391345571852,MCF7_core,2558.77316106142
-3.1601871604365233,-29.444486917839818,-46.87391345571852,MCF7_core,3005.3087551995677
-3.1601871604365233,-12.61906582193136,-46.87391345571852,MCF7_core,3020.040200912845
-3.1601871604365233,4.206355273977097,-46.87391345571852,MCF7_core,2908.4801579501336
-3.1601871604365233,21.031776369885556,-46.87391345571852,MCF7_core,2567.997571608358
-3.1601871604365233,37.85719746579401,-46.87391345571852,MCF7_core,2618.733404898891
-3.1601871604365233,54.68261856170246,-46.87391345571852,MCF7_core,2684.618148575602
-3.1601871604365233,71.50803965761092,-46.87391345571852,MCF7_core,3237.156448240209
-3.1601871604365233,88.33346075351938,-46.87391345571852,MCF7_core,2570.6576366495606
11.411054937990809,-88.3334607535194,-46.87391345571852,MCF7_core,3503.535077882594
11.411054937990809,-71.50803965761095,-46.87391345571852,MCF7_core,3520.5550391945844
11.411054937990809,-54.6826185617025,-46.87391345571852,MCF7_core,2902.5340806317663
11.411054937990809,-37.857197465794044,-46.87391345571852,MCF7_core,3005.3617930590253
11.411054937990809,-21.031776369885588,-46.87391345571852,MCF7_core,3061.5596139116665
11.411054937990809,-4.206355273977131,-46.87391345571852,MCF7_core,2809.613564196239
11.411054937990809,12.619065821931326,-46.87391345571852,MCF7_core,2615.939070930509
11.411054937990809,29.444486917839782,-46.87391345571852,MCF7_core,3029.7527709570822
11.411054937990809,46.269908013748235,-46.87391345571852,MCF7_core,3441.554129493902
11.411054937990809,63.09532910965669,-46.87391345571852,MCF7_core,2770.06565600361
11.411054937990809,79.92075020556514,-46.87391345571852,MCF7_core,3653.2154787517484
25.98229703641814,-79.92075020556517,-46.87391345571852,MCF7_core,2578.662242782041
25.98229703641814,-63.095329109656724,-46.87391345571852,MCF7_core,2794.917997186993
25.98229703641814,-46.26990801374827,-46.87391345571852,MCF7_core,2678.0851161043693
25.98229703641814,-29.444486917839818,-46.87391345571852,MCF7_core,3647.9538961986336
25.98229703641814,-12.61906582193136,-46.87391345571852,MCF7_core,3357.645893567604
25.98229703641814,4.206355273977097,-46.87391345571852,MCF7_core,2496.8618228204996
25.98229703641814,21.031776369885556,-46.87391345571852,MCF7_core,2716.587555798263
25.98229703641814,37.85719746579401,-46.87391345571852,MCF7_core,3360.05744613682
25.98229703641814,54.68261856170246,-46.87391345571852,MCF7_core,2582.0810602366496
25.98229703641814,71.50803965761092,-46.87391345571852,MCF7_core,3249.1820738685747
25.98229703641814,88.33346075351938,-46.87391345571852,MCF7_core,3226.417006918688
40.55353913484547,-71.50803965761095,-46.87391345571852,MCF7_core,2716.873684720639
40.55353913484547,-54.6826185617025,-46.87391345571852,MCF7_core,3402.7976824674365
40.55353913484547,-37.857197465794044,-46.87391345571852,MCF7_core,2701.3962610575913
40.55353913484547,-21.031776369885588,-46.87391345571852,MCF7_core,3200.9505883606107
40.55353913484547,-4.206355273977131,-46.87391345571852,MCF7_core,3309.857569568638
40.55353913484547,12.619065821931326,-46.87391345571852,MCF7_core,3502.3778446424244
40.55353913484547,29.444486917839782,-46.87391345571852,MCF7_core,3462.1809180896807
40.55353913484547,46.269908013748235,-46.87391345571852,MCF7_core,3391.39498614908
40.55353913484547,63.09532910965669,-46.87391345571852,MCF7_core,2534.5932278330756
40.55353913484547,79.92075020556514,-46.87391345571852,MCF7_core,2708.4627882159552
55.124781233272806,-63.095329109656724,-46.87391345571852,MCF7_core,2670.5523100871947
55.124781233272806,-46.26990801374827,-46.87391345571852,MCF7_core,2747.591117520703
55.124781233272806,-29.444486917839818,-46.87391345571852,MCF7_core,2909.9215515945916
55.124781233272806,-12.61906582193136,-46.87391345571852,MCF7_core,2827.051197981661
55.124781233272806,4.206355273977097,-46.87391345571852,MCF7_core,3392.070198754761
55.124781233272806,21.031776369885556,-46.87391345571852,MCF7_core,3233.7486744461858
55.124781233272806,37.85719746579401,-46.87391345571852,MCF7_core,2575.3371105324645
55.124781233272806,54.68261856170246,-46.87391345571852,MCF7_core,3233.417012635866
55.124781233272806,71.50803965761092,-46.87391345571852,MCF7_core,3541.4453486315415
69.69602333170013,-54.6826185617025,-46.87391345571852,MCF7_core,2592.818185571542
69.69602333170013,-37.857197465794044,-46.87391345571852,MCF7_core,2852.634481394644
69.69602333170013,-21.031776369885588,-46.87391345571852,MCF7_core,3376.2024676106557
69.69602333170013,-4.206355273977131,-46.87391345571852,MCF7_core,3152.6870852740017
69.69602333170013,12.619065821931326,-46.87391345571852,MCF7_core,3461.5979965690376
69.69602333170013,29.444486917839782,-46.87391345571852,MCF7_core,2757.1358471848425
69.69602333170013,46.269908013748235,-46.87391345571852,MCF7_core,2631.7162312141545
69.69602333170013,63.09532910965669,-46.87391345571852,MCF7_core,2685.372872655751
84.26726543012747,-29.444486917839818,-46.87391345571852,MCF7_core,2828.0953153622545
84.26726543012747,-12.61906582193136,-46.87391345571852,MCF7_core,2751.305284062101
84.26726543012747,4.206355273977097,-46.87391345571852,MCF7_core,3579.851618019252
84.26726543012747,21.031776369885556,-46.87391345571852,MCF7_core,2906.5328205516935
84.26726543012747,37.85719746579401,-46.87391345571852,MCF7_core,3699.9776115387085
-86.38128447702341,-46.26990801374827,-32.30267135729119,MCF7_core,3710.2672364436394
-86.38128447702341,-29.444486917839818,-32.30267135729119,MCF7_core,3521.8142697753956
-86.38128447702341,-12.61906582193136,-32.30267135729119,MCF7_core,3071.256788326556
-86.38128447702341,4.206355273977097,-32.30267135729119,MCF7_core,3309.829704167032
-86.38128447702341,21.031776369885556,-32.30267135729119,MCF7_core,3677.246812154641
-86.38128447702341,37.85719746579401,-32.30267135729119,MCF7_core,3443.7500442528544
-71.81004237859608,-54.6826185617025,-32.30267135729119,MCF7_core,2766.176914415626
-71.81004237859608,-37.857197465794044,-32.30267135729119,MCF7_core,3124.939716707846
-71.81004237859608,-21.031776369885588,-32.30267135729119,MCF7_core,3198.213991769731
-71.81004237859608,-4.206355273977131,-32.30267135729119,MCF7_core,3657.620749513853
-71.81004237859608,12.619065821931326,-32.30267135729119,MCF7_core,2498.523202126336
-71.81004237859608,29.444486917839782,-32.30267135729119,MCF7_core,3643.6641321058833
-71.81004237859608,46.269908013748235,-32.30267135729119,MCF7_core,3569.87512841921
-71.81004237859608,63.09532910965669,-32.30267135729119,MCF7_core,3130.840292763487
-57.23880028016874,-79.92075020556517,-32.30267135729119,MCF7_core,3023.7759121493286
-57.23880028016874,-63.095329109656724,-32.30267135729119,MCF7_core,2923.25482832316
-57.23880028016874,-46.26990801374827,-32.30267135729119,MCF7_core,3622.5282799547535
-57.23880028016874,-29.444486917839818,-32.30267135729119,MCF7_core,2922.9051806968773
-57.23880028016874,-12.61906582193136,-32.30267135729119,MCF7_core,3316.5559197331486
-57.23880028016874,4.206355273977097,-32.30267135729119,MCF7_core,2595.675206415113
-57.23880028016874,21.031776369885556,-32.30267135729119,MCF7_core,2972.71377098202
-57.23880028016874,37.85719746579401,-32.30267135729119,MCF7_core,2559.855868924279
-57.23880028016874,54.68261856170246,-32.30267135729119,MCF7_core,3641.1527010283044
-57.23880028016874,71.50803965761092,-32.30267135729119,MCF7_core,2621.31211902015
-42.667558181741406,-88.3334607535194,-32.30267135729119,MCF7_core,2976.931499324512
-42.667558181741406,-71.50803965761095,-32.30267135729119,MCF7_core,3034.3199580664277
-42.667558181741406,-54.6826185617025,-32.30267135729119,MCF7_core,3081.489929015537
-42.667558181741406,-37.857197465794044,-32.30267135729119,MCF7_core,2727.086383943335
-42.667558181741406,-21.031776369885588,-32.30267135729119,MCF7_core,2653.7793724063545
-42.667558181741406,-4.206355273977131,-32.30267135729119,MCF7_core,2943.018137238941
-42.667558181741406,12.619065821931326,-32.30267135729119,MCF7_core,2755.440373848873
-42.667558181741406,29.444486917839782,-32.30267135729119,MCF7_core,3275.1167307559094
-42.667558181741406,46.269908013748235,-32.30267135729119,MCF7_core,3696.813403918285
-42.667558181741406,63.09532910965669,-32.30267135729119,MCF7_core,2904.427592420555
-42.667558181741406,79.92075020556514,-32.30267135729119,MCF7_core,2907.692348994788
-28.096316083314075,-79.92075020556517,-32.30267135729119,MCF7_core,2501.896396546738
-28.096316083314075,-63.095329109656724,-32.30267135729119,MCF7_core,2987.8246869721556
-28.096316083314075,-46.26990801374827,-32.30267135729119,MCF7_core,3053.936184933613
-28.096316083314075,-29.444486917839818,-32.30267135729119,MCF7_core,3402.2360679647045
-28.096316083314075,-12.61906582193136,-32.30267135729119,MCF7_core,2720.9131689303463
-28.096316083314075,4.206355273977097,-32.30267135729119,MCF7_core,2703.5917054423176
-28.096316083314075,21.031776369885556,-32.30267135729119,MCF7_core,2579.16309195703
-28.096316083314075,37.85719746579401,-32.30267135729119,MCF7_core,3718.328517568969
-28.096316083314075,54.68261856170246,-32.30267135729119,MCF7_core,3279.852599435918
-28.096316083314075,71.50803965761092,-32.30267135729119,MCF7_core,3128.988632792134
-28.096316083314075,88.33346075351938,-32.30267135729119,MCF7_core,2924.1335169569443
-13.525073984886742,-88.3334607535194,-32.30267135729119,MCF7_core,2835.6365523865657
-13.525073984886742,-71.50803965761095,-32.30267135729119,MCF7_core,3666.8279963668774
-13.525073984886742,-54.6826185617025,-32.30267135729119,MCF7_core,3389.0353823570545
-13.525073984886742,-37.857197465794044,-32.30267135729119,MCF7_core,3682.0764942537953
-13.525073984886742,-21.031776369885588,-32.30267135729119,MCF7_core,2719.880851276173
-13.525073984886742,-4.206355273977131,-32.30267135729119,MCF7_core,2597.2974362627147
-13.525073984886742,12.619065821931326,-32.30267135729119,MCF7_core,3346.056249801619
-13.525073984886742,29.444486917839782,-32.30267135729119,MCF7_core,2532.09288348093
-13.525073984886742,46.269908013748235,-32.30267135729119,MCF7_core,3432.683842176305
-13.525073984886742,63.09532910965669,-32.30267135729119,MCF7_core,2753.218999411347
-13.525073984886742,79.92075020556514,-32.30267135729119,MCF7_core,2770.270397259868
-13.525073984886742,96.7461713014736,-32.30267135729119,MCF7_core,3308.4194179242972
1.046168113540591,-96.74617130147362,-32.30267135729119,MCF7_core,3149.760286591357
1.046168113540591,-79.92075020556517,-32.30267135729119,MCF7_core,3494.4829968386894
1.046168113540591,-63.095329109656724,-32.30267135729119,MCF7_core,3388.619292765362
1.046168113540591,-46.26990801374827,-32.30267135729119,MCF7_core,3153.885270423754
1.046168113540591,-29.444486917839818,-32.30267135729119,MCF7_core,2501.3996341654006
1.046168113540591,-12.61906582193136,-32.30267135729119,MCF7_core,2611.410564693382
1.046168113540591,4.206355273977097,-32.30267135729119,MCF7_core,3715.109161576873
1.046168113540591,21.031776369885556,-32.30267135729119,MCF7_core,2689.4624303333453
1.046168113540591,37.85719746579401,-32.30267135729119,MCF7_core,3203.9485103265324
1.046168113540591,54.68261856170246,-32.30267135729119,MCF7_core,3558.1145598585845
1.046168113540591,71.50803965761092,-32.30267135729119,MCF7_core,3392.915696599587
1.046168113540591,88.33346075351938,-32.30267135729119,MCF7_core,3338.6355937384656
15.617410211967922,-88.3334607535194,-32.30267135729119,MCF7_core,3307.473207356795
15.617410211967922,-71.50803965761095,-32.30267135729119,MCF7_core,2870.4333410085387
15.617410211967922,-54.6826185617025,-32.30267135729119,MCF7_core,2734.8083882073006
15.617410211967922,-37.857197465794044,-32.30267135729119,MCF7_core,2884.601319606253
15.617410211967922,-21.031776369885588,-32.30267135729119,MCF7_core,3033.053454617203
15.617410211967922,-4.206355273977131,-32.30267135729119,MCF7_core,3289.3976549368845
15.617410211967922,12.619065821931326,-32.30267135729119,MCF7_core,3098.7893942104465
15.617410211967922,29.444486917839782,-32.30267135729119,MCF7_core,3701.8423345063047
15.617410211967922,46.269908013748235,-32.30267135729119,MCF7_core,2616.4775463592073
15.617410211967922,63.09532910965669,-32.30267135729119,MCF7_core,2821.7384179190335
15.617410211967922,79.92075020556514,-32.30267135729119,MCF7_core,3596.510868251993
15.617410211967922,96.7461713014736,-32.30267135729119,MCF7_core,3290.9578635504317
30.188652310395252,-79.92075020556517,-32.30267135729119,MCF7_core,2518.7884497898776
30.188652310395252,-63.095329109656724,-32.30267135729119,MCF7_core,3081.9065563520553
30.188652310395252,-46.26990801374827,-32.30267135729119,MCF7_core,3205.6176875030883
30.188652310395252,-29.444486917839818,-32.30267135729119,MCF7_core,3037.0382730649444
30.188652310395252,-12.61906582193136,-32.30267135729119,MCF7_core,3206.9043008008766
30.188652310395252,4.206355273977097,-32.30267135729119,MCF7_core,2668.8743998264317
30.188652310395252,21.031776369885556,-32.30267135729119,MCF7_core,3064.6000796750745
30.188652310395252,37.85719746579401,-32.30267135729119,MCF7_core,3461.3460792691258
30.188652310395252,54.68261856170246,-32.30267135729119,MCF7_core,2592.7499337407007
30.188652310395252,71.50803965761092,-32.30267135729119,MCF7_core,3103.234135043559
30.188652310395252,88.33346075351938,-32.30267135729119,MCF7_core,3499.2910920177223
44.75989440882259,-88.3334607535194,-32.30267135729119,MCF7_core,3693.421917119016
44.75989440882259,-71.50803965761095,-32.30267135729119,MCF7_core,3175.269405433145
44.75989440882259,-54.6826185617025,-32.30267135729119,MCF7_core,2705.7907956171575
44.75989440882259,-37.857197465794044,-32.30267135729119,MCF7_core,3435.474045173165
44.75989440882259,-21.031776369885588,-32.30267135729119,MCF7_core,3124.2647572471024
44.75989440882259,-4.206355273977131,-32.30267135729119,MCF7_core,2934.392334738517
44.75989440882259,12.619065821931326,-32.30267135729119,MCF7_core,3232.6736054169587
44.75989440882259,29.444486917839782,-32.30267135729119,MCF7_core,3537.5060330507786
44.75989440882259,46.269908013748235,-32.30267135729119,MCF7_core,3052.271014040133
44.75989440882259,63.09532910965669,-32.30267135729119,MCF7_core,3541.876291282525
44.75989440882259,79.92075020556514,-32.30267135729119,MCF7_core,3650.0156444527165
59.33113650724992,-79.92075020556517,-32.30267135729119,MCF7_core,3685.1467153064286
59.33113650724992,-63.095329109656724,-32.30267135729119,MCF7_core,2761.292599323474
59.33113650724992,-46.26990801374827,-32.30267135729119,MCF7_core,3153.5171745150706
59.33113650724992,-29.444486917839818,-32.30267135729119,MCF7_core,3352.727947469179
59.33113650724992,-12.61906582193136,-32.30267135729119,MCF7_core,2567.871339008824
59.33113650724992,4.206355273977097,-32.30267135729119,MCF7_core,3255.9390435816704
59.33113650724992,21.031776369885556,-32.30267135729119,MCF7_core,2859.263509021951
59.33113650724992,37.85719746579401,-32.30267135729119,MCF7_core,3230.842739390814
59.33113650724992,54.68261856170246,-32.30267135729119,MCF7_core,2549.6721617153116
59.33113650724992,71.50803965761092,-32.30267135729119,MCF7_core,3588.8054543263142
73.90237860567724,-54.6826185617025,-32.30267135729119,MCF7_core,3533.028215196152
73.90237860567724,-37.857197465794044,-32.30267135729119,MCF7_core,2707.423668691008
73.90237860567724,-21.031776369885588,-32.30267135729119,MCF7_core,3229.785114460483
73.90237860567724,-4.206355273977131,-32.30267135729119,MCF7_core,3365.2379402552106
73.90237860567724,12.619065821931326,-32.30267135729119,MCF7_core,3329.243403707065
73.90237860567724,29.444486917839782,-32.30267135729119,MCF7_core,2709.089184363155
73.90237860567724,46.269908013748235,-32.30267135729119,MCF7_core,2561.4562391789586
73.90237860567724,63.09532910965669,-32.30267135729119,MCF7_core,2996.656710153476
88.47362070410458,-46.26990801374827,-32.30267135729119,MCF7_core,2544.6075923406634
88.47362070410458,-29.444486917839818,-32.30267135729119,MCF7_core,3480.8766351224226
88.47362070410458,-12.61906582193136,-32.30267135729119,MCF7_core,3434.7779534883757
88.47362070410458,4.206355273977097,-32.30267135729119,MCF7_core,2769.824017084744
88.47362070410458,21.031776369885556,-32.30267135729119,MCF7_core,2494.1896914352374
88.47362070410458,37.85719746579401,-32.30267135729119,MCF7_core,2972.4046069273422
-90.58763975100052,-46.26990801374827,-17.731429258863855,MCF7_core,3094.870963446703
-90.58763975100052,-29.444486917839818,-17.731429258863855,MCF7_core,3699.1893548577254
-90.58763975100052,-12.61906582193136,-17.731429258863855,MCF7_core,2592.9982381011364
-90.58763975100052,4.206355273977097,-17.731429258863855,MCF7_core,3575.0315679323244
-90.58763975100052,21.031776369885556,-17.731429258863855,MCF7_core,3007.515405658674
-90.58763975100052,37.85719746579401,-17.731429258863855,MCF7_core,3364.8186865023927
-76.01639765257319,-54.6826185617025,-17.731429258863855,MCF7_core,3075.7720518333167
-76.01639765257319,-37.857197465794044,-17.731429258863855,MCF7_core,3067.5244004375836
-76.01639765257319,-21.031776369885588,-17.731429258863855,MCF7_core,2783.3177601974585
-76.01639765257319,-4.206355273977131,-17.731429258863855,MCF7_core,3481.036528662312
-76.01639765257319,12.619065821931326,-17.731429258863855,MCF7_core,3039.4026583624145
-76.01639765257319,29.444486917839782,-17.731429258863855,MCF7_core,3101.086938073591
-76.01639765257319,46.269908013748235,-17.731429258863855,MCF7_core,2870.8292497894536
-76.01639765257319,63.09532910965669,-17.731429258863855,MCF7_core,2935.541563856218
-61.445155554145856,-79.92075020556517,-17.731429258863855,MCF7_core,3677.8343712015085
-61.445155554145856,-63.095329109656724,-17.731429258863855,MCF7_core,2831.6651439894254
-61.445155554145856,-46.26990801374827,-17.731429258863855,MCF7_core,2766.717182736551
-61.445155554145856,-29.444486917839818,-17.731429258863855,MCF7_core,3222.5854028005465
-61.445155554145856,-12.61906582193136,-17.731429258863855,MCF7_core,2522.8168001343442
-61.445155554145856,4.206355273977097,-17.731429258863855,MCF7_core,3696.3593743681577
-61.445155554145856,21.031776369885556,-17.731429258863855,MCF7_core,3151.5564198746824
-61.445155554145856,37.85719746579401,-17.731429258863855,MCF7_core,3627.040742863017
-61.445155554145856,54.68261856170246,-17.731429258863855,MCF7_core,3632.1602497218714
-61.445155554145856,71.50803965761092,-17.731429258863855,MCF7_core,2867.4348633774744
-46.87391345571852,-88.3334607535194,-17.731429258863855,MCF7_core,2713.79314799496
-46.87391345571852,-71.50803965761095,-17.731429258863855,MCF7_core,2608.470811732667
-46.87391345571852,-54.6826185617025,-17.731429258863855,MCF7_core,3035.3147198804254
-46.87391345571852,-37.857197465794044,-17.731429258863855,MCF7_core,3414.937407935734
-46.87391345571852,-21.031776369885588,-17.731429258863855,MCF7_core,2983.3114312422103
-46.87391345571852,-4.206355273977131,-17.731429258863855,MCF7_core,2903.1772495596742
-46.87391345571852,12.619065821931326,-17.731429258863855,MCF7_core,2783.0591473236113
-46.87391345571852,29.444486917839782,-17.731429258863855,MCF7_core,3218.4544785593716
-46.87391345571852,46.269908013748235,-17.731429258863855,MCF7_core,3049.0561562613866
-46.87391345571852,63.09532910965669,-17.731429258863855,MCF7_core,3255.9840058676537
-46.87391345571852,79.92075020556514,-17.731429258863855,MCF7_core,2645.1753669376367
-32.30267135729119,-96.74617130147362,-17.731429258863855,MCF7_core,2709.991904176112
-32.30267135729119,-79.92075020556517,-17.731429258863855,MCF7_core,3331.135448380049
-32.30267135729119,-63.095329109656724,-17.731429258863855,MCF7_core,3682.6313143353154
-32.30267135729119,-46.26990801374827,-17.731429258863855,MCF7_core,2810.5550224021667
-32.30267135729119,-29.444486917839818,-17.731429258863855,MCF7_core,3034.169205295638
-32.30267135729119,-12.61906582193136,-17.731429258863855,MCF7_core,3176.8839507553025
-32.30267135729119,4.206355273977097,-17.731429258863855,MCF7_core,3333.3567336527717
-32.30267135729119,21.031776369885556,-17.731429258863855,MCF7_core,3464.822733016117
-32.30267135729119,37.85719746579401,-17.731429258863855,MCF7_core,2904.930158166604
-32.30267135729119,54.68261856170246,-17.731429258863855,MCF7_core,3604.7382952107782
-32.30267135729119,71.50803965761092,-17.731429258863855,MCF7_core,2858.7487094467624
-32.30267135729119,88.33346075351938,-17.731429258863855,MCF7_core,3529.87866499179
-17.731429258863855,-88.3334607535194,-17.731429258863855,MCF7_core,2663.5565330581635
-17.731429258863855,-71.50803965761095,-17.731429258863855,MCF7_core,3326.8682112721335
-17.731429258863855,-54.6826185617025,-17.731429258863855,MCF7_core,2733.793253282098
-17.731429258863855,-37.857197465794044,-17.731429258863855,MCF7_core,2528.411623011905
-17.731429258863855,-21.031776369885588,-17.731429258863855,MCF7_core,2978.413791724813
-17.731429258863855,-4.206355273977131,-17.731429258863855,MCF7_core,3308.2725979221113
-17.731429258863855,12.619065821931326,-17.731429258863855,MCF7_core,3431.0743799074353
-17.731429258863855,29.444486917839782,-17.731429258863855,MCF7_core,3171.4625615719942
-17.731429258863855,46.269908013748235,-17.731429258863855,MCF7_core,2925.5745470098864
-17.731429258863855,63.09532910965669,-17.731429258863855,MCF7_core,2637.6589871662095
-17.731429258863855,79.92075020556514,-17.731429258863855,MCF7_core,3687.8061902867494
-17.731429258863855,96.7461713014736,-17.731429258863855,MCF7_core,3423.2662984538647
-3.1601871604365233,-96.74617130147362,-17.731429258863855,MCF7_core,3405.528396954791
-3.1601871604365233,-79.92075020556517,-17.731429258863855,MCF7_core,3531.513348241713
-3.1601871604365233,-63.095329109656724,-17.731429258863855,MCF7_core,2878.914723054377
-3.1601871604365233,-46.26990801374827,-17.731429258863855,MCF7_core,2795.0782598604114
-3.1601871604365233,-29.444486917839818,-17.731429258863855,MCF7_core,3541.372155070472
-3.1601871604365233,-12.61906582193136,-17.731429258863855,MCF7_core,2809.1856182025135
-3.1601871604365233,4.206355273977097,-17.731429258863855,MCF7_core,2691.9670610284343
-3.1601871604365233,21.031776369885556,-17.731429258863855,MCF7_core,2595.945534785354
-3.1601871604365233,37.85719746579401,-17.731429258863855,MCF7_core,3176.6982298089297
-3.1601871604365233,54.68261856170246,-17.731429258863855,MCF7_core,3038.439052798447
-3.1601871604365233,71.50803965761092,-17.731429258863855,MCF7_core,3548.5195672584323
-3.1601871604365233,88.33346075351938,-17.731429258863855,MCF7_core,2646.8911869267204
11.411054937990809,-88.3334607535194,-17.731429258863855,MCF7_core,2847.551174378527
11.411054937990809,-71.50803965761095,-17.731429258863855,MCF7_core,2874.69539937456
11.411054937990809,-54.6826185617025,-17.731429258863855,MCF7_core,3106.727834761818
11.411054937990809,-37.857197465794044,-17.731429258863855,MCF7_core,3713.7447700385183
11.411054937990809,-21.031776369885588,-17.731429258863855,MCF7_core,3398.1326393764293
11.411054937990809,-4.206355273977131,-17.731429258863855,MCF7_core,3709.319107155327
11.411054937990809,12.619065821931326,-17.731429258863855,MCF7_core,3186.2426010891268
11.411054937990809,29.444486917839782,-17.731429258863855,MCF7_core,3447.207245861774
11.411054937990809,46.269908013748235,-17.731429258863855,MCF7_core,3301.115869926883
11.411054937990809,63.09532910965669,-17.731429258863855,MCF7_core,2709.5969163153845
11.411054937990809,79.92075020556514,-17.731429258863855,MCF7_core,3404.917209986119
11.411054937990809,96.7461713014736,-17.731429258863855,MCF7_core,3354.318571635945
25.98229703641814,-96.74617130147362,-17.731429258863855,MCF7_core,2517.8647864309605
25.98229703641814,-79.92075020556517,-17.731429258863855,MCF7_core,3377.1281047826787
25.98229703641814,-63.095329109656724,-17.731429258863855,MCF7_core,3480.62206570446
25.98229703641814,-46.26990801374827,-17.731429258863855,MCF7_core,3537.5939692426023
25.98229703641814,-29.444486917839818,-17.731429258863855,MCF7_core,3290.5861212034624
25.98229703641814,-12.61906582193136,-17.731429258863855,MCF7_core,2758.4055816231894
25.98229703641814,4.206355273977097,-17.731429258863855,MCF7_core,3467.8123873604286
25.98229703641814,21.031776369885556,-17.731429258863855,MCF7_core,3552.381004545132
25.98229703641814,37.85719746579401,-17.731429258863855,MCF7_core,3341.2418785399714
25.98229703641814,54.68261856170246,-17.731429258863855,MCF7_core,3627.6594196945207
25.98229703641814,71.50803965761092,-17.731429258863855,MCF7_core,2536.294893387597
25.98229703641814,88.33346075351938,-17.731429258863855,MCF7_core,2624.5369803283133
40.55353913484547,-88.3334607535194,-17.731429258863855,MCF7_core,2812.1002259401266
40.55353913484547,-71.50803965761095,-17.731429258863855,MCF7_core,2918.5689570752306
40.55353913484547,-54.6826185617025,-17.731429258863855,MCF7_core,3340.6491001586874
40.55353913484547,-37.857197465794044,-17.731429258863855,MCF7_core,2912.6139061513145
40.55353913484547,-21.031776369885588,-17.731429258863855,MCF7_core,3473.9544149696358
40.55353913484547,-4.206355273977131,-17.731429258863855,MCF7_core,3441.822842596175
40.55353913484547,12.619065821931326,-17.731429258863855,MCF7_core,3455.477374791247
40.55353913484547,29.444486917839782,-17.731429258863855,MCF7_core,3126.1457729744607
40.55353913484547,46.269908013748235,-17.731429258863855,MCF7_core,3311.6683140230834
40.55353913484547,63.09532910965669,-17.731429258863855,MCF7_core,2792.122299049591
40.55353913484547,79.92075020556514,-17.731429258863855,MCF7_core,3664.1995504699635
55.124781233272806,-79.92075020556517,-17.731429258863855,MCF7_core,3277.8144052399307
55.124781233272806,-63.095329109656724,-17.731429258863855,MCF7_core,2797.935215974559
55.124781233272806,-46.26990801374827,-17.731429258863855,MCF7_core,3464.1780269287337
55.124781233272806,-29.444486917839818,-17.731429258863855,MCF7_core,3380.3371180479007
55.124781233272806,-12.61906582193136,-17.731429258863855,MCF7_core,2971.97162653332
55.124781233272806,4.206355273977097,-17.731429258863855,MCF7_core,2503.6275689754625
55.124781233272806,21.031776369885556,-17.731429258863855,MCF7_core,2935.4780288172997
55.124781233272806,37.85719746579401,-17.731429258863855,MCF7_core,2937.903834537256
55.124781233272806,54.68261856170246,-17.731429258863855,MCF7_core,2723.632337278183
55.124781233272806,71.50803965761092,-17.731429258863855,MCF7_core,2766.7989127102014
69.69602333170013,-71.50803965761095,-17.731429258863855,MCF7_core,2821.747530535136
69.69602333170013,-54.6826185617025,-17.731429258863855,MCF7_core,2843.2367923822208
69.69602333170013,-37.857197465794044,-17.731429258863855,MCF7_core,3194.9714374243267
69.69602333170013,-21.031776369885588,-17.731429258863855,MCF7_core,2755.606088247634
69.69602333170013,-4.206355273977131,-17.731429258863855,MCF7_core,3586.276199516515
69.69602333170013,12.619065821931326,-17.731429258863855,MCF7_core,3097.687176855476
69.69602333170013,29.444486917839782,-17.731429258863855,MCF7_core,3238.752875775162
69.69602333170013,46.269908013748235,-17.731429258863855,MCF7_core,3282.243777601558
69.69602333170013,63.09532910965669,-17.731429258863855,MCF7_core,2911.6140449241034
84.26726543012747,-46.26990801374827,-17.731429258863855,MCF7_core,2667.811552802892
84.26726543012747,-29.444486917839818,-17.731429258863855,MCF7_core,2732.2292943960924
84.26726543012747,-12.61906582193136,-17.731429258863855,MCF7_core,3399.6594452084973
84.26726543012747,4.206355273977097,-17.731429258863855,MCF7_core,2861.5535663515984
84.26726543012747,21.031776369885556,-17.731429258863855,MCF7_core,2936.724974941517
84.26726543012747,37.85719746579401,-17.731429258863855,MCF7_core,3250.2592327064754
84.26726543012747,54.68261856170246,-17.731429258863855,MCF7_core,2593.79907615624
98.8385075285548,-21.031776369885588,-17.731429258863855,MCF7_core,3191.5934717654236
98.8385075285548,-4.206355273977131,-17.731429258863855,MCF7_core,3378.9375997676857
98.8385075285548,12.619065821931326,-17.731429258863855,MCF7_core,2503.2185285946316
98.8385075285548,29.444486917839782,-17.731429258863855,MCF7_core,3561.2875156043037
-100.95252657545075,-21.031776369885588,-3.1601871604365233,MCF7_core,2562.5225328909546
-100.95252657545075,-4.206355273977131,-3.1601871604365233,MCF7_core,3659.686897421305
-100.95252657545075,12.619065821931326,-3.1601871604365233,MCF7_core,3636.0609080625863
-86.38128447702341,-46.26990801374827,-3.1601871604365233,MCF7_core,3154.898130343601
-86.38128447702341,-29.444486917839818,-3.1601871604365233,MCF7_core,3671.1460498035613
-86.38128447702341,-12.61906582193136,-3.1601871604365233,MCF7_core,3314.0505604405153
-86.38128447702341,4.206355273977097,-3.1601871604365233,MCF7_core,3528.1201975433714
-86.38128447702341,21.031776369885556,-3.1601871604365233,MCF7_core,3551.6248636741093
-86.38128447702341,37.85719746579401,-3.1601871604365233,MCF7_core,2637.7510011865625
-86.38128447702341,54.68261856170246,-3.1601871604365233,MCF7_core,3299.51597700858
-71.81004237859608,-71.50803965761095,-3.1601871604365233,MCF7_core,3081.7217478390767
-71.81004237859608,-54.6826185617025,-3.1601871604365233,MCF7_core,3077.4284887195786
-71.81004237859608,-37.857197465794044,-3.1601871604365233,MCF7_core,3182.4530628391003
-71.81004237859608,-21.031776369885588,-3.1601871604365233,MCF7_core,2970.034831243471
-71.81004237859608,-4.206355273977131,-3.1601871604365233,MCF7_core,2526.345986461477
-71.81004237859608,12.619065821931326,-3.1601871604365233,MCF7_core,3025.3563528256664
-71.81004237859608,29.444486917839782,-3.1601871604365233,MCF7_core,3308.5810424796564
-71.81004237859608,46.269908013748235,-3.1601871604365233,MCF7_core,3637.848535443818
-71.81004237859608,63.09532910965669,-3.1601871604365233,MCF7_core,3331.239524975377
-57.23880028016874,-79.92075020556517,-3.1601871604365233,MCF7_core,3023.238150990812
-57.23880028016874,-63.095329109656724,-3.1601871604365233,MCF7_core,3681.5867713056946
-57.23880028016874,-46.26990801374827,-3.1601871604365233,MCF7_core,3090.3038925608525
-57.23880028016874,-29.444486917839818,-3.1601871604365233,MCF7_core,3451.0232345756795
-57.23880028016874,-12.61906582193136,-3.1601871604365233,MCF7_core,2569.752347675969
-57.23880028016874,4.206355273977097,-3.1601871604365233,MCF7_core,2979.2797472057323
-57.23880028016874,21.031776369885556,-3.1601871604365233,MCF7_core,3220.6243818346466
-57.23880028016874,37.85719746579401,-3.1601871604365233,MCF7_core,3549.635417173778
-57.23880028016874,54.68261856170246,-3.1601871604365233,MCF7_core,3133.6906971579565
-57.23880028016874,71.50803965761092,-3.1601871604365233,MCF7_core,3448.7345967435986
-42.667558181741406,-88.3334607535194,-3.1601871604365233,MCF7_core,3429.4082286080984
-42.667558181741406,-71.50803965761095,-3.1601871604365233,MCF7_core,3076.429305229536
-42.667558181741406,-54.6826185617025,-3.1601871604365233,MCF7_core,2959.3844955399763
-42.667558181741406,-37.857197465794044,-3.1601871604365233,MCF7_core,3469.877084068601
-42.667558181741406,-21.031776369885588,-3.1601871604365233,MCF7_core,3005.9726920986704
-42.667558181741406,-4.206355273977131,-3.1601871604365233,MCF7_core,3265.3656969602985
-42.667558181741406,12.619065821931326,-3.1601871604365233,MCF7_core,2865.2299549888317
-42.667558181741406,29.444486917839782,-3.1601871604365233,MCF7_core,3152.614232263282
-42.667558181741406,46.269908013748235,-3.1601871604365233,MCF7_core,2695.237080610387
-42.667558181741406,63.09532910965669,-3.1601871604365233,MCF7_core,3302.799204114496
-42.667558181741406,79.92075020556514,-3.1601871604365233,MCF7_core,3693.4259409047067
-28.096316083314075,-96.74617130147362,-3.1601871604365233,MCF7_core,3512.6407295169092
-28.096316083314075,-79.92075020556517,-3.1601871604365233,MCF7_core,3048.4910795278684
-28.096316083314075,-63.095329109656724,-3.1601871604365233,MCF7_core,3323.47346383069
-28.096316083314075,-46.26990801374827,-3.1601871604365233,MCF7_core,2726.5825285319493
-28.096316083314075,-29.444486917839818,-3.1601871604365233,MCF7_core,3410.931654435239
-28.096316083314075,-12.61906582193136,-3.1601871604365233,MCF7_core,3535.2815319140864
-28.096316083314075,4.206355273977097,-3.1601871604365233,MCF7_core,2986.1644086119704
-28.096316083314075,21.031776369885556,-3.1601871604365233,MCF7_core,2545.18073639312
-28.096316083314075,37.85719746579401,-3.1601871604365233,MCF7_core,3403.6813002358676
-28.096316083314075,54.68261856170246,-3.1601871604365233,MCF7_core,2831.385425348004
-28.096316083314075,71.50803965761092,-3.1601871604365233,MCF7_core,3634.0189133008735
-28.096316083314075,88.33346075351938,-3.1601871604365233,MCF7_core,2736.972123878956
-13.525073984886742,-88.3334607535194,-3.1601871604365233,MCF7_core,3313.105664259875
-13.525073984886742,-71.50803965761095,-3.1601871604365233,MCF7_core,3276.758992763078
-13.525073984886742,-54.6826185617025,-3.1601871604365233,MCF7_core,2676.161559707804
-13.525073984886742,-37.857197465794044,-3.1601871604365233,MCF7_core,3288.72592070226
-13.525073984886742,-21.031776369885588,-3.1601871604365233,MCF7_core,2777.4352072876413
-13.525073984886742,-4.206355273977131,-3.1601871604365233,MCF7_core,2717.4830908757253
-13.525073984886742,12.619065821931326,-3.1601871604365233,MCF7_core,3236.607884929813
-13.525073984886742,29.444486917839782,-3.1601871604365233,MCF7_core,2695.8353854142633
-13.525073984886742,46.269908013748235,-3.1601871604365233,MCF7_core,2521.8144845516213
-13.525073984886742,63.09532910965669,-3.1601871604365233,MCF7_core,3411.236887584458
-13.525073984886742,79.92075020556514,-3.1601871604365233,MCF7_core,3713.564907694484
-13.525073984886742,96.7461713014736,-3.1601871604365233,MCF7_core,3719.1508781832927
1.046168113540591,-96.74617130147362,-3.1601871604365233,MCF7_core,3267.899723726553
1.046168113540591,-79.92075020556517,-3.1601871604365233,MCF7_core,2900.3712428688395
1.046168113540591,-63.095329109656724,-3.1601871604365233,MCF7_core,3659.0883881742184
1.046168113540591,-46.26990801374827,-3.1601871604365233,MCF7_core,2651.518686689339
1.046168113540591,-29.444486917839818,-3.1601871604365233,MCF7_core,2908.6458057713853
1.046168113540591,-12.61906582193136,-3.1601871604365233,MCF7_core,2804.6389906267477
1.046168113540591,4.206355273977097,-3.1601871604365233,MCF7_core,3486.5411842128315
1.046168113540591,21.031776369885556,-3.1601871604365233,MCF7_core,2906.0205336393765
1.046168113540591,37.85719746579401,-3.1601871604365233,MCF7_core,3618.9214706021594
1.046168113540591,54.68261856170246,-3.1601871604365233,MCF7_core,3568.939224442088
1.046168113540591,71.50803965761092,-3.1601871604365233,MCF7_core,3576.2249548705468
1.046168113540591,88.33346075351938,-3.1601871604365233,MCF7_core,3132.3248477966363
15.617410211967922,-88.3334607535194,-3.1601871604365233,MCF7_core,2600.5824911198406
15.617410211967922,-71.50803965761095,-3.1601871604365233,MCF7_core,3407.808306818737
15.617410211967922,-54.6826185617025,-3.1601871604365233,MCF7_core,3217.2208330049607
15.617410211967922,-37.857197465794044,-3.1601871604365233,MCF7_core,3134.212884947012
15.617410211967922,-21.031776369885588,-3.1601871604365233,MCF7_core,2495.152533287975
15.617410211967922,-4.206355273977131,-3.1601871604365233,MCF7_core,3691.6636235936594
15.617410211967922,12.619065821931326,-3.1601871604365233,MCF7_core,3510.2103906962707
15.617410211967922,29.444486917839782,-3.1601871604365233,MCF7_core,3693.438649758431
15.617410211967922,46.269908013748235,-3.1601871604365233,MCF7_core,3115.98948334381
15.617410211967922,63.09532910965669,-3.1601871604365233,MCF7_core,3493.586049798103
15.617410211967922,79.92075020556514,-3.1601871604365233,MCF7_core,3541.2237464203963
15.617410211967922,96.7461713014736,-3.1601871604365233,MCF7_core,2722.5309231988176
30.188652310395252,-96.74617130147362,-3.1601871604365233,MCF7_core,2534.5471377160243
30.188652310395252,-79.92075020556517,-3.1601871604365233,MCF7_core,2706.6303727103686
30.188652310395252,-63.095329109656724,-3.1601871604365233,MCF7_core,3647.2423644414166
30.188652310395252,-46.26990801374827,-3.1601871604365233,MCF7_core,3645.5679600849326
30.188652310395252,-29.444486917839818,-3.1601871604365233,MCF7_core,2975.1347359546944
30.188652310395252,-12.61906582193136,-3.1601871604365233,MCF7_core,3345.3188170777703
30.188652310395252,4.206355273977097,-3.1601871604365233,MCF7_core,3104.0401517646897
30.188652310395252,21.031776369885556,-3.1601871604365233,MCF7_core,3512.172013397342
30.188652310395252,37.85719746579401,-3.1601871604365233,MCF7_core,2781.277982442249
30.188652310395252,54.68261856170246,-3.1601871604365233,MCF7_core,3717.7374166400577
30.188652310395252,71.50803965761092,-3.1601871604365233,MCF7_core,2648.868482976145
30.188652310395252,88.33346075351938,-3.1601871604365233,MCF7_core,3237.7963694972505
44.75989440882259,-88.3334607535194,-3.1601871604365233,MCF7_core,2967.66274267898
44.75989440882259,-71.50803965761095,-3.1601871604365233,MCF7_core,2777.3058384293295
44.75989440882259,-54.6826185617025,-3.1601871604365233,MCF7_core,3623.2919006959673
44.75989440882259,-37.857197465794044,-3.1601871604365233,MCF7_core,3220.309723511874
44.75989440882259,-21.031776369885588,-3.1601871604365233,MCF7_core,2501.350165732698
44.75989440882259,-4.206355273977131,-3.1601871604365233,MCF7_core,2727.169969491628
44.75989440882259,12.619065821931326,-3.1601871604365233,MCF7_core,3129.018948549501
44.75989440882259,29.444486917839782,-3.1601871604365233,MCF7_core,3266.9264925764237
44.75989440882259,46.269908013748235,-3.1601871604365233,MCF7_core,2747.2726903848957
44.75989440882259,63.09532910965669,-3.1601871604365233,MCF7_core,3599.1929814912623
44.75989440882259,79.92075020556514,-3.1601871604365233,MCF7_core,2929.584260764034
59.33113650724992,-79.92075020556517,-3.1601871604365233,MCF7_core,3250.453451481974
59.33113650724992,-63.095329109656724,-3.1601871604365233,MCF7_core,3485.561924312924
59.33113650724992,-46.26990801374827,-3.1601871604365233,MCF7_core,3158.583066254366
59.33113650724992,-29.444486917839818,-3.1601871604365233,MCF7_core,3264.8648295984344
59.33113650724992,-12.61906582193136,-3.1601871604365233,MCF7_core,2732.3221776606
59.33113650724992,4.206355273977097,-3.1601871604365233,MCF7_core,3201.954813025129
59.33113650724992,21.031776369885556,-3.1601871604365233,MCF7_core,3114.649362290981
59.33113650724992,37.85719746579401,-3.1601871604365233,MCF7_core,3138.1515724692536
59.33113650724992,54.68261856170246,-3.1601871604365233,MCF7_core,2636.5689891003567
59.33113650724992,71.50803965761092,-3.1601871604365233,MCF7_core,3716.656817156201
73.90237860567724,-71.50803965761095,-3.1601871604365233,MCF7_core,2751.3015681610996
73.90237860567724,-54.6826185617025,-3.1601871604365233,MCF7_core,3553.91210387281
73.90237860567724,-37.857197465794044,-3.1601871604365233,MCF7_core,3404.6351173306284
73.90237860567724,-21.031776369885588,-3.1601871604365233,MCF7_core,3643.913889114031
73.90237860567724,-4.206355273977131,-3.1601871604365233,MCF7_core,3687.6906193114028
73.90237860567724,12.619065821931326,-3.1601871604365233,MCF7_core,2666.592048754312
73.90237860567724,29.444486917839782,-3.1601871604365233,MCF7_core,2759.198056256488
73.90237860567724,46.269908013748235,-3.1601871604365233,MCF7_core,3454.327704531772
73.90237860567724,63.09532910965669,-3.1601871604365233,MCF7_core,2735.062405442016
88.47362070410458,-46.26990801374827,-3.1601871604365233,MCF7_core,3556.013412189849
88.47362070410458,-29.444486917839818,-3.1601871604365233,MCF7_core,2988.523830643478
88.47362070410458,-12.61906582193136,-3.1601871604365233,MCF7_core,2538.0073885496613
88.47362070410458,4.206355273977097,-3.1601871604365233,MCF7_core,3256.141791059151
88.47362070410458,21.031776369885556,-3.1601871604365233,MCF7_core,2974.5511280968713
88.47362070410458,37.85719746579401,-3.1601871604365233,MCF7_core,2543.798059032237
88.47362070410458,54.68261856170246,-3.1601871604365233,MCF7_core,3580.4143209347294
103.04486280253191,-4.206355273977131,-3.1601871604365233,MCF7_core,2864.6973154764105
103.04486280253191,12.619065821931326,-3.1601871604365233,MCF7_core,2567.1299038810635
-90.58763975100052,-46.26990801374827,11.411054937990809,MCF7_core,3418.1699411055765
-90.58763975100052,-29.444486917839818,11.411054937990809,MCF7_core,3424.195818590306
-90.58763975100052,-12.61906582193136,11.411054937990809,MCF7_core,3147.673805332727
-90.58763975100052,4.206355273977097,11.411054937990809,MCF7_core,3137.0038044520634
-90.58763975100052,21.031776369885556,11.411054937990809,MCF7_core,3353.3739422616823
-90.58763975100052,37.85719746579401,11.411054937990809,MCF7_core,3595.491726140728
-76.01639765257319,-71.50803965761095,11.411054937990809,MCF7_core,3053.811009459888
-76.01639765257319,-54.6826185617025,11.411054937990809,MCF7_core,3031.435875532021
-76.01639765257319,-37.857197465794044,11.411054937990809,MCF7_core,2835.145672456045
-76.01639765257319,-21.031776369885588,11.411054937990809,MCF7_core,2652.4733104390984
-76.01639765257319,-4.206355273977131,11.411054937990809,MCF7_core,3350.7491871995876
-76.01639765257319,12.619065821931326,11.411054937990809,MCF7_core,2589.6077423007496
-76.01639765257319,29.444486917839782,11.411054937990809,MCF7_core,2562.8971957208673
-76.01639765257319,46.269908013748235,11.411054937990809,MCF7_core,3727.4876072044963
-76.01639765257319,63.09532910965669,11.411054937990809,MCF7_core,2500.990899813045
-61.445155554145856,-79.92075020556517,11.411054937990809,MCF7_core,2755.311581081413
-61.445155554145856,-63.095329109656724,11.411054937990809,MCF7_core,2691.7608192890434
-61.445155554145856,-46.26990801374827,11.411054937990809,MCF7_core,3212.91836444806
-61.445155554145856,-29.444486917839818,11.411054937990809,MCF7_core,2864.4554606534803
-61.445155554145856,-12.61906582193136,11.411054937990809,MCF7_core,2613.6120078425793
-61.445155554145856,4.206355273977097,11.411054937990809,MCF7_core,2862.758641136283
-61.445155554145856,21.031776369885556,11.411054937990809,MCF7_core,2591.918817181044
-61.445155554145856,37.85719746579401,11.411054937990809,MCF7_core,3547.9716244038555
-61.445155554145856,54.68261856170246,11.411054937990809,MCF7_core,3138.26423643033
-61.445155554145856,71.50803965761092,11.411054937990809,MCF7_core,3161.1846932588537
-46.87391345571852,-88.3334607535194,11.411054937990809,MCF7_core,2531.410340563054
-46.87391345571852,-71.50803965761095,11.411054937990809,MCF7_core,3554.4281806792515
-46.87391345571852,-54.6826185617025,11.411054937990809,MCF7_core,2811.99338960467
-46.87391345571852,-37.857197465794044,11.411054937990809,MCF7_core,2658.966439543924
-46.87391345571852,-21.031776369885588,11.411054937990809,MCF7_core,3510.062960128019
-46.87391345571852,-4.206355273977131,11.411054937990809,MCF7_core,3473.389053968258
-46.87391345571852,12.619065821931326,11.411054937990809,MCF7_core,3150.313043139261
-46.87391345571852,29.444486917839782,11.411054937990809,MCF7_core,2862.7034160449703
-46.87391345571852,46.269908013748235,11.411054937990809,MCF7_core,3232.8233950415497
-46.87391345571852,63.09532910965669,11.411054937990809,MCF7_core,2623.4453610078235
-46.87391345571852,79.92075020556514,11.411054937990809,MCF7_core,3580.4544876970663
-32.30267135729119,-96.74617130147362,11.411054937990809,MCF7_core,3403.0227704799004
-32.30267135729119,-79.92075020556517,11.411054937990809,MCF7_core,3358.9558934011056
-32.30267135729119,-63.095329109656724,11.411054937990809,MCF7_core,3412.6552494671787
-32.30267135729119,-46.26990801374827,11.411054937990809,MCF7_core,2515.145754980156
-32.30267135729119,-29.444486917839818,11.411054937990809,MCF7_core,2524.5869172714547
-32.30267135729119,-12.61906582193136,11.411054937990809,MCF7_core,3069.971778926716
-32.30267135729119,4.206355273977097,11.411054937990809,MCF7_core,3106.863270031152
-32.30267135729119,21.031776369885556,11.411054937990809,MCF7_core,3230.460224982328
-32.30267135729119,37.85719746579401,11.411054937990809,MCF7_core,3390.236332982556
-32.30267135729119,54.68261856170246,11.411054937990809,MCF7_core,2571.703214100436
-32.30267135729119,71.50803965761092,11.411054937990809,MCF7_core,2774.319361884025
-32.30267135729119,88.33346075351938,11.411054937990809,MCF7_core,3627.5519798053624
-17.731429258863855,-88.3334607535194,11.411054937990809,MCF7_core,3291.918039807367
-17.731429258863855,-71.50803965761095,11.411054937990809,MCF7_core,3168.1560056829985
-17.731429258863855,-54.6826185617025,11.411054937990809,MCF7_core,3360.122461077191
-17.731429258863855,-37.857197465794044,11.411054937990809,MCF7_core,2588.0246392736362
-17.731429258863855,-21.031776369885588,11.411054937990809,MCF7_core,2963.3215384009222
-17.731429258863855,-4.206355273977131,11.411054937990809,MCF7_core,2888.5325209339676
-17.731429258863855,12.619065821931326,11.411054937990809,MCF7_core,2909.9727088771983
-17.731429258863855,29.444486917839782,11.411054937990809,MCF7_core,3730.658409566117
-17.731429258863855,46.269908013748235,11.411054937990809,MCF7_core,2513.862527904114
-17.731429258863855,63.09532910965669,11.411054937990809,MCF7_core,2751.0038008193756
-17.731429258863855,79.92075020556514,11.411054937990809,MCF7_core,3100.458525968801
-17.731429258863855,96.7461713014736,11.411054937990809,MCF7_core,2988.8457685412254
-3.1601871604365233,-96.74617130147362,11.411054937990809,MCF7_core,2706.759379280586
-3.1601871604365233,-79.92075020556517,11.411054937990809,MCF7_core,2740.7035478340845
-3.1601871604365233,-63.095329109656724,11.411054937990809,MCF7_core,3278.8155344229126
-3.1601871604365233,-46.26990801374827,11.411054937990809,MCF7_core,3027.818047160585
-3.1601871604365233,-29.444486917839818,11.411054937990809,MCF7_core,3449.9228561775776
-3.1601871604365233,-12.61906582193136,11.411054937990809,MCF7_core,3204.0975513562703
-3.1601871604365233,4.206355273977097,11.411054937990809,MCF7_core,3345.7177523645914
-3.1601871604365233,21.031776369885556,11.411054937990809,MCF7_core,2912.7774307823915
-3.1601871604365233,37.85719746579401,11.411054937990809,MCF7_core,3570.0970997606796
-3.1601871604365233,54.68261856170246,11.411054937990809,MCF7_core,3530.831549530505
-3.1601871604365233,71.50803965761092,11.411054937990809,MCF7_core,3066.0023467613346
-3.1601871604365233,88.33346075351938,11.411054937990809,MCF7_core,2877.153212813113
11.411054937990809,-88.3334607535194,11.411054937990809,MCF7_core,3136.20720365562
11.411054937990809,-71.50803965761095,11.411054937990809,MCF7_core,2751.1854208702607
11.411054937990809,-54.6826185617025,11.411054937990809,MCF7_core,3728.2032894884037
11.411054937990809,-37.857197465794044,11.411054937990809,MCF7_core,3335.211885511099
11.411054937990809,-21.031776369885588,11.411054937990809,MCF7_core,3486.084443386778
11.411054937990809,-4.206355273977131,11.411054937990809,MCF7_core,3738.248986842257
11.411054937990809,12.619065821931326,11.411054937990809,MCF7_core,2677.5235817091507
11.411054937990809,29.444486917839782,11.411054937990809,MCF7_core,3223.8314337204006
11.411054937990809,46.269908013748235,11.411054937990809,MCF7_core,3190.5639662835065
11.411054937990809,63.09532910965669,11.411054937990809,MCF7_core,3335.751448901568
11.411054937990809,79.92075020556514,11.411054937990809,MCF7_core,3692.6207534830837
11.411054937990809,96.7461713014736,11.411054937990809,MCF7_core,2909.3282941269504
25.98229703641814,-96.74617130147362,11.411054937990809,MCF7_core,3473.2648159470164
25.98229703641814,-79.92075020556517,11.411054937990809,MCF7_core,3117.630812867984
25.98229703641814,-63.095329109656724,11.411054937990809,MCF7_core,3262.6566139646807
25.98229703641814,-46.26990801374827,11.411054937990809,MCF7_core,3358.2090294579566
25.98229703641814,-29.444486917839818,11.411054937990809,MCF7_core,3185.80087352139
25.98229703641814,-12.61906582193136,11.411054937990809,MCF7_core,2583.867725515538
25.98229703641814,4.206355273977097,11.411054937990809,MCF7_core,2811.2179618971704
25.98229703641814,21.031776369885556,11.411054937990809,MCF7_core,3015.9178492828187
25.98229703641814,37.85719746579401,11.411054937990809,MCF7_core,3221.832961649244
25.98229703641814,54.68261856170246,11.411054937990809,MCF7_core,2976.045927823136
25.98229703641814,71.50803965761092,11.411054937990809,MCF7_core,3491.658024125944
25.98229703641814,88.33346075351938,11.411054937990809,MCF7_core,3665.592534352206
40.55353913484547,-88.3334607535194,11.411054937990809,MCF7_core,3707.942189816251
40.55353913484547,-71.50803965761095,11.411054937990809,MCF7_core,3153.0443913432996
40.55353913484547,-54.6826185617025,11.411054937990809,MCF7_core,3041.8385974707608
40.55353913484547,-37.857197465794044,11.411054937990809,MCF7_core,3509.345982725016
40.55353913484547,-21.031776369885588,11.411054937990809,MCF7_core,3415.117197679344
40.55353913484547,-4.206355273977131,11.411054937990809,MCF7_core,3435.2640869022853
40.55353913484547,12.619065821931326,11.411054937990809,MCF7_core,2557.6432978246085
40.55353913484547,29.444486917839782,11.411054937990809,MCF7_core,3251.4149809310484
40.55353913484547,46.269908013748235,11.411054937990809,MCF7_core,2589.1740987566395
40.55353913484547,63.09532910965669,11.411054937990809,MCF7_core,3541.5270241806115
40.55353913484547,79.92075020556514,11.411054937990809,MCF7_core,3537.4458403507333
55.124781233272806,-79.92075020556517,11.411054937990809,MCF7_core,3436.8059626337676
55.124781233272806,-63.095329109656724,11.411054937990809,MCF7_core,2845.1694188760357
55.124781233272806,-46.26990801374827,11.411054937990809,MCF7_core,3313.506121387389
55.124781233272806,-29.444486917839818,11.411054937990809,MCF7_core,3427.085559736631
55.124781233272806,-12.61906582193136,11.411054937990809,MCF7_core,3162.2504703717937
55.124781233272806,4.206355273977097,11.411054937990809,MCF7_core,3134.6652401617052
55.124781233272806,21.031776369885556,11.411054937990809,MCF7_core,3237.3125562834894
55.124781233272806,37.85719746579401,11.411054937990809,MCF7_core,3108.4657192160576
55.124781233272806,54.68261856170246,11.411054937990809,MCF7_core,3074.418981248149
55.124781233272806,71.50803965761092,11.411054937990809,MCF7_core,3683.2027979501922
55.124781233272806,88.33346075351938,11.411054937990809,MCF7_core,3138.761246119431
69.69602333170013,-71.50803965761095,11.411054937990809,MCF7_core,3658.071060042591
69.69602333170013,-54.6826185617025,11.411054937990809,MCF7_core,2870.717860448222
69.69602333170013,-37.857197465794044,11.411054937990809,MCF7_core,3280.77898976502
69.69602333170013,-21.031776369885588,11.411054937990809,MCF7_core,3370.5657500249226
69.69602333170013,-4.206355273977131,11.411054937990809,MCF7_core,2599.8026069434122
69.69602333170013,12.619065821931326,11.411054937990809,MCF7_core,2672.077667461998
69.69602333170013,29.444486917839782,11.411054937990809,MCF7_core,2774.1314845428437
69.69602333170013,46.269908013748235,11.411054937990809,MCF7_core,3690.2765835256546
69.69602333170013,63.09532910965669,11.411054937990809,MCF7_core,2956.0872738654125
84.26726543012747,-46.26990801374827,11.411054937990809,MCF7_core,3664.501512008257
84.26726543012747,-29.444486917839818,11.411054937990809,MCF7_core,3313.949554462673
84.26726543012747,-12.61906582193136,11.411054937990809,MCF7_core,3027.865380075192
84.26726543012747,4.206355273977097,11.411054937990809,MCF7_core,3517.858455577307
84.26726543012747,21.031776369885556,11.411054937990809,MCF7_core,3155.1235039581334
84.26726543012747,37.85719746579401,11.411054937990809,MCF7_core,3594.966517848241
84.26726543012747,54.68261856170246,11.411054937990809,MCF7_core,3314.186028762175
98.8385075285548,-21.031776369885588,11.411054937990809,MCF7_core,2595.6723012143425
98.8385075285548,-4.206355273977131,11.411054937990809,MCF7_core,3091.2911981518196
98.8385075285548,12.619065821931326,11.411054937990809,MCF7_core,3681.369372129977
98.8385075285548,29.444486917839782,11.411054937990809,MCF7_core,3487.5021083280703
-100.95252657545075,-4.206355273977131,25.98229703641814,MCF7_core,3647.4004122280367
-100.95252657545075,12.619065821931326,25.98229703641814,MCF7_core,2545.7302091564275
-86.38128447702341,-46.26990801374827,25.98229703641814,MCF7_core,2699.3637355974874
-86.38128447702341,-29.444486917839818,25.98229703641814,MCF7_core,3525.4674202755823
-86.38128447702341,-12.61906582193136,25.98229703641814,MCF7_core,2919.6925706855436
-86.38128447702341,4.206355273977097,25.98229703641814,MCF7_core,3141.796840534244
-86.38128447702341,21.031776369885556,25.98229703641814,MCF7_core,2590.812359779264
-86.38128447702341,37.85719746579401,25.98229703641814,MCF7_core,2957.1044939190706
-71.81004237859608,-71.50803965761095,25.98229703641814,MCF7_core,3478.093552029166
-71.81004237859608,-54.6826185617025,25.98229703641814,MCF7_core,3547.1906322994837
-71.81004237859608,-37.857197465794044,25.98229703641814,MCF7_core,2526.364994927259
-71.81004237859608,-21.031776369885588,25.98229703641814,MCF7_core,3507.179824617028
-71.81004237859608,-4.206355273977131,25.98229703641814,MCF7_core,2987.4955901448952
-71.81004237859608,12.619065821931326,25.98229703641814,MCF7_core,2623.839730190289
-71.81004237859608,29.444486917839782,25.98229703641814,MCF7_core,2867.0099990330723
-71.81004237859608,46.269908013748235,25.98229703641814,MCF7_core,3711.1456058641324
-71.81004237859608,63.09532910965669,25.98229703641814,MCF7_core,2618.0781692481282
-57.23880028016874,-79.92075020556517,25.98229703641814,MCF7_core,3437.850730965811
-57.23880028016874,-63.095329109656724,25.98229703641814,MCF7_core,2788.53608371703
-57.23880028016874,-46.26990801374827,25.98229703641814,MCF7_core,3713.217828514421
-57.23880028016874,-29.444486917839818,25.98229703641814,MCF7_core,2524.4956938288424
-57.23880028016874,-12.61906582193136,25.98229703641814,MCF7_core,2627.9393684363854
-57.23880028016874,4.206355273977097,25.98229703641814,MCF7_core,3643.6739018649496
-57.23880028016874,21.031776369885556,25.98229703641814,MCF7_core,3312.360864503789
-57.23880028016874,37.85719746579401,25.98229703641814,MCF7_core,3734.35499958141
-57.23880028016874,54.68261856170246,25.98229703641814,MCF7_core,2835.9813701330404
-57.23880028016874,71.50803965761092,25.98229703641814,MCF7_core,3583.757585426738
-42.667558181741406,-88.3334607535194,25.98229703641814,MCF7_core,3048.1755267597614
-42.667558181741406,-71.50803965761095,25.98229703641814,MCF7_core,2869.9143556376853
-42.667558181741406,-54.6826185617025,25.98229703641814,MCF7_core,2497.7496302429654
-42.667558181741406,-37.857197465794044,25.98229703641814,MCF7_core,3027.02841035914
-42.667558181741406,-21.031776369885588,25.98229703641814,MCF7_core,2815.629556202537
-42.667558181741406,-4.206355273977131,25.98229703641814,MCF7_core,2952.2334930926236
-42.667558181741406,12.619065821931326,25.98229703641814,MCF7_core,2916.496378027526
-42.667558181741406,29.444486917839782,25.98229703641814,MCF7_core,3613.894626563469
-42.667558181741406,46.269908013748235,25.98229703641814,MCF7_core,2872.2433586955594
-42.667558181741406,63.09532910965669,25.98229703641814,MCF7_core,3725.894882753232
-42.667558181741406,79.92075020556514,25.98229703641814,MCF7_core,3694.2432220401283
-28.096316083314075,-96.74617130147362,25.98229703641814,MCF7_core,3294.9912976280893
-28.096316083314075,-79.92075020556517,25.98229703641814,MCF7_core,3180.9901682254063
-28.096316083314075,-63.095329109656724,25.98229703641814,MCF7_core,3447.7673272497755
-28.096316083314075,-46.26990801374827,25.98229703641814,MCF7_core,2548.176670604275
-28.096316083314075,-29.444486917839818,25.98229703641814,MCF7_core,2824.4102279722256
-28.096316083314075,-12.61906582193136,25.98229703641814,MCF7_core,3723.860498750014
-28.096316083314075,4.206355273977097,25.98229703641814,MCF7_core,3264.087442581196
-28.096316083314075,21.031776369885556,25.98229703641814,MCF7_core,3357.328849147517
-28.096316083314075,37.85719746579401,25.98229703641814,MCF7_core,2909.1682996339623
-28.096316083314075,54.68261856170246,25.98229703641814,MCF7_core,2598.320297103149
-28.096316083314075,71.50803965761092,25.98229703641814,MCF7_core,3538.0139744985163
-28.096316083314075,88.33346075351938,25.98229703641814,MCF7_core,3533.6257220560174
-13.525073984886742,-88.3334607535194,25.98229703641814,MCF7_core,3711.5258861199127
-13.525073984886742,-71.50803965761095,25.98229703641814,MCF7_core,3677.2920203288913
-13.525073984886742,-54.6826185617025,25.98229703641814,MCF7_core,3101.4713589936196
-13.525073984886742,-37.857197465794044,25.98229703641814,MCF7_core,2707.2950479732535
-13.525073984886742,-21.031776369885588,25.98229703641814,MCF7_core,2693.98674598651
-13.525073984886742,-4.206355273977131,25.98229703641814,MCF7_core,2896.7151564131855
-13.525073984886742,12.619065821931326,25.98229703641814,MCF7_core,3175.006868695488
-13.525073984886742,29.444486917839782,25.98229703641814,MCF7_core,3546.5497194040527
-13.525073984886742,46.269908013748235,25.98229703641814,MCF7_core,2686.7210516168566
-13.525073984886742,63.09532910965669,25.98229703641814,MCF7_core,2653.375718290745
-13.525073984886742,79.92075020556514,25.98229703641814,MCF7_core,3373.5178474079194
-13.525073984886742,96.7461713014736,25.98229703641814,MCF7_core,3655.589842344738
1.046168113540591,-96.74617130147362,25.98229703641814,MCF7_core,3453.9692864015624
1.046168113540591,-79.92075020556517,25.98229703641814,MCF7_core,2501.8480044275757
1.046168113540591,-63.095329109656724,25.98229703641814,MCF7_core,3336.608025427967
1.046168113540591,-46.26990801374827,25.98229703641814,MCF7_core,2651.2502306038095
1.046168113540591,-29.444486917839818,25.98229703641814,MCF7_core,2640.2677814650465
1.046168113540591,-12.61906582193136,25.98229703641814,MCF7_core,3229.413617145325
1.046168113540591,4.206355273977097,25.98229703641814,MCF7_core,2791.8965964858944
1.046168113540591,21.031776369885556,25.98229703641814,MCF7_core,2626.1834134986707
1.046168113540591,37.85719746579401,25.98229703641814,MCF7_core,2543.368231749112
1.046168113540591,54.68261856170246,25.98229703641814,MCF7_core,2967.2500808509176
1.046168113540591,71.50803965761092,25.98229703641814,MCF7_core,3075.138650944352
1.046168113540591,88.33346075351938,25.98229703641814,MCF7_core,3715.7883195983873
15.617410211967922,-88.3334607535194,25.98229703641814,MCF7_core,3394.0764397740354
15.617410211967922,-71.50803965761095,25.98229703641814,MCF7_core,2765.749938534087
15.617410211967922,-54.6826185617025,25.98229703641814,MCF7_core,2504.330223310287
15.617410211967922,-37.857197465794044,25.98229703641814,MCF7_core,3688.479695538158
15.617410211967922,-21.031776369885588,25.98229703641814,MCF7_core,2529.6851854787556
15.617410211967922,-4.206355273977131,25.98229703641814,MCF7_core,2880.250856499708
15.617410211967922,12.619065821931326,25.98229703641814,MCF7_core,3704.7222232894374
15.617410211967922,29.444486917839782,25.98229703641814,MCF7_core,2588.9036073121456
15.617410211967922,46.269908013748235,25.98229703641814,MCF7_core,2962.375834926791
15.617410211967922,63.09532910965669,25.98229703641814,MCF7_core,2784.986711344644
15.617410211967922,79.92075020556514,25.98229703641814,MCF7_core,2737.4292140777975
15.617410211967922,96.7461713014736,25.98229703641814,MCF7_core,3413.4843680785816
30.188652310395252,-96.74617130147362,25.98229703641814,MCF7_core,3140.0601207195514
30.188652310395252,-79.92075020556517,25.98229703641814,MCF7_core,2928.121664979427
30.188652310395252,-63.095329109656724,25.98229703641814,MCF7_core,3027.7853328173715
30.188652310395252,-46.26990801374827,25.98229703641814,MCF7_core,2529.9271146720776
30.188652310395252,-29.444486917839818,25.98229703641814,MCF7_core,2716.16200893083
30.188652310395252,-12.61906582193136,25.98229703641814,MCF7_core,2842.4779398283854
30.188652310395252,4.206355273977097,25.98229703641814,MCF7_core,3242.9149810121
30.188652310395252,21.031776369885556,25.98229703641814,MCF7_core,3717.8708105905753
30.188652310395252,37.85719746579401,25.98229703641814,MCF7_core,3296.0395835318036
30.188652310395252,54.68261856170246,25.98229703641814,MCF7_core,2771.5346413411753
30.188652310395252,71.50803965761092,25.98229703641814,MCF7_core,2815.8663439022534
30.188652310395252,88.33346075351938,25.98229703641814,MCF7_core,2978.0870480560407
44.75989440882259,-88.3334607535194,25.98229703641814,MCF7_core,3734.9887385248503
44.75989440882259,-71.50803965761095,25.98229703641814,MCF7_core,3678.2131889632037
44.75989440882259,-54.6826185617025,25.98229703641814,MCF7_core,2594.9825931799537
44.75989440882259,-37.857197465794044,25.98229703641814,MCF7_core,3729.088476554567
44.75989440882259,-21.031776369885588,25.98229703641814,MCF7_core,3720.5590188604947
44.75989440882259,-4.206355273977131,25.98229703641814,MCF7_core,2719.7376301272348
44.75989440882259,12.619065821931326,25.98229703641814,MCF7_core,2507.7823106837172
44.75989440882259,29.444486917839782,25.98229703641814,MCF7_core,3727.4442890154205
44.75989440882259,46.269908013748235,25.98229703641814,MCF7_core,3669.978783032628
44.75989440882259,63.09532910965669,25.98229703641814,MCF7_core,3096.4945044075007
44.75989440882259,79.92075020556514,25.98229703641814,MCF7_core,2864.0211903446225
59.33113650724992,-79.92075020556517,25.98229703641814,MCF7_core,2812.979319290721
59.33113650724992,-63.095329109656724,25.98229703641814,MCF7_core,2667.599986318049
59.33113650724992,-46.26990801374827,25.98229703641814,MCF7_core,2519.1743521021685
59.33113650724992,-29.444486917839818,25.98229703641814,MCF7_core,3022.0878534970634
59.33113650724992,-12.61906582193136,25.98229703641814,MCF7_core,2756.3029373085496
59.33113650724992,4.206355273977097,25.98229703641814,MCF7_core,3460.014806305315
59.33113650724992,21.031776369885556,25.98229703641814,MCF7_core,3077.387641182604
59.33113650724992,37.85719746579401,25.98229703641814,MCF7_core,3590.868180554314
59.33113650724992,54.68261856170246,25.98229703641814,MCF7_core,2886.720089067782
59.33113650724992,71.50803965761092,25.98229703641814,MCF7_core,3096.742959623683
73.90237860567724,-54.6826185617025,25.98229703641814,MCF7_core,3151.7634194099614
73.90237860567724,-37.857197465794044,25.98229703641814,MCF7_core,3305.1219763925205
73.90237860567724,-21.031776369885588,25.98229703641814,MCF7_core,2709.83380585878
73.90237860567724,-4.206355273977131,25.98229703641814,MCF7_core,3681.923997244244
73.90237860567724,12.619065821931326,25.98229703641814,MCF7_core,2789.752742554222
73.90237860567724,29.444486917839782,25.98229703641814,MCF7_core,3677.679287550979
73.90237860567724,46.269908013748235,25.98229703641814,MCF7_core,3444.2814195514957
73.90237860567724,63.09532910965669,25.98229703641814,MCF7_core,2597.4433875612835
88.47362070410458,-46.26990801374827,25.98229703641814,MCF7_core,2927.857830317344
88.47362070410458,-29.444486917839818,25.98229703641814,MCF7_core,2969.4006823115888
88.47362070410458,-12.61906582193136,25.98229703641814,MCF7_core,2922.8716549901455
88.47362070410458,4.206355273977097,25.98229703641814,MCF7_core,3430.047691618511
88.47362070410458,21.031776369885556,25.98229703641814,MCF7_core,2655.1062077983893
88.47362070410458,37.85719746579401,25.98229703641814,MCF7_core,3731.7820957408917
-90.58763975100052,-29.444486917839818,40.55353913484547,MCF7_core,3508.8245295215747
-90.58763975100052,-12.61906582193136,40.55353913484547,MCF7_core,2551.9032720198297
-90.58763975100052,4.206355273977097,40.55353913484547,MCF7_core,3044.4064930688673
-90.58763975100052,21.031776369885556,40.55353913484547,MCF7_core,3585.871363166385
-76.01639765257319,-54.6826185617025,40.55353913484547,MCF7_core,3345.8662369817744
-76.01639765257319,-37.857197465794044,40.55353913484547,MCF7_core,3458.7428267313967
-76.01639765257319,-21.031776369885588,40.55353913484547,MCF7_core,2544.7389518965383
-76.01639765257319,-4.206355273977131,40.55353913484547,MCF7_core,3563.56680028143
-76.01639765257319,12.619065821931326,40.55353913484547,MCF7_core,3286.144657510793
-76.01639765257319,29.444486917839782,40.55353913484547,MCF7_core,3461.144109114425
-76.01639765257319,46.269908013748235,40.55353913484547,MCF7_core,2784.1378455860813
-61.445155554145856,-63.095329109656724,40.55353913484547,MCF7_core,3649.830786154212
-61.445155554145856,-46.26990801374827,40.55353913484547,MCF7_core,3110.920391217056
-61.445155554145856,-29.444486917839818,40.55353913484547,MCF7_core,3098.0836181239933
-61.445155554145856,-12.61906582193136,40.55353913484547,MCF7_core,3421.8043072584674
-61.445155554145856,4.206355273977097,40.55353913484547,MCF7_core,2755.5702365687093
-61.445155554145856,21.031776369885556,40.55353913484547,MCF7_core,3081.671399605655
-61.445155554145856,37.85719746579401,40.55353913484547,MCF7_core,3334.307511951938
-61.445155554145856,54.68261856170246,40.55353913484547,MCF7_core,2998.1989443855437
-61.445155554145856,71.50803965761092,40.55353913484547,MCF7_core,3335.724011684374
-46.87391345571852,-71.50803965761095,40.55353913484547,MCF7_core,2557.0119525406003
-46.87391345571852,-54.6826185617025,40.55353913484547,MCF7_core,3672.743509508199
-46.87391345571852,-37.857197465794044,40.55353913484547,MCF7_core,3191.5360447014855
-46.87391345571852,-21.031776369885588,40.55353913484547,MCF7_core,3400.9379415911535
-46.87391345571852,-4.206355273977131,40.55353913484547,MCF7_core,3207.0281847185684
-46.87391345571852,12.619065821931326,40.55353913484547,MCF7_core,3655.484449165823
-46.87391345571852,29.444486917839782,40.55353913484547,MCF7_core,3359.6733885538897
-46.87391345571852,46.269908013748235,40.55353913484547,MCF7_core,3203.772838255746
-46.87391345571852,63.09532910965669,40.55353913484547,MCF7_core,2972.957277193442
-46.87391345571852,79.92075020556514,40.55353913484547,MCF7_core,2756.232553612842
-32.30267135729119,-79.92075020556517,40.55353913484547,MCF7_core,2994.9195746562036
-32.30267135729119,-63.095329109656724,40.55353913484547,MCF7_core,3276.5086341405026
-32.30267135729119,-46.26990801374827,40.55353913484547,MCF7_core,3094.11061265843
-32.30267135729119,-29.444486917839818,40.55353913484547,MCF7_core,3462.5243775739027
-32.30267135729119,-12.61906582193136,40.55353913484547,MCF7_core,3425.8377833993563
-32.30267135729119,4.206355273977097,40.55353913484547,MCF7_core,3165.175685776686
-32.30267135729119,21.031776369885556,40.55353913484547,MCF7_core,2868.056379411999
-32.30267135729119,37.85719746579401,40.55353913484547,MCF7_core,3140.914819835617
-32.30267135729119,54.68261856170246,40.55353913484547,MCF7_core,2546.6586005800045
-32.30267135729119,71.50803965761092,40.55353913484547,MCF7_core,2642.2919955692637
-32.30267135729119,88.33346075351938,40.55353913484547,MCF7_core,3457.472593019419
-17.731429258863855,-88.3334607535194,40.55353913484547,MCF7_core,2746.2008847277857
-17.731429258863855,-71.50803965761095,40.55353913484547,MCF7_core,2678.17393962072
-17.731429258863855,-54.6826185617025,40.55353913484547,MCF7_core,2754.8180487420937
-17.731429258863855,-37.857197465794044,40.55353913484547,MCF7_core,3434.8770332269273
-17.731429258863855,-21.031776369885588,40.55353913484547,MCF7_core,2928.215451954649
-17.731429258863855,-4.206355273977131,40.55353913484547,MCF7_core,3072.988058785075
-17.731429258863855,12.619065821931326,40.55353913484547,MCF7_core,3488.526567056294
-17.731429258863855,29.444486917839782,40.55353913484547,MCF7_core,3278.989176155578
-17.731429258863855,46.269908013748235,40.55353913484547,MCF7_core,2997.266631699178
-17.731429258863855,63.09532910965669,40.55353913484547,MCF7_core,3357.6766675476447
-17.731429258863855,79.92075020556514,40.55353913484547,MCF7_core,3201.144781003899
-3.1601871604365233,-96.74617130147362,40.55353913484547,MCF7_core,2549.547789519821
-3.1601871604365233,-79.92075020556517,40.55353913484547,MCF7_core,3506.0171946993096
-3.1601871604365233,-63.095329109656724,40.55353913484547,MCF7_core,3590.6393545405026
-3.1601871604365233,-46.26990801374827,40.55353913484547,MCF7_core,3271.7487139101286
-3.1601871604365233,-29.444486917839818,40.55353913484547,MCF7_core,3612.891527501006
-3.1601871604365233,-12.61906582193136,40.55353913484547,MCF7_core,3098.6287001459186
-3.1601871604365233,4.206355273977097,40.55353913484547,MCF7_core,2825.998070614161
-3.1601871604365233,21.031776369885556,40.55353913484547,MCF7_core,2962.9771719467394
-3.1601871604365233,37.85719746579401,40.55353913484547,MCF7_core,3076.9355310514484
-3.1601871604365233,54.68261856170246,40.55353913484547,MCF7_core,2743.666526511375
-3.1601871604365233,71.50803965761092,40.55353913484547,MCF7_core,3601.7357790970323
-3.1601871604365233,88.33346075351938,40.55353913484547,MCF7_core,2776.8735806208438
11.411054937990809,-88.3334607535194,40.55353913484547,MCF7_core,3088.4192500051
11.411054937990809,-71.50803965761095,40.55353913484547,MCF7_core,3306.8782390019114
11.411054937990809,-54.6826185617025,40.55353913484547,MCF7_core,3224.7122261022623
11.411054937990809,-37.857197465794044,40.55353913484547,MCF7_core,2557.8976377415293
11.411054937990809,-21.031776369885588,40.55353913484547,MCF7_core,3241.2353063204305
11.411054937990809,-4.206355273977131,40.55353913484547,MCF7_core,3012.664202211355
11.411054937990809,12.619065821931326,40.55353913484547,MCF7_core,3502.027246787499
11.411054937990809,29.444486917839782,40.55353913484547,MCF7_core,2943.7980118510213
11.411054937990809,46.269908013748235,40.55353913484547,MCF7_core,3115.555461523791
11.411054937990809,63.09532910965669,40.55353913484547,MCF7_core,3348.364685381104
11.411054937990809,79.92075020556514,40.55353913484547,MCF7_core,3090.7125533612684
25.98229703641814,-79.92075020556517,40.55353913484547,MCF7_core,2943.2413942161033
25.98229703641814,-63.095329109656724,40.55353913484547,MCF7_core,2799.7520919307785
25.98229703641814,-46.26990801374827,40.55353913484547,MCF7_core,3242.291806316086
25.98229703641814,-29.444486917839818,40.55353913484547,MCF7_core,3296.1821072600014
25.98229703641814,-12.61906582193136,40.55353913484547,MCF7_core,3223.708708871604
25.98229703641814,4.206355273977097,40.55353913484547,MCF7_core,3334.4596754427344
25.98229703641814,21.031776369885556,40.55353913484547,MCF7_core,2537.1926572251127
25.98229703641814,37.85719746579401,40.55353913484547,MCF7_core,2974.2046622620883
25.98229703641814,54.68261856170246,40.55353913484547,MCF7_core,3038.476368293631
25.98229703641814,71.50803965761092,40.55353913484547,MCF7_core,3368.16380440686
25.98229703641814,88.33346075351938,40.55353913484547,MCF7_core,3205.6357964811114
40.55353913484547,-71.50803965761095,40.55353913484547,MCF7_core,2669.1090423860132
40.55353913484547,-54.6826185617025,40.55353913484547,MCF7_core,2497.1794734910873
40.55353913484547,-37.857197465794044,40.55353913484547,MCF7_core,2654.0009189321645
40.55353913484547,-21.031776369885588,40.55353913484547,MCF7_core,3735.8199187430246
40.55353913484547,-4.206355273977131,40.55353913484547,MCF7_core,2999.0893885803844
40.55353913484547,12.619065821931326,40.55353913484547,MCF7_core,3212.945654587879
40.55353913484547,29.444486917839782,40.55353913484547,MCF7_core,3325.4900006782736
40.55353913484547,46.269908013748235,40.55353913484547,MCF7_core,2857.6374698229606
40.55353913484547,63.09532910965669,40.55353913484547,MCF7_core,3554.9250889865552
40.55353913484547,79.92075020556514,40.55353913484547,MCF7_core,2562.1647833095126
55.124781233272806,-63.095329109656724,40.55353913484547,MCF7_core,3422.923271210145
55.124781233272806,-46.26990801374827,40.55353913484547,MCF7_core,3352.5652794202356
55.124781233272806,-29.444486917839818,40.55353913484547,MCF7_core,3738.0152197556286
55.124781233272806,-12.61906582193136,40.55353913484547,MCF7_core,3671.116924788704
55.124781233272806,4.206355273977097,40.55353913484547,MCF7_core,2723.0844700749517
55.124781233272806,21.031776369885556,40.55353913484547,MCF7_core,3168.714852206362
55.124781233272806,37.85719746579401,40.55353913484547,MCF7_core,2847.8166867115433
55.124781233272806,54.68261856170246,40.55353913484547,MCF7_core,3499.9508371250968
55.124781233272806,71.50803965761092,40.55353913484547,MCF7_core,2638.9446874091605
69.69602333170013,-54.6826185617025,40.55353913484547,MCF7_core,2701.8941835390674
69.69602333170013,-37.857197465794044,40.55353913484547,MCF7_core,3739.7351082272417
69.69602333170013,-21.031776369885588,40.55353913484547,MCF7_core,3535.9061273300895
69.69602333170013,-4.206355273977131,40.55353913484547,MCF7_core,3446.5938037417272
69.69602333170013,12.619065821931326,40.55353913484547,MCF7_core,3515.5719066575566
69.69602333170013,29.444486917839782,40.55353913484547,MCF7_core,3441.429251851035
69.69602333170013,46.269908013748235,40.55353913484547,MCF7_core,3523.1806746069387
69.69602333170013,63.09532910965669,40.55353913484547,MCF7_core,3420.140104959722
84.26726543012747,-46.26990801374827,40.55353913484547,MCF7_core,2963.08474737743
84.26726543012747,-29.444486917839818,40.55353913484547,MCF7_core,3485.4015324875986
84.26726543012747,-12.61906582193136,40.55353913484547,MCF7_core,2562.5761295026373
84.26726543012747,4.206355273977097,40.55353913484547,MCF7_core,3706.757796819971
84.26726543012747,21.031776369885556,40.55353913484547,MCF7_core,3305.0294081333723
84.26726543012747,37.85719746579401,40.55353913484547,MCF7_core,2873.748101556544
-86.38128447702341,-12.61906582193136,55.124781233272806,MCF7_core,2550.045000237119
-86.38128447702341,4.206355273977097,55.124781233272806,MCF7_core,3041.4949180657413
-86.38128447702341,21.031776369885556,55.124781233272806,MCF7_core,2782.6702735027266
-71.81004237859608,-37.857197465794044,55.124781233272806,MCF7_core,2849.0612878641614
-71.81004237859608,-21.031776369885588,55.124781233272806,MCF7_core,3406.5281645068308
-71.81004237859608,-4.206355273977131,55.124781233272806,MCF7_core,3668.009290965604
-71.81004237859608,12.619065821931326,55.124781233272806,MCF7_core,3046.8213033275824
-71.81004237859608,29.444486917839782,55.124781233272806,MCF7_core,3405.600228488495
-71.81004237859608,46.269908013748235,55.124781233272806,MCF7_core,3623.899026204772
-57.23880028016874,-63.095329109656724,55.124781233272806,MCF7_core,2874.7609949907246
-57.23880028016874,-46.26990801374827,55.124781233272806,MCF7_core,3620.1145901638506
-57.23880028016874,-29.444486917839818,55.124781233272806,MCF7_core,2839.0750933583145
-57.23880028016874,-12.61906582193136,55.124781233272806,MCF7_core,3521.4830469740887
-57.23880028016874,4.206355273977097,55.124781233272806,MCF7_core,3496.9934239015015
-57.23880028016874,21.031776369885556,55.124781233272806,MCF7_core,3521.517526708786
-57.23880028016874,37.85719746579401,55.124781233272806,MCF7_core,2929.483004749673
-57.23880028016874,54.68261856170246,55.124781233272806,MCF7_core,3260.06669887418
-42.667558181741406,-71.50803965761095,55.124781233272806,MCF7_core,2956.651664423228
-42.667558181741406,-54.6826185617025,55.124781233272806,MCF7_core,2553.9854109055664
-42.667558181741406,-37.857197465794044,55.124781233272806,MCF7_core,3444.142224720386
-42.667558181741406,-21.031776369885588,55.124781233272806,MCF7_core,2723.260604343493
-42.667558181741406,-4.206355273977131,55.124781233272806,MCF7_core,3021.5482252089428
-42.667558181741406,12.619065821931326,55.124781233272806,MCF7_core,2589.8078363383934
-42.667558181741406,29.444486917839782,55.124781233272806,MCF7_core,2616.899284872511
-42.667558181741406,46.269908013748235,55.124781233272806,MCF7_core,3486.2959302311156
-42.667558181741406,63.09532910965669,55.124781233272806,MCF7_core,3596.349098838899
-28.096316083314075,-79.92075020556517,55.124781233272806,MCF7_core,3179.805334398048
-28.096316083314075,-63.095329109656724,55.124781233272806,MCF7_core,3248.847156161071
-28.096316083314075,-46.26990801374827,55.124781233272806,MCF7_core,3249.7857339815737
-28.096316083314075,-29.444486917839818,55.124781233272806,MCF7_core,3438.8752450835145
-28.096316083314075,-12.61906582193136,55.124781233272806,MCF7_core,3451.237880033872
-28.096316083314075,4.206355273977097,55.124781233272806,MCF7_core,3118.863996111537
-28.096316083314075,21.031776369885556,55.124781233272806,MCF7_core,3383.9568607386063
-28.096316083314075,37.85719746579401,55.124781233272806,MCF7_core,2674.9034883487516
-28.096316083314075,54.68261856170246,55.124781233272806,MCF7_core,2495.496446275758
-28.096316083314075,71.50803965761092,55.124781233272806,MCF7_core,2913.7619180260426
-13.525073984886742,-88.3334607535194,55.124781233272806,MCF7_core,3529.8666125634923
-13.525073984886742,-71.50803965761095,55.124781233272806,MCF7_core,2860.3516502488874
-13.525073984886742,-54.6826185617025,55.124781233272806,MCF7_core,2839.4441477948867
-13.525073984886742,-37.857197465794044,55.124781233272806,MCF7_core,3095.176116273833
-13.525073984886742,-21.031776369885588,55.124781233272806,MCF7_core,2740.9170942634846
-13.525073984886742,-4.206355273977131,55.124781233272806,MCF7_core,3681.9356416286582
-13.525073984886742,12.619065821931326,55.124781233272806,MCF7_core,2807.610227034917
-13.525073984886742,29.444486917839782,55.124781233272806,MCF7_core,2890.991399615795
-13.525073984886742,46.269908013748235,55.124781233272806,MCF7_core,3614.8846457660447
-13.525073984886742,63.09532910965669,55.124781233272806,MCF7_core,3058.7041415394033
-13.525073984886742,79.92075020556514,55.124781233272806,MCF7_core,2998.7528828923096
1.046168113540591,-79.92075020556517,55.124781233272806,MCF7_core,3586.435990941476
1.046168113540591,-63.095329109656724,55.124781233272806,MCF7_core,2779.281957223176
1.046168113540591,-46.26990801374827,55.124781233272806,MCF7_core,3715.899650523751
1.046168113540591,-29.444486917839818,55.124781233272806,MCF7_core,3177.9554562831095
1.046168113540591,-12.61906582193136,55.124781233272806,MCF7_core,2655.785372443707
1.046168113540591,4.206355273977097,55.124781233272806,MCF7_core,3528.8574506819295
1.046168113540591,21.031776369885556,55.124781233272806,MCF7_core,2733.2833911500165
1.046168113540591,37.85719746579401,55.124781233272806,MCF7_core,2692.0385848837445
1.046168113540591,54.68261856170246,55.124781233272806,MCF7_core,3680.220875552048
1.046168113540591,71.50803965761092,55.124781233272806,MCF7_core,3670.0658347319295
1.046168113540591,88.33346075351938,55.124781233272806,MCF7_core,3041.4642975739034
15.617410211967922,-71.50803965761095,55.124781233272806,MCF7_core,3410.37091327127
15.617410211967922,-54.6826185617025,55.124781233272806,MCF7_core,3374.9415630897065
15.617410211967922,-37.857197465794044,55.124781233272806,MCF7_core,3627.2943501244868
15.617410211967922,-21.031776369885588,55.124781233272806,MCF7_core,3183.2741689993936
15.617410211967922,-4.206355273977131,55.124781233272806,MCF7_core,2702.9406620412637
15.617410211967922,12.619065821931326,55.124781233272806,MCF7_core,2626.270484101943
15.617410211967922,29.444486917839782,55.124781233272806,MCF7_core,3645.6253253892355
15.617410211967922,46.269908013748235,55.124781233272806,MCF7_core,2774.3435179476883
15.617410211967922,63.09532910965669,55.124781233272806,MCF7_core,2951.270907721369
15.617410211967922,79.92075020556514,55.124781233272806,MCF7_core,2863.2767276677255
30.188652310395252,-79.92075020556517,55.124781233272806,MCF7_core,3258.6165384634637
30.188652310395252,-63.095329109656724,55.124781233272806,MCF7_core,3695.985821181732
30.188652310395252,-46.26990801374827,55.124781233272806,MCF7_core,3156.7895412372054
30.188652310395252,-29.444486917839818,55.124781233272806,MCF7_core,3587.9661915511106
30.188652310395252,-12.61906582193136,55.124781233272806,MCF7_core,3318.7287527296285
30.188652310395252,4.206355273977097,55.124781233272806,MCF7_core,2839.4021837388505
30.188652310395252,21.031776369885556,55.124781233272806,MCF7_core,3376.663454367851
30.188652310395252,37.85719746579401,55.124781233272806,MCF7_core,2745.3876973416236
30.188652310395252,54.68261856170246,55.124781233272806,MCF7_core,3633.4386361927327
30.188652310395252,71.50803965761092,55.124781233272806,MCF7_core,2917.289283243013
44.75989440882259,-71.50803965761095,55.124781233272806,MCF7_core,3711.8054982280664
44.75989440882259,-54.6826185617025,55.124781233272806,MCF7_core,3536.7111879545673
44.75989440882259,-37.857197465794044,55.124781233272806,MCF7_core,2780.7510032720884
44.75989440882259,-21.031776369885588,55.124781233272806,MCF7_core,2696.312929466865
44.75989440882259,-4.206355273977131,55.124781233272806,MCF7_core,3633.1390329230353
44.75989440882259,12.619065821931326,55.124781233272806,MCF7_core,3475.153097205229
44.75989440882259,29.444486917839782,55.124781233272806,MCF7_core,3699.2022620409166
44.75989440882259,46.269908013748235,55.124781233272806,MCF7_core,3072.9078353864043
44.75989440882259,63.09532910965669,55.124781233272806,MCF7_core,3179.9873156606764
59.33113650724992,-63.095329109656724,55.124781233272806,MCF7_core,2560.5509802111847
59.33113650724992,-46.26990801374827,55.124781233272806,MCF7_core,3555.4114288036726
59.33113650724992,-29.444486917839818,55.124781233272806,MCF7_core,2997.327021600676
59.33113650724992,-12.61906582193136,55.124781233272806,MCF7_core,2514.808809986571
59.33113650724992,4.206355273977097,55.124781233272806,MCF7_core,3270.4473338167995
59.33113650724992,21.031776369885556,55.124781233272806,MCF7_core,3435.316967522347
59.33113650724992,37.85719746579401,55.124781233272806,MCF7_core,3344.5321377370906
59.33113650724992,54.68261856170246,55.124781233272806,MCF7_core,2652.3491793196276
73.90237860567724,-37.857197465794044,55.124781233272806,MCF7_core,3445.0679767247607
73.90237860567724,-21.031776369885588,55.124781233272806,MCF7_core,3384.9677268660553
73.90237860567724,-4.206355273977131,55.124781233272806,MCF7_core,2920.201503594484
73.90237860567724,12.619065821931326,55.124781233272806,MCF7_core,3675.1979342635277
73.90237860567724,29.444486917839782,55.124781233272806,MCF7_core,2965.1429724717736
73.90237860567724,46.269908013748235,55.124781233272806,MCF7_core,3496.3589002448916
88.47362070410458,-12.61906582193136,55.124781233272806,MCF7_core,3167.53884694079
88.47362070410458,4.206355273977097,55.124781233272806,MCF7_core,2948.762001286972
-76.01639765257319,-4.206355273977131,69.69602333170013,MCF7_core,3410.752891056583
-76.01639765257319,12.619065821931326,69.69602333170013,MCF7_core,3339.5448429480866
-61.445155554145856,-46.26990801374827,69.69602333170013,MCF7_core,3052.9302574450367
-61.445155554145856,-29.444486917839818,69.69602333170013,MCF7_core,3425.757479742427
-61.445155554145856,-12.61906582193136,69.69602333170013,MCF7_core,2499.238039472065
-61.445155554145856,4.206355273977097,69.69602333170013,MCF7_core,3277.982884712339
-61.445155554145856,21.031776369885556,69.69602333170013,MCF7_core,2656.5776393824303
-61.445155554145856,37.85719746579401,69.69602333170013,MCF7_core,2996.361663763026
-46.87391345571852,-54.6826185617025,69.69602333170013,MCF7_core,3456.0366392116143
-46.87391345571852,-37.857197465794044,69.69602333170013,MCF7_core,2616.2480638295388
-46.87391345571852,-21.031776369885588,69.69602333170013,MCF7_core,2541.0470930087795
-46.87391345571852,-4.206355273977131,69.69602333170013,MCF7_core,2494.0801789016514
-46.87391345571852,12.619065821931326,69.69602333170013,MCF7_core,2844.915516395682
-46.87391345571852,29.444486917839782,69.69602333170013,MCF7_core,2695.1989480645652
-46.87391345571852,46.269908013748235,69.69602333170013,MCF7_core,2815.056591176827
-46.87391345571852,63.09532910965669,69.69602333170013,MCF7_core,3538.0493735863233
-32.30267135729119,-63.095329109656724,69.69602333170013,MCF7_core,2750.8652976876165
-32.30267135729119,-46.26990801374827,69.69602333170013,MCF7_core,2660.6686006396144
-32.30267135729119,-29.444486917839818,69.69602333170013,MCF7_core,3710.0571926776647
-32.30267135729119,-12.61906582193136,69.69602333170013,MCF7_core,3653.30883767427
-32.30267135729119,4.206355273977097,69.69602333170013,MCF7_core,3001.8754385567377
-32.30267135729119,21.031776369885556,69.69602333170013,MCF7_core,3264.6936736518032
-32.30267135729119,37.85719746579401,69.69602333170013,MCF7_core,2554.9153802222027
-32.30267135729119,54.68261856170246,69.69602333170013,MCF7_core,3048.8368203956384
-32.30267135729119,71.50803965761092,69.69602333170013,MCF7_core,2609.91068933104
-17.731429258863855,-71.50803965761095,69.69602333170013,MCF7_core,2769.8320555649666
-17.731429258863855,-54.6826185617025,69.69602333170013,MCF7_core,2544.575921405695
-17.731429258863855,-37.857197465794044,69.69602333170013,MCF7_core,3456.27811946744
-17.731429258863855,-21.031776369885588,69.69602333170013,MCF7_core,3111.566082836597
-17.731429258863855,-4.206355273977131,69.69602333170013,MCF7_core,3647.9734167171127
-17.731429258863855,12.619065821931326,69.69602333170013,MCF7_core,3586.853881855206
-17.731429258863855,29.444486917839782,69.69602333170013,MCF7_core,2849.865626188431
-17.731429258863855,46.269908013748235,69.69602333170013,MCF7_core,2750.479148497793
-17.731429258863855,63.09532910965669,69.69602333170013,MCF7_core,3119.95458612521
-3.1601871604365233,-63.095329109656724,69.69602333170013,MCF7_core,3696.0123052680474
-3.1601871604365233,-46.26990801374827,69.69602333170013,MCF7_core,2992.236689349424
-3.1601871604365233,-29.444486917839818,69.69602333170013,MCF7_core,3037.595329718771
-3.1601871604365233,-12.61906582193136,69.69602333170013,MCF7_core,3188.1555966573046
-3.1601871604365233,4.206355273977097,69.69602333170013,MCF7_core,3452.74042530647
-3.1601871604365233,21.031776369885556,69.69602333170013,MCF7_core,3506.467371124455
-3.1601871604365233,37.85719746579401,69.69602333170013,MCF7_core,3389.664862326311
-3.1601871604365233,54.68261856170246,69.69602333170013,MCF7_core,3225.893616891001
-3.1601871604365233,71.50803965761092,69.69602333170013,MCF7_core,3036.7273362502006
11.411054937990809,-71.50803965761095,69.69602333170013,MCF7_core,2689.9259852993077
11.411054937990809,-54.6826185617025,69.69602333170013,MCF7_core,2726.178420672974
11.411054937990809,-37.857197465794044,69.69602333170013,MCF7_core,3430.1896300041462
11.411054937990809,-21.031776369885588,69.69602333170013,MCF7_core,3548.857052942245
11.411054937990809,-4.206355273977131,69.69602333170013,MCF7_core,2504.252151058242
11.411054937990809,12.619065821931326,69.69602333170013,MCF7_core,3287.1160947561366
11.411054937990809,29.444486917839782,69.69602333170013,MCF7_core,3167.414708762913
11.411054937990809,46.269908013748235,69.69602333170013,MCF7_core,3239.2690314697784
11.411054937990809,63.09532910965669,69.69602333170013,MCF7_core,2680.849500130986
25.98229703641814,-63.095329109656724,69.69602333170013,MCF7_core,3739.0268973721422
25.98229703641814,-46.26990801374827,69.69602333170013,MCF7_core,3482.9245991200687
25.98229703641814,-29.444486917839818,69.69602333170013,MCF7_core,3548.9991711539187
25.98229703641814,-12.61906582193136,69.69602333170013,MCF7_core,3445.850373016489
25.98229703641814,4.206355273977097,69.69602333170013,MCF7_core,3354.547900760013
25.98229703641814,21.031776369885556,69.69602333170013,MCF7_core,3057.9689262160364
25.98229703641814,37.85719746579401,69.69602333170013,MCF7_core,3318.2022983918287
25.98229703641814,54.68261856170246,69.69602333170013,MCF7_core,3448.8845385320037
25.98229703641814,71.50803965761092,69.69602333170013,MCF7_core,3714.564500936306
40.55353913484547,-54.6826185617025,69.69602333170013,MCF7_core,3446.7866005886995
40.55353913484547,-37.857197465794044,69.69602333170013,MCF7_core,2989.569158369755
40.55353913484547,-21.031776369885588,69.69602333170013,MCF7_core,3550.495671091683
40.55353913484547,-4.206355273977131,69.69602333170013,MCF7_core,3505.797892781883
40.55353913484547,12.619065821931326,69.69602333170013,MCF7_core,2618.748552768364
40.55353913484547,29.444486917839782,69.69602333170013,MCF7_core,2627.268327863317
40.55353913484547,46.269908013748235,69.69602333170013,MCF7_core,3029.031685064069
40.55353913484547,63.09532910965669,69.69602333170013,MCF7_core,3061.9606426988253
55.124781233272806,-46.26990801374827,69.69602333170013,MCF7_core,2857.017080035118
55.124781233272806,-29.444486917839818,69.69602333170013,MCF7_core,3239.6219796357855
55.124781233272806,-12.61906582193136,69.69602333170013,MCF7_core,3295.5029445832115
55.124781233272806,4.206355273977097,69.69602333170013,MCF7_core,3323.5329440668074
55.124781233272806,21.031776369885556,69.69602333170013,MCF7_core,3352.9869521436312
55.124781233272806,37.85719746579401,69.69602333170013,MCF7_core,3250.9360955674006
55.124781233272806,54.68261856170246,69.69602333170013,MCF7_core,2501.0559635000022
69.69602333170013,-21.031776369885588,69.69602333170013,MCF7_core,3543.810140928179
69.69602333170013,-4.206355273977131,69.69602333170013,MCF7_core,3431.3452656221666
69.69602333170013,12.619065821931326,69.69602333170013,MCF7_core,3047.699687048116
69.69602333170013,29.444486917839782,69.69602333170013,MCF7_core,3557.382339737905
-57.23880028016874,-12.61906582193136,84.26726543012747,MCF7_core,3124.617790171522
-57.23880028016874,4.206355273977097,84.26726543012747,MCF7_core,2889.175705350929
-57.23880028016874,21.031776369885556,84.26726543012747,MCF7_core,2932.6356320314753
-42.667558181741406,-37.857197465794044,84.26726543012747,MCF7_core,3457.739045858396
-42.667558181741406,-21.031776369885588,84.26726543012747,MCF7_core,2757.485127256052
-42.667558181741406,-4.206355273977131,84.26726543012747,MCF7_core,3668.5563954230333
-42.667558181741406,12.619065821931326,84.26726543012747,MCF7_core,3352.6708825626865
-42.667558181741406,29.444486917839782,84.26726543012747,MCF7_core,3055.468797192094
-28.096316083314075,-46.26990801374827,84.26726543012747,MCF7_core,3146.774666386387
-28.096316083314075,-29.444486917839818,84.26726543012747,MCF7_core,3636.880537804733
-28.096316083314075,-12.61906582193136,84.26726543012747,MCF7_core,3513.171510013263
-28.096316083314075,4.206355273977097,84.26726543012747,MCF7_core,3155.4168342823905
-28.096316083314075,21.031776369885556,84.26726543012747,MCF7_core,2687.58909560919
-28.096316083314075,37.85719746579401,84.26726543012747,MCF7_core,3538.4173623368342
-28.096316083314075,54.68261856170246,84.26726543012747,MCF7_core,3517.9784275983943
-13.525073984886742,-54.6826185617025,84.26726543012747,MCF7_core,3040.6031460163167
-13.525073984886742,-37.857197465794044,84.26726543012747,MCF7_core,3346.3345018724463
-13.525073984886742,-21.031776369885588,84.26726543012747,MCF7_core,3594.3390386176407
-13.525073984886742,-4.206355273977131,84.26726543012747,MCF7_core,3015.216174840666
-13.525073984886742,12.619065821931326,84.26726543012747,MCF7_core,3454.856508156959
-13.525073984886742,29.444486917839782,84.26726543012747,MCF7_core,3702.7085310139364
-13.525073984886742,46.269908013748235,84.26726543012747,MCF7_core,2843.8021559193016
1.046168113540591,-46.26990801374827,84.26726543012747,MCF7_core,2608.1545651655206
1.046168113540591,-29.444486917839818,84.26726543012747,MCF7_core,3350.383233373978
1.046168113540591,-12.61906582193136,84.26726543012747,MCF7_core,2650.115266261694
1.046168113540591,4.206355273977097,84.26726543012747,MCF7_core,3529.613753653053
1.046168113540591,21.031776369885556,84.26726543012747,MCF7_core,3636.682167457464
1.046168113540591,37.85719746579401,84.26726543012747,MCF7_core,3632.8274789983107
1.046168113540591,54.68261856170246,84.26726543012747,MCF7_core,3170.437991539697
15.617410211967922,-54.6826185617025,84.26726543012747,MCF7_core,3073.3659441607783
15.617410211967922,-37.857197465794044,84.26726543012747,MCF7_core,2796.920701977163
15.617410211967922,-21.031776369885588,84.26726543012747,MCF7_core,3159.0801723554014
15.617410211967922,-4.206355273977131,84.26726543012747,MCF7_core,3083.5436290915936
15.617410211967922,12.619065821931326,84.26726543012747,MCF7_core,2600.1190208299968
15.617410211967922,29.444486917839782,84.26726543012747,MCF7_core,3186.693755719878
15.617410211967922,46.269908013748235,84.26726543012747,MCF7_core,3185.9707850189934
30.188652310395252,-46.26990801374827,84.26726543012747,MCF7_core,3145.4158544502257
30.188652310395252,-29.444486917839818,84.26726543012747,MCF7_core,3466.572898870068
30.188652310395252,-12.61906582193136,84.26726543012747,MCF7_core,3487.1991824103347
30.188652310395252,4.206355273977097,84.26726543012747,MCF7_core,3041.7221840152174
30.188652310395252,21.031776369885556,84.26726543012747,MCF7_core,2672.2102584311638
30.188652310395252,37.85719746579401,84.26726543012747,MCF7_core,2861.127720468966
30.188652310395252,54.68261856170246,84.26726543012747,MCF7_core,3256.3063808205898
44.75989440882259,-37.857197465794044,84.26726543012747,MCF7_core,3265.904728238508
44.75989440882259,-21.031776369885588,84.26726543012747,MCF7_core,2532.7346330309542
44.75989440882259,-4.206355273977131,84.26726543012747,MCF7_core,2685.6475930482206
44.75989440882259,12.619065821931326,84.26726543012747,MCF7_core,3004.5485838188038
44.75989440882259,29.444486917839782,84.26726543012747,MCF7_core,2817.203349524317
59.33113650724992,-12.61906582193136,84.26726543012747,MCF7_core,3132.8830221673575
59.33113650724992,4.206355273977097,84.26726543012747,MCF7_core,2885.1730153309436
-32.30267135729119,-12.61906582193136,98.8385075285548,MCF7_core,3648.8011281825447
-32.30267135729119,4.206355273977097,98.8385075285548,MCF7_core,3720.052238677628
-17.731429258863855,-21.031776369885588,98.8385075285548,MCF7_core,2694.5199515401982
-17.731429258863855,-4.206355273977131,98.8385075285548,MCF7_core,3671.3434378957672
-17.731429258863855,12.619065821931326,98.8385075285548,MCF7_core,2728.8469270157857
-17.731429258863855,29.444486917839782,98.8385075285548,MCF7_core,2861.0848282909255
-3.1601871604365233,-29.444486917839818,98.8385075285548,MCF7_core,2752.763815547695
-3.1601871604365233,-12.61906582193136,98.8385075285548,MCF7_core,3205.912025231365
-3.1601871604365233,4.206355273977097,98.8385075285548,MCF7_core,2961.0592115693394
-3.1601871604365233,21.031776369885556,98.8385075285548,MCF7_core,3336.658242319002
11.411054937990809,-21.031776369885588,98.8385075285548,MCF7_core,2682.4058555481074
11.411054937990809,-4.206355273977131,98.8385075285548,MCF7_core,3097.2974106991815
11.411054937990809,12.619065821931326,98.8385075285548,MCF7_core,3183.745816566746
11.411054937990809,29.444486917839782,98.8385075285548,MCF7_core,3638.247583947345
25.98229703641814,-12.61906582193136,98.8385075285548,MCF7_core,2612.47356500653
25.98229703641814,4.206355273977097,98.8385075285548,MCF7_core,2515.455244549163
25.98229703641814,21.031776369885556,98.8385075285548,MCF7_core,2577.848610624318
