x,y,z,cell_type,volume
0.0,-150.0,-20.0,MCF7_core,2494.0
0.0,-150.0,-5.0,MCF7_core,2494.0
0.0,-150.0,10.0,MCF7_core,2494.0
0.0,-135.0,-20.0,MCF7_core,2494.0
0.0,-135.0,-5.0,MCF7_core,2494.0
0.0,-135.0,10.0,MCF7_core,2494.0
0.0,-120.0,-20.0,MCF7_core,2494.0
0.0,-120.0,-5.0,MCF7_core,2494.0
0.0,-120.0,10.0,MCF7_core,2494.0
0.0,-105.0,-20.0,MCF7_core,2494.0
0.0,-105.0,-5.0,MCF7_core,2494.0
0.0,-105.0,10.0,MCF7_core,2494.0
0.0,-90.0,-20.0,MCF7_core,2494.0
0.0,-90.0,-5.0,MCF7_core,2494.0
0.0,-90.0,10.0,MCF7_core,2494.0
0.0,-75.0,-20.0,MCF7_core,2494.0
0.0,-75.0,-5.0,MCF7_core,2494.0
0.0,-75.0,10.0,MCF7_core,2494.0
0.0,-60.0,-20.0,MCF7_core,2494.0
0.0,-60.0,-5.0,MCF7_core,2494.0
0.0,-60.0,10.0,MCF7_core,2494.0
0.0,-45.0,-20.0,MCF7_core,2494.0
0.0,-45.0,-5.0,MCF7_core,2494.0
0.0,-45.0,10.0,MCF7_core,2494.0
0.0,-30.0,-20.0,MCF7_core,2494.0
0.0,-30.0,-5.0,MCF7_core,2494.0
0.0,-30.0,10.0,MCF7_core,2494.0
0.0,-15.0,-20.0,MCF7_core,2494.0
0.0,-15.0,-5.0,MCF7_core,2494.0
0.0,-15.0,10.0,MCF7_core,2494.0
0.0,0.0,-20.0,MCF7_core,2494.0
0.0,0.0,-5.0,MCF7_core,2494.0
0.0,0.0,10.0,MCF7_core,2494.0
0.0,15.0,-20.0,MCF7_core,2494.0
0.0,15.0,-5.0,MCF7_core,2494.0
0.0,15.0,10.0,MCF7_core,2494.0
0.0,30.0,-20.0,MCF7_core,2494.0
0.0,30.0,-5.0,MCF7_core,2494.0
0.0,30.0,10.0,MCF7_core,2494.0
0.0,45.0,-20.0,MCF7_core,2494.0
0.0,45.0,-5.0,MCF7_core,2494.0
0.0,45.0,10.0,MCF7_core,2494.0
0.0,60.0,-20.0,MCF7_core,2494.0
0.0,60.0,-5.0,MCF7_core,2494.0
0.0,60.0,10.0,MCF7_core,2494.0
0.0,75.0,-20.0,MCF7_core,2494.0
0.0,75.0,-5.0,MCF7_core,2494.0
0.0,75.0,10.0,MCF7_core,2494.0
0.0,90.0,-20.0,MCF7_core,2494.0
0.0,90.0,-5.0,MCF7_core,2494.0
0.0,90.0,10.0,MCF7_core,2494.0
0.0,105.0,-20.0,MCF7_core,2494.0
0.0,105.0,-5.0,MCF7_core,2494.0
0.0,105.0,10.0,MCF7_core,2494.0
0.0,120.0,-20.0,MCF7_core,2494.0
0.0,120.0,-5.0,MCF7_core,2494.0
0.0,120.0,10.0,MCF7_core,2494.0
0.0,135.0,-20.0,MCF7_core,2494.0
0.0,135.0,-5.0,MCF7_core,2494.0
0.0,135.0,10.0,MCF7_core,2494.0
0.0,150.0,-20.0,MCF7_core,2494.0
0.0,150.0,-5.0,MCF7_core,2494.0
0.0,150.0,10.0,MCF7_core,2494.0
15.0,-150.0,-20.0,MCF7_core,2494.0
15.0,-150.0,-5.0,MCF7_core,2494.0
15.0,-150.0,10.0,MCF7_core,2494.0
15.0,-135.0,-20.0,MCF7_core,2494.0
15.0,-135.0,-5.0,MCF7_core,2494.0
15.0,-135.0,10.0,MCF7_core,2494.0
15.0,-120.0,-20.0,MCF7_core,2494.0
15.0,-120.0,-5.0,MCF7_core,2494.0
15.0,-120.0,10.0,MCF7_core,2494.0
15.0,-105.0,-20.0,MCF7_core,2494.0
15.0,-105.0,-5.0,MCF7_core,2494.0
15.0,-105.0,10.0,MCF7_core,2494.0
15.0,-90.0,-20.0,MCF7_core,2494.0
15.0,-90.0,-5.0,MCF7_core,2494.0
15.0,-90.0,10.0,MCF7_core,2494.0
15.0,-75.0,-20.0,MCF7_core,2494.0
15.0,-75.0,-5.0,MCF7_core,2494.0
15.0,-75.0,10.0,MCF7_core,2494.0
15.0,-60.0,-20.0,MCF7_core,2494.0
15.0,-60.0,-5.0,MCF7_core,2494.0
15.0,-60.0,10.0,MCF7_core,2494.0
15.0,-45.0,-20.0,MCF7_core,2494.0
15.0,-45.0,-5.0,MCF7_core,2494.0
15.0,-45.0,10.0,MCF7_core,2494.0
15.0,-30.0,-20.0,MCF7_core,2494.0
15.0,-30.0,-5.0,MCF7_core,2494.0
15.0,-30.0,10.0,MCF7_core,2494.0
15.0,-15.0,-20.0,MCF7_core,2494.0
15.0,-15.0,-5.0,MCF7_core,2494.0
15.0,-15.0,10.0,MCF7_core,2494.0
15.0,0.0,-20.0,MCF7_core,2494.0
15.0,0.0,-5.0,MCF7_core,2494.0
15.0,0.0,10.0,MCF7_core,2494.0
15.0,15.0,-20.0,MCF7_core,2494.0
15.0,15.0,-5.0,MCF7_core,2494.0
15.0,15.0,10.0,MCF7_core,2494.0
15.0,30.0,-20.0,MCF7_core,2494.0
15.0,30.0,-5.0,MCF7_core,2494.0
15.0,30.0,10.0,MCF7_core,2494.0
15.0,45.0,-20.0,MCF7_core,2494.0
15.0,45.0,-5.0,MCF7_core,2494.0
15.0,45.0,10.0,MCF7_core,2494.0
15.0,60.0,-20.0,MCF7_core,2494.0
15.0,60.0,-5.0,MCF7_core,2494.0
15.0,60.0,10.0,MCF7_core,2494.0
15.0,75.0,-20.0,MCF7_core,2494.0
15.0,75.0,-5.0,MCF7_core,2494.0
15.0,75.0,10.0,MCF7_core,2494.0
15.0,90.0,-20.0,MCF7_core,2494.0
15.0,90.0,-5.0,MCF7_core,2494.0
15.0,90.0,10.0,MCF7_core,2494.0
15.0,105.0,-20.0,MCF7_core,2494.0
15.0,105.0,-5.0,MCF7_core,2494.0
15.0,105.0,10.0,MCF7_core,2494.0
15.0,120.0,-20.0,MCF7_core,2494.0
15.0,120.0,-5.0,MCF7_core,2494.0
15.0,120.0,10.0,MCF7_core,2494.0
15.0,135.0,-20.0,MCF7_core,2494.0
15.0,135.0,-5.0,MCF7_core,2494.0
15.0,135.0,10.0,MCF7_core,2494.0
15.0,150.0,-20.0,MCF7_core,2494.0
15.0,150.0,-5.0,MCF7_core,2494.0
15.0,150.0,10.0,MCF7_core,2494.0
30.0,-150.0,-20.0,MCF7_core,2494.0
30.0,-150.0,-5.0,MCF7_core,2494.0
30.0,-150.0,10.0,MCF7_core,2494.0
30.0,-135.0,-20.0,MCF7_core,2494.0
30.0,-135.0,-5.0,MCF7_core,2494.0
30.0,-135.0,10.0,MCF7_core,2494.0
30.0,-120.0,-20.0,MCF7_core,2494.0
30.0,-120.0,-5.0,MCF7_core,2494.0
30.0,-120.0,10.0,MCF7_core,2494.0
30.0,-105.0,-20.0,MCF7_core,2494.0
30.0,-105.0,-5.0,MCF7_core,2494.0
30.0,-105.0,10.0,MCF7_core,2494.0
30.0,-90.0,-20.0,MCF7_core,2494.0
30.0,-90.0,-5.0,MCF7_core,2494.0
30.0,-90.0,10.0,MCF7_core,2494.0
30.0,-75.0,-20.0,MCF7_core,2494.0
30.0,-75.0,-5.0,MCF7_core,2494.0
30.0,-75.0,10.0,MCF7_core,2494.0
30.0,-60.0,-20.0,MCF7_core,2494.0
30.0,-60.0,-5.0,MCF7_core,2494.0
30.0,-60.0,10.0,MCF7_core,2494.0
30.0,-45.0,-20.0,MCF7_core,2494.0
30.0,-45.0,-5.0,MCF7_core,2494.0
30.0,-45.0,10.0,MCF7_core,2494.0
30.0,-30.0,-20.0,MCF7_core,2494.0
30.0,-30.0,-5.0,MCF7_core,2494.0
30.0,-30.0,10.0,MCF7_core,2494.0
30.0,-15.0,-20.0,MCF7_core,2494.0
30.0,-15.0,-5.0,MCF7_core,2494.0
30.0,-15.0,10.0,MCF7_core,2494.0
30.0,0.0,-20.0,MCF7_core,2494.0
30.0,0.0,-5.0,MCF7_core,2494.0
30.0,0.0,10.0,MCF7_core,2494.0
30.0,15.0,-20.0,MCF7_core,2494.0
30.0,15.0,-5.0,MCF7_core,2494.0
30.0,15.0,10.0,MCF7_core,2494.0
30.0,30.0,-20.0,MCF7_core,2494.0
30.0,30.0,-5.0,MCF7_core,2494.0
30.0,30.0,10.0,MCF7_core,2494.0
30.0,45.0,-20.0,MCF7_core,2494.0
30.0,45.0,-5.0,MCF7_core,2494.0
30.0,45.0,10.0,MCF7_core,2494.0
30.0,60.0,-20.0,MCF7_core,2494.0
30.0,60.0,-5.0,MCF7_core,2494.0
30.0,60.0,10.0,MCF7_core,2494.0
30.0,75.0,-20.0,MCF7_core,2494.0
30.0,75.0,-5.0,MCF7_core,2494.0
30.0,75.0,10.0,MCF7_core,2494.0
30.0,90.0,-20.0,MCF7_core,2494.0
30.0,90.0,-5.0,MCF7_core,2494.0
30.0,90.0,10.0,MCF7_core,2494.0
30.0,105.0,-20.0,MCF7_core,2494.0
30.0,105.0,-5.0,MCF7_core,2494.0
30.0,105.0,10.0,MCF7_core,2494.0
30.0,120.0,-20.0,MCF7_core,2494.0
30.0,120.0,-5.0,MCF7_core,2494.0
30.0,120.0,10.0,MCF7_core,2494.0
30.0,135.0,-20.0,MCF7_core,2494.0
30.0,135.0,-5.0,MCF7_core,2494.0
30.0,135.0,10.0,MCF7_core,2494.0
30.0,150.0,-20.0,MCF7_core,2494.0
30.0,150.0,-5.0,MCF7_core,2494.0
30.0,150.0,10.0,MCF7_core,2494.0
45.0,-150.0,-20.0,MCF7_core,2494.0
45.0,-150.0,-5.0,MCF7_core,2494.0
45.0,-150.0,10.0,MCF7_core,2494.0
45.0,-135.0,-20.0,MCF7_core,2494.0
45.0,-135.0,-5.0,MCF7_core,2494.0
45.0,-135.0,10.0,MCF7_core,2494.0
45.0,-120.0,-20.0,MCF7_core,2494.0
45.0,-120.0,-5.0,MCF7_core,2494.0
45.0,-120.0,10.0,MCF7_core,2494.0
45.0,-105.0,-20.0,MCF7_core,2494.0
45.0,-105.0,-5.0,MCF7_core,2494.0
45.0,-105.0,10.0,MCF7_core,2494.0
45.0,-90.0,-20.0,MCF7_core,2494.0
45.0,-90.0,-5.0,MCF7_core,2494.0
45.0,-90.0,10.0,MCF7_core,2494.0
45.0,-75.0,-20.0,MCF7_core,2494.0
45.0,-75.0,-5.0,MCF7_core,2494.0
45.0,-75.0,10.0,MCF7_core,2494.0
45.0,-60.0,-20.0,MCF7_core,2494.0
45.0,-60.0,-5.0,MCF7_core,2494.0
45.0,-60.0,10.0,MCF7_core,2494.0
45.0,-45.0,-20.0,MCF7_core,2494.0
45.0,-45.0,-5.0,MCF7_core,2494.0
45.0,-45.0,10.0,MCF7_core,2494.0
45.0,-30.0,-20.0,MCF7_core,2494.0
45.0,-30.0,-5.0,MCF7_core,2494.0
45.0,-30.0,10.0,MCF7_core,2494.0
45.0,-15.0,-20.0,MCF7_core,2494.0
45.0,-15.0,-5.0,MCF7_core,2494.0
45.0,-15.0,10.0,MCF7_core,2494.0
45.0,0.0,-20.0,MCF7_core,2494.0
45.0,0.0,-5.0,MCF7_core,2494.0
45.0,0.0,10.0,MCF7_core,2494.0
45.0,15.0,-20.0,MCF7_core,2494.0
45.0,15.0,-5.0,MCF7_core,2494.0
45.0,15.0,10.0,MCF7_core,2494.0
45.0,30.0,-20.0,MCF7_core,2494.0
45.0,30.0,-5.0,MCF7_core,2494.0
45.0,30.0,10.0,MCF7_core,2494.0
45.0,45.0,-20.0,MCF7_core,2494.0
45.0,45.0,-5.0,MCF7_core,2494.0
45.0,45.0,10.0,MCF7_core,2494.0
45.0,60.0,-20.0,MCF7_core,2494.0
45.0,60.0,-5.0,MCF7_core,2494.0
45.0,60.0,10.0,MCF7_core,2494.0
45.0,75.0,-20.0,MCF7_core,2494.0
45.0,75.0,-5.0,MCF7_core,2494.0
45.0,75.0,10.0,MCF7_core,2494.0
45.0,90.0,-20.0,MCF7_core,2494.0
45.0,90.0,-5.0,MCF7_core,2494.0
45.0,90.0,10.0,MCF7_core,2494.0
45.0,105.0,-20.0,MCF7_core,2494.0
45.0,105.0,-5.0,MCF7_core,2494.0
45.0,105.0,10.0,MCF7_core,2494.0
45.0,120.0,-20.0,MCF7_core,2494.0
45.0,120.0,-5.0,MCF7_core,2494.0
45.0,120.0,10.0,MCF7_core,2494.0
45.0,135.0,-20.0,MCF7_core,2494.0
45.0,135.0,-5.0,MCF7_core,2494.0
45.0,135.0,10.0,MCF7_core,2494.0
45.0,150.0,-20.0,MCF7_core,2494.0
45.0,150.0,-5.0,MCF7_core,2494.0
45.0,150.0,10.0,MCF7_core,2494.0
60.0,-150.0,-20.0,MCF7_core,2494.0
60.0,-150.0,-5.0,MCF7_core,2494.0
60.0,-150.0,10.0,MCF7_core,2494.0
60.0,-135.0,-20.0,MCF7_core,2494.0
60.0,-135.0,-5.0,MCF7_core,2494.0
60.0,-135.0,10.0,MCF7_core,2494.0
60.0,-120.0,-20.0,MCF7_core,2494.0
60.0,-120.0,-5.0,MCF7_core,2494.0
60.0,-120.0,10.0,MCF7_core,2494.0
60.0,-105.0,-20.0,MCF7_core,2494.0
60.0,-105.0,-5.0,MCF7_core,2494.0
60.0,-105.0,10.0,MCF7_core,2494.0
60.0,-90.0,-20.0,MCF7_core,2494.0
60.0,-90.0,-5.0,MCF7_core,2494.0
60.0,-90.0,10.0,MCF7_core,2494.0
60.0,-75.0,-20.0,MCF7_core,2494.0
60.0,-75.0,-5.0,MCF7_core,2494.0
60.0,-75.0,10.0,MCF7_core,2494.0
60.0,-60.0,-20.0,MCF7_core,2494.0
60.0,-60.0,-5.0,MCF7_core,2494.0
60.0,-60.0,10.0,MCF7_core,2494.0
60.0,-45.0,-20.0,MCF7_core,2494.0
60.0,-45.0,-5.0,MCF7_core,2494.0
60.0,-45.0,10.0,MCF7_core,2494.0
60.0,-30.0,-20.0,MCF7_core,2494.0
60.0,-30.0,-5.0,MCF7_core,2494.0
60.0,-30.0,10.0,MCF7_core,2494.0
60.0,-15.0,-20.0,MCF7_core,2494.0
60.0,-15.0,-5.0,MCF7_core,2494.0
60.0,-15.0,10.0,MCF7_core,2494.0
60.0,0.0,-20.0,MCF7_core,2494.0
60.0,0.0,-5.0,MCF7_core,2494.0
60.0,0.0,10.0,MCF7_core,2494.0
60.0,15.0,-20.0,MCF7_core,2494.0
60.0,15.0,-5.0,MCF7_core,2494.0
60.0,15.0,10.0,MCF7_core,2494.0
60.0,30.0,-20.0,MCF7_core,2494.0
60.0,30.0,-5.0,MCF7_core,2494.0
60.0,30.0,10.0,MCF7_core,2494.0
60.0,45.0,-20.0,MCF7_core,2494.0
60.0,45.0,-5.0,MCF7_core,2494.0
60.0,45.0,10.0,MCF7_core,2494.0
60.0,60.0,-20.0,MCF7_core,2494.0
60.0,60.0,-5.0,MCF7_core,2494.0
60.0,60.0,10.0,MCF7_core,2494.0
60.0,75.0,-20.0,MCF7_core,2494.0
60.0,75.0,-5.0,MCF7_core,2494.0
60.0,75.0,10.0,MCF7_core,2494.0
60.0,90.0,-20.0,MCF7_core,2494.0
60.0,90.0,-5.0,MCF7_core,2494.0
60.0,90.0,10.0,MCF7_core,2494.0
60.0,105.0,-20.0,MCF7_core,2494.0
60.0,105.0,-5.0,MCF7_core,2494.0
60.0,105.0,10.0,MCF7_core,2494.0
60.0,120.0,-20.0,MCF7_core,2494.0
60.0,120.0,-5.0,MCF7_core,2494.0
60.0,120.0,10.0,MCF7_core,2494.0
60.0,135.0,-20.0,MCF7_core,2494.0
60.0,135.0,-5.0,MCF7_core,2494.0
60.0,135.0,10.0,MCF7_core,2494.0
60.0,150.0,-20.0,MCF7_core,2494.0
60.0,150.0,-5.0,MCF7_core,2494.0
60.0,150.0,10.0,MCF7_core,2494.0
75.0,-150.0,-20.0,MCF7_core,2494.0
75.0,-150.0,-5.0,MCF7_core,2494.0
75.0,-150.0,10.0,MCF7_core,2494.0
75.0,-135.0,-20.0,MCF7_core,2494.0
75.0,-135.0,-5.0,MCF7_core,2494.0
75.0,-135.0,10.0,MCF7_core,2494.0
75.0,-120.0,-20.0,MCF7_core,2494.0
75.0,-120.0,-5.0,MCF7_core,2494.0
75.0,-120.0,10.0,MCF7_core,2494.0
75.0,-105.0,-20.0,MCF7_core,2494.0
75.0,-105.0,-5.0,MCF7_core,2494.0
75.0,-105.0,10.0,MCF7_core,2494.0
75.0,-90.0,-20.0,MCF7_core,2494.0
75.0,-90.0,-5.0,MCF7_core,2494.0
75.0,-90.0,10.0,MCF7_core,2494.0
75.0,-75.0,-20.0,MCF7_core,2494.0
75.0,-75.0,-5.0,MCF7_core,2494.0
75.0,-75.0,10.0,MCF7_core,2494.0
75.0,-60.0,-20.0,MCF7_core,2494.0
75.0,-60.0,-5.0,MCF7_core,2494.0
75.0,-60.0,10.0,MCF7_core,2494.0
75.0,-45.0,-20.0,MCF7_core,2494.0
75.0,-45.0,-5.0,MCF7_core,2494.0
75.0,-45.0,10.0,MCF7_core,2494.0
75.0,-30.0,-20.0,MCF7_core,2494.0
75.0,-30.0,-5.0,MCF7_core,2494.0
75.0,-30.0,10.0,MCF7_core,2494.0
75.0,-15.0,-20.0,MCF7_core,2494.0
75.0,-15.0,-5.0,MCF7_core,2494.0
75.0,-15.0,10.0,MCF7_core,2494.0
75.0,0.0,-20.0,MCF7_core,2494.0
75.0,0.0,-5.0,MCF7_core,2494.0
75.0,0.0,10.0,MCF7_core,2494.0
75.0,15.0,-20.0,MCF7_core,2494.0
75.0,15.0,-5.0,MCF7_core,2494.0
75.0,15.0,10.0,MCF7_core,2494.0
75.0,30.0,-20.0,MCF7_core,2494.0
75.0,30.0,-5.0,MCF7_core,2494.0
75.0,30.0,10.0,MCF7_core,2494.0
75.0,45.0,-20.0,MCF7_core,2494.0
75.0,45.0,-5.0,MCF7_core,2494.0
75.0,45.0,10.0,MCF7_core,2494.0
75.0,60.0,-20.0,MCF7_core,2494.0
75.0,60.0,-5.0,MCF7_core,2494.0
75.0,60.0,10.0,MCF7_core,2494.0
75.0,75.0,-20.0,MCF7_core,2494.0
75.0,75.0,-5.0,MCF7_core,2494.0
75.0,75.0,10.0,MCF7_core,2494.0
75.0,90.0,-20.0,MCF7_core,2494.0
75.0,90.0,-5.0,MCF7_core,2494.0
75.0,90.0,10.0,MCF7_core,2494.0
75.0,105.0,-20.0,MCF7_core,2494.0
75.0,105.0,-5.0,MCF7_core,2494.0
75.0,105.0,10.0,MCF7_core,2494.0
75.0,120.0,-20.0,MCF7_core,2494.0
75.0,120.0,-5.0,MCF7_core,2494.0
75.0,120.0,10.0,MCF7_core,2494.0
75.0,135.0,-20.0,MCF7_core,2494.0
75.0,135.0,-5.0,MCF7_core,2494.0
75.0,135.0,10.0,MCF7_core,2494.0
75.0,150.0,-20.0,MCF7_core,2494.0
75.0,150.0,-5.0,MCF7_core,2494.0
75.0,150.0,10.0,MCF7_core,2494.0
90.0,-150.0,-20.0,MCF7_core,2494.0
90.0,-150.0,-5.0,MCF7_core,2494.0
90.0,-150.0,10.0,MCF7_core,2494.0
90.0,-135.0,-20.0,MCF7_core,2494.0
90.0,-135.0,-5.0,MCF7_core,2494.0
90.0,-135.0,10.0,MCF7_core,2494.0
90.0,-120.0,-20.0,MCF7_core,2494.0
90.0,-120.0,-5.0,MCF7_core,2494.0
90.0,-120.0,10.0,MCF7_core,2494.0
90.0,-105.0,-20.0,MCF7_core,2494.0
90.0,-105.0,-5.0,MCF7_core,2494.0
90.0,-105.0,10.0,MCF7_core,2494.0
90.0,-90.0,-20.0,MCF7_core,2494.0
90.0,-90.0,-5.0,MCF7_core,2494.0
90.0,-90.0,10.0,MCF7_core,2494.0
90.0,-75.0,-20.0,MCF7_core,2494.0
90.0,-75.0,-5.0,MCF7_core,2494.0
90.0,-75.0,10.0,MCF7_core,2494.0
90.0,-60.0,-20.0,MCF7_core,2494.0
90.0,-60.0,-5.0,MCF7_core,2494.0
90.0,-60.0,10.0,MCF7_core,2494.0
90.0,-45.0,-20.0,MCF7_core,2494.0
90.0,-45.0,-5.0,MCF7_core,2494.0
90.0,-45.0,10.0,MCF7_core,2494.0
90.0,-30.0,-20.0,MCF7_core,2494.0
90.0,-30.0,-5.0,MCF7_core,2494.0
90.0,-30.0,10.0,MCF7_core,2494.0
90.0,-15.0,-20.0,MCF7_core,2494.0
90.0,-15.0,-5.0,MCF7_core,2494.0
90.0,-15.0,10.0,MCF7_core,2494.0
90.0,0.0,-20.0,MCF7_core,2494.0
90.0,0.0,-5.0,MCF7_core,2494.0
90.0,0.0,10.0,MCF7_core,2494.0
90.0,15.0,-20.0,MCF7_core,2494.0
90.0,15.0,-5.0,MCF7_core,2494.0
90.0,15.0,10.0,MCF7_core,2494.0
90.0,30.0,-20.0,MCF7_core,2494.0
90.0,30.0,-5.0,MCF7_core,2494.0
90.0,30.0,10.0,MCF7_core,2494.0
90.0,45.0,-20.0,MCF7_core,2494.0
90.0,45.0,-5.0,MCF7_core,2494.0
90.0,45.0,10.0,MCF7_core,2494.0
90.0,60.0,-20.0,MCF7_core,2494.0
90.0,60.0,-5.0,MCF7_core,2494.0
90.0,60.0,10.0,MCF7_core,2494.0
90.0,75.0,-20.0,MCF7_core,2494.0
90.0,75.0,-5.0,MCF7_core,2494.0
90.0,75.0,10.0,MCF7_core,2494.0
90.0,90.0,-20.0,MCF7_core,2494.0
90.0,90.0,-5.0,MCF7_core,2494.0
90.0,90.0,10.0,MCF7_core,2494.0
90.0,105.0,-20.0,MCF7_core,2494.0
90.0,105.0,-5.0,MCF7_core,2494.0
90.0,105.0,10.0,MCF7_core,2494.0
90.0,120.0,-20.0,MCF7_core,2494.0
90.0,120.0,-5.0,MCF7_core,2494.0
90.0,120.0,10.0,MCF7_core,2494.0
90.0,135.0,-20.0,MCF7_core,2494.0
90.0,135.0,-5.0,MCF7_core,2494.0
90.0,135.0,10.0,MCF7_core,2494.0
90.0,150.0,-20.0,MCF7_core,2494.0
90.0,150.0,-5.0,MCF7_core,2494.0
90.0,150.0,10.0,MCF7_core,2494.0
105.0,-150.0,-20.0,MCF7_core,2494.0
105.0,-150.0,-5.0,MCF7_core,2494.0
105.0,-150.0,10.0,MCF7_core,2494.0
105.0,-135.0,-20.0,MCF7_core,2494.0
105.0,-135.0,-5.0,MCF7_core,2494.0
105.0,-135.0,10.0,MCF7_core,2494.0
105.0,-120.0,-20.0,MCF7_core,2494.0
105.0,-120.0,-5.0,MCF7_core,2494.0
105.0,-120.0,10.0,MCF7_core,2494.0
105.0,-105.0,-20.0,MCF7_core,2494.0
105.0,-105.0,-5.0,MCF7_core,2494.0
105.0,-105.0,10.0,MCF7_core,2494.0
105.0,-90.0,-20.0,MCF7_core,2494.0
105.0,-90.0,-5.0,MCF7_core,2494.0
105.0,-90.0,10.0,MCF7_core,2494.0
105.0,-75.0,-20.0,MCF7_core,2494.0
105.0,-75.0,-5.0,MCF7_core,2494.0
105.0,-75.0,10.0,MCF7_core,2494.0
105.0,-60.0,-20.0,MCF7_core,2494.0
105.0,-60.0,-5.0,MCF7_core,2494.0
105.0,-60.0,10.0,MCF7_core,2494.0
105.0,-45.0,-20.0,MCF7_core,2494.0
105.0,-45.0,-5.0,MCF7_core,2494.0
105.0,-45.0,10.0,MCF7_core,2494.0
105.0,-30.0,-20.0,MCF7_core,2494.0
105.0,-30.0,-5.0,MCF7_core,2494.0
105.0,-30.0,10.0,MCF7_core,2494.0
105.0,-15.0,-20.0,MCF7_core,2494.0
105.0,-15.0,-5.0,MCF7_core,2494.0
105.0,-15.0,10.0,MCF7_core,2494.0
105.0,0.0,-20.0,MCF7_core,2494.0
105.0,0.0,-5.0,MCF7_core,2494.0
105.0,0.0,10.0,MCF7_core,2494.0
105.0,15.0,-20.0,MCF7_core,2494.0
105.0,15.0,-5.0,MCF7_core,2494.0
105.0,15.0,10.0,MCF7_core,2494.0
105.0,30.0,-20.0,MCF7_core,2494.0
105.0,30.0,-5.0,MCF7_core,2494.0
105.0,30.0,10.0,MCF7_core,2494.0
105.0,45.0,-20.0,MCF7_core,2494.0
105.0,45.0,-5.0,MCF7_core,2494.0
105.0,45.0,10.0,MCF7_core,2494.0
105.0,60.0,-20.0,MCF7_core,2494.0
105.0,60.0,-5.0,MCF7_core,2494.0
105.0,60.0,10.0,MCF7_core,2494.0
105.0,75.0,-20.0,MCF7_core,2494.0
105.0,75.0,-5.0,MCF7_core,2494.0
105.0,75.0,10.0,MCF7_core,2494.0
105.0,90.0,-20.0,MCF7_core,2494.0
105.0,90.0,-5.0,MCF7_core,2494.0
105.0,90.0,10.0,MCF7_core,2494.0
105.0,105.0,-20.0,MCF7_core,2494.0
105.0,105.0,-5.0,MCF7_core,2494.0
105.0,105.0,10.0,MCF7_core,2494.0
105.0,120.0,-20.0,MCF7_core,2494.0
105.0,120.0,-5.0,MCF7_core,2494.0
105.0,120.0,10.0,MCF7_core,2494.0
105.0,135.0,-20.0,MCF7_core,2494.0
105.0,135.0,-5.0,MCF7_core,2494.0
105.0,135.0,10.0,MCF7_core,2494.0
105.0,150.0,-20.0,MCF7_core,2494.0
105.0,150.0,-5.0,MCF7_core,2494.0
105.0,150.0,10.0,MCF7_core,2494.0
120.0,-150.0,-20.0,MCF7_core,2494.0
120.0,-150.0,-5.0,MCF7_core,2494.0
120.0,-150.0,10.0,MCF7_core,2494.0
120.0,-135.0,-20.0,MCF7_core,2494.0
120.0,-135.0,-5.0,MCF7_core,2494.0
120.0,-135.0,10.0,MCF7_core,2494.0
120.0,-120.0,-20.0,MCF7_core,2494.0
120.0,-120.0,-5.0,MCF7_core,2494.0
120.0,-120.0,10.0,MCF7_core,2494.0
120.0,-105.0,-20.0,MCF7_core,2494.0
120.0,-105.0,-5.0,MCF7_core,2494.0
120.0,-105.0,10.0,MCF7_core,2494.0
120.0,-90.0,-20.0,MCF7_core,2494.0
120.0,-90.0,-5.0,MCF7_core,2494.0
120.0,-90.0,10.0,MCF7_core,2494.0
120.0,-75.0,-20.0,MCF7_core,2494.0
120.0,-75.0,-5.0,MCF7_core,2494.0
120.0,-75.0,10.0,MCF7_core,2494.0
120.0,-60.0,-20.0,MCF7_core,2494.0
120.0,-60.0,-5.0,MCF7_core,2494.0
120.0,-60.0,10.0,MCF7_core,2494.0
120.0,-45.0,-20.0,MCF7_core,2494.0
120.0,-45.0,-5.0,MCF7_core,2494.0
120.0,-45.0,10.0,MCF7_core,2494.0
120.0,-30.0,-20.0,MCF7_core,2494.0
120.0,-30.0,-5.0,MCF7_core,2494.0
120.0,-30.0,10.0,MCF7_core,2494.0
120.0,-15.0,-20.0,MCF7_core,2494.0
120.0,-15.0,-5.0,MCF7_core,2494.0
120.0,-15.0,10.0,MCF7_core,2494.0
120.0,0.0,-20.0,MCF7_core,2494.0
120.0,0.0,-5.0,MCF7_core,2494.0
120.0,0.0,10.0,MCF7_core,2494.0
120.0,15.0,-20.0,MCF7_core,2494.0
120.0,15.0,-5.0,MCF7_core,2494.0
120.0,15.0,10.0,MCF7_core,2494.0
120.0,30.0,-20.0,MCF7_core,2494.0
120.0,30.0,-5.0,MCF7_core,2494.0
120.0,30.0,10.0,MCF7_core,2494.0
120.0,45.0,-20.0,MCF7_core,2494.0
120.0,45.0,-5.0,MCF7_core,2494.0
120.0,45.0,10.0,MCF7_core,2494.0
120.0,60.0,-20.0,MCF7_core,2494.0
120.0,60.0,-5.0,MCF7_core,2494.0
120.0,60.0,10.0,MCF7_core,2494.0
120.0,75.0,-20.0,MCF7_core,2494.0
120.0,75.0,-5.0,MCF7_core,2494.0
120.0,75.0,10.0,MCF7_core,2494.0
120.0,90.0,-20.0,MCF7_core,2494.0
120.0,90.0,-5.0,MCF7_core,2494.0
120.0,90.0,10.0,MCF7_core,2494.0
120.0,105.0,-20.0,MCF7_core,2494.0
120.0,105.0,-5.0,MCF7_core,2494.0
120.0,105.0,10.0,MCF7_core,2494.0
120.0,120.0,-20.0,MCF7_core,2494.0
120.0,120.0,-5.0,MCF7_core,2494.0
120.0,120.0,10.0,MCF7_core,2494.0
120.0,135.0,-20.0,MCF7_core,2494.0
120.0,135.0,-5.0,MCF7_core,2494.0
120.0,135.0,10.0,MCF7_core,2494.0
120.0,150.0,-20.0,MCF7_core,2494.0
120.0,150.0,-5.0,MCF7_core,2494.0
120.0,150.0,10.0,MCF7_core,2494.0
135.0,-150.0,-20.0,MCF7_core,2494.0
135.0,-150.0,-5.0,MCF7_core,2494.0
135.0,-150.0,10.0,MCF7_core,2494.0
135.0,-135.0,-20.0,MCF7_core,2494.0
135.0,-135.0,-5.0,MCF7_core,2494.0
135.0,-135.0,10.0,MCF7_core,2494.0
135.0,-120.0,-20.0,MCF7_core,2494.0
135.0,-120.0,-5.0,MCF7_core,2494.0
135.0,-120.0,10.0,MCF7_core,2494.0
135.0,-105.0,-20.0,MCF7_core,2494.0
135.0,-105.0,-5.0,MCF7_core,2494.0
135.0,-105.0,10.0,MCF7_core,2494.0
135.0,-90.0,-20.0,MCF7_core,2494.0
135.0,-90.0,-5.0,MCF7_core,2494.0
135.0,-90.0,10.0,MCF7_core,2494.0
135.0,-75.0,-20.0,MCF7_core,2494.0
135.0,-75.0,-5.0,MCF7_core,2494.0
135.0,-75.0,10.0,MCF7_core,2494.0
135.0,-60.0,-20.0,MCF7_core,2494.0
135.0,-60.0,-5.0,MCF7_core,2494.0
135.0,-60.0,10.0,MCF7_core,2494.0
135.0,-45.0,-20.0,MCF7_core,2494.0
135.0,-45.0,-5.0,MCF7_core,2494.0
135.0,-45.0,10.0,MCF7_core,2494.0
135.0,-30.0,-20.0,MCF7_core,2494.0
135.0,-30.0,-5.0,MCF7_core,2494.0
135.0,-30.0,10.0,MCF7_core,2494.0
135.0,-15.0,-20.0,MCF7_core,2494.0
135.0,-15.0,-5.0,MCF7_core,2494.0
135.0,-15.0,10.0,MCF7_core,2494.0
135.0,0.0,-20.0,MCF7_core,2494.0
135.0,0.0,-5.0,MCF7_core,2494.0
135.0,0.0,10.0,MCF7_core,2494.0
135.0,15.0,-20.0,MCF7_core,2494.0
135.0,15.0,-5.0,MCF7_core,2494.0
135.0,15.0,10.0,MCF7_core,2494.0
135.0,30.0,-20.0,MCF7_core,2494.0
135.0,30.0,-5.0,MCF7_core,2494.0
135.0,30.0,10.0,MCF7_core,2494.0
135.0,45.0,-20.0,MCF7_core,2494.0
135.0,45.0,-5.0,MCF7_core,2494.0
135.0,45.0,10.0,MCF7_core,2494.0
135.0,60.0,-20.0,MCF7_core,2494.0
135.0,60.0,-5.0,MCF7_core,2494.0
135.0,60.0,10.0,MCF7_core,2494.0
135.0,75.0,-20.0,MCF7_core,2494.0
135.0,75.0,-5.0,MCF7_core,2494.0
135.0,75.0,10.0,MCF7_core,2494.0
135.0,90.0,-20.0,MCF7_core,2494.0
135.0,90.0,-5.0,MCF7_core,2494.0
135.0,90.0,10.0,MCF7_core,2494.0
135.0,105.0,-20.0,MCF7_core,2494.0
135.0,105.0,-5.0,MCF7_core,2494.0
135.0,105.0,10.0,MCF7_core,2494.0
135.0,120.0,-20.0,MCF7_core,2494.0
135.0,120.0,-5.0,MCF7_core,2494.0
135.0,120.0,10.0,MCF7_core,2494.0
135.0,135.0,-20.0,MCF7_core,2494.0
135.0,135.0,-5.0,MCF7_core,2494.0
135.0,135.0,10.0,MCF7_core,2494.0
135.0,150.0,-20.0,MCF7_core,2494.0
135.0,150.0,-5.0,MCF7_core,2494.0
135.0,150.0,10.0,MCF7_core,2494.0
150.0,-150.0,-20.0,MCF7_core,2494.0
150.0,-150.0,-5.0,MCF7_core,2494.0
150.0,-150.0,10.0,MCF7_core,2494.0
150.0,-135.0,-20.0,MCF7_core,2494.0
150.0,-135.0,-5.0,MCF7_core,2494.0
150.0,-135.0,10.0,MCF7_core,2494.0
150.0,-120.0,-20.0,MCF7_core,2494.0
150.0,-120.0,-5.0,MCF7_core,2494.0
150.0,-120.0,10.0,MCF7_core,2494.0
150.0,-105.0,-20.0,MCF7_core,2494.0
150.0,-105.0,-5.0,MCF7_core,2494.0
150.0,-105.0,10.0,MCF7_core,2494.0
150.0,-90.0,-20.0,MCF7_core,2494.0
150.0,-90.0,-5.0,MCF7_core,2494.0
150.0,-90.0,10.0,MCF7_core,2494.0
150.0,-75.0,-20.0,MCF7_core,2494.0
150.0,-75.0,-5.0,MCF7_core,2494.0
150.0,-75.0,10.0,MCF7_core,2494.0
150.0,-60.0,-20.0,MCF7_core,2494.0
150.0,-60.0,-5.0,MCF7_core,2494.0
150.0,-60.0,10.0,MCF7_core,2494.0
150.0,-45.0,-20.0,MCF7_core,2494.0
150.0,-45.0,-5.0,MCF7_core,2494.0
150.0,-45.0,10.0,MCF7_core,2494.0
150.0,-30.0,-20.0,MCF7_core,2494.0
150.0,-30.0,-5.0,MCF7_core,2494.0
150.0,-30.0,10.0,MCF7_core,2494.0
150.0,-15.0,-20.0,MCF7_core,2494.0
150.0,-15.0,-5.0,MCF7_core,2494.0
150.0,-15.0,10.0,MCF7_core,2494.0
150.0,0.0,-20.0,MCF7_core,2494.0
150.0,0.0,-5.0,MCF7_core,2494.0
150.0,0.0,10.0,MCF7_core,2494.0
150.0,15.0,-20.0,MCF7_core,2494.0
150.0,15.0,-5.0,MCF7_core,2494.0
150.0,15.0,10.0,MCF7_core,2494.0
150.0,30.0,-20.0,MCF7_core,2494.0
150.0,30.0,-5.0,MCF7_core,2494.0
150.0,30.0,10.0,MCF7_core,2494.0
150.0,45.0,-20.0,MCF7_core,2494.0
150.0,45.0,-5.0,MCF7_core,2494.0
150.0,45.0,10.0,MCF7_core,2494.0
150.0,60.0,-20.0,MCF7_core,2494.0
150.0,60.0,-5.0,MCF7_core,2494.0
150.0,60.0,10.0,MCF7_core,2494.0
150.0,75.0,-20.0,MCF7_core,2494.0
150.0,75.0,-5.0,MCF7_core,2494.0
150.0,75.0,10.0,MCF7_core,2494.0
150.0,90.0,-20.0,MCF7_core,2494.0
150.0,90.0,-5.0,MCF7_core,2494.0
150.0,90.0,10.0,MCF7_core,2494.0
150.0,105.0,-20.0,MCF7_core,2494.0
150.0,105.0,-5.0,MCF7_core,2494.0
150.0,105.0,10.0,MCF7_core,2494.0
150.0,120.0,-20.0,MCF7_core,2494.0
150.0,120.0,-5.0,MCF7_core,2494.0
150.0,120.0,10.0,MCF7_core,2494.0
150.0,135.0,-20.0,MCF7_core,2494.0
150.0,135.0,-5.0,MCF7_core,2494.0
150.0,135.0,10.0,MCF7_core,2494.0
150.0,150.0,-20.0,MCF7_core,2494.0
150.0,150.0,-5.0,MCF7_core,2494.0
150.0,150.0,10.0,MCF7_core,2494.0
165.0,-150.0,-20.0,MCF7_core,2494.0
165.0,-150.0,-5.0,MCF7_core,2494.0
165.0,-150.0,10.0,MCF7_core,2494.0
165.0,-135.0,-20.0,MCF7_core,2494.0
165.0,-135.0,-5.0,MCF7_core,2494.0
165.0,-135.0,10.0,MCF7_core,2494.0
165.0,-120.0,-20.0,MCF7_core,2494.0
165.0,-120.0,-5.0,MCF7_core,2494.0
165.0,-120.0,10.0,MCF7_core,2494.0
165.0,-105.0,-20.0,MCF7_core,2494.0
165.0,-105.0,-5.0,MCF7_core,2494.0
165.0,-105.0,10.0,MCF7_core,2494.0
165.0,-90.0,-20.0,MCF7_core,2494.0
165.0,-90.0,-5.0,MCF7_core,2494.0
165.0,-90.0,10.0,MCF7_core,2494.0
165.0,-75.0,-20.0,MCF7_core,2494.0
165.0,-75.0,-5.0,MCF7_core,2494.0
165.0,-75.0,10.0,MCF7_core,2494.0
165.0,-60.0,-20.0,MCF7_core,2494.0
165.0,-60.0,-5.0,MCF7_core,2494.0
165.0,-60.0,10.0,MCF7_core,2494.0
165.0,-45.0,-20.0,MCF7_core,2494.0
165.0,-45.0,-5.0,MCF7_core,2494.0
165.0,-45.0,10.0,MCF7_core,2494.0
165.0,-30.0,-20.0,MCF7_core,2494.0
165.0,-30.0,-5.0,MCF7_core,2494.0
165.0,-30.0,10.0,MCF7_core,2494.0
165.0,-15.0,-20.0,MCF7_core,2494.0
165.0,-15.0,-5.0,MCF7_core,2494.0
165.0,-15.0,10.0,MCF7_core,2494.0
165.0,0.0,-20.0,MCF7_core,2494.0
165.0,0.0,-5.0,MCF7_core,2494.0
165.0,0.0,10.0,MCF7_core,2494.0
165.0,15.0,-20.0,MCF7_core,2494.0
165.0,15.0,-5.0,MCF7_core,2494.0
165.0,15.0,10.0,MCF7_core,2494.0
165.0,30.0,-20.0,MCF7_core,2494.0
165.0,30.0,-5.0,MCF7_core,2494.0
165.0,30.0,10.0,MCF7_core,2494.0
165.0,45.0,-20.0,MCF7_core,2494.0
165.0,45.0,-5.0,MCF7_core,2494.0
165.0,45.0,10.0,MCF7_core,2494.0
165.0,60.0,-20.0,MCF7_core,2494.0
165.0,60.0,-5.0,MCF7_core,2494.0
165.0,60.0,10.0,MCF7_core,2494.0
165.0,75.0,-20.0,MCF7_core,2494.0
165.0,75.0,-5.0,MCF7_core,2494.0
165.0,75.0,10.0,MCF7_core,2494.0
165.0,90.0,-20.0,MCF7_core,2494.0
165.0,90.0,-5.0,MCF7_core,2494.0
165.0,90.0,10.0,MCF7_core,2494.0
165.0,105.0,-20.0,MCF7_core,2494.0
165.0,105.0,-5.0,MCF7_core,2494.0
165.0,105.0,10.0,MCF7_core,2494.0
165.0,120.0,-20.0,MCF7_core,2494.0
165.0,120.0,-5.0,MCF7_core,2494.0
165.0,120.0,10.0,MCF7_core,2494.0
165.0,135.0,-20.0,MCF7_core,2494.0
165.0,135.0,-5.0,MCF7_core,2494.0
165.0,135.0,10.0,MCF7_core,2494.0
165.0,150.0,-20.0,MCF7_core,2494.0
165.0,150.0,-5.0,MCF7_core,2494.0
165.0,150.0,10.0,MCF7_core,2494.0
180.0,-150.0,-20.0,MCF7_core,2494.0
180.0,-150.0,-5.0,MCF7_core,2494.0
180.0,-150.0,10.0,MCF7_core,2494.0
180.0,-135.0,-20.0,MCF7_core,2494.0
180.0,-135.0,-5.0,MCF7_core,2494.0
180.0,-135.0,10.0,MCF7_core,2494.0
180.0,-120.0,-20.0,MCF7_core,2494.0
180.0,-120.0,-5.0,MCF7_core,2494.0
180.0,-120.0,10.0,MCF7_core,2494.0
180.0,-105.0,-20.0,MCF7_core,2494.0
180.0,-105.0,-5.0,MCF7_core,2494.0
180.0,-105.0,10.0,MCF7_core,2494.0
180.0,-90.0,-20.0,MCF7_core,2494.0
180.0,-90.0,-5.0,MCF7_core,2494.0
180.0,-90.0,10.0,MCF7_core,2494.0
180.0,-75.0,-20.0,MCF7_core,2494.0
180.0,-75.0,-5.0,MCF7_core,2494.0
180.0,-75.0,10.0,MCF7_core,2494.0
180.0,-60.0,-20.0,MCF7_core,2494.0
180.0,-60.0,-5.0,MCF7_core,2494.0
180.0,-60.0,10.0,MCF7_core,2494.0
180.0,-45.0,-20.0,MCF7_core,2494.0
180.0,-45.0,-5.0,MCF7_core,2494.0
180.0,-45.0,10.0,MCF7_core,2494.0
180.0,-30.0,-20.0,MCF7_core,2494.0
180.0,-30.0,-5.0,MCF7_core,2494.0
180.0,-30.0,10.0,MCF7_core,2494.0
180.0,-15.0,-20.0,MCF7_core,2494.0
180.0,-15.0,-5.0,MCF7_core,2494.0
180.0,-15.0,10.0,MCF7_core,2494.0
180.0,0.0,-20.0,MCF7_core,2494.0
180.0,0.0,-5.0,MCF7_core,2494.0
180.0,0.0,10.0,MCF7_core,2494.0
180.0,15.0,-20.0,MCF7_core,2494.0
180.0,15.0,-5.0,MCF7_core,2494.0
180.0,15.0,10.0,MCF7_core,2494.0
180.0,30.0,-20.0,MCF7_core,2494.0
180.0,30.0,-5.0,MCF7_core,2494.0
180.0,30.0,10.0,MCF7_core,2494.0
180.0,45.0,-20.0,MCF7_core,2494.0
180.0,45.0,-5.0,MCF7_core,2494.0
180.0,45.0,10.0,MCF7_core,2494.0
180.0,60.0,-20.0,MCF7_core,2494.0
180.0,60.0,-5.0,MCF7_core,2494.0
180.0,60.0,10.0,MCF7_core,2494.0
180.0,75.0,-20.0,MCF7_core,2494.0
180.0,75.0,-5.0,MCF7_core,2494.0
180.0,75.0,10.0,MCF7_core,2494.0
180.0,90.0,-20.0,MCF7_core,2494.0
180.0,90.0,-5.0,MCF7_core,2494.0
180.0,90.0,10.0,MCF7_core,2494.0
180.0,105.0,-20.0,MCF7_core,2494.0
180.0,105.0,-5.0,MCF7_core,2494.0
180.0,105.0,10.0,MCF7_core,2494.0
180.0,120.0,-20.0,MCF7_core,2494.0
180.0,120.0,-5.0,MCF7_core,2494.0
180.0,120.0,10.0,MCF7_core,2494.0
180.0,135.0,-20.0,MCF7_core,2494.0
180.0,135.0,-5.0,MCF7_core,2494.0
180.0,135.0,10.0,MCF7_core,2494.0
180.0,150.0,-20.0,MCF7_core,2494.0
180.0,150.0,-5.0,MCF7_core,2494.0
180.0,150.0,10.0,MCF7_core,2494.0
195.0,-150.0,-20.0,MCF7_core,2494.0
195.0,-150.0,-5.0,MCF7_core,2494.0
195.0,-150.0,10.0,MCF7_core,2494.0
195.0,-135.0,-20.0,MCF7_core,2494.0
195.0,-135.0,-5.0,MCF7_core,2494.0
195.0,-135.0,10.0,MCF7_core,2494.0
195.0,-120.0,-20.0,MCF7_core,2494.0
195.0,-120.0,-5.0,MCF7_core,2494.0
195.0,-120.0,10.0,MCF7_core,2494.0
195.0,-105.0,-20.0,MCF7_core,2494.0
195.0,-105.0,-5.0,MCF7_core,2494.0
195.0,-105.0,10.0,MCF7_core,2494.0
195.0,-90.0,-20.0,MCF7_core,2494.0
195.0,-90.0,-5.0,MCF7_core,2494.0
195.0,-90.0,10.0,MCF7_core,2494.0
195.0,-75.0,-20.0,MCF7_core,2494.0
195.0,-75.0,-5.0,MCF7_core,2494.0
195.0,-75.0,10.0,MCF7_core,2494.0
195.0,-60.0,-20.0,MCF7_core,2494.0
195.0,-60.0,-5.0,MCF7_core,2494.0
195.0,-60.0,10.0,MCF7_core,2494.0
195.0,-45.0,-20.0,MCF7_core,2494.0
195.0,-45.0,-5.0,MCF7_core,2494.0
195.0,-45.0,10.0,MCF7_core,2494.0
195.0,-30.0,-20.0,MCF7_core,2494.0
195.0,-30.0,-5.0,MCF7_core,2494.0
195.0,-30.0,10.0,MCF7_core,2494.0
195.0,-15.0,-20.0,MCF7_core,2494.0
195.0,-15.0,-5.0,MCF7_core,2494.0
195.0,-15.0,10.0,MCF7_core,2494.0
195.0,0.0,-20.0,MCF7_core,2494.0
195.0,0.0,-5.0,MCF7_core,2494.0
195.0,0.0,10.0,MCF7_core,2494.0
195.0,15.0,-20.0,MCF7_core,2494.0
195.0,15.0,-5.0,MCF7_core,2494.0
195.0,15.0,10.0,MCF7_core,2494.0
195.0,30.0,-20.0,MCF7_core,2494.0
195.0,30.0,-5.0,MCF7_core,2494.0
195.0,30.0,10.0,MCF7_core,2494.0
195.0,45.0,-20.0,MCF7_core,2494.0
195.0,45.0,-5.0,MCF7_core,2494.0
195.0,45.0,10.0,MCF7_core,2494.0
195.0,60.0,-20.0,MCF7_core,2494.0
195.0,60.0,-5.0,MCF7_core,2494.0
195.0,60.0,10.0,MCF7_core,2494.0
195.0,75.0,-20.0,MCF7_core,2494.0
195.0,75.0,-5.0,MCF7_core,2494.0
195.0,75.0,10.0,MCF7_core,2494.0
195.0,90.0,-20.0,MCF7_core,2494.0
195.0,90.0,-5.0,MCF7_core,2494.0
195.0,90.0,10.0,MCF7_core,2494.0
195.0,105.0,-20.0,MCF7_core,2494.0
195.0,105.0,-5.0,MCF7_core,2494.0
195.0,105.0,10.0,MCF7_core,2494.0
195.0,120.0,-20.0,MCF7_core,2494.0
195.0,120.0,-5.0,MCF7_core,2494.0
195.0,120.0,10.0,MCF7_core,2494.0
195.0,135.0,-20.0,MCF7_core,2494.0
195.0,135.0,-5.0,MCF7_core,2494.0
195.0,135.0,10.0,MCF7_core,2494.0
195.0,150.0,-20.0,MCF7_core,2494.0
195.0,150.0,-5.0,MCF7_core,2494.0
195.0,150.0,10.0,MCF7_core,2494.0
210.0,-150.0,-20.0,MCF7_core,2494.0
210.0,-150.0,-5.0,MCF7_core,2494.0
210.0,-150.0,10.0,MCF7_core,2494.0
210.0,-135.0,-20.0,MCF7_core,2494.0
210.0,-135.0,-5.0,MCF7_core,2494.0
210.0,-135.0,10.0,MCF7_core,2494.0
210.0,-120.0,-20.0,MCF7_core,2494.0
210.0,-120.0,-5.0,MCF7_core,2494.0
210.0,-120.0,10.0,MCF7_core,2494.0
210.0,-105.0,-20.0,MCF7_core,2494.0
210.0,-105.0,-5.0,MCF7_core,2494.0
210.0,-105.0,10.0,MCF7_core,2494.0
210.0,-90.0,-20.0,MCF7_core,2494.0
210.0,-90.0,-5.0,MCF7_core,2494.0
210.0,-90.0,10.0,MCF7_core,2494.0
210.0,-75.0,-20.0,MCF7_core,2494.0
210.0,-75.0,-5.0,MCF7_core,2494.0
210.0,-75.0,10.0,MCF7_core,2494.0
210.0,-60.0,-20.0,MCF7_core,2494.0
210.0,-60.0,-5.0,MCF7_core,2494.0
210.0,-60.0,10.0,MCF7_core,2494.0
210.0,-45.0,-20.0,MCF7_core,2494.0
210.0,-45.0,-5.0,MCF7_core,2494.0
210.0,-45.0,10.0,MCF7_core,2494.0
210.0,-30.0,-20.0,MCF7_core,2494.0
210.0,-30.0,-5.0,MCF7_core,2494.0
210.0,-30.0,10.0,MCF7_core,2494.0
210.0,-15.0,-20.0,MCF7_core,2494.0
210.0,-15.0,-5.0,MCF7_core,2494.0
210.0,-15.0,10.0,MCF7_core,2494.0
210.0,0.0,-20.0,MCF7_core,2494.0
210.0,0.0,-5.0,MCF7_core,2494.0
210.0,0.0,10.0,MCF7_core,2494.0
210.0,15.0,-20.0,MCF7_core,2494.0
210.0,15.0,-5.0,MCF7_core,2494.0
210.0,15.0,10.0,MCF7_core,2494.0
210.0,30.0,-20.0,MCF7_core,2494.0
210.0,30.0,-5.0,MCF7_core,2494.0
210.0,30.0,10.0,MCF7_core,2494.0
210.0,45.0,-20.0,MCF7_core,2494.0
210.0,45.0,-5.0,MCF7_core,2494.0
210.0,45.0,10.0,MCF7_core,2494.0
210.0,60.0,-20.0,MCF7_core,2494.0
210.0,60.0,-5.0,MCF7_core,2494.0
210.0,60.0,10.0,MCF7_core,2494.0
210.0,75.0,-20.0,MCF7_core,2494.0
210.0,75.0,-5.0,MCF7_core,2494.0
210.0,75.0,10.0,MCF7_core,2494.0
210.0,90.0,-20.0,MCF7_core,2494.0
210.0,90.0,-5.0,MCF7_core,2494.0
210.0,90.0,10.0,MCF7_core,2494.0
210.0,105.0,-20.0,MCF7_core,2494.0
210.0,105.0,-5.0,MCF7_core,2494.0
210.0,105.0,10.0,MCF7_core,2494.0
210.0,120.0,-20.0,MCF7_core,2494.0
210.0,120.0,-5.0,MCF7_core,2494.0
210.0,120.0,10.0,MCF7_core,2494.0
210.0,135.0,-20.0,MCF7_core,2494.0
210.0,135.0,-5.0,MCF7_core,2494.0
210.0,135.0,10.0,MCF7_core,2494.0
210.0,150.0,-20.0,MCF7_core,2494.0
210.0,150.0,-5.0,MCF7_core,2494.0
210.0,150.0,10.0,MCF7_core,2494.0
225.0,-150.0,-20.0,MCF7_core,2494.0
225.0,-150.0,-5.0,MCF7_core,2494.0
225.0,-150.0,10.0,MCF7_core,2494.0
225.0,-135.0,-20.0,MCF7_core,2494.0
225.0,-135.0,-5.0,MCF7_core,2494.0
225.0,-135.0,10.0,MCF7_core,2494.0
225.0,-120.0,-20.0,MCF7_core,2494.0
225.0,-120.0,-5.0,MCF7_core,2494.0
225.0,-120.0,10.0,MCF7_core,2494.0
225.0,-105.0,-20.0,MCF7_core,2494.0
225.0,-105.0,-5.0,MCF7_core,2494.0
225.0,-105.0,10.0,MCF7_core,2494.0
225.0,-90.0,-20.0,MCF7_core,2494.0
225.0,-90.0,-5.0,MCF7_core,2494.0
225.0,-90.0,10.0,MCF7_core,2494.0
225.0,-75.0,-20.0,MCF7_core,2494.0
225.0,-75.0,-5.0,MCF7_core,2494.0
225.0,-75.0,10.0,MCF7_core,2494.0
225.0,-60.0,-20.0,MCF7_core,2494.0
225.0,-60.0,-5.0,MCF7_core,2494.0
225.0,-60.0,10.0,MCF7_core,2494.0
225.0,-45.0,-20.0,MCF7_core,2494.0
225.0,-45.0,-5.0,MCF7_core,2494.0
225.0,-45.0,10.0,MCF7_core,2494.0
225.0,-30.0,-20.0,MCF7_core,2494.0
225.0,-30.0,-5.0,MCF7_core,2494.0
225.0,-30.0,10.0,MCF7_core,2494.0
225.0,-15.0,-20.0,MCF7_core,2494.0
225.0,-15.0,-5.0,MCF7_core,2494.0
225.0,-15.0,10.0,MCF7_core,2494.0
225.0,0.0,-20.0,MCF7_core,2494.0
225.0,0.0,-5.0,MCF7_core,2494.0
225.0,0.0,10.0,MCF7_core,2494.0
225.0,15.0,-20.0,MCF7_core,2494.0
225.0,15.0,-5.0,MCF7_core,2494.0
225.0,15.0,10.0,MCF7_core,2494.0
225.0,30.0,-20.0,MCF7_core,2494.0
225.0,30.0,-5.0,MCF7_core,2494.0
225.0,30.0,10.0,MCF7_core,2494.0
225.0,45.0,-20.0,MCF7_core,2494.0
225.0,45.0,-5.0,MCF7_core,2494.0
225.0,45.0,10.0,MCF7_core,2494.0
225.0,60.0,-20.0,MCF7_core,2494.0
225.0,60.0,-5.0,MCF7_core,2494.0
225.0,60.0,10.0,MCF7_core,2494.0
225.0,75.0,-20.0,MCF7_core,2494.0
225.0,75.0,-5.0,MCF7_core,2494.0
225.0,75.0,10.0,MCF7_core,2494.0
225.0,90.0,-20.0,MCF7_core,2494.0
225.0,90.0,-5.0,MCF7_core,2494.0
225.0,90.0,10.0,MCF7_core,2494.0
225.0,105.0,-20.0,MCF7_core,2494.0
225.0,105.0,-5.0,MCF7_core,2494.0
225.0,105.0,10.0,MCF7_core,2494.0
225.0,120.0,-20.0,MCF7_core,2494.0
225.0,120.0,-5.0,MCF7_core,2494.0
225.0,120.0,10.0,MCF7_core,2494.0
225.0,135.0,-20.0,MCF7_core,2494.0
225.0,135.0,-5.0,MCF7_core,2494.0
225.0,135.0,10.0,MCF7_core,2494.0
225.0,150.0,-20.0,MCF7_core,2494.0
225.0,150.0,-5.0,MCF7_core,2494.0
225.0,150.0,10.0,MCF7_core,2494.0
240.0,-150.0,-20.0,MCF7_core,2494.0
240.0,-150.0,-5.0,MCF7_core,2494.0
240.0,-150.0,10.0,MCF7_core,2494.0
240.0,-135.0,-20.0,MCF7_core,2494.0
240.0,-135.0,-5.0,MCF7_core,2494.0
240.0,-135.0,10.0,MCF7_core,2494.0
240.0,-120.0,-20.0,MCF7_core,2494.0
240.0,-120.0,-5.0,MCF7_core,2494.0
240.0,-120.0,10.0,MCF7_core,2494.0
240.0,-105.0,-20.0,MCF7_core,2494.0
240.0,-105.0,-5.0,MCF7_core,2494.0
240.0,-105.0,10.0,MCF7_core,2494.0
240.0,-90.0,-20.0,MCF7_core,2494.0
240.0,-90.0,-5.0,MCF7_core,2494.0
240.0,-90.0,10.0,MCF7_core,2494.0
240.0,-75.0,-20.0,MCF7_core,2494.0
240.0,-75.0,-5.0,MCF7_core,2494.0
240.0,-75.0,10.0,MCF7_core,2494.0
240.0,-60.0,-20.0,MCF7_core,2494.0
240.0,-60.0,-5.0,MCF7_core,2494.0
240.0,-60.0,10.0,MCF7_core,2494.0
240.0,-45.0,-20.0,MCF7_core,2494.0
240.0,-45.0,-5.0,MCF7_core,2494.0
240.0,-45.0,10.0,MCF7_core,2494.0
240.0,-30.0,-20.0,MCF7_core,2494.0
240.0,-30.0,-5.0,MCF7_core,2494.0
240.0,-30.0,10.0,MCF7_core,2494.0
240.0,-15.0,-20.0,MCF7_core,2494.0
240.0,-15.0,-5.0,MCF7_core,2494.0
240.0,-15.0,10.0,MCF7_core,2494.0
240.0,0.0,-20.0,MCF7_core,2494.0
240.0,0.0,-5.0,MCF7_core,2494.0
240.0,0.0,10.0,MCF7_core,2494.0
240.0,15.0,-20.0,MCF7_core,2494.0
240.0,15.0,-5.0,MCF7_core,2494.0
240.0,15.0,10.0,MCF7_core,2494.0
240.0,30.0,-20.0,MCF7_core,2494.0
240.0,30.0,-5.0,MCF7_core,2494.0
240.0,30.0,10.0,MCF7_core,2494.0
240.0,45.0,-20.0,MCF7_core,2494.0
240.0,45.0,-5.0,MCF7_core,2494.0
240.0,45.0,10.0,MCF7_core,2494.0
240.0,60.0,-20.0,MCF7_core,2494.0
240.0,60.0,-5.0,MCF7_core,2494.0
240.0,60.0,10.0,MCF7_core,2494.0
240.0,75.0,-20.0,MCF7_core,2494.0
240.0,75.0,-5.0,MCF7_core,2494.0
240.0,75.0,10.0,MCF7_core,2494.0
240.0,90.0,-20.0,MCF7_core,2494.0
240.0,90.0,-5.0,MCF7_core,2494.0
240.0,90.0,10.0,MCF7_core,2494.0
240.0,105.0,-20.0,MCF7_core,2494.0
240.0,105.0,-5.0,MCF7_core,2494.0
240.0,105.0,10.0,MCF7_core,2494.0
240.0,120.0,-20.0,MCF7_core,2494.0
240.0,120.0,-5.0,MCF7_core,2494.0
240.0,120.0,10.0,MCF7_core,2494.0
240.0,135.0,-20.0,MCF7_core,2494.0
240.0,135.0,-5.0,MCF7_core,2494.0
240.0,135.0,10.0,MCF7_core,2494.0
240.0,150.0,-20.0,MCF7_core,2494.0
240.0,150.0,-5.0,MCF7_core,2494.0
240.0,150.0,10.0,MCF7_core,2494.0
255.0,-150.0,-20.0,MCF7_core,2494.0
255.0,-150.0,-5.0,MCF7_core,2494.0
255.0,-150.0,10.0,MCF7_core,2494.0
255.0,-135.0,-20.0,MCF7_core,2494.0
255.0,-135.0,-5.0,MCF7_core,2494.0
255.0,-135.0,10.0,MCF7_core,2494.0
255.0,-120.0,-20.0,MCF7_core,2494.0
255.0,-120.0,-5.0,MCF7_core,2494.0
255.0,-120.0,10.0,MCF7_core,2494.0
255.0,-105.0,-20.0,MCF7_core,2494.0
255.0,-105.0,-5.0,MCF7_core,2494.0
255.0,-105.0,10.0,MCF7_core,2494.0
255.0,-90.0,-20.0,MCF7_core,2494.0
255.0,-90.0,-5.0,MCF7_core,2494.0
255.0,-90.0,10.0,MCF7_core,2494.0
255.0,-75.0,-20.0,MCF7_core,2494.0
255.0,-75.0,-5.0,MCF7_core,2494.0
255.0,-75.0,10.0,MCF7_core,2494.0
255.0,-60.0,-20.0,MCF7_core,2494.0
255.0,-60.0,-5.0,MCF7_core,2494.0
255.0,-60.0,10.0,MCF7_core,2494.0
255.0,-45.0,-20.0,MCF7_core,2494.0
255.0,-45.0,-5.0,MCF7_core,2494.0
255.0,-45.0,10.0,MCF7_core,2494.0
255.0,-30.0,-20.0,MCF7_core,2494.0
255.0,-30.0,-5.0,MCF7_core,2494.0
255.0,-30.0,10.0,MCF7_core,2494.0
255.0,-15.0,-20.0,MCF7_core,2494.0
255.0,-15.0,-5.0,MCF7_core,2494.0
255.0,-15.0,10.0,MCF7_core,2494.0
255.0,0.0,-20.0,MCF7_core,2494.0
255.0,0.0,-5.0,MCF7_core,2494.0
255.0,0.0,10.0,MCF7_core,2494.0
255.0,15.0,-20.0,MCF7_core,2494.0
255.0,15.0,-5.0,MCF7_core,2494.0
255.0,15.0,10.0,MCF7_core,2494.0
255.0,30.0,-20.0,MCF7_core,2494.0
255.0,30.0,-5.0,MCF7_core,2494.0
255.0,30.0,10.0,MCF7_core,2494.0
255.0,45.0,-20.0,MCF7_core,2494.0
255.0,45.0,-5.0,MCF7_core,2494.0
255.0,45.0,10.0,MCF7_core,2494.0
255.0,60.0,-20.0,MCF7_core,2494.0
255.0,60.0,-5.0,MCF7_core,2494.0
255.0,60.0,10.0,MCF7_core,2494.0
255.0,75.0,-20.0,MCF7_core,2494.0
255.0,75.0,-5.0,MCF7_core,2494.0
255.0,75.0,10.0,MCF7_core,2494.0
255.0,90.0,-20.0,MCF7_core,2494.0
255.0,90.0,-5.0,MCF7_core,2494.0
255.0,90.0,10.0,MCF7_core,2494.0
255.0,105.0,-20.0,MCF7_core,2494.0
255.0,105.0,-5.0,MCF7_core,2494.0
255.0,105.0,10.0,MCF7_core,2494.0
255.0,120.0,-20.0,MCF7_core,2494.0
255.0,120.0,-5.0,MCF7_core,2494.0
255.0,120.0,10.0,MCF7_core,2494.0
255.0,135.0,-20.0,MCF7_core,2494.0
255.0,135.0,-5.0,MCF7_core,2494.0
255.0,135.0,10.0,MCF7_core,2494.0
255.0,150.0,-20.0,MCF7_core,2494.0
255.0,150.0,-5.0,MCF7_core,2494.0
255.0,150.0,10.0,MCF7_core,2494.0
270.0,-150.0,-20.0,MCF7_core,2494.0
270.0,-150.0,-5.0,MCF7_core,2494.0
270.0,-150.0,10.0,MCF7_core,2494.0
270.0,-135.0,-20.0,MCF7_core,2494.0
270.0,-135.0,-5.0,MCF7_core,2494.0
270.0,-135.0,10.0,MCF7_core,2494.0
270.0,-120.0,-20.0,MCF7_core,2494.0
270.0,-120.0,-5.0,MCF7_core,2494.0
270.0,-120.0,10.0,MCF7_core,2494.0
270.0,-105.0,-20.0,MCF7_core,2494.0
270.0,-105.0,-5.0,MCF7_core,2494.0
270.0,-105.0,10.0,MCF7_core,2494.0
270.0,-90.0,-20.0,MCF7_core,2494.0
270.0,-90.0,-5.0,MCF7_core,2494.0
270.0,-90.0,10.0,MCF7_core,2494.0
270.0,-75.0,-20.0,MCF7_core,2494.0
270.0,-75.0,-5.0,MCF7_core,2494.0
270.0,-75.0,10.0,MCF7_core,2494.0
270.0,-60.0,-20.0,MCF7_core,2494.0
270.0,-60.0,-5.0,MCF7_core,2494.0
270.0,-60.0,10.0,MCF7_core,2494.0
270.0,-45.0,-20.0,MCF7_core,2494.0
270.0,-45.0,-5.0,MCF7_core,2494.0
270.0,-45.0,10.0,MCF7_core,2494.0
270.0,-30.0,-20.0,MCF7_core,2494.0
270.0,-30.0,-5.0,MCF7_core,2494.0
270.0,-30.0,10.0,MCF7_core,2494.0
270.0,-15.0,-20.0,MCF7_core,2494.0
270.0,-15.0,-5.0,MCF7_core,2494.0
270.0,-15.0,10.0,MCF7_core,2494.0
270.0,0.0,-20.0,MCF7_core,2494.0
270.0,0.0,-5.0,MCF7_core,2494.0
270.0,0.0,10.0,MCF7_core,2494.0
270.0,15.0,-20.0,MCF7_core,2494.0
270.0,15.0,-5.0,MCF7_core,2494.0
270.0,15.0,10.0,MCF7_core,2494.0
270.0,30.0,-20.0,MCF7_core,2494.0
270.0,30.0,-5.0,MCF7_core,2494.0
270.0,30.0,10.0,MCF7_core,2494.0
270.0,45.0,-20.0,MCF7_core,2494.0
270.0,45.0,-5.0,MCF7_core,2494.0
270.0,45.0,10.0,MCF7_core,2494.0
270.0,60.0,-20.0,MCF7_core,2494.0
270.0,60.0,-5.0,MCF7_core,2494.0
270.0,60.0,10.0,MCF7_core,2494.0
270.0,75.0,-20.0,MCF7_core,2494.0
270.0,75.0,-5.0,MCF7_core,2494.0
270.0,75.0,10.0,MCF7_core,2494.0
270.0,90.0,-20.0,MCF7_core,2494.0
270.0,90.0,-5.0,MCF7_core,2494.0
270.0,90.0,10.0,MCF7_core,2494.0
270.0,105.0,-20.0,MCF7_core,2494.0
270.0,105.0,-5.0,MCF7_core,2494.0
270.0,105.0,10.0,MCF7_core,2494.0
270.0,120.0,-20.0,MCF7_core,2494.0
270.0,120.0,-5.0,MCF7_core,2494.0
270.0,120.0,10.0,MCF7_core,2494.0
270.0,135.0,-20.0,MCF7_core,2494.0
270.0,135.0,-5.0,MCF7_core,2494.0
270.0,135.0,10.0,MCF7_core,2494.0
270.0,150.0,-20.0,MCF7_core,2494.0
270.0,150.0,-5.0,MCF7_core,2494.0
270.0,150.0,10.0,MCF7_core,2494.0
285.0,-150.0,-20.0,MCF7_core,2494.0
285.0,-150.0,-5.0,MCF7_core,2494.0
285.0,-150.0,10.0,MCF7_core,2494.0
285.0,-135.0,-20.0,MCF7_core,2494.0
285.0,-135.0,-5.0,MCF7_core,2494.0
285.0,-135.0,10.0,MCF7_core,2494.0
285.0,-120.0,-20.0,MCF7_core,2494.0
285.0,-120.0,-5.0,MCF7_core,2494.0
285.0,-120.0,10.0,MCF7_core,2494.0
285.0,-105.0,-20.0,MCF7_core,2494.0
285.0,-105.0,-5.0,MCF7_core,2494.0
285.0,-105.0,10.0,MCF7_core,2494.0
285.0,-90.0,-20.0,MCF7_core,2494.0
285.0,-90.0,-5.0,MCF7_core,2494.0
285.0,-90.0,10.0,MCF7_core,2494.0
285.0,-75.0,-20.0,MCF7_core,2494.0
285.0,-75.0,-5.0,MCF7_core,2494.0
285.0,-75.0,10.0,MCF7_core,2494.0
285.0,-60.0,-20.0,MCF7_core,2494.0
285.0,-60.0,-5.0,MCF7_core,2494.0
285.0,-60.0,10.0,MCF7_core,2494.0
285.0,-45.0,-20.0,MCF7_core,2494.0
285.0,-45.0,-5.0,MCF7_core,2494.0
285.0,-45.0,10.0,MCF7_core,2494.0
285.0,-30.0,-20.0,MCF7_core,2494.0
285.0,-30.0,-5.0,MCF7_core,2494.0
285.0,-30.0,10.0,MCF7_core,2494.0
285.0,-15.0,-20.0,MCF7_core,2494.0
285.0,-15.0,-5.0,MCF7_core,2494.0
285.0,-15.0,10.0,MCF7_core,2494.0
285.0,0.0,-20.0,MCF7_core,2494.0
285.0,0.0,-5.0,MCF7_core,2494.0
285.0,0.0,10.0,MCF7_core,2494.0
285.0,15.0,-20.0,MCF7_core,2494.0
285.0,15.0,-5.0,MCF7_core,2494.0
285.0,15.0,10.0,MCF7_core,2494.0
285.0,30.0,-20.0,MCF7_core,2494.0
285.0,30.0,-5.0,MCF7_core,2494.0
285.0,30.0,10.0,MCF7_core,2494.0
285.0,45.0,-20.0,MCF7_core,2494.0
285.0,45.0,-5.0,MCF7_core,2494.0
285.0,45.0,10.0,MCF7_core,2494.0
285.0,60.0,-20.0,MCF7_core,2494.0
285.0,60.0,-5.0,MCF7_core,2494.0
285.0,60.0,10.0,MCF7_core,2494.0
285.0,75.0,-20.0,MCF7_core,2494.0
285.0,75.0,-5.0,MCF7_core,2494.0
285.0,75.0,10.0,MCF7_core,2494.0
285.0,90.0,-20.0,MCF7_core,2494.0
285.0,90.0,-5.0,MCF7_core,2494.0
285.0,90.0,10.0,MCF7_core,2494.0
285.0,105.0,-20.0,MCF7_core,2494.0
285.0,105.0,-5.0,MCF7_core,2494.0
285.0,105.0,10.0,MCF7_core,2494.0
285.0,120.0,-20.0,MCF7_core,2494.0
285.0,120.0,-5.0,MCF7_core,2494.0
285.0,120.0,10.0,MCF7_core,2494.0
285.0,135.0,-20.0,MCF7_core,2494.0
285.0,135.0,-5.0,MCF7_core,2494.0
285.0,135.0,10.0,MCF7_core,2494.0
285.0,150.0,-20.0,MCF7_core,2494.0
285.0,150.0,-5.0,MCF7_core,2494.0
285.0,150.0,10.0,MCF7_core,2494.0
300.0,-150.0,-20.0,MCF7_core,2494.0
300.0,-150.0,-5.0,MCF7_core,2494.0
300.0,-150.0,10.0,MCF7_core,2494.0
300.0,-135.0,-20.0,MCF7_core,2494.0
300.0,-135.0,-5.0,MCF7_core,2494.0
300.0,-135.0,10.0,MCF7_core,2494.0
300.0,-120.0,-20.0,MCF7_core,2494.0
300.0,-120.0,-5.0,MCF7_core,2494.0
300.0,-120.0,10.0,MCF7_core,2494.0
300.0,-105.0,-20.0,MCF7_core,2494.0
300.0,-105.0,-5.0,MCF7_core,2494.0
300.0,-105.0,10.0,MCF7_core,2494.0
300.0,-90.0,-20.0,MCF7_core,2494.0
300.0,-90.0,-5.0,MCF7_core,2494.0
300.0,-90.0,10.0,MCF7_core,2494.0
300.0,-75.0,-20.0,MCF7_core,2494.0
300.0,-75.0,-5.0,MCF7_core,2494.0
300.0,-75.0,10.0,MCF7_core,2494.0
300.0,-60.0,-20.0,MCF7_core,2494.0
300.0,-60.0,-5.0,MCF7_core,2494.0
300.0,-60.0,10.0,MCF7_core,2494.0
300.0,-45.0,-20.0,MCF7_core,2494.0
300.0,-45.0,-5.0,MCF7_core,2494.0
300.0,-45.0,10.0,MCF7_core,2494.0
300.0,-30.0,-20.0,MCF7_core,2494.0
300.0,-30.0,-5.0,MCF7_core,2494.0
300.0,-30.0,10.0,MCF7_core,2494.0
300.0,-15.0,-20.0,MCF7_core,2494.0
300.0,-15.0,-5.0,MCF7_core,2494.0
300.0,-15.0,10.0,MCF7_core,2494.0
300.0,0.0,-20.0,MCF7_core,2494.0
300.0,0.0,-5.0,MCF7_core,2494.0
300.0,0.0,10.0,MCF7_core,2494.0
300.0,15.0,-20.0,MCF7_core,2494.0
300.0,15.0,-5.0,MCF7_core,2494.0
300.0,15.0,10.0,MCF7_core,2494.0
300.0,30.0,-20.0,MCF7_core,2494.0
300.0,30.0,-5.0,MCF7_core,2494.0
300.0,30.0,10.0,MCF7_core,2494.0
300.0,45.0,-20.0,MCF7_core,2494.0
300.0,45.0,-5.0,MCF7_core,2494.0
300.0,45.0,10.0,MCF7_core,2494.0
300.0,60.0,-20.0,MCF7_core,2494.0
300.0,60.0,-5.0,MCF7_core,2494.0
300.0,60.0,10.0,MCF7_core,2494.0
300.0,75.0,-20.0,MCF7_core,2494.0
300.0,75.0,-5.0,MCF7_core,2494.0
300.0,75.0,10.0,MCF7_core,2494.0
300.0,90.0,-20.0,MCF7_core,2494.0
300.0,90.0,-5.0,MCF7_core,2494.0
300.0,90.0,10.0,MCF7_core,2494.0
300.0,105.0,-20.0,MCF7_core,2494.0
300.0,105.0,-5.0,MCF7_core,2494.0
300.0,105.0,10.0,MCF7_core,2494.0
300.0,120.0,-20.0,MCF7_core,2494.0
300.0,120.0,-5.0,MCF7_core,2494.0
300.0,120.0,10.0,MCF7_core,2494.0
300.0,135.0,-20.0,MCF7_core,2494.0
300.0,135.0,-5.0,MCF7_core,2494.0
300.0,135.0,10.0,MCF7_core,2494.0
300.0,150.0,-20.0,MCF7_core,2494.0
300.0,150.0,-5.0,MCF7_core,2494.0
300.0,150.0,10.0,MCF7_core,2494.0
315.0,-150.0,-20.0,MCF7_core,2494.0
315.0,-150.0,-5.0,MCF7_core,2494.0
315.0,-150.0,10.0,MCF7_core,2494.0
315.0,-135.0,-20.0,MCF7_core,2494.0
315.0,-135.0,-5.0,MCF7_core,2494.0
315.0,-135.0,10.0,MCF7_core,2494.0
315.0,-120.0,-20.0,MCF7_core,2494.0
315.0,-120.0,-5.0,MCF7_core,2494.0
315.0,-120.0,10.0,MCF7_core,2494.0
315.0,-105.0,-20.0,MCF7_core,2494.0
315.0,-105.0,-5.0,MCF7_core,2494.0
315.0,-105.0,10.0,MCF7_core,2494.0
315.0,-90.0,-20.0,MCF7_core,2494.0
315.0,-90.0,-5.0,MCF7_core,2494.0
315.0,-90.0,10.0,MCF7_core,2494.0
315.0,-75.0,-20.0,MCF7_core,2494.0
315.0,-75.0,-5.0,MCF7_core,2494.0
315.0,-75.0,10.0,MCF7_core,2494.0
315.0,-60.0,-20.0,MCF7_core,2494.0
315.0,-60.0,-5.0,MCF7_core,2494.0
315.0,-60.0,10.0,MCF7_core,2494.0
315.0,-45.0,-20.0,MCF7_core,2494.0
315.0,-45.0,-5.0,MCF7_core,2494.0
315.0,-45.0,10.0,MCF7_core,2494.0
315.0,-30.0,-20.0,MCF7_core,2494.0
315.0,-30.0,-5.0,MCF7_core,2494.0
315.0,-30.0,10.0,MCF7_core,2494.0
315.0,-15.0,-20.0,MCF7_core,2494.0
315.0,-15.0,-5.0,MCF7_core,2494.0
315.0,-15.0,10.0,MCF7_core,2494.0
315.0,0.0,-20.0,MCF7_core,2494.0
315.0,0.0,-5.0,MCF7_core,2494.0
315.0,0.0,10.0,MCF7_core,2494.0
315.0,15.0,-20.0,MCF7_core,2494.0
315.0,15.0,-5.0,MCF7_core,2494.0
315.0,15.0,10.0,MCF7_core,2494.0
315.0,30.0,-20.0,MCF7_core,2494.0
315.0,30.0,-5.0,MCF7_core,2494.0
315.0,30.0,10.0,MCF7_core,2494.0
315.0,45.0,-20.0,MCF7_core,2494.0
315.0,45.0,-5.0,MCF7_core,2494.0
315.0,45.0,10.0,MCF7_core,2494.0
315.0,60.0,-20.0,MCF7_core,2494.0
315.0,60.0,-5.0,MCF7_core,2494.0
315.0,60.0,10.0,MCF7_core,2494.0
315.0,75.0,-20.0,MCF7_core,2494.0
315.0,75.0,-5.0,MCF7_core,2494.0
315.0,75.0,10.0,MCF7_core,2494.0
315.0,90.0,-20.0,MCF7_core,2494.0
315.0,90.0,-5.0,MCF7_core,2494.0
315.0,90.0,10.0,MCF7_core,2494.0
315.0,105.0,-20.0,MCF7_core,2494.0
315.0,105.0,-5.0,MCF7_core,2494.0
315.0,105.0,10.0,MCF7_core,2494.0
315.0,120.0,-20.0,MCF7_core,2494.0
315.0,120.0,-5.0,MCF7_core,2494.0
315.0,120.0,10.0,MCF7_core,2494.0
315.0,135.0,-20.0,MCF7_core,2494.0
315.0,135.0,-5.0,MCF7_core,2494.0
315.0,135.0,10.0,MCF7_core,2494.0
315.0,150.0,-20.0,MCF7_core,2494.0
315.0,150.0,-5.0,MCF7_core,2494.0
315.0,150.0,10.0,MCF7_core,2494.0
330.0,-150.0,-20.0,MCF7_core,2494.0
330.0,-150.0,-5.0,MCF7_core,2494.0
330.0,-150.0,10.0,MCF7_core,2494.0
330.0,-135.0,-20.0,MCF7_core,2494.0
330.0,-135.0,-5.0,MCF7_core,2494.0
330.0,-135.0,10.0,MCF7_core,2494.0
330.0,-120.0,-20.0,MCF7_core,2494.0
330.0,-120.0,-5.0,MCF7_core,2494.0
330.0,-120.0,10.0,MCF7_core,2494.0
330.0,-105.0,-20.0,MCF7_core,2494.0
330.0,-105.0,-5.0,MCF7_core,2494.0
330.0,-105.0,10.0,MCF7_core,2494.0
330.0,-90.0,-20.0,MCF7_core,2494.0
330.0,-90.0,-5.0,MCF7_core,2494.0
330.0,-90.0,10.0,MCF7_core,2494.0
330.0,-75.0,-20.0,MCF7_core,2494.0
330.0,-75.0,-5.0,MCF7_core,2494.0
330.0,-75.0,10.0,MCF7_core,2494.0
330.0,-60.0,-20.0,MCF7_core,2494.0
330.0,-60.0,-5.0,MCF7_core,2494.0
330.0,-60.0,10.0,MCF7_core,2494.0
330.0,-45.0,-20.0,MCF7_core,2494.0
330.0,-45.0,-5.0,MCF7_core,2494.0
330.0,-45.0,10.0,MCF7_core,2494.0
330.0,-30.0,-20.0,MCF7_core,2494.0
330.0,-30.0,-5.0,MCF7_core,2494.0
330.0,-30.0,10.0,MCF7_core,2494.0
330.0,-15.0,-20.0,MCF7_core,2494.0
330.0,-15.0,-5.0,MCF7_core,2494.0
330.0,-15.0,10.0,MCF7_core,2494.0
330.0,0.0,-20.0,MCF7_core,2494.0
330.0,0.0,-5.0,MCF7_core,2494.0
330.0,0.0,10.0,MCF7_core,2494.0
330.0,15.0,-20.0,MCF7_core,2494.0
330.0,15.0,-5.0,MCF7_core,2494.0
330.0,15.0,10.0,MCF7_core,2494.0
330.0,30.0,-20.0,MCF7_core,2494.0
330.0,30.0,-5.0,MCF7_core,2494.0
330.0,30.0,10.0,MCF7_core,2494.0
330.0,45.0,-20.0,MCF7_core,2494.0
330.0,45.0,-5.0,MCF7_core,2494.0
330.0,45.0,10.0,MCF7_core,2494.0
330.0,60.0,-20.0,MCF7_core,2494.0
330.0,60.0,-5.0,MCF7_core,2494.0
330.0,60.0,10.0,MCF7_core,2494.0
330.0,75.0,-20.0,MCF7_core,2494.0
330.0,75.0,-5.0,MCF7_core,2494.0
330.0,75.0,10.0,MCF7_core,2494.0
330.0,90.0,-20.0,MCF7_core,2494.0
330.0,90.0,-5.0,MCF7_core,2494.0
330.0,90.0,10.0,MCF7_core,2494.0
330.0,105.0,-20.0,MCF7_core,2494.0
330.0,105.0,-5.0,MCF7_core,2494.0
330.0,105.0,10.0,MCF7_core,2494.0
330.0,120.0,-20.0,MCF7_core,2494.0
330.0,120.0,-5.0,MCF7_core,2494.0
330.0,120.0,10.0,MCF7_core,2494.0
330.0,135.0,-20.0,MCF7_core,2494.0
330.0,135.0,-5.0,MCF7_core,2494.0
330.0,135.0,10.0,MCF7_core,2494.0
330.0,150.0,-20.0,MCF7_core,2494.0
330.0,150.0,-5.0,MCF7_core,2494.0
330.0,150.0,10.0,MCF7_core,2494.0
345.0,-150.0,-20.0,MCF7_core,2494.0
345.0,-150.0,-5.0,MCF7_core,2494.0
345.0,-150.0,10.0,MCF7_core,2494.0
345.0,-135.0,-20.0,MCF7_core,2494.0
345.0,-135.0,-5.0,MCF7_core,2494.0
345.0,-135.0,10.0,MCF7_core,2494.0
345.0,-120.0,-20.0,MCF7_core,2494.0
345.0,-120.0,-5.0,MCF7_core,2494.0
345.0,-120.0,10.0,MCF7_core,2494.0
345.0,-105.0,-20.0,MCF7_core,2494.0
345.0,-105.0,-5.0,MCF7_core,2494.0
345.0,-105.0,10.0,MCF7_core,2494.0
345.0,-90.0,-20.0,MCF7_core,2494.0
345.0,-90.0,-5.0,MCF7_core,2494.0
345.0,-90.0,10.0,MCF7_core,2494.0
345.0,-75.0,-20.0,MCF7_core,2494.0
345.0,-75.0,-5.0,MCF7_core,2494.0
345.0,-75.0,10.0,MCF7_core,2494.0
345.0,-60.0,-20.0,MCF7_core,2494.0
345.0,-60.0,-5.0,MCF7_core,2494.0
345.0,-60.0,10.0,MCF7_core,2494.0
345.0,-45.0,-20.0,MCF7_core,2494.0
345.0,-45.0,-5.0,MCF7_core,2494.0
345.0,-45.0,10.0,MCF7_core,2494.0
345.0,-30.0,-20.0,MCF7_core,2494.0
345.0,-30.0,-5.0,MCF7_core,2494.0
345.0,-30.0,10.0,MCF7_core,2494.0
345.0,-15.0,-20.0,MCF7_core,2494.0
345.0,-15.0,-5.0,MCF7_core,2494.0
345.0,-15.0,10.0,MCF7_core,2494.0
345.0,0.0,-20.0,MCF7_core,2494.0
345.0,0.0,-5.0,MCF7_core,2494.0
345.0,0.0,10.0,MCF7_core,2494.0
345.0,15.0,-20.0,MCF7_core,2494.0
345.0,15.0,-5.0,MCF7_core,2494.0
345.0,15.0,10.0,MCF7_core,2494.0
345.0,30.0,-20.0,MCF7_core,2494.0
345.0,30.0,-5.0,MCF7_core,2494.0
345.0,30.0,10.0,MCF7_core,2494.0
345.0,45.0,-20.0,MCF7_core,2494.0
345.0,45.0,-5.0,MCF7_core,2494.0
345.0,45.0,10.0,MCF7_core,2494.0
345.0,60.0,-20.0,MCF7_core,2494.0
345.0,60.0,-5.0,MCF7_core,2494.0
345.0,60.0,10.0,MCF7_core,2494.0
345.0,75.0,-20.0,MCF7_core,2494.0
345.0,75.0,-5.0,MCF7_core,2494.0
345.0,75.0,10.0,MCF7_core,2494.0
345.0,90.0,-20.0,MCF7_core,2494.0
345.0,90.0,-5.0,MCF7_core,2494.0
345.0,90.0,10.0,MCF7_core,2494.0
345.0,105.0,-20.0,MCF7_core,2494.0
345.0,105.0,-5.0,MCF7_core,2494.0
345.0,105.0,10.0,MCF7_core,2494.0
345.0,120.0,-20.0,MCF7_core,2494.0
345.0,120.0,-5.0,MCF7_core,2494.0
345.0,120.0,10.0,MCF7_core,2494.0
345.0,135.0,-20.0,MCF7_core,2494.0
345.0,135.0,-5.0,MCF7_core,2494.0
345.0,135.0,10.0,MCF7_core,2494.0
345.0,150.0,-20.0,MCF7_core,2494.0
345.0,150.0,-5.0,MCF7_core,2494.0
345.0,150.0,10.0,MCF7_core,2494.0
360.0,-150.0,-20.0,MCF7_core,2494.0
360.0,-150.0,-5.0,MCF7_core,2494.0
360.0,-150.0,10.0,MCF7_core,2494.0
360.0,-135.0,-20.0,MCF7_core,2494.0
360.0,-135.0,-5.0,MCF7_core,2494.0
360.0,-135.0,10.0,MCF7_core,2494.0
360.0,-120.0,-20.0,MCF7_core,2494.0
360.0,-120.0,-5.0,MCF7_core,2494.0
360.0,-120.0,10.0,MCF7_core,2494.0
360.0,-105.0,-20.0,MCF7_core,2494.0
360.0,-105.0,-5.0,MCF7_core,2494.0
360.0,-105.0,10.0,MCF7_core,2494.0
360.0,-90.0,-20.0,MCF7_core,2494.0
360.0,-90.0,-5.0,MCF7_core,2494.0
360.0,-90.0,10.0,MCF7_core,2494.0
360.0,-75.0,-20.0,MCF7_core,2494.0
360.0,-75.0,-5.0,MCF7_core,2494.0
360.0,-75.0,10.0,MCF7_core,2494.0
360.0,-60.0,-20.0,MCF7_core,2494.0
360.0,-60.0,-5.0,MCF7_core,2494.0
360.0,-60.0,10.0,MCF7_core,2494.0
360.0,-45.0,-20.0,MCF7_core,2494.0
360.0,-45.0,-5.0,MCF7_core,2494.0
360.0,-45.0,10.0,MCF7_core,2494.0
360.0,-30.0,-20.0,MCF7_core,2494.0
360.0,-30.0,-5.0,MCF7_core,2494.0
360.0,-30.0,10.0,MCF7_core,2494.0
360.0,-15.0,-20.0,MCF7_core,2494.0
360.0,-15.0,-5.0,MCF7_core,2494.0
360.0,-15.0,10.0,MCF7_core,2494.0
360.0,0.0,-20.0,MCF7_core,2494.0
360.0,0.0,-5.0,MCF7_core,2494.0
360.0,0.0,10.0,MCF7_core,2494.0
360.0,15.0,-20.0,MCF7_core,2494.0
360.0,15.0,-5.0,MCF7_core,2494.0
360.0,15.0,10.0,MCF7_core,2494.0
360.0,30.0,-20.0,MCF7_core,2494.0
360.0,30.0,-5.0,MCF7_core,2494.0
360.0,30.0,10.0,MCF7_core,2494.0
360.0,45.0,-20.0,MCF7_core,2494.0
360.0,45.0,-5.0,MCF7_core,2494.0
360.0,45.0,10.0,MCF7_core,2494.0
360.0,60.0,-20.0,MCF7_core,2494.0
360.0,60.0,-5.0,MCF7_core,2494.0
360.0,60.0,10.0,MCF7_core,2494.0
360.0,75.0,-20.0,MCF7_core,2494.0
360.0,75.0,-5.0,MCF7_core,2494.0
360.0,75.0,10.0,MCF7_core,2494.0
360.0,90.0,-20.0,MCF7_core,2494.0
360.0,90.0,-5.0,MCF7_core,2494.0
360.0,90.0,10.0,MCF7_core,2494.0
360.0,105.0,-20.0,MCF7_core,2494.0
360.0,105.0,-5.0,MCF7_core,2494.0
360.0,105.0,10.0,MCF7_core,2494.0
360.0,120.0,-20.0,MCF7_core,2494.0
360.0,120.0,-5.0,MCF7_core,2494.0
360.0,120.0,10.0,MCF7_core,2494.0
360.0,135.0,-20.0,MCF7_core,2494.0
360.0,135.0,-5.0,MCF7_core,2494.0
360.0,135.0,10.0,MCF7_core,2494.0
360.0,150.0,-20.0,MCF7_core,2494.0
360.0,150.0,-5.0,MCF7_core,2494.0
360.0,150.0,10.0,MCF7_core,2494.0
375.0,-150.0,-20.0,MCF7_core,2494.0
375.0,-150.0,-5.0,MCF7_core,2494.0
375.0,-150.0,10.0,MCF7_core,2494.0
375.0,-135.0,-20.0,MCF7_core,2494.0
375.0,-135.0,-5.0,MCF7_core,2494.0
375.0,-135.0,10.0,MCF7_core,2494.0
375.0,-120.0,-20.0,MCF7_core,2494.0
375.0,-120.0,-5.0,MCF7_core,2494.0
375.0,-120.0,10.0,MCF7_core,2494.0
375.0,-105.0,-20.0,MCF7_core,2494.0
375.0,-105.0,-5.0,MCF7_core,2494.0
375.0,-105.0,10.0,MCF7_core,2494.0
375.0,-90.0,-20.0,MCF7_core,2494.0
375.0,-90.0,-5.0,MCF7_core,2494.0
375.0,-90.0,10.0,MCF7_core,2494.0
375.0,-75.0,-20.0,MCF7_core,2494.0
375.0,-75.0,-5.0,MCF7_core,2494.0
375.0,-75.0,10.0,MCF7_core,2494.0
375.0,-60.0,-20.0,MCF7_core,2494.0
375.0,-60.0,-5.0,MCF7_core,2494.0
375.0,-60.0,10.0,MCF7_core,2494.0
375.0,-45.0,-20.0,MCF7_core,2494.0
375.0,-45.0,-5.0,MCF7_core,2494.0
375.0,-45.0,10.0,MCF7_core,2494.0
375.0,-30.0,-20.0,MCF7_core,2494.0
375.0,-30.0,-5.0,MCF7_core,2494.0
375.0,-30.0,10.0,MCF7_core,2494.0
375.0,-15.0,-20.0,MCF7_core,2494.0
375.0,-15.0,-5.0,MCF7_core,2494.0
375.0,-15.0,10.0,MCF7_core,2494.0
375.0,0.0,-20.0,MCF7_core,2494.0
375.0,0.0,-5.0,MCF7_core,2494.0
375.0,0.0,10.0,MCF7_core,2494.0
375.0,15.0,-20.0,MCF7_core,2494.0
375.0,15.0,-5.0,MCF7_core,2494.0
375.0,15.0,10.0,MCF7_core,2494.0
375.0,30.0,-20.0,MCF7_core,2494.0
375.0,30.0,-5.0,MCF7_core,2494.0
375.0,30.0,10.0,MCF7_core,2494.0
375.0,45.0,-20.0,MCF7_core,2494.0
375.0,45.0,-5.0,MCF7_core,2494.0
375.0,45.0,10.0,MCF7_core,2494.0
375.0,60.0,-20.0,MCF7_core,2494.0
375.0,60.0,-5.0,MCF7_core,2494.0
375.0,60.0,10.0,MCF7_core,2494.0
375.0,75.0,-20.0,MCF7_core,2494.0
375.0,75.0,-5.0,MCF7_core,2494.0
375.0,75.0,10.0,MCF7_core,2494.0
375.0,90.0,-20.0,MCF7_core,2494.0
375.0,90.0,-5.0,MCF7_core,2494.0
375.0,90.0,10.0,MCF7_core,2494.0
375.0,105.0,-20.0,MCF7_core,2494.0
375.0,105.0,-5.0,MCF7_core,2494.0
375.0,105.0,10.0,MCF7_core,2494.0
375.0,120.0,-20.0,MCF7_core,2494.0
375.0,120.0,-5.0,MCF7_core,2494.0
375.0,120.0,10.0,MCF7_core,2494.0
375.0,135.0,-20.0,MCF7_core,2494.0
375.0,135.0,-5.0,MCF7_core,2494.0
375.0,135.0,10.0,MCF7_core,2494.0
375.0,150.0,-20.0,MCF7_core,2494.0
375.0,150.0,-5.0,MCF7_core,2494.0
375.0,150.0,10.0,MCF7_core,2494.0
390.0,-150.0,-20.0,MCF7_core,2494.0
390.0,-150.0,-5.0,MCF7_core,2494.0
390.0,-150.0,10.0,MCF7_core,2494.0
390.0,-135.0,-20.0,MCF7_core,2494.0
390.0,-135.0,-5.0,MCF7_core,2494.0
390.0,-135.0,10.0,MCF7_core,2494.0
390.0,-120.0,-20.0,MCF7_core,2494.0
390.0,-120.0,-5.0,MCF7_core,2494.0
390.0,-120.0,10.0,MCF7_core,2494.0
390.0,-105.0,-20.0,MCF7_core,2494.0
390.0,-105.0,-5.0,MCF7_core,2494.0
390.0,-105.0,10.0,MCF7_core,2494.0
390.0,-90.0,-20.0,MCF7_core,2494.0
390.0,-90.0,-5.0,MCF7_core,2494.0
390.0,-90.0,10.0,MCF7_core,2494.0
390.0,-75.0,-20.0,MCF7_core,2494.0
390.0,-75.0,-5.0,MCF7_core,2494.0
390.0,-75.0,10.0,MCF7_core,2494.0
390.0,-60.0,-20.0,MCF7_core,2494.0
390.0,-60.0,-5.0,MCF7_core,2494.0
390.0,-60.0,10.0,MCF7_core,2494.0
390.0,-45.0,-20.0,MCF7_core,2494.0
390.0,-45.0,-5.0,MCF7_core,2494.0
390.0,-45.0,10.0,MCF7_core,2494.0
390.0,-30.0,-20.0,MCF7_core,2494.0
390.0,-30.0,-5.0,MCF7_core,2494.0
390.0,-30.0,10.0,MCF7_core,2494.0
390.0,-15.0,-20.0,MCF7_core,2494.0
390.0,-15.0,-5.0,MCF7_core,2494.0
390.0,-15.0,10.0,MCF7_core,2494.0
390.0,0.0,-20.0,MCF7_core,2494.0
390.0,0.0,-5.0,MCF7_core,2494.0
390.0,0.0,10.0,MCF7_core,2494.0
390.0,15.0,-20.0,MCF7_core,2494.0
390.0,15.0,-5.0,MCF7_core,2494.0
390.0,15.0,10.0,MCF7_core,2494.0
390.0,30.0,-20.0,MCF7_core,2494.0
390.0,30.0,-5.0,MCF7_core,2494.0
390.0,30.0,10.0,MCF7_core,2494.0
390.0,45.0,-20.0,MCF7_core,2494.0
390.0,45.0,-5.0,MCF7_core,2494.0
390.0,45.0,10.0,MCF7_core,2494.0
390.0,60.0,-20.0,MCF7_core,2494.0
390.0,60.0,-5.0,MCF7_core,2494.0
390.0,60.0,10.0,MCF7_core,2494.0
390.0,75.0,-20.0,MCF7_core,2494.0
390.0,75.0,-5.0,MCF7_core,2494.0
390.0,75.0,10.0,MCF7_core,2494.0
390.0,90.0,-20.0,MCF7_core,2494.0
390.0,90.0,-5.0,MCF7_core,2494.0
390.0,90.0,10.0,MCF7_core,2494.0
390.0,105.0,-20.0,MCF7_core,2494.0
390.0,105.0,-5.0,MCF7_core,2494.0
390.0,105.0,10.0,MCF7_core,2494.0
390.0,120.0,-20.0,MCF7_core,2494.0
390.0,120.0,-5.0,MCF7_core,2494.0
390.0,120.0,10.0,MCF7_core,2494.0
390.0,135.0,-20.0,MCF7_core,2494.0
390.0,135.0,-5.0,MCF7_core,2494.0
390.0,135.0,10.0,MCF7_core,2494.0
390.0,150.0,-20.0,MCF7_core,2494.0
390.0,150.0,-5.0,MCF7_core,2494.0
390.0,150.0,10.0,MCF7_core,2494.0
405.0,-150.0,-20.0,MCF7_core,2494.0
405.0,-150.0,-5.0,MCF7_core,2494.0
405.0,-150.0,10.0,MCF7_core,2494.0
405.0,-135.0,-20.0,MCF7_core,2494.0
405.0,-135.0,-5.0,MCF7_core,2494.0
405.0,-135.0,10.0,MCF7_core,2494.0
405.0,-120.0,-20.0,MCF7_core,2494.0
405.0,-120.0,-5.0,MCF7_core,2494.0
405.0,-120.0,10.0,MCF7_core,2494.0
405.0,-105.0,-20.0,MCF7_core,2494.0
405.0,-105.0,-5.0,MCF7_core,2494.0
405.0,-105.0,10.0,MCF7_core,2494.0
405.0,-90.0,-20.0,MCF7_core,2494.0
405.0,-90.0,-5.0,MCF7_core,2494.0
405.0,-90.0,10.0,MCF7_core,2494.0
405.0,-75.0,-20.0,MCF7_core,2494.0
405.0,-75.0,-5.0,MCF7_core,2494.0
405.0,-75.0,10.0,MCF7_core,2494.0
405.0,-60.0,-20.0,MCF7_core,2494.0
405.0,-60.0,-5.0,MCF7_core,2494.0
405.0,-60.0,10.0,MCF7_core,2494.0
405.0,-45.0,-20.0,MCF7_core,2494.0
405.0,-45.0,-5.0,MCF7_core,2494.0
405.0,-45.0,10.0,MCF7_core,2494.0
405.0,-30.0,-20.0,MCF7_core,2494.0
405.0,-30.0,-5.0,MCF7_core,2494.0
405.0,-30.0,10.0,MCF7_core,2494.0
405.0,-15.0,-20.0,MCF7_core,2494.0
405.0,-15.0,-5.0,MCF7_core,2494.0
405.0,-15.0,10.0,MCF7_core,2494.0
405.0,0.0,-20.0,MCF7_core,2494.0
405.0,0.0,-5.0,MCF7_core,2494.0
405.0,0.0,10.0,MCF7_core,2494.0
405.0,15.0,-20.0,MCF7_core,2494.0
405.0,15.0,-5.0,MCF7_core,2494.0
405.0,15.0,10.0,MCF7_core,2494.0
405.0,30.0,-20.0,MCF7_core,2494.0
405.0,30.0,-5.0,MCF7_core,2494.0
405.0,30.0,10.0,MCF7_core,2494.0
405.0,45.0,-20.0,MCF7_core,2494.0
405.0,45.0,-5.0,MCF7_core,2494.0
405.0,45.0,10.0,MCF7_core,2494.0
405.0,60.0,-20.0,MCF7_core,2494.0
405.0,60.0,-5.0,MCF7_core,2494.0
405.0,60.0,10.0,MCF7_core,2494.0
405.0,75.0,-20.0,MCF7_core,2494.0
405.0,75.0,-5.0,MCF7_core,2494.0
405.0,75.0,10.0,MCF7_core,2494.0
405.0,90.0,-20.0,MCF7_core,2494.0
405.0,90.0,-5.0,MCF7_core,2494.0
405.0,90.0,10.0,MCF7_core,2494.0
405.0,105.0,-20.0,MCF7_core,2494.0
405.0,105.0,-5.0,MCF7_core,2494.0
405.0,105.0,10.0,MCF7_core,2494.0
405.0,120.0,-20.0,MCF7_core,2494.0
405.0,120.0,-5.0,MCF7_core,2494.0
405.0,120.0,10.0,MCF7_core,2494.0
405.0,135.0,-20.0,MCF7_core,2494.0
405.0,135.0,-5.0,MCF7_core,2494.0
405.0,135.0,10.0,MCF7_core,2494.0
405.0,150.0,-20.0,MCF7_core,2494.0
405.0,150.0,-5.0,MCF7_core,2494.0
405.0,150.0,10.0,MCF7_core,2494.0
420.0,-150.0,-20.0,MCF7_core,2494.0
420.0,-150.0,-5.0,MCF7_core,2494.0
420.0,-150.0,10.0,MCF7_core,2494.0
420.0,-135.0,-20.0,MCF7_core,2494.0
420.0,-135.0,-5.0,MCF7_core,2494.0
420.0,-135.0,10.0,MCF7_core,2494.0
420.0,-120.0,-20.0,MCF7_core,2494.0
420.0,-120.0,-5.0,MCF7_core,2494.0
420.0,-120.0,10.0,MCF7_core,2494.0
420.0,-105.0,-20.0,MCF7_core,2494.0
420.0,-105.0,-5.0,MCF7_core,2494.0
420.0,-105.0,10.0,MCF7_core,2494.0
420.0,-90.0,-20.0,MCF7_core,2494.0
420.0,-90.0,-5.0,MCF7_core,2494.0
420.0,-90.0,10.0,MCF7_core,2494.0
420.0,-75.0,-20.0,MCF7_core,2494.0
420.0,-75.0,-5.0,MCF7_core,2494.0
420.0,-75.0,10.0,MCF7_core,2494.0
420.0,-60.0,-20.0,MCF7_core,2494.0
420.0,-60.0,-5.0,MCF7_core,2494.0
420.0,-60.0,10.0,MCF7_core,2494.0
420.0,-45.0,-20.0,MCF7_core,2494.0
420.0,-45.0,-5.0,MCF7_core,2494.0
420.0,-45.0,10.0,MCF7_core,2494.0
420.0,-30.0,-20.0,MCF7_core,2494.0
420.0,-30.0,-5.0,MCF7_core,2494.0
420.0,-30.0,10.0,MCF7_core,2494.0
420.0,-15.0,-20.0,MCF7_core,2494.0
420.0,-15.0,-5.0,MCF7_core,2494.0
420.0,-15.0,10.0,MCF7_core,2494.0
420.0,0.0,-20.0,MCF7_core,2494.0
420.0,0.0,-5.0,MCF7_core,2494.0
420.0,0.0,10.0,MCF7_core,2494.0
420.0,15.0,-20.0,MCF7_core,2494.0
420.0,15.0,-5.0,MCF7_core,2494.0
420.0,15.0,10.0,MCF7_core,2494.0
420.0,30.0,-20.0,MCF7_core,2494.0
420.0,30.0,-5.0,MCF7_core,2494.0
420.0,30.0,10.0,MCF7_core,2494.0
420.0,45.0,-20.0,MCF7_core,2494.0
420.0,45.0,-5.0,MCF7_core,2494.0
420.0,45.0,10.0,MCF7_core,2494.0
420.0,60.0,-20.0,MCF7_core,2494.0
420.0,60.0,-5.0,MCF7_core,2494.0
420.0,60.0,10.0,MCF7_core,2494.0
420.0,75.0,-20.0,MCF7_core,2494.0
420.0,75.0,-5.0,MCF7_core,2494.0
420.0,75.0,10.0,MCF7_core,2494.0
420.0,90.0,-20.0,MCF7_core,2494.0
420.0,90.0,-5.0,MCF7_core,2494.0
420.0,90.0,10.0,MCF7_core,2494.0
420.0,105.0,-20.0,MCF7_core,2494.0
420.0,105.0,-5.0,MCF7_core,2494.0
420.0,105.0,10.0,MCF7_core,2494.0
420.0,120.0,-20.0,MCF7_core,2494.0
420.0,120.0,-5.0,MCF7_core,2494.0
420.0,120.0,10.0,MCF7_core,2494.0
420.0,135.0,-20.0,MCF7_core,2494.0
420.0,135.0,-5.0,MCF7_core,2494.0
420.0,135.0,10.0,MCF7_core,2494.0
420.0,150.0,-20.0,MCF7_core,2494.0
420.0,150.0,-5.0,MCF7_core,2494.0
420.0,150.0,10.0,MCF7_core,2494.0
435.0,-150.0,-20.0,MCF7_core,2494.0
435.0,-150.0,-5.0,MCF7_core,2494.0
435.0,-150.0,10.0,MCF7_core,2494.0
435.0,-135.0,-20.0,MCF7_core,2494.0
435.0,-135.0,-5.0,MCF7_core,2494.0
435.0,-135.0,10.0,MCF7_core,2494.0
435.0,-120.0,-20.0,MCF7_core,2494.0
435.0,-120.0,-5.0,MCF7_core,2494.0
435.0,-120.0,10.0,MCF7_core,2494.0
435.0,-105.0,-20.0,MCF7_core,2494.0
435.0,-105.0,-5.0,MCF7_core,2494.0
435.0,-105.0,10.0,MCF7_core,2494.0
435.0,-90.0,-20.0,MCF7_core,2494.0
435.0,-90.0,-5.0,MCF7_core,2494.0
435.0,-90.0,10.0,MCF7_core,2494.0
435.0,-75.0,-20.0,MCF7_core,2494.0
435.0,-75.0,-5.0,MCF7_core,2494.0
435.0,-75.0,10.0,MCF7_core,2494.0
435.0,-60.0,-20.0,MCF7_core,2494.0
435.0,-60.0,-5.0,MCF7_core,2494.0
435.0,-60.0,10.0,MCF7_core,2494.0
435.0,-45.0,-20.0,MCF7_core,2494.0
435.0,-45.0,-5.0,MCF7_core,2494.0
435.0,-45.0,10.0,MCF7_core,2494.0
435.0,-30.0,-20.0,MCF7_core,2494.0
435.0,-30.0,-5.0,MCF7_core,2494.0
435.0,-30.0,10.0,MCF7_core,2494.0
435.0,-15.0,-20.0,MCF7_core,2494.0
435.0,-15.0,-5.0,MCF7_core,2494.0
435.0,-15.0,10.0,MCF7_core,2494.0
435.0,0.0,-20.0,MCF7_core,2494.0
435.0,0.0,-5.0,MCF7_core,2494.0
435.0,0.0,10.0,MCF7_core,2494.0
435.0,15.0,-20.0,MCF7_core,2494.0
435.0,15.0,-5.0,MCF7_core,2494.0
435.0,15.0,10.0,MCF7_core,2494.0
435.0,30.0,-20.0,MCF7_core,2494.0
435.0,30.0,-5.0,MCF7_core,2494.0
435.0,30.0,10.0,MCF7_core,2494.0
435.0,45.0,-20.0,MCF7_core,2494.0
435.0,45.0,-5.0,MCF7_core,2494.0
435.0,45.0,10.0,MCF7_core,2494.0
435.0,60.0,-20.0,MCF7_core,2494.0
435.0,60.0,-5.0,MCF7_core,2494.0
435.0,60.0,10.0,MCF7_core,2494.0
435.0,75.0,-20.0,MCF7_core,2494.0
435.0,75.0,-5.0,MCF7_core,2494.0
435.0,75.0,10.0,MCF7_core,2494.0
435.0,90.0,-20.0,MCF7_core,2494.0
435.0,90.0,-5.0,MCF7_core,2494.0
435.0,90.0,10.0,MCF7_core,2494.0
435.0,105.0,-20.0,MCF7_core,2494.0
435.0,105.0,-5.0,MCF7_core,2494.0
435.0,105.0,10.0,MCF7_core,2494.0
435.0,120.0,-20.0,MCF7_core,2494.0
435.0,120.0,-5.0,MCF7_core,2494.0
435.0,120.0,10.0,MCF7_core,2494.0
435.0,135.0,-20.0,MCF7_core,2494.0
435.0,135.0,-5.0,MCF7_core,2494.0
435.0,135.0,10.0,MCF7_core,2494.0
435.0,150.0,-20.0,MCF7_core,2494.0
435.0,150.0,-5.0,MCF7_core,2494.0
435.0,150.0,10.0,MCF7_core,2494.0
450.0,-150.0,-20.0,MCF7_core,2494.0
450.0,-150.0,-5.0,MCF7_core,2494.0
450.0,-150.0,10.0,MCF7_core,2494.0
450.0,-135.0,-20.0,MCF7_core,2494.0
450.0,-135.0,-5.0,MCF7_core,2494.0
450.0,-135.0,10.0,MCF7_core,2494.0
450.0,-120.0,-20.0,MCF7_core,2494.0
450.0,-120.0,-5.0,MCF7_core,2494.0
450.0,-120.0,10.0,MCF7_core,2494.0
450.0,-105.0,-20.0,MCF7_core,2494.0
450.0,-105.0,-5.0,MCF7_core,2494.0
450.0,-105.0,10.0,MCF7_core,2494.0
450.0,-90.0,-20.0,MCF7_core,2494.0
450.0,-90.0,-5.0,MCF7_core,2494.0
450.0,-90.0,10.0,MCF7_core,2494.0
450.0,-75.0,-20.0,MCF7_core,2494.0
450.0,-75.0,-5.0,MCF7_core,2494.0
450.0,-75.0,10.0,MCF7_core,2494.0
450.0,-60.0,-20.0,MCF7_core,2494.0
450.0,-60.0,-5.0,MCF7_core,2494.0
450.0,-60.0,10.0,MCF7_core,2494.0
450.0,-45.0,-20.0,MCF7_core,2494.0
450.0,-45.0,-5.0,MCF7_core,2494.0
450.0,-45.0,10.0,MCF7_core,2494.0
450.0,-30.0,-20.0,MCF7_core,2494.0
450.0,-30.0,-5.0,MCF7_core,2494.0
450.0,-30.0,10.0,MCF7_core,2494.0
450.0,-15.0,-20.0,MCF7_core,2494.0
450.0,-15.0,-5.0,MCF7_core,2494.0
450.0,-15.0,10.0,MCF7_core,2494.0
450.0,0.0,-20.0,MCF7_core,2494.0
450.0,0.0,-5.0,MCF7_core,2494.0
450.0,0.0,10.0,MCF7_core,2494.0
450.0,15.0,-20.0,MCF7_core,2494.0
450.0,15.0,-5.0,MCF7_core,2494.0
450.0,15.0,10.0,MCF7_core,2494.0
450.0,30.0,-20.0,MCF7_core,2494.0
450.0,30.0,-5.0,MCF7_core,2494.0
450.0,30.0,10.0,MCF7_core,2494.0
450.0,45.0,-20.0,MCF7_core,2494.0
450.0,45.0,-5.0,MCF7_core,2494.0
450.0,45.0,10.0,MCF7_core,2494.0
450.0,60.0,-20.0,MCF7_core,2494.0
450.0,60.0,-5.0,MCF7_core,2494.0
450.0,60.0,10.0,MCF7_core,2494.0
450.0,75.0,-20.0,MCF7_core,2494.0
450.0,75.0,-5.0,MCF7_core,2494.0
450.0,75.0,10.0,MCF7_core,2494.0
450.0,90.0,-20.0,MCF7_core,2494.0
450.0,90.0,-5.0,MCF7_core,2494.0
450.0,90.0,10.0,MCF7_core,2494.0
450.0,105.0,-20.0,MCF7_core,2494.0
450.0,105.0,-5.0,MCF7_core,2494.0
450.0,105.0,10.0,MCF7_core,2494.0
450.0,120.0,-20.0,MCF7_core,2494.0
450.0,120.0,-5.0,MCF7_core,2494.0
450.0,120.0,10.0,MCF7_core,2494.0
450.0,135.0,-20.0,MCF7_core,2494.0
450.0,135.0,-5.0,MCF7_core,2494.0
450.0,135.0,10.0,MCF7_core,2494.0
450.0,150.0,-20.0,MCF7_core,2494.0
450.0,150.0,-5.0,MCF7_core,2494.0
450.0,150.0,10.0,MCF7_core,2494.0
465.0,-150.0,-20.0,MCF7_core,2494.0
465.0,-150.0,-5.0,MCF7_core,2494.0
465.0,-150.0,10.0,MCF7_core,2494.0
465.0,-135.0,-20.0,MCF7_core,2494.0
465.0,-135.0,-5.0,MCF7_core,2494.0
465.0,-135.0,10.0,MCF7_core,2494.0
465.0,-120.0,-20.0,MCF7_core,2494.0
465.0,-120.0,-5.0,MCF7_core,2494.0
465.0,-120.0,10.0,MCF7_core,2494.0
465.0,-105.0,-20.0,MCF7_core,2494.0
465.0,-105.0,-5.0,MCF7_core,2494.0
465.0,-105.0,10.0,MCF7_core,2494.0
465.0,-90.0,-20.0,MCF7_core,2494.0
465.0,-90.0,-5.0,MCF7_core,2494.0
465.0,-90.0,10.0,MCF7_core,2494.0
465.0,-75.0,-20.0,MCF7_core,2494.0
465.0,-75.0,-5.0,MCF7_core,2494.0
465.0,-75.0,10.0,MCF7_core,2494.0
465.0,-60.0,-20.0,MCF7_core,2494.0
465.0,-60.0,-5.0,MCF7_core,2494.0
465.0,-60.0,10.0,MCF7_core,2494.0
465.0,-45.0,-20.0,MCF7_core,2494.0
465.0,-45.0,-5.0,MCF7_core,2494.0
465.0,-45.0,10.0,MCF7_core,2494.0
465.0,-30.0,-20.0,MCF7_core,2494.0
465.0,-30.0,-5.0,MCF7_core,2494.0
465.0,-30.0,10.0,MCF7_core,2494.0
465.0,-15.0,-20.0,MCF7_core,2494.0
465.0,-15.0,-5.0,MCF7_core,2494.0
465.0,-15.0,10.0,MCF7_core,2494.0
465.0,0.0,-20.0,MCF7_core,2494.0
465.0,0.0,-5.0,MCF7_core,2494.0
465.0,0.0,10.0,MCF7_core,2494.0
465.0,15.0,-20.0,MCF7_core,2494.0
465.0,15.0,-5.0,MCF7_core,2494.0
465.0,15.0,10.0,MCF7_core,2494.0
465.0,30.0,-20.0,MCF7_core,2494.0
465.0,30.0,-5.0,MCF7_core,2494.0
465.0,30.0,10.0,MCF7_core,2494.0
465.0,45.0,-20.0,MCF7_core,2494.0
465.0,45.0,-5.0,MCF7_core,2494.0
465.0,45.0,10.0,MCF7_core,2494.0
465.0,60.0,-20.0,MCF7_core,2494.0
465.0,60.0,-5.0,MCF7_core,2494.0
465.0,60.0,10.0,MCF7_core,2494.0
465.0,75.0,-20.0,MCF7_core,2494.0
465.0,75.0,-5.0,MCF7_core,2494.0
465.0,75.0,10.0,MCF7_core,2494.0
465.0,90.0,-20.0,MCF7_core,2494.0
465.0,90.0,-5.0,MCF7_core,2494.0
465.0,90.0,10.0,MCF7_core,2494.0
465.0,105.0,-20.0,MCF7_core,2494.0
465.0,105.0,-5.0,MCF7_core,2494.0
465.0,105.0,10.0,MCF7_core,2494.0
465.0,120.0,-20.0,MCF7_core,2494.0
465.0,120.0,-5.0,MCF7_core,2494.0
465.0,120.0,10.0,MCF7_core,2494.0
465.0,135.0,-20.0,MCF7_core,2494.0
465.0,135.0,-5.0,MCF7_core,2494.0
465.0,135.0,10.0,MCF7_core,2494.0
465.0,150.0,-20.0,MCF7_core,2494.0
465.0,150.0,-5.0,MCF7_core,2494.0
465.0,150.0,10.0,MCF7_core,2494.0
480.0,-150.0,-20.0,MCF7_core,2494.0
480.0,-150.0,-5.0,MCF7_core,2494.0
480.0,-150.0,10.0,MCF7_core,2494.0
480.0,-135.0,-20.0,MCF7_core,2494.0
480.0,-135.0,-5.0,MCF7_core,2494.0
480.0,-135.0,10.0,MCF7_core,2494.0
480.0,-120.0,-20.0,MCF7_core,2494.0
480.0,-120.0,-5.0,MCF7_core,2494.0
480.0,-120.0,10.0,MCF7_core,2494.0
480.0,-105.0,-20.0,MCF7_core,2494.0
480.0,-105.0,-5.0,MCF7_core,2494.0
480.0,-105.0,10.0,MCF7_core,2494.0
480.0,-90.0,-20.0,MCF7_core,2494.0
480.0,-90.0,-5.0,MCF7_core,2494.0
480.0,-90.0,10.0,MCF7_core,2494.0
480.0,-75.0,-20.0,MCF7_core,2494.0
480.0,-75.0,-5.0,MCF7_core,2494.0
480.0,-75.0,10.0,MCF7_core,2494.0
480.0,-60.0,-20.0,MCF7_core,2494.0
480.0,-60.0,-5.0,MCF7_core,2494.0
480.0,-60.0,10.0,MCF7_core,2494.0
480.0,-45.0,-20.0,MCF7_core,2494.0
480.0,-45.0,-5.0,MCF7_core,2494.0
480.0,-45.0,10.0,MCF7_core,2494.0
480.0,-30.0,-20.0,MCF7_core,2494.0
480.0,-30.0,-5.0,MCF7_core,2494.0
480.0,-30.0,10.0,MCF7_core,2494.0
480.0,-15.0,-20.0,MCF7_core,2494.0
480.0,-15.0,-5.0,MCF7_core,2494.0
480.0,-15.0,10.0,MCF7_core,2494.0
480.0,0.0,-20.0,MCF7_core,2494.0
480.0,0.0,-5.0,MCF7_core,2494.0
480.0,0.0,10.0,MCF7_core,2494.0
480.0,15.0,-20.0,MCF7_core,2494.0
480.0,15.0,-5.0,MCF7_core,2494.0
480.0,15.0,10.0,MCF7_core,2494.0
480.0,30.0,-20.0,MCF7_core,2494.0
480.0,30.0,-5.0,MCF7_core,2494.0
480.0,30.0,10.0,MCF7_core,2494.0
480.0,45.0,-20.0,MCF7_core,2494.0
480.0,45.0,-5.0,MCF7_core,2494.0
480.0,45.0,10.0,MCF7_core,2494.0
480.0,60.0,-20.0,MCF7_core,2494.0
480.0,60.0,-5.0,MCF7_core,2494.0
480.0,60.0,10.0,MCF7_core,2494.0
480.0,75.0,-20.0,MCF7_core,2494.0
480.0,75.0,-5.0,MCF7_core,2494.0
480.0,75.0,10.0,MCF7_core,2494.0
480.0,90.0,-20.0,MCF7_core,2494.0
480.0,90.0,-5.0,MCF7_core,2494.0
480.0,90.0,10.0,MCF7_core,2494.0
480.0,105.0,-20.0,MCF7_core,2494.0
480.0,105.0,-5.0,MCF7_core,2494.0
480.0,105.0,10.0,MCF7_core,2494.0
480.0,120.0,-20.0,MCF7_core,2494.0
480.0,120.0,-5.0,MCF7_core,2494.0
480.0,120.0,10.0,MCF7_core,2494.0
480.0,135.0,-20.0,MCF7_core,2494.0
480.0,135.0,-5.0,MCF7_core,2494.0
480.0,135.0,10.0,MCF7_core,2494.0
480.0,150.0,-20.0,MCF7_core,2494.0
480.0,150.0,-5.0,MCF7_core,2494.0
480.0,150.0,10.0,MCF7_core,2494.0
495.0,-150.0,-20.0,MCF7_core,2494.0
495.0,-150.0,-5.0,MCF7_core,2494.0
495.0,-150.0,10.0,MCF7_core,2494.0
495.0,-135.0,-20.0,MCF7_core,2494.0
495.0,-135.0,-5.0,MCF7_core,2494.0
495.0,-135.0,10.0,MCF7_core,2494.0
495.0,-120.0,-20.0,MCF7_core,2494.0
495.0,-120.0,-5.0,MCF7_core,2494.0
495.0,-120.0,10.0,MCF7_core,2494.0
495.0,-105.0,-20.0,MCF7_core,2494.0
495.0,-105.0,-5.0,MCF7_core,2494.0
495.0,-105.0,10.0,MCF7_core,2494.0
495.0,-90.0,-20.0,MCF7_core,2494.0
495.0,-90.0,-5.0,MCF7_core,2494.0
495.0,-90.0,10.0,MCF7_core,2494.0
495.0,-75.0,-20.0,MCF7_core,2494.0
495.0,-75.0,-5.0,MCF7_core,2494.0
495.0,-75.0,10.0,MCF7_core,2494.0
495.0,-60.0,-20.0,MCF7_core,2494.0
495.0,-60.0,-5.0,MCF7_core,2494.0
495.0,-60.0,10.0,MCF7_core,2494.0
495.0,-45.0,-20.0,MCF7_core,2494.0
495.0,-45.0,-5.0,MCF7_core,2494.0
495.0,-45.0,10.0,MCF7_core,2494.0
495.0,-30.0,-20.0,MCF7_core,2494.0
495.0,-30.0,-5.0,MCF7_core,2494.0
495.0,-30.0,10.0,MCF7_core,2494.0
495.0,-15.0,-20.0,MCF7_core,2494.0
495.0,-15.0,-5.0,MCF7_core,2494.0
495.0,-15.0,10.0,MCF7_core,2494.0
495.0,0.0,-20.0,MCF7_core,2494.0
495.0,0.0,-5.0,MCF7_core,2494.0
495.0,0.0,10.0,MCF7_core,2494.0
495.0,15.0,-20.0,MCF7_core,2494.0
495.0,15.0,-5.0,MCF7_core,2494.0
495.0,15.0,10.0,MCF7_core,2494.0
495.0,30.0,-20.0,MCF7_core,2494.0
495.0,30.0,-5.0,MCF7_core,2494.0
495.0,30.0,10.0,MCF7_core,2494.0
495.0,45.0,-20.0,MCF7_core,2494.0
495.0,45.0,-5.0,MCF7_core,2494.0
495.0,45.0,10.0,MCF7_core,2494.0
495.0,60.0,-20.0,MCF7_core,2494.0
495.0,60.0,-5.0,MCF7_core,2494.0
495.0,60.0,10.0,MCF7_core,2494.0
495.0,75.0,-20.0,MCF7_core,2494.0
495.0,75.0,-5.0,MCF7_core,2494.0
495.0,75.0,10.0,MCF7_core,2494.0
495.0,90.0,-20.0,MCF7_core,2494.0
495.0,90.0,-5.0,MCF7_core,2494.0
495.0,90.0,10.0,MCF7_core,2494.0
495.0,105.0,-20.0,MCF7_core,2494.0
495.0,105.0,-5.0,MCF7_core,2494.0
495.0,105.0,10.0,MCF7_core,2494.0
495.0,120.0,-20.0,MCF7_core,2494.0
495.0,120.0,-5.0,MCF7_core,2494.0
495.0,120.0,10.0,MCF7_core,2494.0
495.0,135.0,-20.0,MCF7_core,2494.0
495.0,135.0,-5.0,MCF7_core,2494.0
495.0,135.0,10.0,MCF7_core,2494.0
495.0,150.0,-20.0,MCF7_core,2494.0
495.0,150.0,-5.0,MCF7_core,2494.0
495.0,150.0,10.0,MCF7_core,2494.0
510.0,-150.0,-20.0,MCF7_core,2494.0
510.0,-150.0,-5.0,MCF7_core,2494.0
510.0,-150.0,10.0,MCF7_core,2494.0
510.0,-135.0,-20.0,MCF7_core,2494.0
510.0,-135.0,-5.0,MCF7_core,2494.0
510.0,-135.0,10.0,MCF7_core,2494.0
510.0,-120.0,-20.0,MCF7_core,2494.0
510.0,-120.0,-5.0,MCF7_core,2494.0
510.0,-120.0,10.0,MCF7_core,2494.0
510.0,-105.0,-20.0,MCF7_core,2494.0
510.0,-105.0,-5.0,MCF7_core,2494.0
510.0,-105.0,10.0,MCF7_core,2494.0
510.0,-90.0,-20.0,MCF7_core,2494.0
510.0,-90.0,-5.0,MCF7_core,2494.0
510.0,-90.0,10.0,MCF7_core,2494.0
510.0,-75.0,-20.0,MCF7_core,2494.0
510.0,-75.0,-5.0,MCF7_core,2494.0
510.0,-75.0,10.0,MCF7_core,2494.0
510.0,-60.0,-20.0,MCF7_core,2494.0
510.0,-60.0,-5.0,MCF7_core,2494.0
510.0,-60.0,10.0,MCF7_core,2494.0
510.0,-45.0,-20.0,MCF7_core,2494.0
510.0,-45.0,-5.0,MCF7_core,2494.0
510.0,-45.0,10.0,MCF7_core,2494.0
510.0,-30.0,-20.0,MCF7_core,2494.0
510.0,-30.0,-5.0,MCF7_core,2494.0
510.0,-30.0,10.0,MCF7_core,2494.0
510.0,-15.0,-20.0,MCF7_core,2494.0
510.0,-15.0,-5.0,MCF7_core,2494.0
510.0,-15.0,10.0,MCF7_core,2494.0
510.0,0.0,-20.0,MCF7_core,2494.0
510.0,0.0,-5.0,MCF7_core,2494.0
510.0,0.0,10.0,MCF7_core,2494.0
510.0,15.0,-20.0,MCF7_core,2494.0
510.0,15.0,-5.0,MCF7_core,2494.0
510.0,15.0,10.0,MCF7_core,2494.0
510.0,30.0,-20.0,MCF7_core,2494.0
510.0,30.0,-5.0,MCF7_core,2494.0
510.0,30.0,10.0,MCF7_core,2494.0
510.0,45.0,-20.0,MCF7_core,2494.0
510.0,45.0,-5.0,MCF7_core,2494.0
510.0,45.0,10.0,MCF7_core,2494.0
510.0,60.0,-20.0,MCF7_core,2494.0
510.0,60.0,-5.0,MCF7_core,2494.0
510.0,60.0,10.0,MCF7_core,2494.0
510.0,75.0,-20.0,MCF7_core,2494.0
510.0,75.0,-5.0,MCF7_core,2494.0
510.0,75.0,10.0,MCF7_core,2494.0
510.0,90.0,-20.0,MCF7_core,2494.0
510.0,90.0,-5.0,MCF7_core,2494.0
510.0,90.0,10.0,MCF7_core,2494.0
510.0,105.0,-20.0,MCF7_core,2494.0
510.0,105.0,-5.0,MCF7_core,2494.0
510.0,105.0,10.0,MCF7_core,2494.0
510.0,120.0,-20.0,MCF7_core,2494.0
510.0,120.0,-5.0,MCF7_core,2494.0
510.0,120.0,10.0,MCF7_core,2494.0
510.0,135.0,-20.0,MCF7_core,2494.0
510.0,135.0,-5.0,MCF7_core,2494.0
510.0,135.0,10.0,MCF7_core,2494.0
510.0,150.0,-20.0,MCF7_core,2494.0
510.0,150.0,-5.0,MCF7_core,2494.0
510.0,150.0,10.0,MCF7_core,2494.0
525.0,-150.0,-20.0,MCF7_core,2494.0
525.0,-150.0,-5.0,MCF7_core,2494.0
525.0,-150.0,10.0,MCF7_core,2494.0
525.0,-135.0,-20.0,MCF7_core,2494.0
525.0,-135.0,-5.0,MCF7_core,2494.0
525.0,-135.0,10.0,MCF7_core,2494.0
525.0,-120.0,-20.0,MCF7_core,2494.0
525.0,-120.0,-5.0,MCF7_core,2494.0
525.0,-120.0,10.0,MCF7_core,2494.0
525.0,-105.0,-20.0,MCF7_core,2494.0
525.0,-105.0,-5.0,MCF7_core,2494.0
525.0,-105.0,10.0,MCF7_core,2494.0
525.0,-90.0,-20.0,MCF7_core,2494.0
525.0,-90.0,-5.0,MCF7_core,2494.0
525.0,-90.0,10.0,MCF7_core,2494.0
525.0,-75.0,-20.0,MCF7_core,2494.0
525.0,-75.0,-5.0,MCF7_core,2494.0
525.0,-75.0,10.0,MCF7_core,2494.0
525.0,-60.0,-20.0,MCF7_core,2494.0
525.0,-60.0,-5.0,MCF7_core,2494.0
525.0,-60.0,10.0,MCF7_core,2494.0
525.0,-45.0,-20.0,MCF7_core,2494.0
525.0,-45.0,-5.0,MCF7_core,2494.0
525.0,-45.0,10.0,MCF7_core,2494.0
525.0,-30.0,-20.0,MCF7_core,2494.0
525.0,-30.0,-5.0,MCF7_core,2494.0
525.0,-30.0,10.0,MCF7_core,2494.0
525.0,-15.0,-20.0,MCF7_core,2494.0
525.0,-15.0,-5.0,MCF7_core,2494.0
525.0,-15.0,10.0,MCF7_core,2494.0
525.0,0.0,-20.0,MCF7_core,2494.0
525.0,0.0,-5.0,MCF7_core,2494.0
525.0,0.0,10.0,MCF7_core,2494.0
525.0,15.0,-20.0,MCF7_core,2494.0
525.0,15.0,-5.0,MCF7_core,2494.0
525.0,15.0,10.0,MCF7_core,2494.0
525.0,30.0,-20.0,MCF7_core,2494.0
525.0,30.0,-5.0,MCF7_core,2494.0
525.0,30.0,10.0,MCF7_core,2494.0
525.0,45.0,-20.0,MCF7_core,2494.0
525.0,45.0,-5.0,MCF7_core,2494.0
525.0,45.0,10.0,MCF7_core,2494.0
525.0,60.0,-20.0,MCF7_core,2494.0
525.0,60.0,-5.0,MCF7_core,2494.0
525.0,60.0,10.0,MCF7_core,2494.0
525.0,75.0,-20.0,MCF7_core,2494.0
525.0,75.0,-5.0,MCF7_core,2494.0
525.0,75.0,10.0,MCF7_core,2494.0
525.0,90.0,-20.0,MCF7_core,2494.0
525.0,90.0,-5.0,MCF7_core,2494.0
525.0,90.0,10.0,MCF7_core,2494.0
525.0,105.0,-20.0,MCF7_core,2494.0
525.0,105.0,-5.0,MCF7_core,2494.0
525.0,105.0,10.0,MCF7_core,2494.0
525.0,120.0,-20.0,MCF7_core,2494.0
525.0,120.0,-5.0,MCF7_core,2494.0
525.0,120.0,10.0,MCF7_core,2494.0
525.0,135.0,-20.0,MCF7_core,2494.0
525.0,135.0,-5.0,MCF7_core,2494.0
525.0,135.0,10.0,MCF7_core,2494.0
525.0,150.0,-20.0,MCF7_core,2494.0
525.0,150.0,-5.0,MCF7_core,2494.0
525.0,150.0,10.0,MCF7_core,2494.0
540.0,-150.0,-20.0,MCF7_core,2494.0
540.0,-150.0,-5.0,MCF7_core,2494.0
540.0,-150.0,10.0,MCF7_core,2494.0
540.0,-135.0,-20.0,MCF7_core,2494.0
540.0,-135.0,-5.0,MCF7_core,2494.0
540.0,-135.0,10.0,MCF7_core,2494.0
540.0,-120.0,-20.0,MCF7_core,2494.0
540.0,-120.0,-5.0,MCF7_core,2494.0
540.0,-120.0,10.0,MCF7_core,2494.0
540.0,-105.0,-20.0,MCF7_core,2494.0
540.0,-105.0,-5.0,MCF7_core,2494.0
540.0,-105.0,10.0,MCF7_core,2494.0
540.0,-90.0,-20.0,MCF7_core,2494.0
540.0,-90.0,-5.0,MCF7_core,2494.0
540.0,-90.0,10.0,MCF7_core,2494.0
540.0,-75.0,-20.0,MCF7_core,2494.0
540.0,-75.0,-5.0,MCF7_core,2494.0
540.0,-75.0,10.0,MCF7_core,2494.0
540.0,-60.0,-20.0,MCF7_core,2494.0
540.0,-60.0,-5.0,MCF7_core,2494.0
540.0,-60.0,10.0,MCF7_core,2494.0
540.0,-45.0,-20.0,MCF7_core,2494.0
540.0,-45.0,-5.0,MCF7_core,2494.0
540.0,-45.0,10.0,MCF7_core,2494.0
540.0,-30.0,-20.0,MCF7_core,2494.0
540.0,-30.0,-5.0,MCF7_core,2494.0
540.0,-30.0,10.0,MCF7_core,2494.0
540.0,-15.0,-20.0,MCF7_core,2494.0
540.0,-15.0,-5.0,MCF7_core,2494.0
540.0,-15.0,10.0,MCF7_core,2494.0
540.0,0.0,-20.0,MCF7_core,2494.0
540.0,0.0,-5.0,MCF7_core,2494.0
540.0,0.0,10.0,MCF7_core,2494.0
540.0,15.0,-20.0,MCF7_core,2494.0
540.0,15.0,-5.0,MCF7_core,2494.0
540.0,15.0,10.0,MCF7_core,2494.0
540.0,30.0,-20.0,MCF7_core,2494.0
540.0,30.0,-5.0,MCF7_core,2494.0
540.0,30.0,10.0,MCF7_core,2494.0
540.0,45.0,-20.0,MCF7_core,2494.0
540.0,45.0,-5.0,MCF7_core,2494.0
540.0,45.0,10.0,MCF7_core,2494.0
540.0,60.0,-20.0,MCF7_core,2494.0
540.0,60.0,-5.0,MCF7_core,2494.0
540.0,60.0,10.0,MCF7_core,2494.0
540.0,75.0,-20.0,MCF7_core,2494.0
540.0,75.0,-5.0,MCF7_core,2494.0
540.0,75.0,10.0,MCF7_core,2494.0
540.0,90.0,-20.0,MCF7_core,2494.0
540.0,90.0,-5.0,MCF7_core,2494.0
540.0,90.0,10.0,MCF7_core,2494.0
540.0,105.0,-20.0,MCF7_core,2494.0
540.0,105.0,-5.0,MCF7_core,2494.0
540.0,105.0,10.0,MCF7_core,2494.0
540.0,120.0,-20.0,MCF7_core,2494.0
540.0,120.0,-5.0,MCF7_core,2494.0
540.0,120.0,10.0,MCF7_core,2494.0
540.0,135.0,-20.0,MCF7_core,2494.0
540.0,135.0,-5.0,MCF7_core,2494.0
540.0,135.0,10.0,MCF7_core,2494.0
540.0,150.0,-20.0,MCF7_core,2494.0
540.0,150.0,-5.0,MCF7_core,2494.0
540.0,150.0,10.0,MCF7_core,2494.0
555.0,-150.0,-20.0,MCF7_core,2494.0
555.0,-150.0,-5.0,MCF7_core,2494.0
555.0,-150.0,10.0,MCF7_core,2494.0
555.0,-135.0,-20.0,MCF7_core,2494.0
555.0,-135.0,-5.0,MCF7_core,2494.0
555.0,-135.0,10.0,MCF7_core,2494.0
555.0,-120.0,-20.0,MCF7_core,2494.0
555.0,-120.0,-5.0,MCF7_core,2494.0
555.0,-120.0,10.0,MCF7_core,2494.0
555.0,-105.0,-20.0,MCF7_core,2494.0
555.0,-105.0,-5.0,MCF7_core,2494.0
555.0,-105.0,10.0,MCF7_core,2494.0
555.0,-90.0,-20.0,MCF7_core,2494.0
555.0,-90.0,-5.0,MCF7_core,2494.0
555.0,-90.0,10.0,MCF7_core,2494.0
555.0,-75.0,-20.0,MCF7_core,2494.0
555.0,-75.0,-5.0,MCF7_core,2494.0
555.0,-75.0,10.0,MCF7_core,2494.0
555.0,-60.0,-20.0,MCF7_core,2494.0
555.0,-60.0,-5.0,MCF7_core,2494.0
555.0,-60.0,10.0,MCF7_core,2494.0
555.0,-45.0,-20.0,MCF7_core,2494.0
555.0,-45.0,-5.0,MCF7_core,2494.0
555.0,-45.0,10.0,MCF7_core,2494.0
555.0,-30.0,-20.0,MCF7_core,2494.0
555.0,-30.0,-5.0,MCF7_core,2494.0
555.0,-30.0,10.0,MCF7_core,2494.0
555.0,-15.0,-20.0,MCF7_core,2494.0
555.0,-15.0,-5.0,MCF7_core,2494.0
555.0,-15.0,10.0,MCF7_core,2494.0
555.0,0.0,-20.0,MCF7_core,2494.0
555.0,0.0,-5.0,MCF7_core,2494.0
555.0,0.0,10.0,MCF7_core,2494.0
555.0,15.0,-20.0,MCF7_core,2494.0
555.0,15.0,-5.0,MCF7_core,2494.0
555.0,15.0,10.0,MCF7_core,2494.0
555.0,30.0,-20.0,MCF7_core,2494.0
555.0,30.0,-5.0,MCF7_core,2494.0
555.0,30.0,10.0,MCF7_core,2494.0
555.0,45.0,-20.0,MCF7_core,2494.0
555.0,45.0,-5.0,MCF7_core,2494.0
555.0,45.0,10.0,MCF7_core,2494.0
555.0,60.0,-20.0,MCF7_core,2494.0
555.0,60.0,-5.0,MCF7_core,2494.0
555.0,60.0,10.0,MCF7_core,2494.0
555.0,75.0,-20.0,MCF7_core,2494.0
555.0,75.0,-5.0,MCF7_core,2494.0
555.0,75.0,10.0,MCF7_core,2494.0
555.0,90.0,-20.0,MCF7_core,2494.0
555.0,90.0,-5.0,MCF7_core,2494.0
555.0,90.0,10.0,MCF7_core,2494.0
555.0,105.0,-20.0,MCF7_core,2494.0
555.0,105.0,-5.0,MCF7_core,2494.0
555.0,105.0,10.0,MCF7_core,2494.0
555.0,120.0,-20.0,MCF7_core,2494.0
555.0,120.0,-5.0,MCF7_core,2494.0
555.0,120.0,10.0,MCF7_core,2494.0
555.0,135.0,-20.0,MCF7_core,2494.0
555.0,135.0,-5.0,MCF7_core,2494.0
555.0,135.0,10.0,MCF7_core,2494.0
555.0,150.0,-20.0,MCF7_core,2494.0
555.0,150.0,-5.0,MCF7_core,2494.0
555.0,150.0,10.0,MCF7_core,2494.0
570.0,-150.0,-20.0,MCF7_core,2494.0
570.0,-150.0,-5.0,MCF7_core,2494.0
570.0,-150.0,10.0,MCF7_core,2494.0
570.0,-135.0,-20.0,MCF7_core,2494.0
570.0,-135.0,-5.0,MCF7_core,2494.0
570.0,-135.0,10.0,MCF7_core,2494.0
570.0,-120.0,-20.0,MCF7_core,2494.0
570.0,-120.0,-5.0,MCF7_core,2494.0
570.0,-120.0,10.0,MCF7_core,2494.0
570.0,-105.0,-20.0,MCF7_core,2494.0
570.0,-105.0,-5.0,MCF7_core,2494.0
570.0,-105.0,10.0,MCF7_core,2494.0
570.0,-90.0,-20.0,MCF7_core,2494.0
570.0,-90.0,-5.0,MCF7_core,2494.0
570.0,-90.0,10.0,MCF7_core,2494.0
570.0,-75.0,-20.0,MCF7_core,2494.0
570.0,-75.0,-5.0,MCF7_core,2494.0
570.0,-75.0,10.0,MCF7_core,2494.0
570.0,-60.0,-20.0,MCF7_core,2494.0
570.0,-60.0,-5.0,MCF7_core,2494.0
570.0,-60.0,10.0,MCF7_core,2494.0
570.0,-45.0,-20.0,MCF7_core,2494.0
570.0,-45.0,-5.0,MCF7_core,2494.0
570.0,-45.0,10.0,MCF7_core,2494.0
570.0,-30.0,-20.0,MCF7_core,2494.0
570.0,-30.0,-5.0,MCF7_core,2494.0
570.0,-30.0,10.0,MCF7_core,2494.0
570.0,-15.0,-20.0,MCF7_core,2494.0
570.0,-15.0,-5.0,MCF7_core,2494.0
570.0,-15.0,10.0,MCF7_core,2494.0
570.0,0.0,-20.0,MCF7_core,2494.0
570.0,0.0,-5.0,MCF7_core,2494.0
570.0,0.0,10.0,MCF7_core,2494.0
570.0,15.0,-20.0,MCF7_core,2494.0
570.0,15.0,-5.0,MCF7_core,2494.0
570.0,15.0,10.0,MCF7_core,2494.0
570.0,30.0,-20.0,MCF7_core,2494.0
570.0,30.0,-5.0,MCF7_core,2494.0
570.0,30.0,10.0,MCF7_core,2494.0
570.0,45.0,-20.0,MCF7_core,2494.0
570.0,45.0,-5.0,MCF7_core,2494.0
570.0,45.0,10.0,MCF7_core,2494.0
570.0,60.0,-20.0,MCF7_core,2494.0
570.0,60.0,-5.0,MCF7_core,2494.0
570.0,60.0,10.0,MCF7_core,2494.0
570.0,75.0,-20.0,MCF7_core,2494.0
570.0,75.0,-5.0,MCF7_core,2494.0
570.0,75.0,10.0,MCF7_core,2494.0
570.0,90.0,-20.0,MCF7_core,2494.0
570.0,90.0,-5.0,MCF7_core,2494.0
570.0,90.0,10.0,MCF7_core,2494.0
570.0,105.0,-20.0,MCF7_core,2494.0
570.0,105.0,-5.0,MCF7_core,2494.0
570.0,105.0,10.0,MCF7_core,2494.0
570.0,120.0,-20.0,MCF7_core,2494.0
570.0,120.0,-5.0,MCF7_core,2494.0
570.0,120.0,10.0,MCF7_core,2494.0
570.0,135.0,-20.0,MCF7_core,2494.0
570.0,135.0,-5.0,MCF7_core,2494.0
570.0,135.0,10.0,MCF7_core,2494.0
570.0,150.0,-20.0,MCF7_core,2494.0
570.0,150.0,-5.0,MCF7_core,2494.0
570.0,150.0,10.0,MCF7_core,2494.0
585.0,-150.0,-20.0,MCF7_core,2494.0
585.0,-150.0,-5.0,MCF7_core,2494.0
585.0,-150.0,10.0,MCF7_core,2494.0
585.0,-135.0,-20.0,MCF7_core,2494.0
585.0,-135.0,-5.0,MCF7_core,2494.0
585.0,-135.0,10.0,MCF7_core,2494.0
585.0,-120.0,-20.0,MCF7_core,2494.0
585.0,-120.0,-5.0,MCF7_core,2494.0
585.0,-120.0,10.0,MCF7_core,2494.0
585.0,-105.0,-20.0,MCF7_core,2494.0
585.0,-105.0,-5.0,MCF7_core,2494.0
585.0,-105.0,10.0,MCF7_core,2494.0
585.0,-90.0,-20.0,MCF7_core,2494.0
585.0,-90.0,-5.0,MCF7_core,2494.0
585.0,-90.0,10.0,MCF7_core,2494.0
585.0,-75.0,-20.0,MCF7_core,2494.0
585.0,-75.0,-5.0,MCF7_core,2494.0
585.0,-75.0,10.0,MCF7_core,2494.0
585.0,-60.0,-20.0,MCF7_core,2494.0
585.0,-60.0,-5.0,MCF7_core,2494.0
585.0,-60.0,10.0,MCF7_core,2494.0
585.0,-45.0,-20.0,MCF7_core,2494.0
585.0,-45.0,-5.0,MCF7_core,2494.0
585.0,-45.0,10.0,MCF7_core,2494.0
585.0,-30.0,-20.0,MCF7_core,2494.0
585.0,-30.0,-5.0,MCF7_core,2494.0
585.0,-30.0,10.0,MCF7_core,2494.0
585.0,-15.0,-20.0,MCF7_core,2494.0
585.0,-15.0,-5.0,MCF7_core,2494.0
585.0,-15.0,10.0,MCF7_core,2494.0
585.0,0.0,-20.0,MCF7_core,2494.0
585.0,0.0,-5.0,MCF7_core,2494.0
585.0,0.0,10.0,MCF7_core,2494.0
585.0,15.0,-20.0,MCF7_core,2494.0
585.0,15.0,-5.0,MCF7_core,2494.0
585.0,15.0,10.0,MCF7_core,2494.0
585.0,30.0,-20.0,MCF7_core,2494.0
585.0,30.0,-5.0,MCF7_core,2494.0
585.0,30.0,10.0,MCF7_core,2494.0
585.0,45.0,-20.0,MCF7_core,2494.0
585.0,45.0,-5.0,MCF7_core,2494.0
585.0,45.0,10.0,MCF7_core,2494.0
585.0,60.0,-20.0,MCF7_core,2494.0
585.0,60.0,-5.0,MCF7_core,2494.0
585.0,60.0,10.0,MCF7_core,2494.0
585.0,75.0,-20.0,MCF7_core,2494.0
585.0,75.0,-5.0,MCF7_core,2494.0
585.0,75.0,10.0,MCF7_core,2494.0
585.0,90.0,-20.0,MCF7_core,2494.0
585.0,90.0,-5.0,MCF7_core,2494.0
585.0,90.0,10.0,MCF7_core,2494.0
585.0,105.0,-20.0,MCF7_core,2494.0
585.0,105.0,-5.0,MCF7_core,2494.0
585.0,105.0,10.0,MCF7_core,2494.0
585.0,120.0,-20.0,MCF7_core,2494.0
585.0,120.0,-5.0,MCF7_core,2494.0
585.0,120.0,10.0,MCF7_core,2494.0
585.0,135.0,-20.0,MCF7_core,2494.0
585.0,135.0,-5.0,MCF7_core,2494.0
585.0,135.0,10.0,MCF7_core,2494.0
585.0,150.0,-20.0,MCF7_core,2494.0
585.0,150.0,-5.0,MCF7_core,2494.0
585.0,150.0,10.0,MCF7_core,2494.0
600.0,-150.0,-20.0,MCF7_core,2494.0
600.0,-150.0,-5.0,MCF7_core,2494.0
600.0,-150.0,10.0,MCF7_core,2494.0
600.0,-135.0,-20.0,MCF7_core,2494.0
600.0,-135.0,-5.0,MCF7_core,2494.0
600.0,-135.0,10.0,MCF7_core,2494.0
600.0,-120.0,-20.0,MCF7_core,2494.0
600.0,-120.0,-5.0,MCF7_core,2494.0
600.0,-120.0,10.0,MCF7_core,2494.0
600.0,-105.0,-20.0,MCF7_core,2494.0
600.0,-105.0,-5.0,MCF7_core,2494.0
600.0,-105.0,10.0,MCF7_core,2494.0
600.0,-90.0,-20.0,MCF7_core,2494.0
600.0,-90.0,-5.0,MCF7_core,2494.0
600.0,-90.0,10.0,MCF7_core,2494.0
600.0,-75.0,-20.0,MCF7_core,2494.0
600.0,-75.0,-5.0,MCF7_core,2494.0
600.0,-75.0,10.0,MCF7_core,2494.0
600.0,-60.0,-20.0,MCF7_core,2494.0
600.0,-60.0,-5.0,MCF7_core,2494.0
600.0,-60.0,10.0,MCF7_core,2494.0
600.0,-45.0,-20.0,MCF7_core,2494.0
600.0,-45.0,-5.0,MCF7_core,2494.0
600.0,-45.0,10.0,MCF7_core,2494.0
600.0,-30.0,-20.0,MCF7_core,2494.0
600.0,-30.0,-5.0,MCF7_core,2494.0
600.0,-30.0,10.0,MCF7_core,2494.0
600.0,-15.0,-20.0,MCF7_core,2494.0
600.0,-15.0,-5.0,MCF7_core,2494.0
600.0,-15.0,10.0,MCF7_core,2494.0
600.0,0.0,-20.0,MCF7_core,2494.0
600.0,0.0,-5.0,MCF7_core,2494.0
600.0,0.0,10.0,MCF7_core,2494.0
600.0,15.0,-20.0,MCF7_core,2494.0
600.0,15.0,-5.0,MCF7_core,2494.0
600.0,15.0,10.0,MCF7_core,2494.0
600.0,30.0,-20.0,MCF7_core,2494.0
600.0,30.0,-5.0,MCF7_core,2494.0
600.0,30.0,10.0,MCF7_core,2494.0
600.0,45.0,-20.0,MCF7_core,2494.0
600.0,45.0,-5.0,MCF7_core,2494.0
600.0,45.0,10.0,MCF7_core,2494.0
600.0,60.0,-20.0,MCF7_core,2494.0
600.0,60.0,-5.0,MCF7_core,2494.0
600.0,60.0,10.0,MCF7_core,2494.0
600.0,75.0,-20.0,MCF7_core,2494.0
600.0,75.0,-5.0,MCF7_core,2494.0
600.0,75.0,10.0,MCF7_core,2494.0
600.0,90.0,-20.0,MCF7_core,2494.0
600.0,90.0,-5.0,MCF7_core,2494.0
600.0,90.0,10.0,MCF7_core,2494.0
600.0,105.0,-20.0,MCF7_core,2494.0
600.0,105.0,-5.0,MCF7_core,2494.0
600.0,105.0,10.0,MCF7_core,2494.0
600.0,120.0,-20.0,MCF7_core,2494.0
600.0,120.0,-5.0,MCF7_core,2494.0
600.0,120.0,10.0,MCF7_core,2494.0
600.0,135.0,-20.0,MCF7_core,2494.0
600.0,135.0,-5.0,MCF7_core,2494.0
600.0,135.0,10.0,MCF7_core,2494.0
600.0,150.0,-20.0,MCF7_core,2494.0
600.0,150.0,-5.0,MCF7_core,2494.0
600.0,150.0,10.0,MCF7_core,2494.0
615.0,-150.0,-20.0,MCF7_core,2494.0
615.0,-150.0,-5.0,MCF7_core,2494.0
615.0,-150.0,10.0,MCF7_core,2494.0
615.0,-135.0,-20.0,MCF7_core,2494.0
615.0,-135.0,-5.0,MCF7_core,2494.0
615.0,-135.0,10.0,MCF7_core,2494.0
615.0,-120.0,-20.0,MCF7_core,2494.0
615.0,-120.0,-5.0,MCF7_core,2494.0
615.0,-120.0,10.0,MCF7_core,2494.0
615.0,-105.0,-20.0,MCF7_core,2494.0
615.0,-105.0,-5.0,MCF7_core,2494.0
615.0,-105.0,10.0,MCF7_core,2494.0
615.0,-90.0,-20.0,MCF7_core,2494.0
615.0,-90.0,-5.0,MCF7_core,2494.0
615.0,-90.0,10.0,MCF7_core,2494.0
615.0,-75.0,-20.0,MCF7_core,2494.0
615.0,-75.0,-5.0,MCF7_core,2494.0
615.0,-75.0,10.0,MCF7_core,2494.0
615.0,-60.0,-20.0,MCF7_core,2494.0
615.0,-60.0,-5.0,MCF7_core,2494.0
615.0,-60.0,10.0,MCF7_core,2494.0
615.0,-45.0,-20.0,MCF7_core,2494.0
615.0,-45.0,-5.0,MCF7_core,2494.0
615.0,-45.0,10.0,MCF7_core,2494.0
615.0,-30.0,-20.0,MCF7_core,2494.0
615.0,-30.0,-5.0,MCF7_core,2494.0
615.0,-30.0,10.0,MCF7_core,2494.0
615.0,-15.0,-20.0,MCF7_core,2494.0
615.0,-15.0,-5.0,MCF7_core,2494.0
615.0,-15.0,10.0,MCF7_core,2494.0
615.0,0.0,-20.0,MCF7_core,2494.0
615.0,0.0,-5.0,MCF7_core,2494.0
615.0,0.0,10.0,MCF7_core,2494.0
615.0,15.0,-20.0,MCF7_core,2494.0
615.0,15.0,-5.0,MCF7_core,2494.0
615.0,15.0,10.0,MCF7_core,2494.0
615.0,30.0,-20.0,MCF7_core,2494.0
615.0,30.0,-5.0,MCF7_core,2494.0
615.0,30.0,10.0,MCF7_core,2494.0
615.0,45.0,-20.0,MCF7_core,2494.0
615.0,45.0,-5.0,MCF7_core,2494.0
615.0,45.0,10.0,MCF7_core,2494.0
615.0,60.0,-20.0,MCF7_core,2494.0
615.0,60.0,-5.0,MCF7_core,2494.0
615.0,60.0,10.0,MCF7_core,2494.0
615.0,75.0,-20.0,MCF7_core,2494.0
615.0,75.0,-5.0,MCF7_core,2494.0
615.0,75.0,10.0,MCF7_core,2494.0
615.0,90.0,-20.0,MCF7_core,2494.0
615.0,90.0,-5.0,MCF7_core,2494.0
615.0,90.0,10.0,MCF7_core,2494.0
615.0,105.0,-20.0,MCF7_core,2494.0
615.0,105.0,-5.0,MCF7_core,2494.0
615.0,105.0,10.0,MCF7_core,2494.0
615.0,120.0,-20.0,MCF7_core,2494.0
615.0,120.0,-5.0,MCF7_core,2494.0
615.0,120.0,10.0,MCF7_core,2494.0
615.0,135.0,-20.0,MCF7_core,2494.0
615.0,135.0,-5.0,MCF7_core,2494.0
615.0,135.0,10.0,MCF7_core,2494.0
615.0,150.0,-20.0,MCF7_core,2494.0
615.0,150.0,-5.0,MCF7_core,2494.0
615.0,150.0,10.0,MCF7_core,2494.0
630.0,-150.0,-20.0,MCF7_core,2494.0
630.0,-150.0,-5.0,MCF7_core,2494.0
630.0,-150.0,10.0,MCF7_core,2494.0
630.0,-135.0,-20.0,MCF7_core,2494.0
630.0,-135.0,-5.0,MCF7_core,2494.0
630.0,-135.0,10.0,MCF7_core,2494.0
630.0,-120.0,-20.0,MCF7_core,2494.0
630.0,-120.0,-5.0,MCF7_core,2494.0
630.0,-120.0,10.0,MCF7_core,2494.0
630.0,-105.0,-20.0,MCF7_core,2494.0
630.0,-105.0,-5.0,MCF7_core,2494.0
630.0,-105.0,10.0,MCF7_core,2494.0
630.0,-90.0,-20.0,MCF7_core,2494.0
630.0,-90.0,-5.0,MCF7_core,2494.0
630.0,-90.0,10.0,MCF7_core,2494.0
630.0,-75.0,-20.0,MCF7_core,2494.0
630.0,-75.0,-5.0,MCF7_core,2494.0
630.0,-75.0,10.0,MCF7_core,2494.0
630.0,-60.0,-20.0,MCF7_core,2494.0
630.0,-60.0,-5.0,MCF7_core,2494.0
630.0,-60.0,10.0,MCF7_core,2494.0
630.0,-45.0,-20.0,MCF7_core,2494.0
630.0,-45.0,-5.0,MCF7_core,2494.0
630.0,-45.0,10.0,MCF7_core,2494.0
630.0,-30.0,-20.0,MCF7_core,2494.0
630.0,-30.0,-5.0,MCF7_core,2494.0
630.0,-30.0,10.0,MCF7_core,2494.0
630.0,-15.0,-20.0,MCF7_core,2494.0
630.0,-15.0,-5.0,MCF7_core,2494.0
630.0,-15.0,10.0,MCF7_core,2494.0
630.0,0.0,-20.0,MCF7_core,2494.0
630.0,0.0,-5.0,MCF7_core,2494.0
630.0,0.0,10.0,MCF7_core,2494.0
630.0,15.0,-20.0,MCF7_core,2494.0
630.0,15.0,-5.0,MCF7_core,2494.0
630.0,15.0,10.0,MCF7_core,2494.0
630.0,30.0,-20.0,MCF7_core,2494.0
630.0,30.0,-5.0,MCF7_core,2494.0
630.0,30.0,10.0,MCF7_core,2494.0
630.0,45.0,-20.0,MCF7_core,2494.0
630.0,45.0,-5.0,MCF7_core,2494.0
630.0,45.0,10.0,MCF7_core,2494.0
630.0,60.0,-20.0,MCF7_core,2494.0
630.0,60.0,-5.0,MCF7_core,2494.0
630.0,60.0,10.0,MCF7_core,2494.0
630.0,75.0,-20.0,MCF7_core,2494.0
630.0,75.0,-5.0,MCF7_core,2494.0
630.0,75.0,10.0,MCF7_core,2494.0
630.0,90.0,-20.0,MCF7_core,2494.0
630.0,90.0,-5.0,MCF7_core,2494.0
630.0,90.0,10.0,MCF7_core,2494.0
630.0,105.0,-20.0,MCF7_core,2494.0
630.0,105.0,-5.0,MCF7_core,2494.0
630.0,105.0,10.0,MCF7_core,2494.0
630.0,120.0,-20.0,MCF7_core,2494.0
630.0,120.0,-5.0,MCF7_core,2494.0
630.0,120.0,10.0,MCF7_core,2494.0
630.0,135.0,-20.0,MCF7_core,2494.0
630.0,135.0,-5.0,MCF7_core,2494.0
630.0,135.0,10.0,MCF7_core,2494.0
630.0,150.0,-20.0,MCF7_core,2494.0
630.0,150.0,-5.0,MCF7_core,2494.0
630.0,150.0,10.0,MCF7_core,2494.0
645.0,-150.0,-20.0,MCF7_core,2494.0
645.0,-150.0,-5.0,MCF7_core,2494.0
645.0,-150.0,10.0,MCF7_core,2494.0
645.0,-135.0,-20.0,MCF7_core,2494.0
645.0,-135.0,-5.0,MCF7_core,2494.0
645.0,-135.0,10.0,MCF7_core,2494.0
645.0,-120.0,-20.0,MCF7_core,2494.0
645.0,-120.0,-5.0,MCF7_core,2494.0
645.0,-120.0,10.0,MCF7_core,2494.0
645.0,-105.0,-20.0,MCF7_core,2494.0
645.0,-105.0,-5.0,MCF7_core,2494.0
645.0,-105.0,10.0,MCF7_core,2494.0
645.0,-90.0,-20.0,MCF7_core,2494.0
645.0,-90.0,-5.0,MCF7_core,2494.0
645.0,-90.0,10.0,MCF7_core,2494.0
645.0,-75.0,-20.0,MCF7_core,2494.0
645.0,-75.0,-5.0,MCF7_core,2494.0
645.0,-75.0,10.0,MCF7_core,2494.0
645.0,-60.0,-20.0,MCF7_core,2494.0
645.0,-60.0,-5.0,MCF7_core,2494.0
645.0,-60.0,10.0,MCF7_core,2494.0
645.0,-45.0,-20.0,MCF7_core,2494.0
645.0,-45.0,-5.0,MCF7_core,2494.0
645.0,-45.0,10.0,MCF7_core,2494.0
645.0,-30.0,-20.0,MCF7_core,2494.0
645.0,-30.0,-5.0,MCF7_core,2494.0
645.0,-30.0,10.0,MCF7_core,2494.0
645.0,-15.0,-20.0,MCF7_core,2494.0
645.0,-15.0,-5.0,MCF7_core,2494.0
645.0,-15.0,10.0,MCF7_core,2494.0
645.0,0.0,-20.0,MCF7_core,2494.0
645.0,0.0,-5.0,MCF7_core,2494.0
645.0,0.0,10.0,MCF7_core,2494.0
645.0,15.0,-20.0,MCF7_core,2494.0
645.0,15.0,-5.0,MCF7_core,2494.0
645.0,15.0,10.0,MCF7_core,2494.0
645.0,30.0,-20.0,MCF7_core,2494.0
645.0,30.0,-5.0,MCF7_core,2494.0
645.0,30.0,10.0,MCF7_core,2494.0
645.0,45.0,-20.0,MCF7_core,2494.0
645.0,45.0,-5.0,MCF7_core,2494.0
645.0,45.0,10.0,MCF7_core,2494.0
645.0,60.0,-20.0,MCF7_core,2494.0
645.0,60.0,-5.0,MCF7_core,2494.0
645.0,60.0,10.0,MCF7_core,2494.0
645.0,75.0,-20.0,MCF7_core,2494.0
645.0,75.0,-5.0,MCF7_core,2494.0
645.0,75.0,10.0,MCF7_core,2494.0
645.0,90.0,-20.0,MCF7_core,2494.0
645.0,90.0,-5.0,MCF7_core,2494.0
645.0,90.0,10.0,MCF7_core,2494.0
645.0,105.0,-20.0,MCF7_core,2494.0
645.0,105.0,-5.0,MCF7_core,2494.0
645.0,105.0,10.0,MCF7_core,2494.0
645.0,120.0,-20.0,MCF7_core,2494.0
645.0,120.0,-5.0,MCF7_core,2494.0
645.0,120.0,10.0,MCF7_core,2494.0
645.0,135.0,-20.0,MCF7_core,2494.0
645.0,135.0,-5.0,MCF7_core,2494.0
645.0,135.0,10.0,MCF7_core,2494.0
645.0,150.0,-20.0,MCF7_core,2494.0
645.0,150.0,-5.0,MCF7_core,2494.0
645.0,150.0,10.0,MCF7_core,2494.0
660.0,-150.0,-20.0,MCF7_core,2494.0
660.0,-150.0,-5.0,MCF7_core,2494.0
660.0,-150.0,10.0,MCF7_core,2494.0
660.0,-135.0,-20.0,MCF7_core,2494.0
660.0,-135.0,-5.0,MCF7_core,2494.0
660.0,-135.0,10.0,MCF7_core,2494.0
660.0,-120.0,-20.0,MCF7_core,2494.0
660.0,-120.0,-5.0,MCF7_core,2494.0
660.0,-120.0,10.0,MCF7_core,2494.0
660.0,-105.0,-20.0,MCF7_core,2494.0
660.0,-105.0,-5.0,MCF7_core,2494.0
660.0,-105.0,10.0,MCF7_core,2494.0
660.0,-90.0,-20.0,MCF7_core,2494.0
660.0,-90.0,-5.0,MCF7_core,2494.0
660.0,-90.0,10.0,MCF7_core,2494.0
660.0,-75.0,-20.0,MCF7_core,2494.0
660.0,-75.0,-5.0,MCF7_core,2494.0
660.0,-75.0,10.0,MCF7_core,2494.0
660.0,-60.0,-20.0,MCF7_core,2494.0
660.0,-60.0,-5.0,MCF7_core,2494.0
660.0,-60.0,10.0,MCF7_core,2494.0
660.0,-45.0,-20.0,MCF7_core,2494.0
660.0,-45.0,-5.0,MCF7_core,2494.0
660.0,-45.0,10.0,MCF7_core,2494.0
660.0,-30.0,-20.0,MCF7_core,2494.0
660.0,-30.0,-5.0,MCF7_core,2494.0
660.0,-30.0,10.0,MCF7_core,2494.0
660.0,-15.0,-20.0,MCF7_core,2494.0
660.0,-15.0,-5.0,MCF7_core,2494.0
660.0,-15.0,10.0,MCF7_core,2494.0
660.0,0.0,-20.0,MCF7_core,2494.0
660.0,0.0,-5.0,MCF7_core,2494.0
660.0,0.0,10.0,MCF7_core,2494.0
660.0,15.0,-20.0,MCF7_core,2494.0
660.0,15.0,-5.0,MCF7_core,2494.0
660.0,15.0,10.0,MCF7_core,2494.0
660.0,30.0,-20.0,MCF7_core,2494.0
660.0,30.0,-5.0,MCF7_core,2494.0
660.0,30.0,10.0,MCF7_core,2494.0
660.0,45.0,-20.0,MCF7_core,2494.0
660.0,45.0,-5.0,MCF7_core,2494.0
660.0,45.0,10.0,MCF7_core,2494.0
660.0,60.0,-20.0,MCF7_core,2494.0
660.0,60.0,-5.0,MCF7_core,2494.0
660.0,60.0,10.0,MCF7_core,2494.0
660.0,75.0,-20.0,MCF7_core,2494.0
660.0,75.0,-5.0,MCF7_core,2494.0
660.0,75.0,10.0,MCF7_core,2494.0
660.0,90.0,-20.0,MCF7_core,2494.0
660.0,90.0,-5.0,MCF7_core,2494.0
660.0,90.0,10.0,MCF7_core,2494.0
660.0,105.0,-20.0,MCF7_core,2494.0
660.0,105.0,-5.0,MCF7_core,2494.0
660.0,105.0,10.0,MCF7_core,2494.0
660.0,120.0,-20.0,MCF7_core,2494.0
660.0,120.0,-5.0,MCF7_core,2494.0
660.0,120.0,10.0,MCF7_core,2494.0
660.0,135.0,-20.0,MCF7_core,2494.0
660.0,135.0,-5.0,MCF7_core,2494.0
660.0,135.0,10.0,MCF7_core,2494.0
660.0,150.0,-20.0,MCF7_core,2494.0
660.0,150.0,-5.0,MCF7_core,2494.0
660.0,150.0,10.0,MCF7_core,2494.0
675.0,-150.0,-20.0,MCF7_core,2494.0
675.0,-150.0,-5.0,MCF7_core,2494.0
675.0,-150.0,10.0,MCF7_core,2494.0
675.0,-135.0,-20.0,MCF7_core,2494.0
675.0,-135.0,-5.0,MCF7_core,2494.0
675.0,-135.0,10.0,MCF7_core,2494.0
675.0,-120.0,-20.0,MCF7_core,2494.0
675.0,-120.0,-5.0,MCF7_core,2494.0
675.0,-120.0,10.0,MCF7_core,2494.0
675.0,-105.0,-20.0,MCF7_core,2494.0
675.0,-105.0,-5.0,MCF7_core,2494.0
675.0,-105.0,10.0,MCF7_core,2494.0
675.0,-90.0,-20.0,MCF7_core,2494.0
675.0,-90.0,-5.0,MCF7_core,2494.0
675.0,-90.0,10.0,MCF7_core,2494.0
675.0,-75.0,-20.0,MCF7_core,2494.0
675.0,-75.0,-5.0,MCF7_core,2494.0
675.0,-75.0,10.0,MCF7_core,2494.0
675.0,-60.0,-20.0,MCF7_core,2494.0
675.0,-60.0,-5.0,MCF7_core,2494.0
675.0,-60.0,10.0,MCF7_core,2494.0
675.0,-45.0,-20.0,MCF7_core,2494.0
675.0,-45.0,-5.0,MCF7_core,2494.0
675.0,-45.0,10.0,MCF7_core,2494.0
675.0,-30.0,-20.0,MCF7_core,2494.0
675.0,-30.0,-5.0,MCF7_core,2494.0
675.0,-30.0,10.0,MCF7_core,2494.0
675.0,-15.0,-20.0,MCF7_core,2494.0
675.0,-15.0,-5.0,MCF7_core,2494.0
675.0,-15.0,10.0,MCF7_core,2494.0
675.0,0.0,-20.0,MCF7_core,2494.0
675.0,0.0,-5.0,MCF7_core,2494.0
675.0,0.0,10.0,MCF7_core,2494.0
675.0,15.0,-20.0,MCF7_core,2494.0
675.0,15.0,-5.0,MCF7_core,2494.0
675.0,15.0,10.0,MCF7_core,2494.0
675.0,30.0,-20.0,MCF7_core,2494.0
675.0,30.0,-5.0,MCF7_core,2494.0
675.0,30.0,10.0,MCF7_core,2494.0
675.0,45.0,-20.0,MCF7_core,2494.0
675.0,45.0,-5.0,MCF7_core,2494.0
675.0,45.0,10.0,MCF7_core,2494.0
675.0,60.0,-20.0,MCF7_core,2494.0
675.0,60.0,-5.0,MCF7_core,2494.0
675.0,60.0,10.0,MCF7_core,2494.0
675.0,75.0,-20.0,MCF7_core,2494.0
675.0,75.0,-5.0,MCF7_core,2494.0
675.0,75.0,10.0,MCF7_core,2494.0
675.0,90.0,-20.0,MCF7_core,2494.0
675.0,90.0,-5.0,MCF7_core,2494.0
675.0,90.0,10.0,MCF7_core,2494.0
675.0,105.0,-20.0,MCF7_core,2494.0
675.0,105.0,-5.0,MCF7_core,2494.0
675.0,105.0,10.0,MCF7_core,2494.0
675.0,120.0,-20.0,MCF7_core,2494.0
675.0,120.0,-5.0,MCF7_core,2494.0
675.0,120.0,10.0,MCF7_core,2494.0
675.0,135.0,-20.0,MCF7_core,2494.0
675.0,135.0,-5.0,MCF7_core,2494.0
675.0,135.0,10.0,MCF7_core,2494.0
675.0,150.0,-20.0,MCF7_core,2494.0
675.0,150.0,-5.0,MCF7_core,2494.0
675.0,150.0,10.0,MCF7_core,2494.0
690.0,-150.0,-20.0,MCF7_core,2494.0
690.0,-150.0,-5.0,MCF7_core,2494.0
690.0,-150.0,10.0,MCF7_core,2494.0
690.0,-135.0,-20.0,MCF7_core,2494.0
690.0,-135.0,-5.0,MCF7_core,2494.0
690.0,-135.0,10.0,MCF7_core,2494.0
690.0,-120.0,-20.0,MCF7_core,2494.0
690.0,-120.0,-5.0,MCF7_core,2494.0
690.0,-120.0,10.0,MCF7_core,2494.0
690.0,-105.0,-20.0,MCF7_core,2494.0
690.0,-105.0,-5.0,MCF7_core,2494.0
690.0,-105.0,10.0,MCF7_core,2494.0
690.0,-90.0,-20.0,MCF7_core,2494.0
690.0,-90.0,-5.0,MCF7_core,2494.0
690.0,-90.0,10.0,MCF7_core,2494.0
690.0,-75.0,-20.0,MCF7_core,2494.0
690.0,-75.0,-5.0,MCF7_core,2494.0
690.0,-75.0,10.0,MCF7_core,2494.0
690.0,-60.0,-20.0,MCF7_core,2494.0
690.0,-60.0,-5.0,MCF7_core,2494.0
690.0,-60.0,10.0,MCF7_core,2494.0
690.0,-45.0,-20.0,MCF7_core,2494.0
690.0,-45.0,-5.0,MCF7_core,2494.0
690.0,-45.0,10.0,MCF7_core,2494.0
690.0,-30.0,-20.0,MCF7_core,2494.0
690.0,-30.0,-5.0,MCF7_core,2494.0
690.0,-30.0,10.0,MCF7_core,2494.0
690.0,-15.0,-20.0,MCF7_core,2494.0
690.0,-15.0,-5.0,MCF7_core,2494.0
690.0,-15.0,10.0,MCF7_core,2494.0
690.0,0.0,-20.0,MCF7_core,2494.0
690.0,0.0,-5.0,MCF7_core,2494.0
690.0,0.0,10.0,MCF7_core,2494.0
690.0,15.0,-20.0,MCF7_core,2494.0
690.0,15.0,-5.0,MCF7_core,2494.0
690.0,15.0,10.0,MCF7_core,2494.0
690.0,30.0,-20.0,MCF7_core,2494.0
690.0,30.0,-5.0,MCF7_core,2494.0
690.0,30.0,10.0,MCF7_core,2494.0
690.0,45.0,-20.0,MCF7_core,2494.0
690.0,45.0,-5.0,MCF7_core,2494.0
690.0,45.0,10.0,MCF7_core,2494.0
690.0,60.0,-20.0,MCF7_core,2494.0
690.0,60.0,-5.0,MCF7_core,2494.0
690.0,60.0,10.0,MCF7_core,2494.0
690.0,75.0,-20.0,MCF7_core,2494.0
690.0,75.0,-5.0,MCF7_core,2494.0
690.0,75.0,10.0,MCF7_core,2494.0
690.0,90.0,-20.0,MCF7_core,2494.0
690.0,90.0,-5.0,MCF7_core,2494.0
690.0,90.0,10.0,MCF7_core,2494.0
690.0,105.0,-20.0,MCF7_core,2494.0
690.0,105.0,-5.0,MCF7_core,2494.0
690.0,105.0,10.0,MCF7_core,2494.0
690.0,120.0,-20.0,MCF7_core,2494.0
690.0,120.0,-5.0,MCF7_core,2494.0
690.0,120.0,10.0,MCF7_core,2494.0
690.0,135.0,-20.0,MCF7_core,2494.0
690.0,135.0,-5.0,MCF7_core,2494.0
690.0,135.0,10.0,MCF7_core,2494.0
690.0,150.0,-20.0,MCF7_core,2494.0
690.0,150.0,-5.0,MCF7_core,2494.0
690.0,150.0,10.0,MCF7_core,2494.0
705.0,-150.0,-20.0,MCF7_core,2494.0
705.0,-150.0,-5.0,MCF7_core,2494.0
705.0,-150.0,10.0,MCF7_core,2494.0
705.0,-135.0,-20.0,MCF7_core,2494.0
705.0,-135.0,-5.0,MCF7_core,2494.0
705.0,-135.0,10.0,MCF7_core,2494.0
705.0,-120.0,-20.0,MCF7_core,2494.0
705.0,-120.0,-5.0,MCF7_core,2494.0
705.0,-120.0,10.0,MCF7_core,2494.0
705.0,-105.0,-20.0,MCF7_core,2494.0
705.0,-105.0,-5.0,MCF7_core,2494.0
705.0,-105.0,10.0,MCF7_core,2494.0
705.0,-90.0,-20.0,MCF7_core,2494.0
705.0,-90.0,-5.0,MCF7_core,2494.0
705.0,-90.0,10.0,MCF7_core,2494.0
705.0,-75.0,-20.0,MCF7_core,2494.0
705.0,-75.0,-5.0,MCF7_core,2494.0
705.0,-75.0,10.0,MCF7_core,2494.0
705.0,-60.0,-20.0,MCF7_core,2494.0
705.0,-60.0,-5.0,MCF7_core,2494.0
705.0,-60.0,10.0,MCF7_core,2494.0
705.0,-45.0,-20.0,MCF7_core,2494.0
705.0,-45.0,-5.0,MCF7_core,2494.0
705.0,-45.0,10.0,MCF7_core,2494.0
705.0,-30.0,-20.0,MCF7_core,2494.0
705.0,-30.0,-5.0,MCF7_core,2494.0
705.0,-30.0,10.0,MCF7_core,2494.0
705.0,-15.0,-20.0,MCF7_core,2494.0
705.0,-15.0,-5.0,MCF7_core,2494.0
705.0,-15.0,10.0,MCF7_core,2494.0
705.0,0.0,-20.0,MCF7_core,2494.0
705.0,0.0,-5.0,MCF7_core,2494.0
705.0,0.0,10.0,MCF7_core,2494.0
705.0,15.0,-20.0,MCF7_core,2494.0
705.0,15.0,-5.0,MCF7_core,2494.0
705.0,15.0,10.0,MCF7_core,2494.0
705.0,30.0,-20.0,MCF7_core,2494.0
705.0,30.0,-5.0,MCF7_core,2494.0
705.0,30.0,10.0,MCF7_core,2494.0
705.0,45.0,-20.0,MCF7_core,2494.0
705.0,45.0,-5.0,MCF7_core,2494.0
705.0,45.0,10.0,MCF7_core,2494.0
705.0,60.0,-20.0,MCF7_core,2494.0
705.0,60.0,-5.0,MCF7_core,2494.0
705.0,60.0,10.0,MCF7_core,2494.0
705.0,75.0,-20.0,MCF7_core,2494.0
705.0,75.0,-5.0,MCF7_core,2494.0
705.0,75.0,10.0,MCF7_core,2494.0
705.0,90.0,-20.0,MCF7_core,2494.0
705.0,90.0,-5.0,MCF7_core,2494.0
705.0,90.0,10.0,MCF7_core,2494.0
705.0,105.0,-20.0,MCF7_core,2494.0
705.0,105.0,-5.0,MCF7_core,2494.0
705.0,105.0,10.0,MCF7_core,2494.0
705.0,120.0,-20.0,MCF7_core,2494.0
705.0,120.0,-5.0,MCF7_core,2494.0
705.0,120.0,10.0,MCF7_core,2494.0
705.0,135.0,-20.0,MCF7_core,2494.0
705.0,135.0,-5.0,MCF7_core,2494.0
705.0,135.0,10.0,MCF7_core,2494.0
705.0,150.0,-20.0,MCF7_core,2494.0
705.0,150.0,-5.0,MCF7_core,2494.0
705.0,150.0,10.0,MCF7_core,2494.0
720.0,-150.0,-20.0,MCF7_core,2494.0
720.0,-150.0,-5.0,MCF7_core,2494.0
720.0,-150.0,10.0,MCF7_core,2494.0
720.0,-135.0,-20.0,MCF7_core,2494.0
720.0,-135.0,-5.0,MCF7_core,2494.0
720.0,-135.0,10.0,MCF7_core,2494.0
720.0,-120.0,-20.0,MCF7_core,2494.0
720.0,-120.0,-5.0,MCF7_core,2494.0
720.0,-120.0,10.0,MCF7_core,2494.0
720.0,-105.0,-20.0,MCF7_core,2494.0
720.0,-105.0,-5.0,MCF7_core,2494.0
720.0,-105.0,10.0,MCF7_core,2494.0
720.0,-90.0,-20.0,MCF7_core,2494.0
720.0,-90.0,-5.0,MCF7_core,2494.0
720.0,-90.0,10.0,MCF7_core,2494.0
720.0,-75.0,-20.0,MCF7_core,2494.0
720.0,-75.0,-5.0,MCF7_core,2494.0
720.0,-75.0,10.0,MCF7_core,2494.0
720.0,-60.0,-20.0,MCF7_core,2494.0
720.0,-60.0,-5.0,MCF7_core,2494.0
720.0,-60.0,10.0,MCF7_core,2494.0
720.0,-45.0,-20.0,MCF7_core,2494.0
720.0,-45.0,-5.0,MCF7_core,2494.0
720.0,-45.0,10.0,MCF7_core,2494.0
720.0,-30.0,-20.0,MCF7_core,2494.0
720.0,-30.0,-5.0,MCF7_core,2494.0
720.0,-30.0,10.0,MCF7_core,2494.0
720.0,-15.0,-20.0,MCF7_core,2494.0
720.0,-15.0,-5.0,MCF7_core,2494.0
720.0,-15.0,10.0,MCF7_core,2494.0
720.0,0.0,-20.0,MCF7_core,2494.0
720.0,0.0,-5.0,MCF7_core,2494.0
720.0,0.0,10.0,MCF7_core,2494.0
720.0,15.0,-20.0,MCF7_core,2494.0
720.0,15.0,-5.0,MCF7_core,2494.0
720.0,15.0,10.0,MCF7_core,2494.0
720.0,30.0,-20.0,MCF7_core,2494.0
720.0,30.0,-5.0,MCF7_core,2494.0
720.0,30.0,10.0,MCF7_core,2494.0
720.0,45.0,-20.0,MCF7_core,2494.0
720.0,45.0,-5.0,MCF7_core,2494.0
720.0,45.0,10.0,MCF7_core,2494.0
720.0,60.0,-20.0,MCF7_core,2494.0
720.0,60.0,-5.0,MCF7_core,2494.0
720.0,60.0,10.0,MCF7_core,2494.0
720.0,75.0,-20.0,MCF7_core,2494.0
720.0,75.0,-5.0,MCF7_core,2494.0
720.0,75.0,10.0,MCF7_core,2494.0
720.0,90.0,-20.0,MCF7_core,2494.0
720.0,90.0,-5.0,MCF7_core,2494.0
720.0,90.0,10.0,MCF7_core,2494.0
720.0,105.0,-20.0,MCF7_core,2494.0
720.0,105.0,-5.0,MCF7_core,2494.0
720.0,105.0,10.0,MCF7_core,2494.0
720.0,120.0,-20.0,MCF7_core,2494.0
720.0,120.0,-5.0,MCF7_core,2494.0
720.0,120.0,10.0,MCF7_core,2494.0
720.0,135.0,-20.0,MCF7_core,2494.0
720.0,135.0,-5.0,MCF7_core,2494.0
720.0,135.0,10.0,MCF7_core,2494.0
720.0,150.0,-20.0,MCF7_core,2494.0
720.0,150.0,-5.0,MCF7_core,2494.0
720.0,150.0,10.0,MCF7_core,2494.0
735.0,-150.0,-20.0,MCF7_core,2494.0
735.0,-150.0,-5.0,MCF7_core,2494.0
735.0,-150.0,10.0,MCF7_core,2494.0
735.0,-135.0,-20.0,MCF7_core,2494.0
735.0,-135.0,-5.0,MCF7_core,2494.0
735.0,-135.0,10.0,MCF7_core,2494.0
735.0,-120.0,-20.0,MCF7_core,2494.0
735.0,-120.0,-5.0,MCF7_core,2494.0
735.0,-120.0,10.0,MCF7_core,2494.0
735.0,-105.0,-20.0,MCF7_core,2494.0
735.0,-105.0,-5.0,MCF7_core,2494.0
735.0,-105.0,10.0,MCF7_core,2494.0
735.0,-90.0,-20.0,MCF7_core,2494.0
735.0,-90.0,-5.0,MCF7_core,2494.0
735.0,-90.0,10.0,MCF7_core,2494.0
735.0,-75.0,-20.0,MCF7_core,2494.0
735.0,-75.0,-5.0,MCF7_core,2494.0
735.0,-75.0,10.0,MCF7_core,2494.0
735.0,-60.0,-20.0,MCF7_core,2494.0
735.0,-60.0,-5.0,MCF7_core,2494.0
735.0,-60.0,10.0,MCF7_core,2494.0
735.0,-45.0,-20.0,MCF7_core,2494.0
735.0,-45.0,-5.0,MCF7_core,2494.0
735.0,-45.0,10.0,MCF7_core,2494.0
735.0,-30.0,-20.0,MCF7_core,2494.0
735.0,-30.0,-5.0,MCF7_core,2494.0
735.0,-30.0,10.0,MCF7_core,2494.0
735.0,-15.0,-20.0,MCF7_core,2494.0
735.0,-15.0,-5.0,MCF7_core,2494.0
735.0,-15.0,10.0,MCF7_core,2494.0
735.0,0.0,-20.0,MCF7_core,2494.0
735.0,0.0,-5.0,MCF7_core,2494.0
735.0,0.0,10.0,MCF7_core,2494.0
735.0,15.0,-20.0,MCF7_core,2494.0
735.0,15.0,-5.0,MCF7_core,2494.0
735.0,15.0,10.0,MCF7_core,2494.0
735.0,30.0,-20.0,MCF7_core,2494.0
735.0,30.0,-5.0,MCF7_core,2494.0
735.0,30.0,10.0,MCF7_core,2494.0
735.0,45.0,-20.0,MCF7_core,2494.0
735.0,45.0,-5.0,MCF7_core,2494.0
735.0,45.0,10.0,MCF7_core,2494.0
735.0,60.0,-20.0,MCF7_core,2494.0
735.0,60.0,-5.0,MCF7_core,2494.0
735.0,60.0,10.0,MCF7_core,2494.0
735.0,75.0,-20.0,MCF7_core,2494.0
735.0,75.0,-5.0,MCF7_core,2494.0
735.0,75.0,10.0,MCF7_core,2494.0
735.0,90.0,-20.0,MCF7_core,2494.0
735.0,90.0,-5.0,MCF7_core,2494.0
735.0,90.0,10.0,MCF7_core,2494.0
735.0,105.0,-20.0,MCF7_core,2494.0
735.0,105.0,-5.0,MCF7_core,2494.0
735.0,105.0,10.0,MCF7_core,2494.0
735.0,120.0,-20.0,MCF7_core,2494.0
735.0,120.0,-5.0,MCF7_core,2494.0
735.0,120.0,10.0,MCF7_core,2494.0
735.0,135.0,-20.0,MCF7_core,2494.0
735.0,135.0,-5.0,MCF7_core,2494.0
735.0,135.0,10.0,MCF7_core,2494.0
735.0,150.0,-20.0,MCF7_core,2494.0
735.0,150.0,-5.0,MCF7_core,2494.0
735.0,150.0,10.0,MCF7_core,2494.0
750.0,-150.0,-20.0,MCF7_core,2494.0
750.0,-150.0,-5.0,MCF7_core,2494.0
750.0,-150.0,10.0,MCF7_core,2494.0
750.0,-135.0,-20.0,MCF7_core,2494.0
750.0,-135.0,-5.0,MCF7_core,2494.0
750.0,-135.0,10.0,MCF7_core,2494.0
750.0,-120.0,-20.0,MCF7_core,2494.0
750.0,-120.0,-5.0,MCF7_core,2494.0
750.0,-120.0,10.0,MCF7_core,2494.0
750.0,-105.0,-20.0,MCF7_core,2494.0
750.0,-105.0,-5.0,MCF7_core,2494.0
750.0,-105.0,10.0,MCF7_core,2494.0
750.0,-90.0,-20.0,MCF7_core,2494.0
750.0,-90.0,-5.0,MCF7_core,2494.0
750.0,-90.0,10.0,MCF7_core,2494.0
750.0,-75.0,-20.0,MCF7_core,2494.0
750.0,-75.0,-5.0,MCF7_core,2494.0
750.0,-75.0,10.0,MCF7_core,2494.0
750.0,-60.0,-20.0,MCF7_core,2494.0
750.0,-60.0,-5.0,MCF7_core,2494.0
750.0,-60.0,10.0,MCF7_core,2494.0
750.0,-45.0,-20.0,MCF7_core,2494.0
750.0,-45.0,-5.0,MCF7_core,2494.0
750.0,-45.0,10.0,MCF7_core,2494.0
750.0,-30.0,-20.0,MCF7_core,2494.0
750.0,-30.0,-5.0,MCF7_core,2494.0
750.0,-30.0,10.0,MCF7_core,2494.0
750.0,-15.0,-20.0,MCF7_core,2494.0
750.0,-15.0,-5.0,MCF7_core,2494.0
750.0,-15.0,10.0,MCF7_core,2494.0
750.0,0.0,-20.0,MCF7_core,2494.0
750.0,0.0,-5.0,MCF7_core,2494.0
750.0,0.0,10.0,MCF7_core,2494.0
750.0,15.0,-20.0,MCF7_core,2494.0
750.0,15.0,-5.0,MCF7_core,2494.0
750.0,15.0,10.0,MCF7_core,2494.0
750.0,30.0,-20.0,MCF7_core,2494.0
750.0,30.0,-5.0,MCF7_core,2494.0
750.0,30.0,10.0,MCF7_core,2494.0
750.0,45.0,-20.0,MCF7_core,2494.0
750.0,45.0,-5.0,MCF7_core,2494.0
750.0,45.0,10.0,MCF7_core,2494.0
750.0,60.0,-20.0,MCF7_core,2494.0
750.0,60.0,-5.0,MCF7_core,2494.0
750.0,60.0,10.0,MCF7_core,2494.0
750.0,75.0,-20.0,MCF7_core,2494.0
750.0,75.0,-5.0,MCF7_core,2494.0
750.0,75.0,10.0,MCF7_core,2494.0
750.0,90.0,-20.0,MCF7_core,2494.0
750.0,90.0,-5.0,MCF7_core,2494.0
750.0,90.0,10.0,MCF7_core,2494.0
750.0,105.0,-20.0,MCF7_core,2494.0
750.0,105.0,-5.0,MCF7_core,2494.0
750.0,105.0,10.0,MCF7_core,2494.0
750.0,120.0,-20.0,MCF7_core,2494.0
750.0,120.0,-5.0,MCF7_core,2494.0
750.0,120.0,10.0,MCF7_core,2494.0
750.0,135.0,-20.0,MCF7_core,2494.0
750.0,135.0,-5.0,MCF7_core,2494.0
750.0,135.0,10.0,MCF7_core,2494.0
750.0,150.0,-20.0,MCF7_core,2494.0
750.0,150.0,-5.0,MCF7_core,2494.0
750.0,150.0,10.0,MCF7_core,2494.0
765.0,-150.0,-20.0,MCF7_core,2494.0
765.0,-150.0,-5.0,MCF7_core,2494.0
765.0,-150.0,10.0,MCF7_core,2494.0
765.0,-135.0,-20.0,MCF7_core,2494.0
765.0,-135.0,-5.0,MCF7_core,2494.0
765.0,-135.0,10.0,MCF7_core,2494.0
765.0,-120.0,-20.0,MCF7_core,2494.0
765.0,-120.0,-5.0,MCF7_core,2494.0
765.0,-120.0,10.0,MCF7_core,2494.0
765.0,-105.0,-20.0,MCF7_core,2494.0
765.0,-105.0,-5.0,MCF7_core,2494.0
765.0,-105.0,10.0,MCF7_core,2494.0
765.0,-90.0,-20.0,MCF7_core,2494.0
765.0,-90.0,-5.0,MCF7_core,2494.0
765.0,-90.0,10.0,MCF7_core,2494.0
765.0,-75.0,-20.0,MCF7_core,2494.0
765.0,-75.0,-5.0,MCF7_core,2494.0
765.0,-75.0,10.0,MCF7_core,2494.0
765.0,-60.0,-20.0,MCF7_core,2494.0
765.0,-60.0,-5.0,MCF7_core,2494.0
765.0,-60.0,10.0,MCF7_core,2494.0
765.0,-45.0,-20.0,MCF7_core,2494.0
765.0,-45.0,-5.0,MCF7_core,2494.0
765.0,-45.0,10.0,MCF7_core,2494.0
765.0,-30.0,-20.0,MCF7_core,2494.0
765.0,-30.0,-5.0,MCF7_core,2494.0
765.0,-30.0,10.0,MCF7_core,2494.0
765.0,-15.0,-20.0,MCF7_core,2494.0
765.0,-15.0,-5.0,MCF7_core,2494.0
765.0,-15.0,10.0,MCF7_core,2494.0
765.0,0.0,-20.0,MCF7_core,2494.0
765.0,0.0,-5.0,MCF7_core,2494.0
765.0,0.0,10.0,MCF7_core,2494.0
765.0,15.0,-20.0,MCF7_core,2494.0
765.0,15.0,-5.0,MCF7_core,2494.0
765.0,15.0,10.0,MCF7_core,2494.0
765.0,30.0,-20.0,MCF7_core,2494.0
765.0,30.0,-5.0,MCF7_core,2494.0
765.0,30.0,10.0,MCF7_core,2494.0
765.0,45.0,-20.0,MCF7_core,2494.0
765.0,45.0,-5.0,MCF7_core,2494.0
765.0,45.0,10.0,MCF7_core,2494.0
765.0,60.0,-20.0,MCF7_core,2494.0
765.0,60.0,-5.0,MCF7_core,2494.0
765.0,60.0,10.0,MCF7_core,2494.0
765.0,75.0,-20.0,MCF7_core,2494.0
765.0,75.0,-5.0,MCF7_core,2494.0
765.0,75.0,10.0,MCF7_core,2494.0
765.0,90.0,-20.0,MCF7_core,2494.0
765.0,90.0,-5.0,MCF7_core,2494.0
765.0,90.0,10.0,MCF7_core,2494.0
765.0,105.0,-20.0,MCF7_core,2494.0
765.0,105.0,-5.0,MCF7_core,2494.0
765.0,105.0,10.0,MCF7_core,2494.0
765.0,120.0,-20.0,MCF7_core,2494.0
765.0,120.0,-5.0,MCF7_core,2494.0
765.0,120.0,10.0,MCF7_core,2494.0
765.0,135.0,-20.0,MCF7_core,2494.0
765.0,135.0,-5.0,MCF7_core,2494.0
765.0,135.0,10.0,MCF7_core,2494.0
765.0,150.0,-20.0,MCF7_core,2494.0
765.0,150.0,-5.0,MCF7_core,2494.0
765.0,150.0,10.0,MCF7_core,2494.0
780.0,-150.0,-20.0,MCF7_core,2494.0
780.0,-150.0,-5.0,MCF7_core,2494.0
780.0,-150.0,10.0,MCF7_core,2494.0
780.0,-135.0,-20.0,MCF7_core,2494.0
780.0,-135.0,-5.0,MCF7_core,2494.0
780.0,-135.0,10.0,MCF7_core,2494.0
780.0,-120.0,-20.0,MCF7_core,2494.0
780.0,-120.0,-5.0,MCF7_core,2494.0
780.0,-120.0,10.0,MCF7_core,2494.0
780.0,-105.0,-20.0,MCF7_core,2494.0
780.0,-105.0,-5.0,MCF7_core,2494.0
780.0,-105.0,10.0,MCF7_core,2494.0
780.0,-90.0,-20.0,MCF7_core,2494.0
780.0,-90.0,-5.0,MCF7_core,2494.0
780.0,-90.0,10.0,MCF7_core,2494.0
780.0,-75.0,-20.0,MCF7_core,2494.0
780.0,-75.0,-5.0,MCF7_core,2494.0
780.0,-75.0,10.0,MCF7_core,2494.0
780.0,-60.0,-20.0,MCF7_core,2494.0
780.0,-60.0,-5.0,MCF7_core,2494.0
780.0,-60.0,10.0,MCF7_core,2494.0
780.0,-45.0,-20.0,MCF7_core,2494.0
780.0,-45.0,-5.0,MCF7_core,2494.0
780.0,-45.0,10.0,MCF7_core,2494.0
780.0,-30.0,-20.0,MCF7_core,2494.0
780.0,-30.0,-5.0,MCF7_core,2494.0
780.0,-30.0,10.0,MCF7_core,2494.0
780.0,-15.0,-20.0,MCF7_core,2494.0
780.0,-15.0,-5.0,MCF7_core,2494.0
780.0,-15.0,10.0,MCF7_core,2494.0
780.0,0.0,-20.0,MCF7_core,2494.0
780.0,0.0,-5.0,MCF7_core,2494.0
780.0,0.0,10.0,MCF7_core,2494.0
780.0,15.0,-20.0,MCF7_core,2494.0
780.0,15.0,-5.0,MCF7_core,2494.0
780.0,15.0,10.0,MCF7_core,2494.0
780.0,30.0,-20.0,MCF7_core,2494.0
780.0,30.0,-5.0,MCF7_core,2494.0
780.0,30.0,10.0,MCF7_core,2494.0
780.0,45.0,-20.0,MCF7_core,2494.0
780.0,45.0,-5.0,MCF7_core,2494.0
780.0,45.0,10.0,MCF7_core,2494.0
780.0,60.0,-20.0,MCF7_core,2494.0
780.0,60.0,-5.0,MCF7_core,2494.0
780.0,60.0,10.0,MCF7_core,2494.0
780.0,75.0,-20.0,MCF7_core,2494.0
780.0,75.0,-5.0,MCF7_core,2494.0
780.0,75.0,10.0,MCF7_core,2494.0
780.0,90.0,-20.0,MCF7_core,2494.0
780.0,90.0,-5.0,MCF7_core,2494.0
780.0,90.0,10.0,MCF7_core,2494.0
780.0,105.0,-20.0,MCF7_core,2494.0
780.0,105.0,-5.0,MCF7_core,2494.0
780.0,105.0,10.0,MCF7_core,2494.0
780.0,120.0,-20.0,MCF7_core,2494.0
780.0,120.0,-5.0,MCF7_core,2494.0
780.0,120.0,10.0,MCF7_core,2494.0
780.0,135.0,-20.0,MCF7_core,2494.0
780.0,135.0,-5.0,MCF7_core,2494.0
780.0,135.0,10.0,MCF7_core,2494.0
780.0,150.0,-20.0,MCF7_core,2494.0
780.0,150.0,-5.0,MCF7_core,2494.0
780.0,150.0,10.0,MCF7_core,2494.0
795.0,-150.0,-20.0,MCF7_core,2494.0
795.0,-150.0,-5.0,MCF7_core,2494.0
795.0,-150.0,10.0,MCF7_core,2494.0
795.0,-135.0,-20.0,MCF7_core,2494.0
795.0,-135.0,-5.0,MCF7_core,2494.0
795.0,-135.0,10.0,MCF7_core,2494.0
795.0,-120.0,-20.0,MCF7_core,2494.0
795.0,-120.0,-5.0,MCF7_core,2494.0
795.0,-120.0,10.0,MCF7_core,2494.0
795.0,-105.0,-20.0,MCF7_core,2494.0
795.0,-105.0,-5.0,MCF7_core,2494.0
795.0,-105.0,10.0,MCF7_core,2494.0
795.0,-90.0,-20.0,MCF7_core,2494.0
795.0,-90.0,-5.0,MCF7_core,2494.0
795.0,-90.0,10.0,MCF7_core,2494.0
795.0,-75.0,-20.0,MCF7_core,2494.0
795.0,-75.0,-5.0,MCF7_core,2494.0
795.0,-75.0,10.0,MCF7_core,2494.0
795.0,-60.0,-20.0,MCF7_core,2494.0
795.0,-60.0,-5.0,MCF7_core,2494.0
795.0,-60.0,10.0,MCF7_core,2494.0
795.0,-45.0,-20.0,MCF7_core,2494.0
795.0,-45.0,-5.0,MCF7_core,2494.0
795.0,-45.0,10.0,MCF7_core,2494.0
795.0,-30.0,-20.0,MCF7_core,2494.0
795.0,-30.0,-5.0,MCF7_core,2494.0
795.0,-30.0,10.0,MCF7_core,2494.0
795.0,-15.0,-20.0,MCF7_core,2494.0
795.0,-15.0,-5.0,MCF7_core,2494.0
795.0,-15.0,10.0,MCF7_core,2494.0
795.0,0.0,-20.0,MCF7_core,2494.0
795.0,0.0,-5.0,MCF7_core,2494.0
795.0,0.0,10.0,MCF7_core,2494.0
795.0,15.0,-20.0,MCF7_core,2494.0
795.0,15.0,-5.0,MCF7_core,2494.0
795.0,15.0,10.0,MCF7_core,2494.0
795.0,30.0,-20.0,MCF7_core,2494.0
795.0,30.0,-5.0,MCF7_core,2494.0
795.0,30.0,10.0,MCF7_core,2494.0
795.0,45.0,-20.0,MCF7_core,2494.0
795.0,45.0,-5.0,MCF7_core,2494.0
795.0,45.0,10.0,MCF7_core,2494.0
795.0,60.0,-20.0,MCF7_core,2494.0
795.0,60.0,-5.0,MCF7_core,2494.0
795.0,60.0,10.0,MCF7_core,2494.0
795.0,75.0,-20.0,MCF7_core,2494.0
795.0,75.0,-5.0,MCF7_core,2494.0
795.0,75.0,10.0,MCF7_core,2494.0
795.0,90.0,-20.0,MCF7_core,2494.0
795.0,90.0,-5.0,MCF7_core,2494.0
795.0,90.0,10.0,MCF7_core,2494.0
795.0,105.0,-20.0,MCF7_core,2494.0
795.0,105.0,-5.0,MCF7_core,2494.0
795.0,105.0,10.0,MCF7_core,2494.0
795.0,120.0,-20.0,MCF7_core,2494.0
795.0,120.0,-5.0,MCF7_core,2494.0
795.0,120.0,10.0,MCF7_core,2494.0
795.0,135.0,-20.0,MCF7_core,2494.0
795.0,135.0,-5.0,MCF7_core,2494.0
795.0,135.0,10.0,MCF7_core,2494.0
795.0,150.0,-20.0,MCF7_core,2494.0
795.0,150.0,-5.0,MCF7_core,2494.0
795.0,150.0,10.0,MCF7_core,2494.0
810.0,-150.0,-20.0,MCF7_core,2494.0
810.0,-150.0,-5.0,MCF7_core,2494.0
810.0,-150.0,10.0,MCF7_core,2494.0
810.0,-135.0,-20.0,MCF7_core,2494.0
810.0,-135.0,-5.0,MCF7_core,2494.0
810.0,-135.0,10.0,MCF7_core,2494.0
810.0,-120.0,-20.0,MCF7_core,2494.0
810.0,-120.0,-5.0,MCF7_core,2494.0
810.0,-120.0,10.0,MCF7_core,2494.0
810.0,-105.0,-20.0,MCF7_core,2494.0
810.0,-105.0,-5.0,MCF7_core,2494.0
810.0,-105.0,10.0,MCF7_core,2494.0
810.0,-90.0,-20.0,MCF7_core,2494.0
810.0,-90.0,-5.0,MCF7_core,2494.0
810.0,-90.0,10.0,MCF7_core,2494.0
810.0,-75.0,-20.0,MCF7_core,2494.0
810.0,-75.0,-5.0,MCF7_core,2494.0
810.0,-75.0,10.0,MCF7_core,2494.0
810.0,-60.0,-20.0,MCF7_core,2494.0
810.0,-60.0,-5.0,MCF7_core,2494.0
810.0,-60.0,10.0,MCF7_core,2494.0
810.0,-45.0,-20.0,MCF7_core,2494.0
810.0,-45.0,-5.0,MCF7_core,2494.0
810.0,-45.0,10.0,MCF7_core,2494.0
810.0,-30.0,-20.0,MCF7_core,2494.0
810.0,-30.0,-5.0,MCF7_core,2494.0
810.0,-30.0,10.0,MCF7_core,2494.0
810.0,-15.0,-20.0,MCF7_core,2494.0
810.0,-15.0,-5.0,MCF7_core,2494.0
810.0,-15.0,10.0,MCF7_core,2494.0
810.0,0.0,-20.0,MCF7_core,2494.0
810.0,0.0,-5.0,MCF7_core,2494.0
810.0,0.0,10.0,MCF7_core,2494.0
810.0,15.0,-20.0,MCF7_core,2494.0
810.0,15.0,-5.0,MCF7_core,2494.0
810.0,15.0,10.0,MCF7_core,2494.0
810.0,30.0,-20.0,MCF7_core,2494.0
810.0,30.0,-5.0,MCF7_core,2494.0
810.0,30.0,10.0,MCF7_core,2494.0
810.0,45.0,-20.0,MCF7_core,2494.0
810.0,45.0,-5.0,MCF7_core,2494.0
810.0,45.0,10.0,MCF7_core,2494.0
810.0,60.0,-20.0,MCF7_core,2494.0
810.0,60.0,-5.0,MCF7_core,2494.0
810.0,60.0,10.0,MCF7_core,2494.0
810.0,75.0,-20.0,MCF7_core,2494.0
810.0,75.0,-5.0,MCF7_core,2494.0
810.0,75.0,10.0,MCF7_core,2494.0
810.0,90.0,-20.0,MCF7_core,2494.0
810.0,90.0,-5.0,MCF7_core,2494.0
810.0,90.0,10.0,MCF7_core,2494.0
810.0,105.0,-20.0,MCF7_core,2494.0
810.0,105.0,-5.0,MCF7_core,2494.0
810.0,105.0,10.0,MCF7_core,2494.0
810.0,120.0,-20.0,MCF7_core,2494.0
810.0,120.0,-5.0,MCF7_core,2494.0
810.0,120.0,10.0,MCF7_core,2494.0
810.0,135.0,-20.0,MCF7_core,2494.0
810.0,135.0,-5.0,MCF7_core,2494.0
810.0,135.0,10.0,MCF7_core,2494.0
810.0,150.0,-20.0,MCF7_core,2494.0
810.0,150.0,-5.0,MCF7_core,2494.0
810.0,150.0,10.0,MCF7_core,2494.0
825.0,-150.0,-20.0,MCF7_core,2494.0
825.0,-150.0,-5.0,MCF7_core,2494.0
825.0,-150.0,10.0,MCF7_core,2494.0
825.0,-135.0,-20.0,MCF7_core,2494.0
825.0,-135.0,-5.0,MCF7_core,2494.0
825.0,-135.0,10.0,MCF7_core,2494.0
825.0,-120.0,-20.0,MCF7_core,2494.0
825.0,-120.0,-5.0,MCF7_core,2494.0
825.0,-120.0,10.0,MCF7_core,2494.0
825.0,-105.0,-20.0,MCF7_core,2494.0
825.0,-105.0,-5.0,MCF7_core,2494.0
825.0,-105.0,10.0,MCF7_core,2494.0
825.0,-90.0,-20.0,MCF7_core,2494.0
825.0,-90.0,-5.0,MCF7_core,2494.0
825.0,-90.0,10.0,MCF7_core,2494.0
825.0,-75.0,-20.0,MCF7_core,2494.0
825.0,-75.0,-5.0,MCF7_core,2494.0
825.0,-75.0,10.0,MCF7_core,2494.0
825.0,-60.0,-20.0,MCF7_core,2494.0
825.0,-60.0,-5.0,MCF7_core,2494.0
825.0,-60.0,10.0,MCF7_core,2494.0
825.0,-45.0,-20.0,MCF7_core,2494.0
825.0,-45.0,-5.0,MCF7_core,2494.0
825.0,-45.0,10.0,MCF7_core,2494.0
825.0,-30.0,-20.0,MCF7_core,2494.0
825.0,-30.0,-5.0,MCF7_core,2494.0
825.0,-30.0,10.0,MCF7_core,2494.0
825.0,-15.0,-20.0,MCF7_core,2494.0
825.0,-15.0,-5.0,MCF7_core,2494.0
825.0,-15.0,10.0,MCF7_core,2494.0
825.0,0.0,-20.0,MCF7_core,2494.0
825.0,0.0,-5.0,MCF7_core,2494.0
825.0,0.0,10.0,MCF7_core,2494.0
825.0,15.0,-20.0,MCF7_core,2494.0
825.0,15.0,-5.0,MCF7_core,2494.0
825.0,15.0,10.0,MCF7_core,2494.0
825.0,30.0,-20.0,MCF7_core,2494.0
825.0,30.0,-5.0,MCF7_core,2494.0
825.0,30.0,10.0,MCF7_core,2494.0
825.0,45.0,-20.0,MCF7_core,2494.0
825.0,45.0,-5.0,MCF7_core,2494.0
825.0,45.0,10.0,MCF7_core,2494.0
825.0,60.0,-20.0,MCF7_core,2494.0
825.0,60.0,-5.0,MCF7_core,2494.0
825.0,60.0,10.0,MCF7_core,2494.0
825.0,75.0,-20.0,MCF7_core,2494.0
825.0,75.0,-5.0,MCF7_core,2494.0
825.0,75.0,10.0,MCF7_core,2494.0
825.0,90.0,-20.0,MCF7_core,2494.0
825.0,90.0,-5.0,MCF7_core,2494.0
825.0,90.0,10.0,MCF7_core,2494.0
825.0,105.0,-20.0,MCF7_core,2494.0
825.0,105.0,-5.0,MCF7_core,2494.0
825.0,105.0,10.0,MCF7_core,2494.0
825.0,120.0,-20.0,MCF7_core,2494.0
825.0,120.0,-5.0,MCF7_core,2494.0
825.0,120.0,10.0,MCF7_core,2494.0
825.0,135.0,-20.0,MCF7_core,2494.0
825.0,135.0,-5.0,MCF7_core,2494.0
825.0,135.0,10.0,MCF7_core,2494.0
825.0,150.0,-20.0,MCF7_core,2494.0
825.0,150.0,-5.0,MCF7_core,2494.0
825.0,150.0,10.0,MCF7_core,2494.0
840.0,-150.0,-20.0,MCF7_core,2494.0
840.0,-150.0,-5.0,MCF7_core,2494.0
840.0,-150.0,10.0,MCF7_core,2494.0
840.0,-135.0,-20.0,MCF7_core,2494.0
840.0,-135.0,-5.0,MCF7_core,2494.0
840.0,-135.0,10.0,MCF7_core,2494.0
840.0,-120.0,-20.0,MCF7_core,2494.0
840.0,-120.0,-5.0,MCF7_core,2494.0
840.0,-120.0,10.0,MCF7_core,2494.0
840.0,-105.0,-20.0,MCF7_core,2494.0
840.0,-105.0,-5.0,MCF7_core,2494.0
840.0,-105.0,10.0,MCF7_core,2494.0
840.0,-90.0,-20.0,MCF7_core,2494.0
840.0,-90.0,-5.0,MCF7_core,2494.0
840.0,-90.0,10.0,MCF7_core,2494.0
840.0,-75.0,-20.0,MCF7_core,2494.0
840.0,-75.0,-5.0,MCF7_core,2494.0
840.0,-75.0,10.0,MCF7_core,2494.0
840.0,-60.0,-20.0,MCF7_core,2494.0
840.0,-60.0,-5.0,MCF7_core,2494.0
840.0,-60.0,10.0,MCF7_core,2494.0
840.0,-45.0,-20.0,MCF7_core,2494.0
840.0,-45.0,-5.0,MCF7_core,2494.0
840.0,-45.0,10.0,MCF7_core,2494.0
840.0,-30.0,-20.0,MCF7_core,2494.0
840.0,-30.0,-5.0,MCF7_core,2494.0
840.0,-30.0,10.0,MCF7_core,2494.0
840.0,-15.0,-20.0,MCF7_core,2494.0
840.0,-15.0,-5.0,MCF7_core,2494.0
840.0,-15.0,10.0,MCF7_core,2494.0
840.0,0.0,-20.0,MCF7_core,2494.0
840.0,0.0,-5.0,MCF7_core,2494.0
840.0,0.0,10.0,MCF7_core,2494.0
840.0,15.0,-20.0,MCF7_core,2494.0
840.0,15.0,-5.0,MCF7_core,2494.0
840.0,15.0,10.0,MCF7_core,2494.0
840.0,30.0,-20.0,MCF7_core,2494.0
840.0,30.0,-5.0,MCF7_core,2494.0
840.0,30.0,10.0,MCF7_core,2494.0
840.0,45.0,-20.0,MCF7_core,2494.0
840.0,45.0,-5.0,MCF7_core,2494.0
840.0,45.0,10.0,MCF7_core,2494.0
840.0,60.0,-20.0,MCF7_core,2494.0
840.0,60.0,-5.0,MCF7_core,2494.0
840.0,60.0,10.0,MCF7_core,2494.0
840.0,75.0,-20.0,MCF7_core,2494.0
840.0,75.0,-5.0,MCF7_core,2494.0
840.0,75.0,10.0,MCF7_core,2494.0
840.0,90.0,-20.0,MCF7_core,2494.0
840.0,90.0,-5.0,MCF7_core,2494.0
840.0,90.0,10.0,MCF7_core,2494.0
840.0,105.0,-20.0,MCF7_core,2494.0
840.0,105.0,-5.0,MCF7_core,2494.0
840.0,105.0,10.0,MCF7_core,2494.0
840.0,120.0,-20.0,MCF7_core,2494.0
840.0,120.0,-5.0,MCF7_core,2494.0
840.0,120.0,10.0,MCF7_core,2494.0
840.0,135.0,-20.0,MCF7_core,2494.0
840.0,135.0,-5.0,MCF7_core,2494.0
840.0,135.0,10.0,MCF7_core,2494.0
840.0,150.0,-20.0,MCF7_core,2494.0
840.0,150.0,-5.0,MCF7_core,2494.0
840.0,150.0,10.0,MCF7_core,2494.0
855.0,-150.0,-20.0,MCF7_core,2494.0
855.0,-150.0,-5.0,MCF7_core,2494.0
855.0,-150.0,10.0,MCF7_core,2494.0
855.0,-135.0,-20.0,MCF7_core,2494.0
855.0,-135.0,-5.0,MCF7_core,2494.0
855.0,-135.0,10.0,MCF7_core,2494.0
855.0,-120.0,-20.0,MCF7_core,2494.0
855.0,-120.0,-5.0,MCF7_core,2494.0
855.0,-120.0,10.0,MCF7_core,2494.0
855.0,-105.0,-20.0,MCF7_core,2494.0
855.0,-105.0,-5.0,MCF7_core,2494.0
855.0,-105.0,10.0,MCF7_core,2494.0
855.0,-90.0,-20.0,MCF7_core,2494.0
855.0,-90.0,-5.0,MCF7_core,2494.0
855.0,-90.0,10.0,MCF7_core,2494.0
855.0,-75.0,-20.0,MCF7_core,2494.0
855.0,-75.0,-5.0,MCF7_core,2494.0
855.0,-75.0,10.0,MCF7_core,2494.0
855.0,-60.0,-20.0,MCF7_core,2494.0
855.0,-60.0,-5.0,MCF7_core,2494.0
855.0,-60.0,10.0,MCF7_core,2494.0
855.0,-45.0,-20.0,MCF7_core,2494.0
855.0,-45.0,-5.0,MCF7_core,2494.0
855.0,-45.0,10.0,MCF7_core,2494.0
855.0,-30.0,-20.0,MCF7_core,2494.0
855.0,-30.0,-5.0,MCF7_core,2494.0
855.0,-30.0,10.0,MCF7_core,2494.0
855.0,-15.0,-20.0,MCF7_core,2494.0
855.0,-15.0,-5.0,MCF7_core,2494.0
855.0,-15.0,10.0,MCF7_core,2494.0
855.0,0.0,-20.0,MCF7_core,2494.0
855.0,0.0,-5.0,MCF7_core,2494.0
855.0,0.0,10.0,MCF7_core,2494.0
855.0,15.0,-20.0,MCF7_core,2494.0
855.0,15.0,-5.0,MCF7_core,2494.0
855.0,15.0,10.0,MCF7_core,2494.0
855.0,30.0,-20.0,MCF7_core,2494.0
855.0,30.0,-5.0,MCF7_core,2494.0
855.0,30.0,10.0,MCF7_core,2494.0
855.0,45.0,-20.0,MCF7_core,2494.0
855.0,45.0,-5.0,MCF7_core,2494.0
855.0,45.0,10.0,MCF7_core,2494.0
855.0,60.0,-20.0,MCF7_core,2494.0
855.0,60.0,-5.0,MCF7_core,2494.0
855.0,60.0,10.0,MCF7_core,2494.0
855.0,75.0,-20.0,MCF7_core,2494.0
855.0,75.0,-5.0,MCF7_core,2494.0
855.0,75.0,10.0,MCF7_core,2494.0
855.0,90.0,-20.0,MCF7_core,2494.0
855.0,90.0,-5.0,MCF7_core,2494.0
855.0,90.0,10.0,MCF7_core,2494.0
855.0,105.0,-20.0,MCF7_core,2494.0
855.0,105.0,-5.0,MCF7_core,2494.0
855.0,105.0,10.0,MCF7_core,2494.0
855.0,120.0,-20.0,MCF7_core,2494.0
855.0,120.0,-5.0,MCF7_core,2494.0
855.0,120.0,10.0,MCF7_core,2494.0
855.0,135.0,-20.0,MCF7_core,2494.0
855.0,135.0,-5.0,MCF7_core,2494.0
855.0,135.0,10.0,MCF7_core,2494.0
855.0,150.0,-20.0,MCF7_core,2494.0
855.0,150.0,-5.0,MCF7_core,2494.0
855.0,150.0,10.0,MCF7_core,2494.0
870.0,-150.0,-20.0,MCF7_core,2494.0
870.0,-150.0,-5.0,MCF7_core,2494.0
870.0,-150.0,10.0,MCF7_core,2494.0
870.0,-135.0,-20.0,MCF7_core,2494.0
870.0,-135.0,-5.0,MCF7_core,2494.0
870.0,-135.0,10.0,MCF7_core,2494.0
870.0,-120.0,-20.0,MCF7_core,2494.0
870.0,-120.0,-5.0,MCF7_core,2494.0
870.0,-120.0,10.0,MCF7_core,2494.0
870.0,-105.0,-20.0,MCF7_core,2494.0
870.0,-105.0,-5.0,MCF7_core,2494.0
870.0,-105.0,10.0,MCF7_core,2494.0
870.0,-90.0,-20.0,MCF7_core,2494.0
870.0,-90.0,-5.0,MCF7_core,2494.0
870.0,-90.0,10.0,MCF7_core,2494.0
870.0,-75.0,-20.0,MCF7_core,2494.0
870.0,-75.0,-5.0,MCF7_core,2494.0
870.0,-75.0,10.0,MCF7_core,2494.0
870.0,-60.0,-20.0,MCF7_core,2494.0
870.0,-60.0,-5.0,MCF7_core,2494.0
870.0,-60.0,10.0,MCF7_core,2494.0
870.0,-45.0,-20.0,MCF7_core,2494.0
870.0,-45.0,-5.0,MCF7_core,2494.0
870.0,-45.0,10.0,MCF7_core,2494.0
870.0,-30.0,-20.0,MCF7_core,2494.0
870.0,-30.0,-5.0,MCF7_core,2494.0
870.0,-30.0,10.0,MCF7_core,2494.0
870.0,-15.0,-20.0,MCF7_core,2494.0
870.0,-15.0,-5.0,MCF7_core,2494.0
870.0,-15.0,10.0,MCF7_core,2494.0
870.0,0.0,-20.0,MCF7_core,2494.0
870.0,0.0,-5.0,MCF7_core,2494.0
870.0,0.0,10.0,MCF7_core,2494.0
870.0,15.0,-20.0,MCF7_core,2494.0
870.0,15.0,-5.0,MCF7_core,2494.0
870.0,15.0,10.0,MCF7_core,2494.0
870.0,30.0,-20.0,MCF7_core,2494.0
870.0,30.0,-5.0,MCF7_core,2494.0
870.0,30.0,10.0,MCF7_core,2494.0
870.0,45.0,-20.0,MCF7_core,2494.0
870.0,45.0,-5.0,MCF7_core,2494.0
870.0,45.0,10.0,MCF7_core,2494.0
870.0,60.0,-20.0,MCF7_core,2494.0
870.0,60.0,-5.0,MCF7_core,2494.0
870.0,60.0,10.0,MCF7_core,2494.0
870.0,75.0,-20.0,MCF7_core,2494.0
870.0,75.0,-5.0,MCF7_core,2494.0
870.0,75.0,10.0,MCF7_core,2494.0
870.0,90.0,-20.0,MCF7_core,2494.0
870.0,90.0,-5.0,MCF7_core,2494.0
870.0,90.0,10.0,MCF7_core,2494.0
870.0,105.0,-20.0,MCF7_core,2494.0
870.0,105.0,-5.0,MCF7_core,2494.0
870.0,105.0,10.0,MCF7_core,2494.0
870.0,120.0,-20.0,MCF7_core,2494.0
870.0,120.0,-5.0,MCF7_core,2494.0
870.0,120.0,10.0,MCF7_core,2494.0
870.0,135.0,-20.0,MCF7_core,2494.0
870.0,135.0,-5.0,MCF7_core,2494.0
870.0,135.0,10.0,MCF7_core,2494.0
870.0,150.0,-20.0,MCF7_core,2494.0
870.0,150.0,-5.0,MCF7_core,2494.0
870.0,150.0,10.0,MCF7_core,2494.0
885.0,-150.0,-20.0,MCF7_core,2494.0
885.0,-150.0,-5.0,MCF7_core,2494.0
885.0,-150.0,10.0,MCF7_core,2494.0
885.0,-135.0,-20.0,MCF7_core,2494.0
885.0,-135.0,-5.0,MCF7_core,2494.0
885.0,-135.0,10.0,MCF7_core,2494.0
885.0,-120.0,-20.0,MCF7_core,2494.0
885.0,-120.0,-5.0,MCF7_core,2494.0
885.0,-120.0,10.0,MCF7_core,2494.0
885.0,-105.0,-20.0,MCF7_core,2494.0
885.0,-105.0,-5.0,MCF7_core,2494.0
885.0,-105.0,10.0,MCF7_core,2494.0
885.0,-90.0,-20.0,MCF7_core,2494.0
885.0,-90.0,-5.0,MCF7_core,2494.0
885.0,-90.0,10.0,MCF7_core,2494.0
885.0,-75.0,-20.0,MCF7_core,2494.0
885.0,-75.0,-5.0,MCF7_core,2494.0
885.0,-75.0,10.0,MCF7_core,2494.0
885.0,-60.0,-20.0,MCF7_core,2494.0
885.0,-60.0,-5.0,MCF7_core,2494.0
885.0,-60.0,10.0,MCF7_core,2494.0
885.0,-45.0,-20.0,MCF7_core,2494.0
885.0,-45.0,-5.0,MCF7_core,2494.0
885.0,-45.0,10.0,MCF7_core,2494.0
885.0,-30.0,-20.0,MCF7_core,2494.0
885.0,-30.0,-5.0,MCF7_core,2494.0
885.0,-30.0,10.0,MCF7_core,2494.0
885.0,-15.0,-20.0,MCF7_core,2494.0
885.0,-15.0,-5.0,MCF7_core,2494.0
885.0,-15.0,10.0,MCF7_core,2494.0
885.0,0.0,-20.0,MCF7_core,2494.0
885.0,0.0,-5.0,MCF7_core,2494.0
885.0,0.0,10.0,MCF7_core,2494.0
885.0,15.0,-20.0,MCF7_core,2494.0
885.0,15.0,-5.0,MCF7_core,2494.0
885.0,15.0,10.0,MCF7_core,2494.0
885.0,30.0,-20.0,MCF7_core,2494.0
885.0,30.0,-5.0,MCF7_core,2494.0
885.0,30.0,10.0,MCF7_core,2494.0
885.0,45.0,-20.0,MCF7_core,2494.0
885.0,45.0,-5.0,MCF7_core,2494.0
885.0,45.0,10.0,MCF7_core,2494.0
885.0,60.0,-20.0,MCF7_core,2494.0
885.0,60.0,-5.0,MCF7_core,2494.0
885.0,60.0,10.0,MCF7_core,2494.0
885.0,75.0,-20.0,MCF7_core,2494.0
885.0,75.0,-5.0,MCF7_core,2494.0
885.0,75.0,10.0,MCF7_core,2494.0
885.0,90.0,-20.0,MCF7_core,2494.0
885.0,90.0,-5.0,MCF7_core,2494.0
885.0,90.0,10.0,MCF7_core,2494.0
885.0,105.0,-20.0,MCF7_core,2494.0
885.0,105.0,-5.0,MCF7_core,2494.0
885.0,105.0,10.0,MCF7_core,2494.0
885.0,120.0,-20.0,MCF7_core,2494.0
885.0,120.0,-5.0,MCF7_core,2494.0
885.0,120.0,10.0,MCF7_core,2494.0
885.0,135.0,-20.0,MCF7_core,2494.0
885.0,135.0,-5.0,MCF7_core,2494.0
885.0,135.0,10.0,MCF7_core,2494.0
885.0,150.0,-20.0,MCF7_core,2494.0
885.0,150.0,-5.0,MCF7_core,2494.0
885.0,150.0,10.0,MCF7_core,2494.0
900.0,-150.0,-20.0,MCF7_core,2494.0
900.0,-150.0,-5.0,MCF7_core,2494.0
900.0,-150.0,10.0,MCF7_core,2494.0
900.0,-135.0,-20.0,MCF7_core,2494.0
900.0,-135.0,-5.0,MCF7_core,2494.0
900.0,-135.0,10.0,MCF7_core,2494.0
900.0,-120.0,-20.0,MCF7_core,2494.0
900.0,-120.0,-5.0,MCF7_core,2494.0
900.0,-120.0,10.0,MCF7_core,2494.0
900.0,-105.0,-20.0,MCF7_core,2494.0
900.0,-105.0,-5.0,MCF7_core,2494.0
900.0,-105.0,10.0,MCF7_core,2494.0
900.0,-90.0,-20.0,MCF7_core,2494.0
900.0,-90.0,-5.0,MCF7_core,2494.0
900.0,-90.0,10.0,MCF7_core,2494.0
900.0,-75.0,-20.0,MCF7_core,2494.0
900.0,-75.0,-5.0,MCF7_core,2494.0
900.0,-75.0,10.0,MCF7_core,2494.0
900.0,-60.0,-20.0,MCF7_core,2494.0
900.0,-60.0,-5.0,MCF7_core,2494.0
900.0,-60.0,10.0,MCF7_core,2494.0
900.0,-45.0,-20.0,MCF7_core,2494.0
900.0,-45.0,-5.0,MCF7_core,2494.0
900.0,-45.0,10.0,MCF7_core,2494.0
900.0,-30.0,-20.0,MCF7_core,2494.0
900.0,-30.0,-5.0,MCF7_core,2494.0
900.0,-30.0,10.0,MCF7_core,2494.0
900.0,-15.0,-20.0,MCF7_core,2494.0
900.0,-15.0,-5.0,MCF7_core,2494.0
900.0,-15.0,10.0,MCF7_core,2494.0
900.0,0.0,-20.0,MCF7_core,2494.0
900.0,0.0,-5.0,MCF7_core,2494.0
900.0,0.0,10.0,MCF7_core,2494.0
900.0,15.0,-20.0,MCF7_core,2494.0
900.0,15.0,-5.0,MCF7_core,2494.0
900.0,15.0,10.0,MCF7_core,2494.0
900.0,30.0,-20.0,MCF7_core,2494.0
900.0,30.0,-5.0,MCF7_core,2494.0
900.0,30.0,10.0,MCF7_core,2494.0
900.0,45.0,-20.0,MCF7_core,2494.0
900.0,45.0,-5.0,MCF7_core,2494.0
900.0,45.0,10.0,MCF7_core,2494.0
900.0,60.0,-20.0,MCF7_core,2494.0
900.0,60.0,-5.0,MCF7_core,2494.0
900.0,60.0,10.0,MCF7_core,2494.0
900.0,75.0,-20.0,MCF7_core,2494.0
900.0,75.0,-5.0,MCF7_core,2494.0
900.0,75.0,10.0,MCF7_core,2494.0
900.0,90.0,-20.0,MCF7_core,2494.0
900.0,90.0,-5.0,MCF7_core,2494.0
900.0,90.0,10.0,MCF7_core,2494.0
900.0,105.0,-20.0,MCF7_core,2494.0
900.0,105.0,-5.0,MCF7_core,2494.0
900.0,105.0,10.0,MCF7_core,2494.0
900.0,120.0,-20.0,MCF7_core,2494.0
900.0,120.0,-5.0,MCF7_core,2494.0
900.0,120.0,10.0,MCF7_core,2494.0
900.0,135.0,-20.0,MCF7_core,2494.0
900.0,135.0,-5.0,MCF7_core,2494.0
900.0,135.0,10.0,MCF7_core,2494.0
900.0,150.0,-20.0,MCF7_core,2494.0
900.0,150.0,-5.0,MCF7_core,2494.0
900.0,150.0,10.0,MCF7_core,2494.0
915.0,-150.0,-20.0,MCF7_core,2494.0
915.0,-150.0,-5.0,MCF7_core,2494.0
915.0,-150.0,10.0,MCF7_core,2494.0
915.0,-135.0,-20.0,MCF7_core,2494.0
915.0,-135.0,-5.0,MCF7_core,2494.0
915.0,-135.0,10.0,MCF7_core,2494.0
915.0,-120.0,-20.0,MCF7_core,2494.0
915.0,-120.0,-5.0,MCF7_core,2494.0
915.0,-120.0,10.0,MCF7_core,2494.0
915.0,-105.0,-20.0,MCF7_core,2494.0
915.0,-105.0,-5.0,MCF7_core,2494.0
915.0,-105.0,10.0,MCF7_core,2494.0
915.0,-90.0,-20.0,MCF7_core,2494.0
915.0,-90.0,-5.0,MCF7_core,2494.0
915.0,-90.0,10.0,MCF7_core,2494.0
915.0,-75.0,-20.0,MCF7_core,2494.0
915.0,-75.0,-5.0,MCF7_core,2494.0
915.0,-75.0,10.0,MCF7_core,2494.0
915.0,-60.0,-20.0,MCF7_core,2494.0
915.0,-60.0,-5.0,MCF7_core,2494.0
915.0,-60.0,10.0,MCF7_core,2494.0
915.0,-45.0,-20.0,MCF7_core,2494.0
915.0,-45.0,-5.0,MCF7_core,2494.0
915.0,-45.0,10.0,MCF7_core,2494.0
915.0,-30.0,-20.0,MCF7_core,2494.0
915.0,-30.0,-5.0,MCF7_core,2494.0
915.0,-30.0,10.0,MCF7_core,2494.0
915.0,-15.0,-20.0,MCF7_core,2494.0
915.0,-15.0,-5.0,MCF7_core,2494.0
915.0,-15.0,10.0,MCF7_core,2494.0
915.0,0.0,-20.0,MCF7_core,2494.0
915.0,0.0,-5.0,MCF7_core,2494.0
915.0,0.0,10.0,MCF7_core,2494.0
915.0,15.0,-20.0,MCF7_core,2494.0
915.0,15.0,-5.0,MCF7_core,2494.0
915.0,15.0,10.0,MCF7_core,2494.0
915.0,30.0,-20.0,MCF7_core,2494.0
915.0,30.0,-5.0,MCF7_core,2494.0
915.0,30.0,10.0,MCF7_core,2494.0
915.0,45.0,-20.0,MCF7_core,2494.0
915.0,45.0,-5.0,MCF7_core,2494.0
915.0,45.0,10.0,MCF7_core,2494.0
915.0,60.0,-20.0,MCF7_core,2494.0
915.0,60.0,-5.0,MCF7_core,2494.0
915.0,60.0,10.0,MCF7_core,2494.0
915.0,75.0,-20.0,MCF7_core,2494.0
915.0,75.0,-5.0,MCF7_core,2494.0
915.0,75.0,10.0,MCF7_core,2494.0
915.0,90.0,-20.0,MCF7_core,2494.0
915.0,90.0,-5.0,MCF7_core,2494.0
915.0,90.0,10.0,MCF7_core,2494.0
915.0,105.0,-20.0,MCF7_core,2494.0
915.0,105.0,-5.0,MCF7_core,2494.0
915.0,105.0,10.0,MCF7_core,2494.0
915.0,120.0,-20.0,MCF7_core,2494.0
915.0,120.0,-5.0,MCF7_core,2494.0
915.0,120.0,10.0,MCF7_core,2494.0
915.0,135.0,-20.0,MCF7_core,2494.0
915.0,135.0,-5.0,MCF7_core,2494.0
915.0,135.0,10.0,MCF7_core,2494.0
915.0,150.0,-20.0,MCF7_core,2494.0
915.0,150.0,-5.0,MCF7_core,2494.0
915.0,150.0,10.0,MCF7_core,2494.0
930.0,-150.0,-20.0,MCF7_core,2494.0
930.0,-150.0,-5.0,MCF7_core,2494.0
930.0,-150.0,10.0,MCF7_core,2494.0
930.0,-135.0,-20.0,MCF7_core,2494.0
930.0,-135.0,-5.0,MCF7_core,2494.0
930.0,-135.0,10.0,MCF7_core,2494.0
930.0,-120.0,-20.0,MCF7_core,2494.0
930.0,-120.0,-5.0,MCF7_core,2494.0
930.0,-120.0,10.0,MCF7_core,2494.0
930.0,-105.0,-20.0,MCF7_core,2494.0
930.0,-105.0,-5.0,MCF7_core,2494.0
930.0,-105.0,10.0,MCF7_core,2494.0
930.0,-90.0,-20.0,MCF7_core,2494.0
930.0,-90.0,-5.0,MCF7_core,2494.0
930.0,-90.0,10.0,MCF7_core,2494.0
930.0,-75.0,-20.0,MCF7_core,2494.0
930.0,-75.0,-5.0,MCF7_core,2494.0
930.0,-75.0,10.0,MCF7_core,2494.0
930.0,-60.0,-20.0,MCF7_core,2494.0
930.0,-60.0,-5.0,MCF7_core,2494.0
930.0,-60.0,10.0,MCF7_core,2494.0
930.0,-45.0,-20.0,MCF7_core,2494.0
930.0,-45.0,-5.0,MCF7_core,2494.0
930.0,-45.0,10.0,MCF7_core,2494.0
930.0,-30.0,-20.0,MCF7_core,2494.0
930.0,-30.0,-5.0,MCF7_core,2494.0
930.0,-30.0,10.0,MCF7_core,2494.0
930.0,-15.0,-20.0,MCF7_core,2494.0
930.0,-15.0,-5.0,MCF7_core,2494.0
930.0,-15.0,10.0,MCF7_core,2494.0
930.0,0.0,-20.0,MCF7_core,2494.0
930.0,0.0,-5.0,MCF7_core,2494.0
930.0,0.0,10.0,MCF7_core,2494.0
930.0,15.0,-20.0,MCF7_core,2494.0
930.0,15.0,-5.0,MCF7_core,2494.0
930.0,15.0,10.0,MCF7_core,2494.0
930.0,30.0,-20.0,MCF7_core,2494.0
930.0,30.0,-5.0,MCF7_core,2494.0
930.0,30.0,10.0,MCF7_core,2494.0
930.0,45.0,-20.0,MCF7_core,2494.0
930.0,45.0,-5.0,MCF7_core,2494.0
930.0,45.0,10.0,MCF7_core,2494.0
930.0,60.0,-20.0,MCF7_core,2494.0
930.0,60.0,-5.0,MCF7_core,2494.0
930.0,60.0,10.0,MCF7_core,2494.0
930.0,75.0,-20.0,MCF7_core,2494.0
930.0,75.0,-5.0,MCF7_core,2494.0
930.0,75.0,10.0,MCF7_core,2494.0
930.0,90.0,-20.0,MCF7_core,2494.0
930.0,90.0,-5.0,MCF7_core,2494.0
930.0,90.0,10.0,MCF7_core,2494.0
930.0,105.0,-20.0,MCF7_core,2494.0
930.0,105.0,-5.0,MCF7_core,2494.0
930.0,105.0,10.0,MCF7_core,2494.0
930.0,120.0,-20.0,MCF7_core,2494.0
930.0,120.0,-5.0,MCF7_core,2494.0
930.0,120.0,10.0,MCF7_core,2494.0
930.0,135.0,-20.0,MCF7_core,2494.0
930.0,135.0,-5.0,MCF7_core,2494.0
930.0,135.0,10.0,MCF7_core,2494.0
930.0,150.0,-20.0,MCF7_core,2494.0
930.0,150.0,-5.0,MCF7_core,2494.0
930.0,150.0,10.0,MCF7_core,2494.0
945.0,-150.0,-20.0,MCF7_core,2494.0
945.0,-150.0,-5.0,MCF7_core,2494.0
945.0,-150.0,10.0,MCF7_core,2494.0
945.0,-135.0,-20.0,MCF7_core,2494.0
945.0,-135.0,-5.0,MCF7_core,2494.0
945.0,-135.0,10.0,MCF7_core,2494.0
945.0,-120.0,-20.0,MCF7_core,2494.0
945.0,-120.0,-5.0,MCF7_core,2494.0
945.0,-120.0,10.0,MCF7_core,2494.0
945.0,-105.0,-20.0,MCF7_core,2494.0
945.0,-105.0,-5.0,MCF7_core,2494.0
945.0,-105.0,10.0,MCF7_core,2494.0
945.0,-90.0,-20.0,MCF7_core,2494.0
945.0,-90.0,-5.0,MCF7_core,2494.0
945.0,-90.0,10.0,MCF7_core,2494.0
945.0,-75.0,-20.0,MCF7_core,2494.0
945.0,-75.0,-5.0,MCF7_core,2494.0
945.0,-75.0,10.0,MCF7_core,2494.0
945.0,-60.0,-20.0,MCF7_core,2494.0
945.0,-60.0,-5.0,MCF7_core,2494.0
945.0,-60.0,10.0,MCF7_core,2494.0
945.0,-45.0,-20.0,MCF7_core,2494.0
945.0,-45.0,-5.0,MCF7_core,2494.0
945.0,-45.0,10.0,MCF7_core,2494.0
945.0,-30.0,-20.0,MCF7_core,2494.0
945.0,-30.0,-5.0,MCF7_core,2494.0
945.0,-30.0,10.0,MCF7_core,2494.0
945.0,-15.0,-20.0,MCF7_core,2494.0
945.0,-15.0,-5.0,MCF7_core,2494.0
945.0,-15.0,10.0,MCF7_core,2494.0
945.0,0.0,-20.0,MCF7_core,2494.0
945.0,0.0,-5.0,MCF7_core,2494.0
945.0,0.0,10.0,MCF7_core,2494.0
945.0,15.0,-20.0,MCF7_core,2494.0
945.0,15.0,-5.0,MCF7_core,2494.0
945.0,15.0,10.0,MCF7_core,2494.0
945.0,30.0,-20.0,MCF7_core,2494.0
945.0,30.0,-5.0,MCF7_core,2494.0
945.0,30.0,10.0,MCF7_core,2494.0
945.0,45.0,-20.0,MCF7_core,2494.0
945.0,45.0,-5.0,MCF7_core,2494.0
945.0,45.0,10.0,MCF7_core,2494.0
945.0,60.0,-20.0,MCF7_core,2494.0
945.0,60.0,-5.0,MCF7_core,2494.0
945.0,60.0,10.0,MCF7_core,2494.0
945.0,75.0,-20.0,MCF7_core,2494.0
945.0,75.0,-5.0,MCF7_core,2494.0
945.0,75.0,10.0,MCF7_core,2494.0
945.0,90.0,-20.0,MCF7_core,2494.0
945.0,90.0,-5.0,MCF7_core,2494.0
945.0,90.0,10.0,MCF7_core,2494.0
945.0,105.0,-20.0,MCF7_core,2494.0
945.0,105.0,-5.0,MCF7_core,2494.0
945.0,105.0,10.0,MCF7_core,2494.0
945.0,120.0,-20.0,MCF7_core,2494.0
945.0,120.0,-5.0,MCF7_core,2494.0
945.0,120.0,10.0,MCF7_core,2494.0
945.0,135.0,-20.0,MCF7_core,2494.0
945.0,135.0,-5.0,MCF7_core,2494.0
945.0,135.0,10.0,MCF7_core,2494.0
945.0,150.0,-20.0,MCF7_core,2494.0
945.0,150.0,-5.0,MCF7_core,2494.0
945.0,150.0,10.0,MCF7_core,2494.0
960.0,-150.0,-20.0,MCF7_core,2494.0
960.0,-150.0,-5.0,MCF7_core,2494.0
960.0,-150.0,10.0,MCF7_core,2494.0
960.0,-135.0,-20.0,MCF7_core,2494.0
960.0,-135.0,-5.0,MCF7_core,2494.0
960.0,-135.0,10.0,MCF7_core,2494.0
960.0,-120.0,-20.0,MCF7_core,2494.0
960.0,-120.0,-5.0,MCF7_core,2494.0
960.0,-120.0,10.0,MCF7_core,2494.0
960.0,-105.0,-20.0,MCF7_core,2494.0
960.0,-105.0,-5.0,MCF7_core,2494.0
960.0,-105.0,10.0,MCF7_core,2494.0
960.0,-90.0,-20.0,MCF7_core,2494.0
960.0,-90.0,-5.0,MCF7_core,2494.0
960.0,-90.0,10.0,MCF7_core,2494.0
960.0,-75.0,-20.0,MCF7_core,2494.0
960.0,-75.0,-5.0,MCF7_core,2494.0
960.0,-75.0,10.0,MCF7_core,2494.0
960.0,-60.0,-20.0,MCF7_core,2494.0
960.0,-60.0,-5.0,MCF7_core,2494.0
960.0,-60.0,10.0,MCF7_core,2494.0
960.0,-45.0,-20.0,MCF7_core,2494.0
960.0,-45.0,-5.0,MCF7_core,2494.0
960.0,-45.0,10.0,MCF7_core,2494.0
960.0,-30.0,-20.0,MCF7_core,2494.0
960.0,-30.0,-5.0,MCF7_core,2494.0
960.0,-30.0,10.0,MCF7_core,2494.0
960.0,-15.0,-20.0,MCF7_core,2494.0
960.0,-15.0,-5.0,MCF7_core,2494.0
960.0,-15.0,10.0,MCF7_core,2494.0
960.0,0.0,-20.0,MCF7_core,2494.0
960.0,0.0,-5.0,MCF7_core,2494.0
960.0,0.0,10.0,MCF7_core,2494.0
960.0,15.0,-20.0,MCF7_core,2494.0
960.0,15.0,-5.0,MCF7_core,2494.0
960.0,15.0,10.0,MCF7_core,2494.0
960.0,30.0,-20.0,MCF7_core,2494.0
960.0,30.0,-5.0,MCF7_core,2494.0
960.0,30.0,10.0,MCF7_core,2494.0
960.0,45.0,-20.0,MCF7_core,2494.0
960.0,45.0,-5.0,MCF7_core,2494.0
960.0,45.0,10.0,MCF7_core,2494.0
960.0,60.0,-20.0,MCF7_core,2494.0
960.0,60.0,-5.0,MCF7_core,2494.0
960.0,60.0,10.0,MCF7_core,2494.0
960.0,75.0,-20.0,MCF7_core,2494.0
960.0,75.0,-5.0,MCF7_core,2494.0
960.0,75.0,10.0,MCF7_core,2494.0
960.0,90.0,-20.0,MCF7_core,2494.0
960.0,90.0,-5.0,MCF7_core,2494.0
960.0,90.0,10.0,MCF7_core,2494.0
960.0,105.0,-20.0,MCF7_core,2494.0
960.0,105.0,-5.0,MCF7_core,2494.0
960.0,105.0,10.0,MCF7_core,2494.0
960.0,120.0,-20.0,MCF7_core,2494.0
960.0,120.0,-5.0,MCF7_core,2494.0
960.0,120.0,10.0,MCF7_core,2494.0
960.0,135.0,-20.0,MCF7_core,2494.0
960.0,135.0,-5.0,MCF7_core,2494.0
960.0,135.0,10.0,MCF7_core,2494.0
960.0,150.0,-20.0,MCF7_core,2494.0
960.0,150.0,-5.0,MCF7_core,2494.0
960.0,150.0,10.0,MCF7_core,2494.0
975.0,-150.0,-20.0,MCF7_core,2494.0
975.0,-150.0,-5.0,MCF7_core,2494.0
975.0,-150.0,10.0,MCF7_core,2494.0
975.0,-135.0,-20.0,MCF7_core,2494.0
975.0,-135.0,-5.0,MCF7_core,2494.0
975.0,-135.0,10.0,MCF7_core,2494.0
975.0,-120.0,-20.0,MCF7_core,2494.0
975.0,-120.0,-5.0,MCF7_core,2494.0
975.0,-120.0,10.0,MCF7_core,2494.0
975.0,-105.0,-20.0,MCF7_core,2494.0
975.0,-105.0,-5.0,MCF7_core,2494.0
975.0,-105.0,10.0,MCF7_core,2494.0
975.0,-90.0,-20.0,MCF7_core,2494.0
975.0,-90.0,-5.0,MCF7_core,2494.0
975.0,-90.0,10.0,MCF7_core,2494.0
975.0,-75.0,-20.0,MCF7_core,2494.0
975.0,-75.0,-5.0,MCF7_core,2494.0
975.0,-75.0,10.0,MCF7_core,2494.0
975.0,-60.0,-20.0,MCF7_core,2494.0
975.0,-60.0,-5.0,MCF7_core,2494.0
975.0,-60.0,10.0,MCF7_core,2494.0
975.0,-45.0,-20.0,MCF7_core,2494.0
975.0,-45.0,-5.0,MCF7_core,2494.0
975.0,-45.0,10.0,MCF7_core,2494.0
975.0,-30.0,-20.0,MCF7_core,2494.0
975.0,-30.0,-5.0,MCF7_core,2494.0
975.0,-30.0,10.0,MCF7_core,2494.0
975.0,-15.0,-20.0,MCF7_core,2494.0
975.0,-15.0,-5.0,MCF7_core,2494.0
975.0,-15.0,10.0,MCF7_core,2494.0
975.0,0.0,-20.0,MCF7_core,2494.0
975.0,0.0,-5.0,MCF7_core,2494.0
975.0,0.0,10.0,MCF7_core,2494.0
975.0,15.0,-20.0,MCF7_core,2494.0
975.0,15.0,-5.0,MCF7_core,2494.0
975.0,15.0,10.0,MCF7_core,2494.0
975.0,30.0,-20.0,MCF7_core,2494.0
975.0,30.0,-5.0,MCF7_core,2494.0
975.0,30.0,10.0,MCF7_core,2494.0
975.0,45.0,-20.0,MCF7_core,2494.0
975.0,45.0,-5.0,MCF7_core,2494.0
975.0,45.0,10.0,MCF7_core,2494.0
975.0,60.0,-20.0,MCF7_core,2494.0
975.0,60.0,-5.0,MCF7_core,2494.0
975.0,60.0,10.0,MCF7_core,2494.0
975.0,75.0,-20.0,MCF7_core,2494.0
975.0,75.0,-5.0,MCF7_core,2494.0
975.0,75.0,10.0,MCF7_core,2494.0
975.0,90.0,-20.0,MCF7_core,2494.0
975.0,90.0,-5.0,MCF7_core,2494.0
975.0,90.0,10.0,MCF7_core,2494.0
975.0,105.0,-20.0,MCF7_core,2494.0
975.0,105.0,-5.0,MCF7_core,2494.0
975.0,105.0,10.0,MCF7_core,2494.0
975.0,120.0,-20.0,MCF7_core,2494.0
975.0,120.0,-5.0,MCF7_core,2494.0
975.0,120.0,10.0,MCF7_core,2494.0
975.0,135.0,-20.0,MCF7_core,2494.0
975.0,135.0,-5.0,MCF7_core,2494.0
975.0,135.0,10.0,MCF7_core,2494.0
975.0,150.0,-20.0,MCF7_core,2494.0
975.0,150.0,-5.0,MCF7_core,2494.0
975.0,150.0,10.0,MCF7_core,2494.0
990.0,-150.0,-20.0,MCF7_core,2494.0
990.0,-150.0,-5.0,MCF7_core,2494.0
990.0,-150.0,10.0,MCF7_core,2494.0
990.0,-135.0,-20.0,MCF7_core,2494.0
990.0,-135.0,-5.0,MCF7_core,2494.0
990.0,-135.0,10.0,MCF7_core,2494.0
990.0,-120.0,-20.0,MCF7_core,2494.0
990.0,-120.0,-5.0,MCF7_core,2494.0
990.0,-120.0,10.0,MCF7_core,2494.0
990.0,-105.0,-20.0,MCF7_core,2494.0
990.0,-105.0,-5.0,MCF7_core,2494.0
990.0,-105.0,10.0,MCF7_core,2494.0
990.0,-90.0,-20.0,MCF7_core,2494.0
990.0,-90.0,-5.0,MCF7_core,2494.0
990.0,-90.0,10.0,MCF7_core,2494.0
990.0,-75.0,-20.0,MCF7_core,2494.0
990.0,-75.0,-5.0,MCF7_core,2494.0
990.0,-75.0,10.0,MCF7_core,2494.0
990.0,-60.0,-20.0,MCF7_core,2494.0
990.0,-60.0,-5.0,MCF7_core,2494.0
990.0,-60.0,10.0,MCF7_core,2494.0
990.0,-45.0,-20.0,MCF7_core,2494.0
990.0,-45.0,-5.0,MCF7_core,2494.0
990.0,-45.0,10.0,MCF7_core,2494.0
990.0,-30.0,-20.0,MCF7_core,2494.0
990.0,-30.0,-5.0,MCF7_core,2494.0
990.0,-30.0,10.0,MCF7_core,2494.0
990.0,-15.0,-20.0,MCF7_core,2494.0
990.0,-15.0,-5.0,MCF7_core,2494.0
990.0,-15.0,10.0,MCF7_core,2494.0
990.0,0.0,-20.0,MCF7_core,2494.0
990.0,0.0,-5.0,MCF7_core,2494.0
990.0,0.0,10.0,MCF7_core,2494.0
990.0,15.0,-20.0,MCF7_core,2494.0
990.0,15.0,-5.0,MCF7_core,2494.0
990.0,15.0,10.0,MCF7_core,2494.0
990.0,30.0,-20.0,MCF7_core,2494.0
990.0,30.0,-5.0,MCF7_core,2494.0
990.0,30.0,10.0,MCF7_core,2494.0
990.0,45.0,-20.0,MCF7_core,2494.0
990.0,45.0,-5.0,MCF7_core,2494.0
990.0,45.0,10.0,MCF7_core,2494.0
990.0,60.0,-20.0,MCF7_core,2494.0
990.0,60.0,-5.0,MCF7_core,2494.0
990.0,60.0,10.0,MCF7_core,2494.0
990.0,75.0,-20.0,MCF7_core,2494.0
990.0,75.0,-5.0,MCF7_core,2494.0
990.0,75.0,10.0,MCF7_core,2494.0
990.0,90.0,-20.0,MCF7_core,2494.0
990.0,90.0,-5.0,MCF7_core,2494.0
990.0,90.0,10.0,MCF7_core,2494.0
990.0,105.0,-20.0,MCF7_core,2494.0
990.0,105.0,-5.0,MCF7_core,2494.0
990.0,105.0,10.0,MCF7_core,2494.0
990.0,120.0,-20.0,MCF7_core,2494.0
990.0,120.0,-5.0,MCF7_core,2494.0
990.0,120.0,10.0,MCF7_core,2494.0
990.0,135.0,-20.0,MCF7_core,2494.0
990.0,135.0,-5.0,MCF7_core,2494.0
990.0,135.0,10.0,MCF7_core,2494.0
990.0,150.0,-20.0,MCF7_core,2494.0
990.0,150.0,-5.0,MCF7_core,2494.0
990.0,150.0,10.0,MCF7_core,2494.0
1005.0,-150.0,-20.0,MCF7_core,2494.0
1005.0,-150.0,-5.0,MCF7_core,2494.0
1005.0,-150.0,10.0,MCF7_core,2494.0
1005.0,-135.0,-20.0,MCF7_core,2494.0
1005.0,-135.0,-5.0,MCF7_core,2494.0
1005.0,-135.0,10.0,MCF7_core,2494.0
1005.0,-120.0,-20.0,MCF7_core,2494.0
1005.0,-120.0,-5.0,MCF7_core,2494.0
1005.0,-120.0,10.0,MCF7_core,2494.0
1005.0,-105.0,-20.0,MCF7_core,2494.0
1005.0,-105.0,-5.0,MCF7_core,2494.0
1005.0,-105.0,10.0,MCF7_core,2494.0
1005.0,-90.0,-20.0,MCF7_core,2494.0
1005.0,-90.0,-5.0,MCF7_core,2494.0
1005.0,-90.0,10.0,MCF7_core,2494.0
1005.0,-75.0,-20.0,MCF7_core,2494.0
1005.0,-75.0,-5.0,MCF7_core,2494.0
1005.0,-75.0,10.0,MCF7_core,2494.0
1005.0,-60.0,-20.0,MCF7_core,2494.0
1005.0,-60.0,-5.0,MCF7_core,2494.0
1005.0,-60.0,10.0,MCF7_core,2494.0
1005.0,-45.0,-20.0,MCF7_core,2494.0
1005.0,-45.0,-5.0,MCF7_core,2494.0
1005.0,-45.0,10.0,MCF7_core,2494.0
1005.0,-30.0,-20.0,MCF7_core,2494.0
1005.0,-30.0,-5.0,MCF7_core,2494.0
1005.0,-30.0,10.0,MCF7_core,2494.0
1005.0,-15.0,-20.0,MCF7_core,2494.0
1005.0,-15.0,-5.0,MCF7_core,2494.0
1005.0,-15.0,10.0,MCF7_core,2494.0
1005.0,0.0,-20.0,MCF7_core,2494.0
1005.0,0.0,-5.0,MCF7_core,2494.0
1005.0,0.0,10.0,MCF7_core,2494.0
1005.0,15.0,-20.0,MCF7_core,2494.0
1005.0,15.0,-5.0,MCF7_core,2494.0
1005.0,15.0,10.0,MCF7_core,2494.0
1005.0,30.0,-20.0,MCF7_core,2494.0
1005.0,30.0,-5.0,MCF7_core,2494.0
1005.0,30.0,10.0,MCF7_core,2494.0
1005.0,45.0,-20.0,MCF7_core,2494.0
1005.0,45.0,-5.0,MCF7_core,2494.0
1005.0,45.0,10.0,MCF7_core,2494.0
1005.0,60.0,-20.0,MCF7_core,2494.0
1005.0,60.0,-5.0,MCF7_core,2494.0
1005.0,60.0,10.0,MCF7_core,2494.0
1005.0,75.0,-20.0,MCF7_core,2494.0
1005.0,75.0,-5.0,MCF7_core,2494.0
1005.0,75.0,10.0,MCF7_core,2494.0
1005.0,90.0,-20.0,MCF7_core,2494.0
1005.0,90.0,-5.0,MCF7_core,2494.0
1005.0,90.0,10.0,MCF7_core,2494.0
1005.0,105.0,-20.0,MCF7_core,2494.0
1005.0,105.0,-5.0,MCF7_core,2494.0
1005.0,105.0,10.0,MCF7_core,2494.0
1005.0,120.0,-20.0,MCF7_core,2494.0
1005.0,120.0,-5.0,MCF7_core,2494.0
1005.0,120.0,10.0,MCF7_core,2494.0
1005.0,135.0,-20.0,MCF7_core,2494.0
1005.0,135.0,-5.0,MCF7_core,2494.0
1005.0,135.0,10.0,MCF7_core,2494.0
1005.0,150.0,-20.0,MCF7_core,2494.0
1005.0,150.0,-5.0,MCF7_core,2494.0
1005.0,150.0,10.0,MCF7_core,2494.0
1020.0,-150.0,-20.0,MCF7_core,2494.0
1020.0,-150.0,-5.0,MCF7_core,2494.0
1020.0,-150.0,10.0,MCF7_core,2494.0
1020.0,-135.0,-20.0,MCF7_core,2494.0
1020.0,-135.0,-5.0,MCF7_core,2494.0
1020.0,-135.0,10.0,MCF7_core,2494.0
1020.0,-120.0,-20.0,MCF7_core,2494.0
1020.0,-120.0,-5.0,MCF7_core,2494.0
1020.0,-120.0,10.0,MCF7_core,2494.0
1020.0,-105.0,-20.0,MCF7_core,2494.0
1020.0,-105.0,-5.0,MCF7_core,2494.0
1020.0,-105.0,10.0,MCF7_core,2494.0
1020.0,-90.0,-20.0,MCF7_core,2494.0
1020.0,-90.0,-5.0,MCF7_core,2494.0
1020.0,-90.0,10.0,MCF7_core,2494.0
1020.0,-75.0,-20.0,MCF7_core,2494.0
1020.0,-75.0,-5.0,MCF7_core,2494.0
1020.0,-75.0,10.0,MCF7_core,2494.0
1020.0,-60.0,-20.0,MCF7_core,2494.0
1020.0,-60.0,-5.0,MCF7_core,2494.0
1020.0,-60.0,10.0,MCF7_core,2494.0
1020.0,-45.0,-20.0,MCF7_core,2494.0
1020.0,-45.0,-5.0,MCF7_core,2494.0
1020.0,-45.0,10.0,MCF7_core,2494.0
1020.0,-30.0,-20.0,MCF7_core,2494.0
1020.0,-30.0,-5.0,MCF7_core,2494.0
1020.0,-30.0,10.0,MCF7_core,2494.0
1020.0,-15.0,-20.0,MCF7_core,2494.0
1020.0,-15.0,-5.0,MCF7_core,2494.0
1020.0,-15.0,10.0,MCF7_core,2494.0
1020.0,0.0,-20.0,MCF7_core,2494.0
1020.0,0.0,-5.0,MCF7_core,2494.0
1020.0,0.0,10.0,MCF7_core,2494.0
1020.0,15.0,-20.0,MCF7_core,2494.0
1020.0,15.0,-5.0,MCF7_core,2494.0
1020.0,15.0,10.0,MCF7_core,2494.0
1020.0,30.0,-20.0,MCF7_core,2494.0
1020.0,30.0,-5.0,MCF7_core,2494.0
1020.0,30.0,10.0,MCF7_core,2494.0
1020.0,45.0,-20.0,MCF7_core,2494.0
1020.0,45.0,-5.0,MCF7_core,2494.0
1020.0,45.0,10.0,MCF7_core,2494.0
1020.0,60.0,-20.0,MCF7_core,2494.0
1020.0,60.0,-5.0,MCF7_core,2494.0
1020.0,60.0,10.0,MCF7_core,2494.0
1020.0,75.0,-20.0,MCF7_core,2494.0
1020.0,75.0,-5.0,MCF7_core,2494.0
1020.0,75.0,10.0,MCF7_core,2494.0
1020.0,90.0,-20.0,MCF7_core,2494.0
1020.0,90.0,-5.0,MCF7_core,2494.0
1020.0,90.0,10.0,MCF7_core,2494.0
1020.0,105.0,-20.0,MCF7_core,2494.0
1020.0,105.0,-5.0,MCF7_core,2494.0
1020.0,105.0,10.0,MCF7_core,2494.0
1020.0,120.0,-20.0,MCF7_core,2494.0
1020.0,120.0,-5.0,MCF7_core,2494.0
1020.0,120.0,10.0,MCF7_core,2494.0
1020.0,135.0,-20.0,MCF7_core,2494.0
1020.0,135.0,-5.0,MCF7_core,2494.0
1020.0,135.0,10.0,MCF7_core,2494.0
1020.0,150.0,-20.0,MCF7_core,2494.0
1020.0,150.0,-5.0,MCF7_core,2494.0
1020.0,150.0,10.0,MCF7_core,2494.0
1035.0,-150.0,-20.0,MCF7_core,2494.0
1035.0,-150.0,-5.0,MCF7_core,2494.0
1035.0,-150.0,10.0,MCF7_core,2494.0
1035.0,-135.0,-20.0,MCF7_core,2494.0
1035.0,-135.0,-5.0,MCF7_core,2494.0
1035.0,-135.0,10.0,MCF7_core,2494.0
1035.0,-120.0,-20.0,MCF7_core,2494.0
1035.0,-120.0,-5.0,MCF7_core,2494.0
1035.0,-120.0,10.0,MCF7_core,2494.0
1035.0,-105.0,-20.0,MCF7_core,2494.0
1035.0,-105.0,-5.0,MCF7_core,2494.0
1035.0,-105.0,10.0,MCF7_core,2494.0
1035.0,-90.0,-20.0,MCF7_core,2494.0
1035.0,-90.0,-5.0,MCF7_core,2494.0
1035.0,-90.0,10.0,MCF7_core,2494.0
1035.0,-75.0,-20.0,MCF7_core,2494.0
1035.0,-75.0,-5.0,MCF7_core,2494.0
1035.0,-75.0,10.0,MCF7_core,2494.0
1035.0,-60.0,-20.0,MCF7_core,2494.0
1035.0,-60.0,-5.0,MCF7_core,2494.0
1035.0,-60.0,10.0,MCF7_core,2494.0
1035.0,-45.0,-20.0,MCF7_core,2494.0
1035.0,-45.0,-5.0,MCF7_core,2494.0
1035.0,-45.0,10.0,MCF7_core,2494.0
1035.0,-30.0,-20.0,MCF7_core,2494.0
1035.0,-30.0,-5.0,MCF7_core,2494.0
1035.0,-30.0,10.0,MCF7_core,2494.0
1035.0,-15.0,-20.0,MCF7_core,2494.0
1035.0,-15.0,-5.0,MCF7_core,2494.0
1035.0,-15.0,10.0,MCF7_core,2494.0
1035.0,0.0,-20.0,MCF7_core,2494.0
1035.0,0.0,-5.0,MCF7_core,2494.0
1035.0,0.0,10.0,MCF7_core,2494.0
1035.0,15.0,-20.0,MCF7_core,2494.0
1035.0,15.0,-5.0,MCF7_core,2494.0
1035.0,15.0,10.0,MCF7_core,2494.0
1035.0,30.0,-20.0,MCF7_core,2494.0
1035.0,30.0,-5.0,MCF7_core,2494.0
1035.0,30.0,10.0,MCF7_core,2494.0
1035.0,45.0,-20.0,MCF7_core,2494.0
1035.0,45.0,-5.0,MCF7_core,2494.0
1035.0,45.0,10.0,MCF7_core,2494.0
1035.0,60.0,-20.0,MCF7_core,2494.0
1035.0,60.0,-5.0,MCF7_core,2494.0
1035.0,60.0,10.0,MCF7_core,2494.0
1035.0,75.0,-20.0,MCF7_core,2494.0
1035.0,75.0,-5.0,MCF7_core,2494.0
1035.0,75.0,10.0,MCF7_core,2494.0
1035.0,90.0,-20.0,MCF7_core,2494.0
1035.0,90.0,-5.0,MCF7_core,2494.0
1035.0,90.0,10.0,MCF7_core,2494.0
1035.0,105.0,-20.0,MCF7_core,2494.0
1035.0,105.0,-5.0,MCF7_core,2494.0
1035.0,105.0,10.0,MCF7_core,2494.0
1035.0,120.0,-20.0,MCF7_core,2494.0
1035.0,120.0,-5.0,MCF7_core,2494.0
1035.0,120.0,10.0,MCF7_core,2494.0
1035.0,135.0,-20.0,MCF7_core,2494.0
1035.0,135.0,-5.0,MCF7_core,2494.0
1035.0,135.0,10.0,MCF7_core,2494.0
1035.0,150.0,-20.0,MCF7_core,2494.0
1035.0,150.0,-5.0,MCF7_core,2494.0
1035.0,150.0,10.0,MCF7_core,2494.0
1050.0,-150.0,-20.0,MCF7_core,2494.0
1050.0,-150.0,-5.0,MCF7_core,2494.0
1050.0,-150.0,10.0,MCF7_core,2494.0
1050.0,-135.0,-20.0,MCF7_core,2494.0
1050.0,-135.0,-5.0,MCF7_core,2494.0
1050.0,-135.0,10.0,MCF7_core,2494.0
1050.0,-120.0,-20.0,MCF7_core,2494.0
1050.0,-120.0,-5.0,MCF7_core,2494.0
1050.0,-120.0,10.0,MCF7_core,2494.0
1050.0,-105.0,-20.0,MCF7_core,2494.0
1050.0,-105.0,-5.0,MCF7_core,2494.0
1050.0,-105.0,10.0,MCF7_core,2494.0
1050.0,-90.0,-20.0,MCF7_core,2494.0
1050.0,-90.0,-5.0,MCF7_core,2494.0
1050.0,-90.0,10.0,MCF7_core,2494.0
1050.0,-75.0,-20.0,MCF7_core,2494.0
1050.0,-75.0,-5.0,MCF7_core,2494.0
1050.0,-75.0,10.0,MCF7_core,2494.0
1050.0,-60.0,-20.0,MCF7_core,2494.0
1050.0,-60.0,-5.0,MCF7_core,2494.0
1050.0,-60.0,10.0,MCF7_core,2494.0
1050.0,-45.0,-20.0,MCF7_core,2494.0
1050.0,-45.0,-5.0,MCF7_core,2494.0
1050.0,-45.0,10.0,MCF7_core,2494.0
1050.0,-30.0,-20.0,MCF7_core,2494.0
1050.0,-30.0,-5.0,MCF7_core,2494.0
1050.0,-30.0,10.0,MCF7_core,2494.0
1050.0,-15.0,-20.0,MCF7_core,2494.0
1050.0,-15.0,-5.0,MCF7_core,2494.0
1050.0,-15.0,10.0,MCF7_core,2494.0
1050.0,0.0,-20.0,MCF7_core,2494.0
1050.0,0.0,-5.0,MCF7_core,2494.0
1050.0,0.0,10.0,MCF7_core,2494.0
1050.0,15.0,-20.0,MCF7_core,2494.0
1050.0,15.0,-5.0,MCF7_core,2494.0
1050.0,15.0,10.0,MCF7_core,2494.0
1050.0,30.0,-20.0,MCF7_core,2494.0
1050.0,30.0,-5.0,MCF7_core,2494.0
1050.0,30.0,10.0,MCF7_core,2494.0
1050.0,45.0,-20.0,MCF7_core,2494.0
1050.0,45.0,-5.0,MCF7_core,2494.0
1050.0,45.0,10.0,MCF7_core,2494.0
1050.0,60.0,-20.0,MCF7_core,2494.0
1050.0,60.0,-5.0,MCF7_core,2494.0
1050.0,60.0,10.0,MCF7_core,2494.0
1050.0,75.0,-20.0,MCF7_core,2494.0
1050.0,75.0,-5.0,MCF7_core,2494.0
1050.0,75.0,10.0,MCF7_core,2494.0
1050.0,90.0,-20.0,MCF7_core,2494.0
1050.0,90.0,-5.0,MCF7_core,2494.0
1050.0,90.0,10.0,MCF7_core,2494.0
1050.0,105.0,-20.0,MCF7_core,2494.0
1050.0,105.0,-5.0,MCF7_core,2494.0
1050.0,105.0,10.0,MCF7_core,2494.0
1050.0,120.0,-20.0,MCF7_core,2494.0
1050.0,120.0,-5.0,MCF7_core,2494.0
1050.0,120.0,10.0,MCF7_core,2494.0
1050.0,135.0,-20.0,MCF7_core,2494.0
1050.0,135.0,-5.0,MCF7_core,2494.0
1050.0,135.0,10.0,MCF7_core,2494.0
1050.0,150.0,-20.0,MCF7_core,2494.0
1050.0,150.0,-5.0,MCF7_core,2494.0
1050.0,150.0,10.0,MCF7_core,2494.0
1065.0,-150.0,-20.0,MCF7_core,2494.0
1065.0,-150.0,-5.0,MCF7_core,2494.0
1065.0,-150.0,10.0,MCF7_core,2494.0
1065.0,-135.0,-20.0,MCF7_core,2494.0
1065.0,-135.0,-5.0,MCF7_core,2494.0
1065.0,-135.0,10.0,MCF7_core,2494.0
1065.0,-120.0,-20.0,MCF7_core,2494.0
1065.0,-120.0,-5.0,MCF7_core,2494.0
1065.0,-120.0,10.0,MCF7_core,2494.0
1065.0,-105.0,-20.0,MCF7_core,2494.0
1065.0,-105.0,-5.0,MCF7_core,2494.0
1065.0,-105.0,10.0,MCF7_core,2494.0
1065.0,-90.0,-20.0,MCF7_core,2494.0
1065.0,-90.0,-5.0,MCF7_core,2494.0
1065.0,-90.0,10.0,MCF7_core,2494.0
1065.0,-75.0,-20.0,MCF7_core,2494.0
1065.0,-75.0,-5.0,MCF7_core,2494.0
1065.0,-75.0,10.0,MCF7_core,2494.0
1065.0,-60.0,-20.0,MCF7_core,2494.0
1065.0,-60.0,-5.0,MCF7_core,2494.0
1065.0,-60.0,10.0,MCF7_core,2494.0
1065.0,-45.0,-20.0,MCF7_core,2494.0
1065.0,-45.0,-5.0,MCF7_core,2494.0
1065.0,-45.0,10.0,MCF7_core,2494.0
1065.0,-30.0,-20.0,MCF7_core,2494.0
1065.0,-30.0,-5.0,MCF7_core,2494.0
1065.0,-30.0,10.0,MCF7_core,2494.0
1065.0,-15.0,-20.0,MCF7_core,2494.0
1065.0,-15.0,-5.0,MCF7_core,2494.0
1065.0,-15.0,10.0,MCF7_core,2494.0
1065.0,0.0,-20.0,MCF7_core,2494.0
1065.0,0.0,-5.0,MCF7_core,2494.0
1065.0,0.0,10.0,MCF7_core,2494.0
1065.0,15.0,-20.0,MCF7_core,2494.0
1065.0,15.0,-5.0,MCF7_core,2494.0
1065.0,15.0,10.0,MCF7_core,2494.0
1065.0,30.0,-20.0,MCF7_core,2494.0
1065.0,30.0,-5.0,MCF7_core,2494.0
1065.0,30.0,10.0,MCF7_core,2494.0
1065.0,45.0,-20.0,MCF7_core,2494.0
1065.0,45.0,-5.0,MCF7_core,2494.0
1065.0,45.0,10.0,MCF7_core,2494.0
1065.0,60.0,-20.0,MCF7_core,2494.0
1065.0,60.0,-5.0,MCF7_core,2494.0
1065.0,60.0,10.0,MCF7_core,2494.0
1065.0,75.0,-20.0,MCF7_core,2494.0
1065.0,75.0,-5.0,MCF7_core,2494.0
1065.0,75.0,10.0,MCF7_core,2494.0
1065.0,90.0,-20.0,MCF7_core,2494.0
1065.0,90.0,-5.0,MCF7_core,2494.0
1065.0,90.0,10.0,MCF7_core,2494.0
1065.0,105.0,-20.0,MCF7_core,2494.0
1065.0,105.0,-5.0,MCF7_core,2494.0
1065.0,105.0,10.0,MCF7_core,2494.0
1065.0,120.0,-20.0,MCF7_core,2494.0
1065.0,120.0,-5.0,MCF7_core,2494.0
1065.0,120.0,10.0,MCF7_core,2494.0
1065.0,135.0,-20.0,MCF7_core,2494.0
1065.0,135.0,-5.0,MCF7_core,2494.0
1065.0,135.0,10.0,MCF7_core,2494.0
1065.0,150.0,-20.0,MCF7_core,2494.0
1065.0,150.0,-5.0,MCF7_core,2494.0
1065.0,150.0,10.0,MCF7_core,2494.0
1080.0,-150.0,-20.0,MCF7_core,2494.0
1080.0,-150.0,-5.0,MCF7_core,2494.0
1080.0,-150.0,10.0,MCF7_core,2494.0
1080.0,-135.0,-20.0,MCF7_core,2494.0
1080.0,-135.0,-5.0,MCF7_core,2494.0
1080.0,-135.0,10.0,MCF7_core,2494.0
1080.0,-120.0,-20.0,MCF7_core,2494.0
1080.0,-120.0,-5.0,MCF7_core,2494.0
1080.0,-120.0,10.0,MCF7_core,2494.0
1080.0,-105.0,-20.0,MCF7_core,2494.0
1080.0,-105.0,-5.0,MCF7_core,2494.0
1080.0,-105.0,10.0,MCF7_core,2494.0
1080.0,-90.0,-20.0,MCF7_core,2494.0
1080.0,-90.0,-5.0,MCF7_core,2494.0
1080.0,-90.0,10.0,MCF7_core,2494.0
1080.0,-75.0,-20.0,MCF7_core,2494.0
1080.0,-75.0,-5.0,MCF7_core,2494.0
1080.0,-75.0,10.0,MCF7_core,2494.0
1080.0,-60.0,-20.0,MCF7_core,2494.0
1080.0,-60.0,-5.0,MCF7_core,2494.0
1080.0,-60.0,10.0,MCF7_core,2494.0
1080.0,-45.0,-20.0,MCF7_core,2494.0
1080.0,-45.0,-5.0,MCF7_core,2494.0
1080.0,-45.0,10.0,MCF7_core,2494.0
1080.0,-30.0,-20.0,MCF7_core,2494.0
1080.0,-30.0,-5.0,MCF7_core,2494.0
1080.0,-30.0,10.0,MCF7_core,2494.0
1080.0,-15.0,-20.0,MCF7_core,2494.0
1080.0,-15.0,-5.0,MCF7_core,2494.0
1080.0,-15.0,10.0,MCF7_core,2494.0
1080.0,0.0,-20.0,MCF7_core,2494.0
1080.0,0.0,-5.0,MCF7_core,2494.0
1080.0,0.0,10.0,MCF7_core,2494.0
1080.0,15.0,-20.0,MCF7_core,2494.0
1080.0,15.0,-5.0,MCF7_core,2494.0
1080.0,15.0,10.0,MCF7_core,2494.0
1080.0,30.0,-20.0,MCF7_core,2494.0
1080.0,30.0,-5.0,MCF7_core,2494.0
1080.0,30.0,10.0,MCF7_core,2494.0
1080.0,45.0,-20.0,MCF7_core,2494.0
1080.0,45.0,-5.0,MCF7_core,2494.0
1080.0,45.0,10.0,MCF7_core,2494.0
1080.0,60.0,-20.0,MCF7_core,2494.0
1080.0,60.0,-5.0,MCF7_core,2494.0
1080.0,60.0,10.0,MCF7_core,2494.0
1080.0,75.0,-20.0,MCF7_core,2494.0
1080.0,75.0,-5.0,MCF7_core,2494.0
1080.0,75.0,10.0,MCF7_core,2494.0
1080.0,90.0,-20.0,MCF7_core,2494.0
1080.0,90.0,-5.0,MCF7_core,2494.0
1080.0,90.0,10.0,MCF7_core,2494.0
1080.0,105.0,-20.0,MCF7_core,2494.0
1080.0,105.0,-5.0,MCF7_core,2494.0
1080.0,105.0,10.0,MCF7_core,2494.0
1080.0,120.0,-20.0,MCF7_core,2494.0
1080.0,120.0,-5.0,MCF7_core,2494.0
1080.0,120.0,10.0,MCF7_core,2494.0
1080.0,135.0,-20.0,MCF7_core,2494.0
1080.0,135.0,-5.0,MCF7_core,2494.0
1080.0,135.0,10.0,MCF7_core,2494.0
1080.0,150.0,-20.0,MCF7_core,2494.0
1080.0,150.0,-5.0,MCF7_core,2494.0
1080.0,150.0,10.0,MCF7_core,2494.0
1095.0,-150.0,-20.0,MCF7_core,2494.0
1095.0,-150.0,-5.0,MCF7_core,2494.0
1095.0,-150.0,10.0,MCF7_core,2494.0
1095.0,-135.0,-20.0,MCF7_core,2494.0
1095.0,-135.0,-5.0,MCF7_core,2494.0
1095.0,-135.0,10.0,MCF7_core,2494.0
1095.0,-120.0,-20.0,MCF7_core,2494.0
1095.0,-120.0,-5.0,MCF7_core,2494.0
1095.0,-120.0,10.0,MCF7_core,2494.0
1095.0,-105.0,-20.0,MCF7_core,2494.0
1095.0,-105.0,-5.0,MCF7_core,2494.0
1095.0,-105.0,10.0,MCF7_core,2494.0
1095.0,-90.0,-20.0,MCF7_core,2494.0
1095.0,-90.0,-5.0,MCF7_core,2494.0
1095.0,-90.0,10.0,MCF7_core,2494.0
1095.0,-75.0,-20.0,MCF7_core,2494.0
1095.0,-75.0,-5.0,MCF7_core,2494.0
1095.0,-75.0,10.0,MCF7_core,2494.0
1095.0,-60.0,-20.0,MCF7_core,2494.0
1095.0,-60.0,-5.0,MCF7_core,2494.0
1095.0,-60.0,10.0,MCF7_core,2494.0
1095.0,-45.0,-20.0,MCF7_core,2494.0
1095.0,-45.0,-5.0,MCF7_core,2494.0
1095.0,-45.0,10.0,MCF7_core,2494.0
1095.0,-30.0,-20.0,MCF7_core,2494.0
1095.0,-30.0,-5.0,MCF7_core,2494.0
1095.0,-30.0,10.0,MCF7_core,2494.0
1095.0,-15.0,-20.0,MCF7_core,2494.0
1095.0,-15.0,-5.0,MCF7_core,2494.0
1095.0,-15.0,10.0,MCF7_core,2494.0
1095.0,0.0,-20.0,MCF7_core,2494.0
1095.0,0.0,-5.0,MCF7_core,2494.0
1095.0,0.0,10.0,MCF7_core,2494.0
1095.0,15.0,-20.0,MCF7_core,2494.0
1095.0,15.0,-5.0,MCF7_core,2494.0
1095.0,15.0,10.0,MCF7_core,2494.0
1095.0,30.0,-20.0,MCF7_core,2494.0
1095.0,30.0,-5.0,MCF7_core,2494.0
1095.0,30.0,10.0,MCF7_core,2494.0
1095.0,45.0,-20.0,MCF7_core,2494.0
1095.0,45.0,-5.0,MCF7_core,2494.0
1095.0,45.0,10.0,MCF7_core,2494.0
1095.0,60.0,-20.0,MCF7_core,2494.0
1095.0,60.0,-5.0,MCF7_core,2494.0
1095.0,60.0,10.0,MCF7_core,2494.0
1095.0,75.0,-20.0,MCF7_core,2494.0
1095.0,75.0,-5.0,MCF7_core,2494.0
1095.0,75.0,10.0,MCF7_core,2494.0
1095.0,90.0,-20.0,MCF7_core,2494.0
1095.0,90.0,-5.0,MCF7_core,2494.0
1095.0,90.0,10.0,MCF7_core,2494.0
1095.0,105.0,-20.0,MCF7_core,2494.0
1095.0,105.0,-5.0,MCF7_core,2494.0
1095.0,105.0,10.0,MCF7_core,2494.0
1095.0,120.0,-20.0,MCF7_core,2494.0
1095.0,120.0,-5.0,MCF7_core,2494.0
1095.0,120.0,10.0,MCF7_core,2494.0
1095.0,135.0,-20.0,MCF7_core,2494.0
1095.0,135.0,-5.0,MCF7_core,2494.0
1095.0,135.0,10.0,MCF7_core,2494.0
1095.0,150.0,-20.0,MCF7_core,2494.0
1095.0,150.0,-5.0,MCF7_core,2494.0
1095.0,150.0,10.0,MCF7_core,2494.0
1110.0,-150.0,-20.0,MCF7_core,2494.0
1110.0,-150.0,-5.0,MCF7_core,2494.0
1110.0,-150.0,10.0,MCF7_core,2494.0
1110.0,-135.0,-20.0,MCF7_core,2494.0
1110.0,-135.0,-5.0,MCF7_core,2494.0
1110.0,-135.0,10.0,MCF7_core,2494.0
1110.0,-120.0,-20.0,MCF7_core,2494.0
1110.0,-120.0,-5.0,MCF7_core,2494.0
1110.0,-120.0,10.0,MCF7_core,2494.0
1110.0,-105.0,-20.0,MCF7_core,2494.0
1110.0,-105.0,-5.0,MCF7_core,2494.0
1110.0,-105.0,10.0,MCF7_core,2494.0
1110.0,-90.0,-20.0,MCF7_core,2494.0
1110.0,-90.0,-5.0,MCF7_core,2494.0
1110.0,-90.0,10.0,MCF7_core,2494.0
1110.0,-75.0,-20.0,MCF7_core,2494.0
1110.0,-75.0,-5.0,MCF7_core,2494.0
1110.0,-75.0,10.0,MCF7_core,2494.0
1110.0,-60.0,-20.0,MCF7_core,2494.0
1110.0,-60.0,-5.0,MCF7_core,2494.0
1110.0,-60.0,10.0,MCF7_core,2494.0
1110.0,-45.0,-20.0,MCF7_core,2494.0
1110.0,-45.0,-5.0,MCF7_core,2494.0
1110.0,-45.0,10.0,MCF7_core,2494.0
1110.0,-30.0,-20.0,MCF7_core,2494.0
1110.0,-30.0,-5.0,MCF7_core,2494.0
1110.0,-30.0,10.0,MCF7_core,2494.0
1110.0,-15.0,-20.0,MCF7_core,2494.0
1110.0,-15.0,-5.0,MCF7_core,2494.0
1110.0,-15.0,10.0,MCF7_core,2494.0
1110.0,0.0,-20.0,MCF7_core,2494.0
1110.0,0.0,-5.0,MCF7_core,2494.0
1110.0,0.0,10.0,MCF7_core,2494.0
1110.0,15.0,-20.0,MCF7_core,2494.0
1110.0,15.0,-5.0,MCF7_core,2494.0
1110.0,15.0,10.0,MCF7_core,2494.0
1110.0,30.0,-20.0,MCF7_core,2494.0
1110.0,30.0,-5.0,MCF7_core,2494.0
1110.0,30.0,10.0,MCF7_core,2494.0
1110.0,45.0,-20.0,MCF7_core,2494.0
1110.0,45.0,-5.0,MCF7_core,2494.0
1110.0,45.0,10.0,MCF7_core,2494.0
1110.0,60.0,-20.0,MCF7_core,2494.0
1110.0,60.0,-5.0,MCF7_core,2494.0
1110.0,60.0,10.0,MCF7_core,2494.0
1110.0,75.0,-20.0,MCF7_core,2494.0
1110.0,75.0,-5.0,MCF7_core,2494.0
1110.0,75.0,10.0,MCF7_core,2494.0
1110.0,90.0,-20.0,MCF7_core,2494.0
1110.0,90.0,-5.0,MCF7_core,2494.0
1110.0,90.0,10.0,MCF7_core,2494.0
1110.0,105.0,-20.0,MCF7_core,2494.0
1110.0,105.0,-5.0,MCF7_core,2494.0
1110.0,105.0,10.0,MCF7_core,2494.0
1110.0,120.0,-20.0,MCF7_core,2494.0
1110.0,120.0,-5.0,MCF7_core,2494.0
1110.0,120.0,10.0,MCF7_core,2494.0
1110.0,135.0,-20.0,MCF7_core,2494.0
1110.0,135.0,-5.0,MCF7_core,2494.0
1110.0,135.0,10.0,MCF7_core,2494.0
1110.0,150.0,-20.0,MCF7_core,2494.0
1110.0,150.0,-5.0,MCF7_core,2494.0
1110.0,150.0,10.0,MCF7_core,2494.0
1125.0,-150.0,-20.0,MCF7_core,2494.0
1125.0,-150.0,-5.0,MCF7_core,2494.0
1125.0,-150.0,10.0,MCF7_core,2494.0
1125.0,-135.0,-20.0,MCF7_core,2494.0
1125.0,-135.0,-5.0,MCF7_core,2494.0
1125.0,-135.0,10.0,MCF7_core,2494.0
1125.0,-120.0,-20.0,MCF7_core,2494.0
1125.0,-120.0,-5.0,MCF7_core,2494.0
1125.0,-120.0,10.0,MCF7_core,2494.0
1125.0,-105.0,-20.0,MCF7_core,2494.0
1125.0,-105.0,-5.0,MCF7_core,2494.0
1125.0,-105.0,10.0,MCF7_core,2494.0
1125.0,-90.0,-20.0,MCF7_core,2494.0
1125.0,-90.0,-5.0,MCF7_core,2494.0
1125.0,-90.0,10.0,MCF7_core,2494.0
1125.0,-75.0,-20.0,MCF7_core,2494.0
1125.0,-75.0,-5.0,MCF7_core,2494.0
1125.0,-75.0,10.0,MCF7_core,2494.0
1125.0,-60.0,-20.0,MCF7_core,2494.0
1125.0,-60.0,-5.0,MCF7_core,2494.0
1125.0,-60.0,10.0,MCF7_core,2494.0
1125.0,-45.0,-20.0,MCF7_core,2494.0
1125.0,-45.0,-5.0,MCF7_core,2494.0
1125.0,-45.0,10.0,MCF7_core,2494.0
1125.0,-30.0,-20.0,MCF7_core,2494.0
1125.0,-30.0,-5.0,MCF7_core,2494.0
1125.0,-30.0,10.0,MCF7_core,2494.0
1125.0,-15.0,-20.0,MCF7_core,2494.0
1125.0,-15.0,-5.0,MCF7_core,2494.0
1125.0,-15.0,10.0,MCF7_core,2494.0
1125.0,0.0,-20.0,MCF7_core,2494.0
1125.0,0.0,-5.0,MCF7_core,2494.0
1125.0,0.0,10.0,MCF7_core,2494.0
1125.0,15.0,-20.0,MCF7_core,2494.0
1125.0,15.0,-5.0,MCF7_core,2494.0
1125.0,15.0,10.0,MCF7_core,2494.0
1125.0,30.0,-20.0,MCF7_core,2494.0
1125.0,30.0,-5.0,MCF7_core,2494.0
1125.0,30.0,10.0,MCF7_core,2494.0
1125.0,45.0,-20.0,MCF7_core,2494.0
1125.0,45.0,-5.0,MCF7_core,2494.0
1125.0,45.0,10.0,MCF7_core,2494.0
1125.0,60.0,-20.0,MCF7_core,2494.0
1125.0,60.0,-5.0,MCF7_core,2494.0
1125.0,60.0,10.0,MCF7_core,2494.0
1125.0,75.0,-20.0,MCF7_core,2494.0
1125.0,75.0,-5.0,MCF7_core,2494.0
1125.0,75.0,10.0,MCF7_core,2494.0
1125.0,90.0,-20.0,MCF7_core,2494.0
1125.0,90.0,-5.0,MCF7_core,2494.0
1125.0,90.0,10.0,MCF7_core,2494.0
1125.0,105.0,-20.0,MCF7_core,2494.0
1125.0,105.0,-5.0,MCF7_core,2494.0
1125.0,105.0,10.0,MCF7_core,2494.0
1125.0,120.0,-20.0,MCF7_core,2494.0
1125.0,120.0,-5.0,MCF7_core,2494.0
1125.0,120.0,10.0,MCF7_core,2494.0
1125.0,135.0,-20.0,MCF7_core,2494.0
1125.0,135.0,-5.0,MCF7_core,2494.0
1125.0,135.0,10.0,MCF7_core,2494.0
1125.0,150.0,-20.0,MCF7_core,2494.0
1125.0,150.0,-5.0,MCF7_core,2494.0
1125.0,150.0,10.0,MCF7_core,2494.0
1140.0,-150.0,-20.0,MCF7_core,2494.0
1140.0,-150.0,-5.0,MCF7_core,2494.0
1140.0,-150.0,10.0,MCF7_core,2494.0
1140.0,-135.0,-20.0,MCF7_core,2494.0
1140.0,-135.0,-5.0,MCF7_core,2494.0
1140.0,-135.0,10.0,MCF7_core,2494.0
1140.0,-120.0,-20.0,MCF7_core,2494.0
1140.0,-120.0,-5.0,MCF7_core,2494.0
1140.0,-120.0,10.0,MCF7_core,2494.0
1140.0,-105.0,-20.0,MCF7_core,2494.0
1140.0,-105.0,-5.0,MCF7_core,2494.0
1140.0,-105.0,10.0,MCF7_core,2494.0
1140.0,-90.0,-20.0,MCF7_core,2494.0
1140.0,-90.0,-5.0,MCF7_core,2494.0
1140.0,-90.0,10.0,MCF7_core,2494.0
1140.0,-75.0,-20.0,MCF7_core,2494.0
1140.0,-75.0,-5.0,MCF7_core,2494.0
1140.0,-75.0,10.0,MCF7_core,2494.0
1140.0,-60.0,-20.0,MCF7_core,2494.0
1140.0,-60.0,-5.0,MCF7_core,2494.0
1140.0,-60.0,10.0,MCF7_core,2494.0
1140.0,-45.0,-20.0,MCF7_core,2494.0
1140.0,-45.0,-5.0,MCF7_core,2494.0
1140.0,-45.0,10.0,MCF7_core,2494.0
1140.0,-30.0,-20.0,MCF7_core,2494.0
1140.0,-30.0,-5.0,MCF7_core,2494.0
1140.0,-30.0,10.0,MCF7_core,2494.0
1140.0,-15.0,-20.0,MCF7_core,2494.0
1140.0,-15.0,-5.0,MCF7_core,2494.0
1140.0,-15.0,10.0,MCF7_core,2494.0
1140.0,0.0,-20.0,MCF7_core,2494.0
1140.0,0.0,-5.0,MCF7_core,2494.0
1140.0,0.0,10.0,MCF7_core,2494.0
1140.0,15.0,-20.0,MCF7_core,2494.0
1140.0,15.0,-5.0,MCF7_core,2494.0
1140.0,15.0,10.0,MCF7_core,2494.0
1140.0,30.0,-20.0,MCF7_core,2494.0
1140.0,30.0,-5.0,MCF7_core,2494.0
1140.0,30.0,10.0,MCF7_core,2494.0
1140.0,45.0,-20.0,MCF7_core,2494.0
1140.0,45.0,-5.0,MCF7_core,2494.0
1140.0,45.0,10.0,MCF7_core,2494.0
1140.0,60.0,-20.0,MCF7_core,2494.0
1140.0,60.0,-5.0,MCF7_core,2494.0
1140.0,60.0,10.0,MCF7_core,2494.0
1140.0,75.0,-20.0,MCF7_core,2494.0
1140.0,75.0,-5.0,MCF7_core,2494.0
1140.0,75.0,10.0,MCF7_core,2494.0
1140.0,90.0,-20.0,MCF7_core,2494.0
1140.0,90.0,-5.0,MCF7_core,2494.0
1140.0,90.0,10.0,MCF7_core,2494.0
1140.0,105.0,-20.0,MCF7_core,2494.0
1140.0,105.0,-5.0,MCF7_core,2494.0
1140.0,105.0,10.0,MCF7_core,2494.0
1140.0,120.0,-20.0,MCF7_core,2494.0
1140.0,120.0,-5.0,MCF7_core,2494.0
1140.0,120.0,10.0,MCF7_core,2494.0
1140.0,135.0,-20.0,MCF7_core,2494.0
1140.0,135.0,-5.0,MCF7_core,2494.0
1140.0,135.0,10.0,MCF7_core,2494.0
1140.0,150.0,-20.0,MCF7_core,2494.0
1140.0,150.0,-5.0,MCF7_core,2494.0
1140.0,150.0,10.0,MCF7_core,2494.0
1155.0,-150.0,-20.0,MCF7_core,2494.0
1155.0,-150.0,-5.0,MCF7_core,2494.0
1155.0,-150.0,10.0,MCF7_core,2494.0
1155.0,-135.0,-20.0,MCF7_core,2494.0
1155.0,-135.0,-5.0,MCF7_core,2494.0
1155.0,-135.0,10.0,MCF7_core,2494.0
1155.0,-120.0,-20.0,MCF7_core,2494.0
1155.0,-120.0,-5.0,MCF7_core,2494.0
1155.0,-120.0,10.0,MCF7_core,2494.0
1155.0,-105.0,-20.0,MCF7_core,2494.0
1155.0,-105.0,-5.0,MCF7_core,2494.0
1155.0,-105.0,10.0,MCF7_core,2494.0
1155.0,-90.0,-20.0,MCF7_core,2494.0
1155.0,-90.0,-5.0,MCF7_core,2494.0
1155.0,-90.0,10.0,MCF7_core,2494.0
1155.0,-75.0,-20.0,MCF7_core,2494.0
1155.0,-75.0,-5.0,MCF7_core,2494.0
1155.0,-75.0,10.0,MCF7_core,2494.0
1155.0,-60.0,-20.0,MCF7_core,2494.0
1155.0,-60.0,-5.0,MCF7_core,2494.0
1155.0,-60.0,10.0,MCF7_core,2494.0
1155.0,-45.0,-20.0,MCF7_core,2494.0
1155.0,-45.0,-5.0,MCF7_core,2494.0
1155.0,-45.0,10.0,MCF7_core,2494.0
1155.0,-30.0,-20.0,MCF7_core,2494.0
1155.0,-30.0,-5.0,MCF7_core,2494.0
1155.0,-30.0,10.0,MCF7_core,2494.0
1155.0,-15.0,-20.0,MCF7_core,2494.0
1155.0,-15.0,-5.0,MCF7_core,2494.0
1155.0,-15.0,10.0,MCF7_core,2494.0
1155.0,0.0,-20.0,MCF7_core,2494.0
1155.0,0.0,-5.0,MCF7_core,2494.0
1155.0,0.0,10.0,MCF7_core,2494.0
1155.0,15.0,-20.0,MCF7_core,2494.0
1155.0,15.0,-5.0,MCF7_core,2494.0
1155.0,15.0,10.0,MCF7_core,2494.0
1155.0,30.0,-20.0,MCF7_core,2494.0
1155.0,30.0,-5.0,MCF7_core,2494.0
1155.0,30.0,10.0,MCF7_core,2494.0
1155.0,45.0,-20.0,MCF7_core,2494.0
1155.0,45.0,-5.0,MCF7_core,2494.0
1155.0,45.0,10.0,MCF7_core,2494.0
1155.0,60.0,-20.0,MCF7_core,2494.0
1155.0,60.0,-5.0,MCF7_core,2494.0
1155.0,60.0,10.0,MCF7_core,2494.0
1155.0,75.0,-20.0,MCF7_core,2494.0
1155.0,75.0,-5.0,MCF7_core,2494.0
1155.0,75.0,10.0,MCF7_core,2494.0
1155.0,90.0,-20.0,MCF7_core,2494.0
1155.0,90.0,-5.0,MCF7_core,2494.0
1155.0,90.0,10.0,MCF7_core,2494.0
1155.0,105.0,-20.0,MCF7_core,2494.0
1155.0,105.0,-5.0,MCF7_core,2494.0
1155.0,105.0,10.0,MCF7_core,2494.0
1155.0,120.0,-20.0,MCF7_core,2494.0
1155.0,120.0,-5.0,MCF7_core,2494.0
1155.0,120.0,10.0,MCF7_core,2494.0
1155.0,135.0,-20.0,MCF7_core,2494.0
1155.0,135.0,-5.0,MCF7_core,2494.0
1155.0,135.0,10.0,MCF7_core,2494.0
1155.0,150.0,-20.0,MCF7_core,2494.0
1155.0,150.0,-5.0,MCF7_core,2494.0
1155.0,150.0,10.0,MCF7_core,2494.0
1170.0,-150.0,-20.0,MCF7_core,2494.0
1170.0,-150.0,-5.0,MCF7_core,2494.0
1170.0,-150.0,10.0,MCF7_core,2494.0
1170.0,-135.0,-20.0,MCF7_core,2494.0
1170.0,-135.0,-5.0,MCF7_core,2494.0
1170.0,-135.0,10.0,MCF7_core,2494.0
1170.0,-120.0,-20.0,MCF7_core,2494.0
1170.0,-120.0,-5.0,MCF7_core,2494.0
1170.0,-120.0,10.0,MCF7_core,2494.0
1170.0,-105.0,-20.0,MCF7_core,2494.0
1170.0,-105.0,-5.0,MCF7_core,2494.0
1170.0,-105.0,10.0,MCF7_core,2494.0
1170.0,-90.0,-20.0,MCF7_core,2494.0
1170.0,-90.0,-5.0,MCF7_core,2494.0
1170.0,-90.0,10.0,MCF7_core,2494.0
1170.0,-75.0,-20.0,MCF7_core,2494.0
1170.0,-75.0,-5.0,MCF7_core,2494.0
1170.0,-75.0,10.0,MCF7_core,2494.0
1170.0,-60.0,-20.0,MCF7_core,2494.0
1170.0,-60.0,-5.0,MCF7_core,2494.0
1170.0,-60.0,10.0,MCF7_core,2494.0
1170.0,-45.0,-20.0,MCF7_core,2494.0
1170.0,-45.0,-5.0,MCF7_core,2494.0
1170.0,-45.0,10.0,MCF7_core,2494.0
1170.0,-30.0,-20.0,MCF7_core,2494.0
1170.0,-30.0,-5.0,MCF7_core,2494.0
1170.0,-30.0,10.0,MCF7_core,2494.0
1170.0,-15.0,-20.0,MCF7_core,2494.0
1170.0,-15.0,-5.0,MCF7_core,2494.0
1170.0,-15.0,10.0,MCF7_core,2494.0
1170.0,0.0,-20.0,MCF7_core,2494.0
1170.0,0.0,-5.0,MCF7_core,2494.0
1170.0,0.0,10.0,MCF7_core,2494.0
1170.0,15.0,-20.0,MCF7_core,2494.0
1170.0,15.0,-5.0,MCF7_core,2494.0
1170.0,15.0,10.0,MCF7_core,2494.0
1170.0,30.0,-20.0,MCF7_core,2494.0
1170.0,30.0,-5.0,MCF7_core,2494.0
1170.0,30.0,10.0,MCF7_core,2494.0
1170.0,45.0,-20.0,MCF7_core,2494.0
1170.0,45.0,-5.0,MCF7_core,2494.0
1170.0,45.0,10.0,MCF7_core,2494.0
1170.0,60.0,-20.0,MCF7_core,2494.0
1170.0,60.0,-5.0,MCF7_core,2494.0
1170.0,60.0,10.0,MCF7_core,2494.0
1170.0,75.0,-20.0,MCF7_core,2494.0
1170.0,75.0,-5.0,MCF7_core,2494.0
1170.0,75.0,10.0,MCF7_core,2494.0
1170.0,90.0,-20.0,MCF7_core,2494.0
1170.0,90.0,-5.0,MCF7_core,2494.0
1170.0,90.0,10.0,MCF7_core,2494.0
1170.0,105.0,-20.0,MCF7_core,2494.0
1170.0,105.0,-5.0,MCF7_core,2494.0
1170.0,105.0,10.0,MCF7_core,2494.0
1170.0,120.0,-20.0,MCF7_core,2494.0
1170.0,120.0,-5.0,MCF7_core,2494.0
1170.0,120.0,10.0,MCF7_core,2494.0
1170.0,135.0,-20.0,MCF7_core,2494.0
1170.0,135.0,-5.0,MCF7_core,2494.0
1170.0,135.0,10.0,MCF7_core,2494.0
1170.0,150.0,-20.0,MCF7_core,2494.0
1170.0,150.0,-5.0,MCF7_core,2494.0
1170.0,150.0,10.0,MCF7_core,2494.0
1185.0,-150.0,-20.0,MCF7_core,2494.0
1185.0,-150.0,-5.0,MCF7_core,2494.0
1185.0,-150.0,10.0,MCF7_core,2494.0
1185.0,-135.0,-20.0,MCF7_core,2494.0
1185.0,-135.0,-5.0,MCF7_core,2494.0
1185.0,-135.0,10.0,MCF7_core,2494.0
1185.0,-120.0,-20.0,MCF7_core,2494.0
1185.0,-120.0,-5.0,MCF7_core,2494.0
1185.0,-120.0,10.0,MCF7_core,2494.0
1185.0,-105.0,-20.0,MCF7_core,2494.0
1185.0,-105.0,-5.0,MCF7_core,2494.0
1185.0,-105.0,10.0,MCF7_core,2494.0
1185.0,-90.0,-20.0,MCF7_core,2494.0
1185.0,-90.0,-5.0,MCF7_core,2494.0
1185.0,-90.0,10.0,MCF7_core,2494.0
1185.0,-75.0,-20.0,MCF7_core,2494.0
1185.0,-75.0,-5.0,MCF7_core,2494.0
1185.0,-75.0,10.0,MCF7_core,2494.0
1185.0,-60.0,-20.0,MCF7_core,2494.0
1185.0,-60.0,-5.0,MCF7_core,2494.0
1185.0,-60.0,10.0,MCF7_core,2494.0
1185.0,-45.0,-20.0,MCF7_core,2494.0
1185.0,-45.0,-5.0,MCF7_core,2494.0
1185.0,-45.0,10.0,MCF7_core,2494.0
1185.0,-30.0,-20.0,MCF7_core,2494.0
1185.0,-30.0,-5.0,MCF7_core,2494.0
1185.0,-30.0,10.0,MCF7_core,2494.0
1185.0,-15.0,-20.0,MCF7_core,2494.0
1185.0,-15.0,-5.0,MCF7_core,2494.0
1185.0,-15.0,10.0,MCF7_core,2494.0
1185.0,0.0,-20.0,MCF7_core,2494.0
1185.0,0.0,-5.0,MCF7_core,2494.0
1185.0,0.0,10.0,MCF7_core,2494.0
1185.0,15.0,-20.0,MCF7_core,2494.0
1185.0,15.0,-5.0,MCF7_core,2494.0
1185.0,15.0,10.0,MCF7_core,2494.0
1185.0,30.0,-20.0,MCF7_core,2494.0
1185.0,30.0,-5.0,MCF7_core,2494.0
1185.0,30.0,10.0,MCF7_core,2494.0
1185.0,45.0,-20.0,MCF7_core,2494.0
1185.0,45.0,-5.0,MCF7_core,2494.0
1185.0,45.0,10.0,MCF7_core,2494.0
1185.0,60.0,-20.0,MCF7_core,2494.0
1185.0,60.0,-5.0,MCF7_core,2494.0
1185.0,60.0,10.0,MCF7_core,2494.0
1185.0,75.0,-20.0,MCF7_core,2494.0
1185.0,75.0,-5.0,MCF7_core,2494.0
1185.0,75.0,10.0,MCF7_core,2494.0
1185.0,90.0,-20.0,MCF7_core,2494.0
1185.0,90.0,-5.0,MCF7_core,2494.0
1185.0,90.0,10.0,MCF7_core,2494.0
1185.0,105.0,-20.0,MCF7_core,2494.0
1185.0,105.0,-5.0,MCF7_core,2494.0
1185.0,105.0,10.0,MCF7_core,2494.0
1185.0,120.0,-20.0,MCF7_core,2494.0
1185.0,120.0,-5.0,MCF7_core,2494.0
1185.0,120.0,10.0,MCF7_core,2494.0
1185.0,135.0,-20.0,MCF7_core,2494.0
1185.0,135.0,-5.0,MCF7_core,2494.0
1185.0,135.0,10.0,MCF7_core,2494.0
1185.0,150.0,-20.0,MCF7_core,2494.0
1185.0,150.0,-5.0,MCF7_core,2494.0
1185.0,150.0,10.0,MCF7_core,2494.0
1200.0,-150.0,-20.0,MCF7_core,2494.0
1200.0,-150.0,-5.0,MCF7_core,2494.0
1200.0,-150.0,10.0,MCF7_core,2494.0
1200.0,-135.0,-20.0,MCF7_core,2494.0
1200.0,-135.0,-5.0,MCF7_core,2494.0
1200.0,-135.0,10.0,MCF7_core,2494.0
1200.0,-120.0,-20.0,MCF7_core,2494.0
1200.0,-120.0,-5.0,MCF7_core,2494.0
1200.0,-120.0,10.0,MCF7_core,2494.0
1200.0,-105.0,-20.0,MCF7_core,2494.0
1200.0,-105.0,-5.0,MCF7_core,2494.0
1200.0,-105.0,10.0,MCF7_core,2494.0
1200.0,-90.0,-20.0,MCF7_core,2494.0
1200.0,-90.0,-5.0,MCF7_core,2494.0
1200.0,-90.0,10.0,MCF7_core,2494.0
1200.0,-75.0,-20.0,MCF7_core,2494.0
1200.0,-75.0,-5.0,MCF7_core,2494.0
1200.0,-75.0,10.0,MCF7_core,2494.0
1200.0,-60.0,-20.0,MCF7_core,2494.0
1200.0,-60.0,-5.0,MCF7_core,2494.0
1200.0,-60.0,10.0,MCF7_core,2494.0
1200.0,-45.0,-20.0,MCF7_core,2494.0
1200.0,-45.0,-5.0,MCF7_core,2494.0
1200.0,-45.0,10.0,MCF7_core,2494.0
1200.0,-30.0,-20.0,MCF7_core,2494.0
1200.0,-30.0,-5.0,MCF7_core,2494.0
1200.0,-30.0,10.0,MCF7_core,2494.0
1200.0,-15.0,-20.0,MCF7_core,2494.0
1200.0,-15.0,-5.0,MCF7_core,2494.0
1200.0,-15.0,10.0,MCF7_core,2494.0
1200.0,0.0,-20.0,MCF7_core,2494.0
1200.0,0.0,-5.0,MCF7_core,2494.0
1200.0,0.0,10.0,MCF7_core,2494.0
1200.0,15.0,-20.0,MCF7_core,2494.0
1200.0,15.0,-5.0,MCF7_core,2494.0
1200.0,15.0,10.0,MCF7_core,2494.0
1200.0,30.0,-20.0,MCF7_core,2494.0
1200.0,30.0,-5.0,MCF7_core,2494.0
1200.0,30.0,10.0,MCF7_core,2494.0
1200.0,45.0,-20.0,MCF7_core,2494.0
1200.0,45.0,-5.0,MCF7_core,2494.0
1200.0,45.0,10.0,MCF7_core,2494.0
1200.0,60.0,-20.0,MCF7_core,2494.0
1200.0,60.0,-5.0,MCF7_core,2494.0
1200.0,60.0,10.0,MCF7_core,2494.0
1200.0,75.0,-20.0,MCF7_core,2494.0
1200.0,75.0,-5.0,MCF7_core,2494.0
1200.0,75.0,10.0,MCF7_core,2494.0
1200.0,90.0,-20.0,MCF7_core,2494.0
1200.0,90.0,-5.0,MCF7_core,2494.0
1200.0,90.0,10.0,MCF7_core,2494.0
1200.0,105.0,-20.0,MCF7_core,2494.0
1200.0,105.0,-5.0,MCF7_core,2494.0
1200.0,105.0,10.0,MCF7_core,2494.0
1200.0,120.0,-20.0,MCF7_core,2494.0
1200.0,120.0,-5.0,MCF7_core,2494.0
1200.0,120.0,10.0,MCF7_core,2494.0
1200.0,135.0,-20.0,MCF7_core,2494.0
1200.0,135.0,-5.0,MCF7_core,2494.0
1200.0,135.0,10.0,MCF7_core,2494.0
1200.0,150.0,-20.0,MCF7_core,2494.0
1200.0,150.0,-5.0,MCF7_core,2494.0
1200.0,150.0,10.0,MCF7_core,2494.0
1215.0,-150.0,-20.0,MCF7_core,2494.0
1215.0,-150.0,-5.0,MCF7_core,2494.0
1215.0,-150.0,10.0,MCF7_core,2494.0
1215.0,-135.0,-20.0,MCF7_core,2494.0
1215.0,-135.0,-5.0,MCF7_core,2494.0
1215.0,-135.0,10.0,MCF7_core,2494.0
1215.0,-120.0,-20.0,MCF7_core,2494.0
1215.0,-120.0,-5.0,MCF7_core,2494.0
1215.0,-120.0,10.0,MCF7_core,2494.0
1215.0,-105.0,-20.0,MCF7_core,2494.0
1215.0,-105.0,-5.0,MCF7_core,2494.0
1215.0,-105.0,10.0,MCF7_core,2494.0
1215.0,-90.0,-20.0,MCF7_core,2494.0
1215.0,-90.0,-5.0,MCF7_core,2494.0
1215.0,-90.0,10.0,MCF7_core,2494.0
1215.0,-75.0,-20.0,MCF7_core,2494.0
1215.0,-75.0,-5.0,MCF7_core,2494.0
1215.0,-75.0,10.0,MCF7_core,2494.0
1215.0,-60.0,-20.0,MCF7_core,2494.0
1215.0,-60.0,-5.0,MCF7_core,2494.0
1215.0,-60.0,10.0,MCF7_core,2494.0
1215.0,-45.0,-20.0,MCF7_core,2494.0
1215.0,-45.0,-5.0,MCF7_core,2494.0
1215.0,-45.0,10.0,MCF7_core,2494.0
1215.0,-30.0,-20.0,MCF7_core,2494.0
1215.0,-30.0,-5.0,MCF7_core,2494.0
1215.0,-30.0,10.0,MCF7_core,2494.0
1215.0,-15.0,-20.0,MCF7_core,2494.0
1215.0,-15.0,-5.0,MCF7_core,2494.0
1215.0,-15.0,10.0,MCF7_core,2494.0
1215.0,0.0,-20.0,MCF7_core,2494.0
1215.0,0.0,-5.0,MCF7_core,2494.0
1215.0,0.0,10.0,MCF7_core,2494.0
1215.0,15.0,-20.0,MCF7_core,2494.0
1215.0,15.0,-5.0,MCF7_core,2494.0
1215.0,15.0,10.0,MCF7_core,2494.0
1215.0,30.0,-20.0,MCF7_core,2494.0
1215.0,30.0,-5.0,MCF7_core,2494.0
1215.0,30.0,10.0,MCF7_core,2494.0
1215.0,45.0,-20.0,MCF7_core,2494.0
1215.0,45.0,-5.0,MCF7_core,2494.0
1215.0,45.0,10.0,MCF7_core,2494.0
1215.0,60.0,-20.0,MCF7_core,2494.0
1215.0,60.0,-5.0,MCF7_core,2494.0
1215.0,60.0,10.0,MCF7_core,2494.0
1215.0,75.0,-20.0,MCF7_core,2494.0
1215.0,75.0,-5.0,MCF7_core,2494.0
1215.0,75.0,10.0,MCF7_core,2494.0
1215.0,90.0,-20.0,MCF7_core,2494.0
1215.0,90.0,-5.0,MCF7_core,2494.0
1215.0,90.0,10.0,MCF7_core,2494.0
1215.0,105.0,-20.0,MCF7_core,2494.0
1215.0,105.0,-5.0,MCF7_core,2494.0
1215.0,105.0,10.0,MCF7_core,2494.0
1215.0,120.0,-20.0,MCF7_core,2494.0
1215.0,120.0,-5.0,MCF7_core,2494.0
1215.0,120.0,10.0,MCF7_core,2494.0
1215.0,135.0,-20.0,MCF7_core,2494.0
1215.0,135.0,-5.0,MCF7_core,2494.0
1215.0,135.0,10.0,MCF7_core,2494.0
1215.0,150.0,-20.0,MCF7_core,2494.0
1215.0,150.0,-5.0,MCF7_core,2494.0
1215.0,150.0,10.0,MCF7_core,2494.0
1230.0,-150.0,-20.0,MCF7_core,2494.0
1230.0,-150.0,-5.0,MCF7_core,2494.0
1230.0,-150.0,10.0,MCF7_core,2494.0
1230.0,-135.0,-20.0,MCF7_core,2494.0
1230.0,-135.0,-5.0,MCF7_core,2494.0
1230.0,-135.0,10.0,MCF7_core,2494.0
1230.0,-120.0,-20.0,MCF7_core,2494.0
1230.0,-120.0,-5.0,MCF7_core,2494.0
1230.0,-120.0,10.0,MCF7_core,2494.0
1230.0,-105.0,-20.0,MCF7_core,2494.0
1230.0,-105.0,-5.0,MCF7_core,2494.0
1230.0,-105.0,10.0,MCF7_core,2494.0
1230.0,-90.0,-20.0,MCF7_core,2494.0
1230.0,-90.0,-5.0,MCF7_core,2494.0
1230.0,-90.0,10.0,MCF7_core,2494.0
1230.0,-75.0,-20.0,MCF7_core,2494.0
1230.0,-75.0,-5.0,MCF7_core,2494.0
1230.0,-75.0,10.0,MCF7_core,2494.0
1230.0,-60.0,-20.0,MCF7_core,2494.0
1230.0,-60.0,-5.0,MCF7_core,2494.0
1230.0,-60.0,10.0,MCF7_core,2494.0
1230.0,-45.0,-20.0,MCF7_core,2494.0
1230.0,-45.0,-5.0,MCF7_core,2494.0
1230.0,-45.0,10.0,MCF7_core,2494.0
1230.0,-30.0,-20.0,MCF7_core,2494.0
1230.0,-30.0,-5.0,MCF7_core,2494.0
1230.0,-30.0,10.0,MCF7_core,2494.0
1230.0,-15.0,-20.0,MCF7_core,2494.0
1230.0,-15.0,-5.0,MCF7_core,2494.0
1230.0,-15.0,10.0,MCF7_core,2494.0
1230.0,0.0,-20.0,MCF7_core,2494.0
1230.0,0.0,-5.0,MCF7_core,2494.0
1230.0,0.0,10.0,MCF7_core,2494.0
1230.0,15.0,-20.0,MCF7_core,2494.0
1230.0,15.0,-5.0,MCF7_core,2494.0
1230.0,15.0,10.0,MCF7_core,2494.0
1230.0,30.0,-20.0,MCF7_core,2494.0
1230.0,30.0,-5.0,MCF7_core,2494.0
1230.0,30.0,10.0,MCF7_core,2494.0
1230.0,45.0,-20.0,MCF7_core,2494.0
1230.0,45.0,-5.0,MCF7_core,2494.0
1230.0,45.0,10.0,MCF7_core,2494.0
1230.0,60.0,-20.0,MCF7_core,2494.0
1230.0,60.0,-5.0,MCF7_core,2494.0
1230.0,60.0,10.0,MCF7_core,2494.0
1230.0,75.0,-20.0,MCF7_core,2494.0
1230.0,75.0,-5.0,MCF7_core,2494.0
1230.0,75.0,10.0,MCF7_core,2494.0
1230.0,90.0,-20.0,MCF7_core,2494.0
1230.0,90.0,-5.0,MCF7_core,2494.0
1230.0,90.0,10.0,MCF7_core,2494.0
1230.0,105.0,-20.0,MCF7_core,2494.0
1230.0,105.0,-5.0,MCF7_core,2494.0
1230.0,105.0,10.0,MCF7_core,2494.0
1230.0,120.0,-20.0,MCF7_core,2494.0
1230.0,120.0,-5.0,MCF7_core,2494.0
1230.0,120.0,10.0,MCF7_core,2494.0
1230.0,135.0,-20.0,MCF7_core,2494.0
1230.0,135.0,-5.0,MCF7_core,2494.0
1230.0,135.0,10.0,MCF7_core,2494.0
1230.0,150.0,-20.0,MCF7_core,2494.0
1230.0,150.0,-5.0,MCF7_core,2494.0
1230.0,150.0,10.0,MCF7_core,2494.0
1245.0,-150.0,-20.0,MCF7_core,2494.0
1245.0,-150.0,-5.0,MCF7_core,2494.0
1245.0,-150.0,10.0,MCF7_core,2494.0
1245.0,-135.0,-20.0,MCF7_core,2494.0
1245.0,-135.0,-5.0,MCF7_core,2494.0
1245.0,-135.0,10.0,MCF7_core,2494.0
1245.0,-120.0,-20.0,MCF7_core,2494.0
1245.0,-120.0,-5.0,MCF7_core,2494.0
1245.0,-120.0,10.0,MCF7_core,2494.0
1245.0,-105.0,-20.0,MCF7_core,2494.0
1245.0,-105.0,-5.0,MCF7_core,2494.0
1245.0,-105.0,10.0,MCF7_core,2494.0
1245.0,-90.0,-20.0,MCF7_core,2494.0
1245.0,-90.0,-5.0,MCF7_core,2494.0
1245.0,-90.0,10.0,MCF7_core,2494.0
1245.0,-75.0,-20.0,MCF7_core,2494.0
1245.0,-75.0,-5.0,MCF7_core,2494.0
1245.0,-75.0,10.0,MCF7_core,2494.0
1245.0,-60.0,-20.0,MCF7_core,2494.0
1245.0,-60.0,-5.0,MCF7_core,2494.0
1245.0,-60.0,10.0,MCF7_core,2494.0
1245.0,-45.0,-20.0,MCF7_core,2494.0
1245.0,-45.0,-5.0,MCF7_core,2494.0
1245.0,-45.0,10.0,MCF7_core,2494.0
1245.0,-30.0,-20.0,MCF7_core,2494.0
1245.0,-30.0,-5.0,MCF7_core,2494.0
1245.0,-30.0,10.0,MCF7_core,2494.0
1245.0,-15.0,-20.0,MCF7_core,2494.0
1245.0,-15.0,-5.0,MCF7_core,2494.0
1245.0,-15.0,10.0,MCF7_core,2494.0
1245.0,0.0,-20.0,MCF7_core,2494.0
1245.0,0.0,-5.0,MCF7_core,2494.0
1245.0,0.0,10.0,MCF7_core,2494.0
1245.0,15.0,-20.0,MCF7_core,2494.0
1245.0,15.0,-5.0,MCF7_core,2494.0
1245.0,15.0,10.0,MCF7_core,2494.0
1245.0,30.0,-20.0,MCF7_core,2494.0
1245.0,30.0,-5.0,MCF7_core,2494.0
1245.0,30.0,10.0,MCF7_core,2494.0
1245.0,45.0,-20.0,MCF7_core,2494.0
1245.0,45.0,-5.0,MCF7_core,2494.0
1245.0,45.0,10.0,MCF7_core,2494.0
1245.0,60.0,-20.0,MCF7_core,2494.0
1245.0,60.0,-5.0,MCF7_core,2494.0
1245.0,60.0,10.0,MCF7_core,2494.0
1245.0,75.0,-20.0,MCF7_core,2494.0
1245.0,75.0,-5.0,MCF7_core,2494.0
1245.0,75.0,10.0,MCF7_core,2494.0
1245.0,90.0,-20.0,MCF7_core,2494.0
1245.0,90.0,-5.0,MCF7_core,2494.0
1245.0,90.0,10.0,MCF7_core,2494.0
1245.0,105.0,-20.0,MCF7_core,2494.0
1245.0,105.0,-5.0,MCF7_core,2494.0
1245.0,105.0,10.0,MCF7_core,2494.0
1245.0,120.0,-20.0,MCF7_core,2494.0
1245.0,120.0,-5.0,MCF7_core,2494.0
1245.0,120.0,10.0,MCF7_core,2494.0
1245.0,135.0,-20.0,MCF7_core,2494.0
1245.0,135.0,-5.0,MCF7_core,2494.0
1245.0,135.0,10.0,MCF7_core,2494.0
1245.0,150.0,-20.0,MCF7_core,2494.0
1245.0,150.0,-5.0,MCF7_core,2494.0
1245.0,150.0,10.0,MCF7_core,2494.0
1260.0,-150.0,-20.0,MCF7_core,2494.0
1260.0,-150.0,-5.0,MCF7_core,2494.0
1260.0,-150.0,10.0,MCF7_core,2494.0
1260.0,-135.0,-20.0,MCF7_core,2494.0
1260.0,-135.0,-5.0,MCF7_core,2494.0
1260.0,-135.0,10.0,MCF7_core,2494.0
1260.0,-120.0,-20.0,MCF7_core,2494.0
1260.0,-120.0,-5.0,MCF7_core,2494.0
1260.0,-120.0,10.0,MCF7_core,2494.0
1260.0,-105.0,-20.0,MCF7_core,2494.0
1260.0,-105.0,-5.0,MCF7_core,2494.0
1260.0,-105.0,10.0,MCF7_core,2494.0
1260.0,-90.0,-20.0,MCF7_core,2494.0
1260.0,-90.0,-5.0,MCF7_core,2494.0
1260.0,-90.0,10.0,MCF7_core,2494.0
1260.0,-75.0,-20.0,MCF7_core,2494.0
1260.0,-75.0,-5.0,MCF7_core,2494.0
1260.0,-75.0,10.0,MCF7_core,2494.0
1260.0,-60.0,-20.0,MCF7_core,2494.0
1260.0,-60.0,-5.0,MCF7_core,2494.0
1260.0,-60.0,10.0,MCF7_core,2494.0
1260.0,-45.0,-20.0,MCF7_core,2494.0
1260.0,-45.0,-5.0,MCF7_core,2494.0
1260.0,-45.0,10.0,MCF7_core,2494.0
1260.0,-30.0,-20.0,MCF7_core,2494.0
1260.0,-30.0,-5.0,MCF7_core,2494.0
1260.0,-30.0,10.0,MCF7_core,2494.0
1260.0,-15.0,-20.0,MCF7_core,2494.0
1260.0,-15.0,-5.0,MCF7_core,2494.0
1260.0,-15.0,10.0,MCF7_core,2494.0
1260.0,0.0,-20.0,MCF7_core,2494.0
1260.0,0.0,-5.0,MCF7_core,2494.0
1260.0,0.0,10.0,MCF7_core,2494.0
1260.0,15.0,-20.0,MCF7_core,2494.0
1260.0,15.0,-5.0,MCF7_core,2494.0
1260.0,15.0,10.0,MCF7_core,2494.0
1260.0,30.0,-20.0,MCF7_core,2494.0
1260.0,30.0,-5.0,MCF7_core,2494.0
1260.0,30.0,10.0,MCF7_core,2494.0
1260.0,45.0,-20.0,MCF7_core,2494.0
1260.0,45.0,-5.0,MCF7_core,2494.0
1260.0,45.0,10.0,MCF7_core,2494.0
1260.0,60.0,-20.0,MCF7_core,2494.0
1260.0,60.0,-5.0,MCF7_core,2494.0
1260.0,60.0,10.0,MCF7_core,2494.0
1260.0,75.0,-20.0,MCF7_core,2494.0
1260.0,75.0,-5.0,MCF7_core,2494.0
1260.0,75.0,10.0,MCF7_core,2494.0
1260.0,90.0,-20.0,MCF7_core,2494.0
1260.0,90.0,-5.0,MCF7_core,2494.0
1260.0,90.0,10.0,MCF7_core,2494.0
1260.0,105.0,-20.0,MCF7_core,2494.0
1260.0,105.0,-5.0,MCF7_core,2494.0
1260.0,105.0,10.0,MCF7_core,2494.0
1260.0,120.0,-20.0,MCF7_core,2494.0
1260.0,120.0,-5.0,MCF7_core,2494.0
1260.0,120.0,10.0,MCF7_core,2494.0
1260.0,135.0,-20.0,MCF7_core,2494.0
1260.0,135.0,-5.0,MCF7_core,2494.0
1260.0,135.0,10.0,MCF7_core,2494.0
1260.0,150.0,-20.0,MCF7_core,2494.0
1260.0,150.0,-5.0,MCF7_core,2494.0
1260.0,150.0,10.0,MCF7_core,2494.0
1275.0,-150.0,-20.0,MCF7_core,2494.0
1275.0,-150.0,-5.0,MCF7_core,2494.0
1275.0,-150.0,10.0,MCF7_core,2494.0
1275.0,-135.0,-20.0,MCF7_core,2494.0
1275.0,-135.0,-5.0,MCF7_core,2494.0
1275.0,-135.0,10.0,MCF7_core,2494.0
1275.0,-120.0,-20.0,MCF7_core,2494.0
1275.0,-120.0,-5.0,MCF7_core,2494.0
1275.0,-120.0,10.0,MCF7_core,2494.0
1275.0,-105.0,-20.0,MCF7_core,2494.0
1275.0,-105.0,-5.0,MCF7_core,2494.0
1275.0,-105.0,10.0,MCF7_core,2494.0
1275.0,-90.0,-20.0,MCF7_core,2494.0
1275.0,-90.0,-5.0,MCF7_core,2494.0
1275.0,-90.0,10.0,MCF7_core,2494.0
1275.0,-75.0,-20.0,MCF7_core,2494.0
1275.0,-75.0,-5.0,MCF7_core,2494.0
1275.0,-75.0,10.0,MCF7_core,2494.0
1275.0,-60.0,-20.0,MCF7_core,2494.0
1275.0,-60.0,-5.0,MCF7_core,2494.0
1275.0,-60.0,10.0,MCF7_core,2494.0
1275.0,-45.0,-20.0,MCF7_core,2494.0
1275.0,-45.0,-5.0,MCF7_core,2494.0
1275.0,-45.0,10.0,MCF7_core,2494.0
1275.0,-30.0,-20.0,MCF7_core,2494.0
1275.0,-30.0,-5.0,MCF7_core,2494.0
1275.0,-30.0,10.0,MCF7_core,2494.0
1275.0,-15.0,-20.0,MCF7_core,2494.0
1275.0,-15.0,-5.0,MCF7_core,2494.0
1275.0,-15.0,10.0,MCF7_core,2494.0
1275.0,0.0,-20.0,MCF7_core,2494.0
1275.0,0.0,-5.0,MCF7_core,2494.0
1275.0,0.0,10.0,MCF7_core,2494.0
1275.0,15.0,-20.0,MCF7_core,2494.0
1275.0,15.0,-5.0,MCF7_core,2494.0
1275.0,15.0,10.0,MCF7_core,2494.0
1275.0,30.0,-20.0,MCF7_core,2494.0
1275.0,30.0,-5.0,MCF7_core,2494.0
1275.0,30.0,10.0,MCF7_core,2494.0
1275.0,45.0,-20.0,MCF7_core,2494.0
1275.0,45.0,-5.0,MCF7_core,2494.0
1275.0,45.0,10.0,MCF7_core,2494.0
1275.0,60.0,-20.0,MCF7_core,2494.0
1275.0,60.0,-5.0,MCF7_core,2494.0
1275.0,60.0,10.0,MCF7_core,2494.0
1275.0,75.0,-20.0,MCF7_core,2494.0
1275.0,75.0,-5.0,MCF7_core,2494.0
1275.0,75.0,10.0,MCF7_core,2494.0
1275.0,90.0,-20.0,MCF7_core,2494.0
1275.0,90.0,-5.0,MCF7_core,2494.0
1275.0,90.0,10.0,MCF7_core,2494.0
1275.0,105.0,-20.0,MCF7_core,2494.0
1275.0,105.0,-5.0,MCF7_core,2494.0
1275.0,105.0,10.0,MCF7_core,2494.0
1275.0,120.0,-20.0,MCF7_core,2494.0
1275.0,120.0,-5.0,MCF7_core,2494.0
1275.0,120.0,10.0,MCF7_core,2494.0
1275.0,135.0,-20.0,MCF7_core,2494.0
1275.0,135.0,-5.0,MCF7_core,2494.0
1275.0,135.0,10.0,MCF7_core,2494.0
1275.0,150.0,-20.0,MCF7_core,2494.0
1275.0,150.0,-5.0,MCF7_core,2494.0
1275.0,150.0,10.0,MCF7_core,2494.0
1290.0,-150.0,-20.0,MCF7_core,2494.0
1290.0,-150.0,-5.0,MCF7_core,2494.0
1290.0,-150.0,10.0,MCF7_core,2494.0
1290.0,-135.0,-20.0,MCF7_core,2494.0
1290.0,-135.0,-5.0,MCF7_core,2494.0
1290.0,-135.0,10.0,MCF7_core,2494.0
1290.0,-120.0,-20.0,MCF7_core,2494.0
1290.0,-120.0,-5.0,MCF7_core,2494.0
1290.0,-120.0,10.0,MCF7_core,2494.0
1290.0,-105.0,-20.0,MCF7_core,2494.0
1290.0,-105.0,-5.0,MCF7_core,2494.0
1290.0,-105.0,10.0,MCF7_core,2494.0
1290.0,-90.0,-20.0,MCF7_core,2494.0
1290.0,-90.0,-5.0,MCF7_core,2494.0
1290.0,-90.0,10.0,MCF7_core,2494.0
1290.0,-75.0,-20.0,MCF7_core,2494.0
1290.0,-75.0,-5.0,MCF7_core,2494.0
1290.0,-75.0,10.0,MCF7_core,2494.0
1290.0,-60.0,-20.0,MCF7_core,2494.0
1290.0,-60.0,-5.0,MCF7_core,2494.0
1290.0,-60.0,10.0,MCF7_core,2494.0
1290.0,-45.0,-20.0,MCF7_core,2494.0
1290.0,-45.0,-5.0,MCF7_core,2494.0
1290.0,-45.0,10.0,MCF7_core,2494.0
1290.0,-30.0,-20.0,MCF7_core,2494.0
1290.0,-30.0,-5.0,MCF7_core,2494.0
1290.0,-30.0,10.0,MCF7_core,2494.0
1290.0,-15.0,-20.0,MCF7_core,2494.0
1290.0,-15.0,-5.0,MCF7_core,2494.0
1290.0,-15.0,10.0,MCF7_core,2494.0
1290.0,0.0,-20.0,MCF7_core,2494.0
1290.0,0.0,-5.0,MCF7_core,2494.0
1290.0,0.0,10.0,MCF7_core,2494.0
1290.0,15.0,-20.0,MCF7_core,2494.0
1290.0,15.0,-5.0,MCF7_core,2494.0
1290.0,15.0,10.0,MCF7_core,2494.0
1290.0,30.0,-20.0,MCF7_core,2494.0
1290.0,30.0,-5.0,MCF7_core,2494.0
1290.0,30.0,10.0,MCF7_core,2494.0
1290.0,45.0,-20.0,MCF7_core,2494.0
1290.0,45.0,-5.0,MCF7_core,2494.0
1290.0,45.0,10.0,MCF7_core,2494.0
1290.0,60.0,-20.0,MCF7_core,2494.0
1290.0,60.0,-5.0,MCF7_core,2494.0
1290.0,60.0,10.0,MCF7_core,2494.0
1290.0,75.0,-20.0,MCF7_core,2494.0
1290.0,75.0,-5.0,MCF7_core,2494.0
1290.0,75.0,10.0,MCF7_core,2494.0
1290.0,90.0,-20.0,MCF7_core,2494.0
1290.0,90.0,-5.0,MCF7_core,2494.0
1290.0,90.0,10.0,MCF7_core,2494.0
1290.0,105.0,-20.0,MCF7_core,2494.0
1290.0,105.0,-5.0,MCF7_core,2494.0
1290.0,105.0,10.0,MCF7_core,2494.0
1290.0,120.0,-20.0,MCF7_core,2494.0
1290.0,120.0,-5.0,MCF7_core,2494.0
1290.0,120.0,10.0,MCF7_core,2494.0
1290.0,135.0,-20.0,MCF7_core,2494.0
1290.0,135.0,-5.0,MCF7_core,2494.0
1290.0,135.0,10.0,MCF7_core,2494.0
1290.0,150.0,-20.0,MCF7_core,2494.0
1290.0,150.0,-5.0,MCF7_core,2494.0
1290.0,150.0,10.0,MCF7_core,2494.0
1305.0,-150.0,-20.0,MCF7_core,2494.0
1305.0,-150.0,-5.0,MCF7_core,2494.0
1305.0,-150.0,10.0,MCF7_core,2494.0
1305.0,-135.0,-20.0,MCF7_core,2494.0
1305.0,-135.0,-5.0,MCF7_core,2494.0
1305.0,-135.0,10.0,MCF7_core,2494.0
1305.0,-120.0,-20.0,MCF7_core,2494.0
1305.0,-120.0,-5.0,MCF7_core,2494.0
1305.0,-120.0,10.0,MCF7_core,2494.0
1305.0,-105.0,-20.0,MCF7_core,2494.0
1305.0,-105.0,-5.0,MCF7_core,2494.0
1305.0,-105.0,10.0,MCF7_core,2494.0
1305.0,-90.0,-20.0,MCF7_core,2494.0
1305.0,-90.0,-5.0,MCF7_core,2494.0
1305.0,-90.0,10.0,MCF7_core,2494.0
1305.0,-75.0,-20.0,MCF7_core,2494.0
1305.0,-75.0,-5.0,MCF7_core,2494.0
1305.0,-75.0,10.0,MCF7_core,2494.0
1305.0,-60.0,-20.0,MCF7_core,2494.0
1305.0,-60.0,-5.0,MCF7_core,2494.0
1305.0,-60.0,10.0,MCF7_core,2494.0
1305.0,-45.0,-20.0,MCF7_core,2494.0
1305.0,-45.0,-5.0,MCF7_core,2494.0
1305.0,-45.0,10.0,MCF7_core,2494.0
1305.0,-30.0,-20.0,MCF7_core,2494.0
1305.0,-30.0,-5.0,MCF7_core,2494.0
1305.0,-30.0,10.0,MCF7_core,2494.0
1305.0,-15.0,-20.0,MCF7_core,2494.0
1305.0,-15.0,-5.0,MCF7_core,2494.0
1305.0,-15.0,10.0,MCF7_core,2494.0
1305.0,0.0,-20.0,MCF7_core,2494.0
1305.0,0.0,-5.0,MCF7_core,2494.0
1305.0,0.0,10.0,MCF7_core,2494.0
1305.0,15.0,-20.0,MCF7_core,2494.0
1305.0,15.0,-5.0,MCF7_core,2494.0
1305.0,15.0,10.0,MCF7_core,2494.0
1305.0,30.0,-20.0,MCF7_core,2494.0
1305.0,30.0,-5.0,MCF7_core,2494.0
1305.0,30.0,10.0,MCF7_core,2494.0
1305.0,45.0,-20.0,MCF7_core,2494.0
1305.0,45.0,-5.0,MCF7_core,2494.0
1305.0,45.0,10.0,MCF7_core,2494.0
1305.0,60.0,-20.0,MCF7_core,2494.0
1305.0,60.0,-5.0,MCF7_core,2494.0
1305.0,60.0,10.0,MCF7_core,2494.0
1305.0,75.0,-20.0,MCF7_core,2494.0
1305.0,75.0,-5.0,MCF7_core,2494.0
1305.0,75.0,10.0,MCF7_core,2494.0
1305.0,90.0,-20.0,MCF7_core,2494.0
1305.0,90.0,-5.0,MCF7_core,2494.0
1305.0,90.0,10.0,MCF7_core,2494.0
1305.0,105.0,-20.0,MCF7_core,2494.0
1305.0,105.0,-5.0,MCF7_core,2494.0
1305.0,105.0,10.0,MCF7_core,2494.0
1305.0,120.0,-20.0,MCF7_core,2494.0
1305.0,120.0,-5.0,MCF7_core,2494.0
1305.0,120.0,10.0,MCF7_core,2494.0
1305.0,135.0,-20.0,MCF7_core,2494.0
1305.0,135.0,-5.0,MCF7_core,2494.0
1305.0,135.0,10.0,MCF7_core,2494.0
1305.0,150.0,-20.0,MCF7_core,2494.0
1305.0,150.0,-5.0,MCF7_core,2494.0
1305.0,150.0,10.0,MCF7_core,2494.0
1320.0,-150.0,-20.0,MCF7_core,2494.0
1320.0,-150.0,-5.0,MCF7_core,2494.0
1320.0,-150.0,10.0,MCF7_core,2494.0
1320.0,-135.0,-20.0,MCF7_core,2494.0
1320.0,-135.0,-5.0,MCF7_core,2494.0
1320.0,-135.0,10.0,MCF7_core,2494.0
1320.0,-120.0,-20.0,MCF7_core,2494.0
1320.0,-120.0,-5.0,MCF7_core,2494.0
1320.0,-120.0,10.0,MCF7_core,2494.0
1320.0,-105.0,-20.0,MCF7_core,2494.0
1320.0,-105.0,-5.0,MCF7_core,2494.0
1320.0,-105.0,10.0,MCF7_core,2494.0
1320.0,-90.0,-20.0,MCF7_core,2494.0
1320.0,-90.0,-5.0,MCF7_core,2494.0
1320.0,-90.0,10.0,MCF7_core,2494.0
1320.0,-75.0,-20.0,MCF7_core,2494.0
1320.0,-75.0,-5.0,MCF7_core,2494.0
1320.0,-75.0,10.0,MCF7_core,2494.0
1320.0,-60.0,-20.0,MCF7_core,2494.0
1320.0,-60.0,-5.0,MCF7_core,2494.0
1320.0,-60.0,10.0,MCF7_core,2494.0
1320.0,-45.0,-20.0,MCF7_core,2494.0
1320.0,-45.0,-5.0,MCF7_core,2494.0
1320.0,-45.0,10.0,MCF7_core,2494.0
1320.0,-30.0,-20.0,MCF7_core,2494.0
1320.0,-30.0,-5.0,MCF7_core,2494.0
1320.0,-30.0,10.0,MCF7_core,2494.0
1320.0,-15.0,-20.0,MCF7_core,2494.0
1320.0,-15.0,-5.0,MCF7_core,2494.0
1320.0,-15.0,10.0,MCF7_core,2494.0
1320.0,0.0,-20.0,MCF7_core,2494.0
1320.0,0.0,-5.0,MCF7_core,2494.0
1320.0,0.0,10.0,MCF7_core,2494.0
1320.0,15.0,-20.0,MCF7_core,2494.0
1320.0,15.0,-5.0,MCF7_core,2494.0
1320.0,15.0,10.0,MCF7_core,2494.0
1320.0,30.0,-20.0,MCF7_core,2494.0
1320.0,30.0,-5.0,MCF7_core,2494.0
1320.0,30.0,10.0,MCF7_core,2494.0
1320.0,45.0,-20.0,MCF7_core,2494.0
1320.0,45.0,-5.0,MCF7_core,2494.0
1320.0,45.0,10.0,MCF7_core,2494.0
1320.0,60.0,-20.0,MCF7_core,2494.0
1320.0,60.0,-5.0,MCF7_core,2494.0
1320.0,60.0,10.0,MCF7_core,2494.0
1320.0,75.0,-20.0,MCF7_core,2494.0
1320.0,75.0,-5.0,MCF7_core,2494.0
1320.0,75.0,10.0,MCF7_core,2494.0
1320.0,90.0,-20.0,MCF7_core,2494.0
1320.0,90.0,-5.0,MCF7_core,2494.0
1320.0,90.0,10.0,MCF7_core,2494.0
1320.0,105.0,-20.0,MCF7_core,2494.0
1320.0,105.0,-5.0,MCF7_core,2494.0
1320.0,105.0,10.0,MCF7_core,2494.0
1320.0,120.0,-20.0,MCF7_core,2494.0
1320.0,120.0,-5.0,MCF7_core,2494.0
1320.0,120.0,10.0,MCF7_core,2494.0
1320.0,135.0,-20.0,MCF7_core,2494.0
1320.0,135.0,-5.0,MCF7_core,2494.0
1320.0,135.0,10.0,MCF7_core,2494.0
1320.0,150.0,-20.0,MCF7_core,2494.0
1320.0,150.0,-5.0,MCF7_core,2494.0
1320.0,150.0,10.0,MCF7_core,2494.0
1335.0,-150.0,-20.0,MCF7_core,2494.0
1335.0,-150.0,-5.0,MCF7_core,2494.0
1335.0,-150.0,10.0,MCF7_core,2494.0
1335.0,-135.0,-20.0,MCF7_core,2494.0
1335.0,-135.0,-5.0,MCF7_core,2494.0
1335.0,-135.0,10.0,MCF7_core,2494.0
1335.0,-120.0,-20.0,MCF7_core,2494.0
1335.0,-120.0,-5.0,MCF7_core,2494.0
1335.0,-120.0,10.0,MCF7_core,2494.0
1335.0,-105.0,-20.0,MCF7_core,2494.0
1335.0,-105.0,-5.0,MCF7_core,2494.0
1335.0,-105.0,10.0,MCF7_core,2494.0
1335.0,-90.0,-20.0,MCF7_core,2494.0
1335.0,-90.0,-5.0,MCF7_core,2494.0
1335.0,-90.0,10.0,MCF7_core,2494.0
1335.0,-75.0,-20.0,MCF7_core,2494.0
1335.0,-75.0,-5.0,MCF7_core,2494.0
1335.0,-75.0,10.0,MCF7_core,2494.0
1335.0,-60.0,-20.0,MCF7_core,2494.0
1335.0,-60.0,-5.0,MCF7_core,2494.0
1335.0,-60.0,10.0,MCF7_core,2494.0
1335.0,-45.0,-20.0,MCF7_core,2494.0
1335.0,-45.0,-5.0,MCF7_core,2494.0
1335.0,-45.0,10.0,MCF7_core,2494.0
1335.0,-30.0,-20.0,MCF7_core,2494.0
1335.0,-30.0,-5.0,MCF7_core,2494.0
1335.0,-30.0,10.0,MCF7_core,2494.0
1335.0,-15.0,-20.0,MCF7_core,2494.0
1335.0,-15.0,-5.0,MCF7_core,2494.0
1335.0,-15.0,10.0,MCF7_core,2494.0
1335.0,0.0,-20.0,MCF7_core,2494.0
1335.0,0.0,-5.0,MCF7_core,2494.0
1335.0,0.0,10.0,MCF7_core,2494.0
1335.0,15.0,-20.0,MCF7_core,2494.0
1335.0,15.0,-5.0,MCF7_core,2494.0
1335.0,15.0,10.0,MCF7_core,2494.0
1335.0,30.0,-20.0,MCF7_core,2494.0
1335.0,30.0,-5.0,MCF7_core,2494.0
1335.0,30.0,10.0,MCF7_core,2494.0
1335.0,45.0,-20.0,MCF7_core,2494.0
1335.0,45.0,-5.0,MCF7_core,2494.0
1335.0,45.0,10.0,MCF7_core,2494.0
1335.0,60.0,-20.0,MCF7_core,2494.0
1335.0,60.0,-5.0,MCF7_core,2494.0
1335.0,60.0,10.0,MCF7_core,2494.0
1335.0,75.0,-20.0,MCF7_core,2494.0
1335.0,75.0,-5.0,MCF7_core,2494.0
1335.0,75.0,10.0,MCF7_core,2494.0
1335.0,90.0,-20.0,MCF7_core,2494.0
1335.0,90.0,-5.0,MCF7_core,2494.0
1335.0,90.0,10.0,MCF7_core,2494.0
1335.0,105.0,-20.0,MCF7_core,2494.0
1335.0,105.0,-5.0,MCF7_core,2494.0
1335.0,105.0,10.0,MCF7_core,2494.0
1335.0,120.0,-20.0,MCF7_core,2494.0
1335.0,120.0,-5.0,MCF7_core,2494.0
1335.0,120.0,10.0,MCF7_core,2494.0
1335.0,135.0,-20.0,MCF7_core,2494.0
1335.0,135.0,-5.0,MCF7_core,2494.0
1335.0,135.0,10.0,MCF7_core,2494.0
1335.0,150.0,-20.0,MCF7_core,2494.0
1335.0,150.0,-5.0,MCF7_core,2494.0
1335.0,150.0,10.0,MCF7_core,2494.0
1350.0,-150.0,-20.0,MCF7_core,2494.0
1350.0,-150.0,-5.0,MCF7_core,2494.0
1350.0,-150.0,10.0,MCF7_core,2494.0
1350.0,-135.0,-20.0,MCF7_core,2494.0
1350.0,-135.0,-5.0,MCF7_core,2494.0
1350.0,-135.0,10.0,MCF7_core,2494.0
1350.0,-120.0,-20.0,MCF7_core,2494.0
1350.0,-120.0,-5.0,MCF7_core,2494.0
1350.0,-120.0,10.0,MCF7_core,2494.0
1350.0,-105.0,-20.0,MCF7_core,2494.0
1350.0,-105.0,-5.0,MCF7_core,2494.0
1350.0,-105.0,10.0,MCF7_core,2494.0
1350.0,-90.0,-20.0,MCF7_core,2494.0
1350.0,-90.0,-5.0,MCF7_core,2494.0
1350.0,-90.0,10.0,MCF7_core,2494.0
1350.0,-75.0,-20.0,MCF7_core,2494.0
1350.0,-75.0,-5.0,MCF7_core,2494.0
1350.0,-75.0,10.0,MCF7_core,2494.0
1350.0,-60.0,-20.0,MCF7_core,2494.0
1350.0,-60.0,-5.0,MCF7_core,2494.0
1350.0,-60.0,10.0,MCF7_core,2494.0
1350.0,-45.0,-20.0,MCF7_core,2494.0
1350.0,-45.0,-5.0,MCF7_core,2494.0
1350.0,-45.0,10.0,MCF7_core,2494.0
1350.0,-30.0,-20.0,MCF7_core,2494.0
1350.0,-30.0,-5.0,MCF7_core,2494.0
1350.0,-30.0,10.0,MCF7_core,2494.0
1350.0,-15.0,-20.0,MCF7_core,2494.0
1350.0,-15.0,-5.0,MCF7_core,2494.0
1350.0,-15.0,10.0,MCF7_core,2494.0
1350.0,0.0,-20.0,MCF7_core,2494.0
1350.0,0.0,-5.0,MCF7_core,2494.0
1350.0,0.0,10.0,MCF7_core,2494.0
1350.0,15.0,-20.0,MCF7_core,2494.0
1350.0,15.0,-5.0,MCF7_core,2494.0
1350.0,15.0,10.0,MCF7_core,2494.0
1350.0,30.0,-20.0,MCF7_core,2494.0
1350.0,30.0,-5.0,MCF7_core,2494.0
1350.0,30.0,10.0,MCF7_core,2494.0
1350.0,45.0,-20.0,MCF7_core,2494.0
1350.0,45.0,-5.0,MCF7_core,2494.0
1350.0,45.0,10.0,MCF7_core,2494.0
1350.0,60.0,-20.0,MCF7_core,2494.0
1350.0,60.0,-5.0,MCF7_core,2494.0
1350.0,60.0,10.0,MCF7_core,2494.0
1350.0,75.0,-20.0,MCF7_core,2494.0
1350.0,75.0,-5.0,MCF7_core,2494.0
1350.0,75.0,10.0,MCF7_core,2494.0
1350.0,90.0,-20.0,MCF7_core,2494.0
1350.0,90.0,-5.0,MCF7_core,2494.0
1350.0,90.0,10.0,MCF7_core,2494.0
1350.0,105.0,-20.0,MCF7_core,2494.0
1350.0,105.0,-5.0,MCF7_core,2494.0
1350.0,105.0,10.0,MCF7_core,2494.0
1350.0,120.0,-20.0,MCF7_core,2494.0
1350.0,120.0,-5.0,MCF7_core,2494.0
1350.0,120.0,10.0,MCF7_core,2494.0
1350.0,135.0,-20.0,MCF7_core,2494.0
1350.0,135.0,-5.0,MCF7_core,2494.0
1350.0,135.0,10.0,MCF7_core,2494.0
1350.0,150.0,-20.0,MCF7_core,2494.0
1350.0,150.0,-5.0,MCF7_core,2494.0
1350.0,150.0,10.0,MCF7_core,2494.0
1365.0,-150.0,-20.0,MCF7_core,2494.0
1365.0,-150.0,-5.0,MCF7_core,2494.0
1365.0,-150.0,10.0,MCF7_core,2494.0
1365.0,-135.0,-20.0,MCF7_core,2494.0
1365.0,-135.0,-5.0,MCF7_core,2494.0
1365.0,-135.0,10.0,MCF7_core,2494.0
1365.0,-120.0,-20.0,MCF7_core,2494.0
1365.0,-120.0,-5.0,MCF7_core,2494.0
1365.0,-120.0,10.0,MCF7_core,2494.0
1365.0,-105.0,-20.0,MCF7_core,2494.0
1365.0,-105.0,-5.0,MCF7_core,2494.0
1365.0,-105.0,10.0,MCF7_core,2494.0
1365.0,-90.0,-20.0,MCF7_core,2494.0
1365.0,-90.0,-5.0,MCF7_core,2494.0
1365.0,-90.0,10.0,MCF7_core,2494.0
1365.0,-75.0,-20.0,MCF7_core,2494.0
1365.0,-75.0,-5.0,MCF7_core,2494.0
1365.0,-75.0,10.0,MCF7_core,2494.0
1365.0,-60.0,-20.0,MCF7_core,2494.0
1365.0,-60.0,-5.0,MCF7_core,2494.0
1365.0,-60.0,10.0,MCF7_core,2494.0
1365.0,-45.0,-20.0,MCF7_core,2494.0
1365.0,-45.0,-5.0,MCF7_core,2494.0
1365.0,-45.0,10.0,MCF7_core,2494.0
1365.0,-30.0,-20.0,MCF7_core,2494.0
1365.0,-30.0,-5.0,MCF7_core,2494.0
1365.0,-30.0,10.0,MCF7_core,2494.0
1365.0,-15.0,-20.0,MCF7_core,2494.0
1365.0,-15.0,-5.0,MCF7_core,2494.0
1365.0,-15.0,10.0,MCF7_core,2494.0
1365.0,0.0,-20.0,MCF7_core,2494.0
1365.0,0.0,-5.0,MCF7_core,2494.0
1365.0,0.0,10.0,MCF7_core,2494.0
1365.0,15.0,-20.0,MCF7_core,2494.0
1365.0,15.0,-5.0,MCF7_core,2494.0
1365.0,15.0,10.0,MCF7_core,2494.0
1365.0,30.0,-20.0,MCF7_core,2494.0
1365.0,30.0,-5.0,MCF7_core,2494.0
1365.0,30.0,10.0,MCF7_core,2494.0
1365.0,45.0,-20.0,MCF7_core,2494.0
1365.0,45.0,-5.0,MCF7_core,2494.0
1365.0,45.0,10.0,MCF7_core,2494.0
1365.0,60.0,-20.0,MCF7_core,2494.0
1365.0,60.0,-5.0,MCF7_core,2494.0
1365.0,60.0,10.0,MCF7_core,2494.0
1365.0,75.0,-20.0,MCF7_core,2494.0
1365.0,75.0,-5.0,MCF7_core,2494.0
1365.0,75.0,10.0,MCF7_core,2494.0
1365.0,90.0,-20.0,MCF7_core,2494.0
1365.0,90.0,-5.0,MCF7_core,2494.0
1365.0,90.0,10.0,MCF7_core,2494.0
1365.0,105.0,-20.0,MCF7_core,2494.0
1365.0,105.0,-5.0,MCF7_core,2494.0
1365.0,105.0,10.0,MCF7_core,2494.0
1365.0,120.0,-20.0,MCF7_core,2494.0
1365.0,120.0,-5.0,MCF7_core,2494.0
1365.0,120.0,10.0,MCF7_core,2494.0
1365.0,135.0,-20.0,MCF7_core,2494.0
1365.0,135.0,-5.0,MCF7_core,2494.0
1365.0,135.0,10.0,MCF7_core,2494.0
1365.0,150.0,-20.0,MCF7_core,2494.0
1365.0,150.0,-5.0,MCF7_core,2494.0
1365.0,150.0,10.0,MCF7_core,2494.0
1380.0,-150.0,-20.0,MCF7_core,2494.0
1380.0,-150.0,-5.0,MCF7_core,2494.0
1380.0,-150.0,10.0,MCF7_core,2494.0
1380.0,-135.0,-20.0,MCF7_core,2494.0
1380.0,-135.0,-5.0,MCF7_core,2494.0
1380.0,-135.0,10.0,MCF7_core,2494.0
1380.0,-120.0,-20.0,MCF7_core,2494.0
1380.0,-120.0,-5.0,MCF7_core,2494.0
1380.0,-120.0,10.0,MCF7_core,2494.0
1380.0,-105.0,-20.0,MCF7_core,2494.0
1380.0,-105.0,-5.0,MCF7_core,2494.0
1380.0,-105.0,10.0,MCF7_core,2494.0
1380.0,-90.0,-20.0,MCF7_core,2494.0
1380.0,-90.0,-5.0,MCF7_core,2494.0
1380.0,-90.0,10.0,MCF7_core,2494.0
1380.0,-75.0,-20.0,MCF7_core,2494.0
1380.0,-75.0,-5.0,MCF7_core,2494.0
1380.0,-75.0,10.0,MCF7_core,2494.0
1380.0,-60.0,-20.0,MCF7_core,2494.0
1380.0,-60.0,-5.0,MCF7_core,2494.0
1380.0,-60.0,10.0,MCF7_core,2494.0
1380.0,-45.0,-20.0,MCF7_core,2494.0
1380.0,-45.0,-5.0,MCF7_core,2494.0
1380.0,-45.0,10.0,MCF7_core,2494.0
1380.0,-30.0,-20.0,MCF7_core,2494.0
1380.0,-30.0,-5.0,MCF7_core,2494.0
1380.0,-30.0,10.0,MCF7_core,2494.0
1380.0,-15.0,-20.0,MCF7_core,2494.0
1380.0,-15.0,-5.0,MCF7_core,2494.0
1380.0,-15.0,10.0,MCF7_core,2494.0
1380.0,0.0,-20.0,MCF7_core,2494.0
1380.0,0.0,-5.0,MCF7_core,2494.0
1380.0,0.0,10.0,MCF7_core,2494.0
1380.0,15.0,-20.0,MCF7_core,2494.0
1380.0,15.0,-5.0,MCF7_core,2494.0
1380.0,15.0,10.0,MCF7_core,2494.0
1380.0,30.0,-20.0,MCF7_core,2494.0
1380.0,30.0,-5.0,MCF7_core,2494.0
1380.0,30.0,10.0,MCF7_core,2494.0
1380.0,45.0,-20.0,MCF7_core,2494.0
1380.0,45.0,-5.0,MCF7_core,2494.0
1380.0,45.0,10.0,MCF7_core,2494.0
1380.0,60.0,-20.0,MCF7_core,2494.0
1380.0,60.0,-5.0,MCF7_core,2494.0
1380.0,60.0,10.0,MCF7_core,2494.0
1380.0,75.0,-20.0,MCF7_core,2494.0
1380.0,75.0,-5.0,MCF7_core,2494.0
1380.0,75.0,10.0,MCF7_core,2494.0
1380.0,90.0,-20.0,MCF7_core,2494.0
1380.0,90.0,-5.0,MCF7_core,2494.0
1380.0,90.0,10.0,MCF7_core,2494.0
1380.0,105.0,-20.0,MCF7_core,2494.0
1380.0,105.0,-5.0,MCF7_core,2494.0
1380.0,105.0,10.0,MCF7_core,2494.0
1380.0,120.0,-20.0,MCF7_core,2494.0
1380.0,120.0,-5.0,MCF7_core,2494.0
1380.0,120.0,10.0,MCF7_core,2494.0
1380.0,135.0,-20.0,MCF7_core,2494.0
1380.0,135.0,-5.0,MCF7_core,2494.0
1380.0,135.0,10.0,MCF7_core,2494.0
1380.0,150.0,-20.0,MCF7_core,2494.0
1380.0,150.0,-5.0,MCF7_core,2494.0
1380.0,150.0,10.0,MCF7_core,2494.0
1395.0,-150.0,-20.0,MCF7_core,2494.0
1395.0,-150.0,-5.0,MCF7_core,2494.0
1395.0,-150.0,10.0,MCF7_core,2494.0
1395.0,-135.0,-20.0,MCF7_core,2494.0
1395.0,-135.0,-5.0,MCF7_core,2494.0
1395.0,-135.0,10.0,MCF7_core,2494.0
1395.0,-120.0,-20.0,MCF7_core,2494.0
1395.0,-120.0,-5.0,MCF7_core,2494.0
1395.0,-120.0,10.0,MCF7_core,2494.0
1395.0,-105.0,-20.0,MCF7_core,2494.0
1395.0,-105.0,-5.0,MCF7_core,2494.0
1395.0,-105.0,10.0,MCF7_core,2494.0
1395.0,-90.0,-20.0,MCF7_core,2494.0
1395.0,-90.0,-5.0,MCF7_core,2494.0
1395.0,-90.0,10.0,MCF7_core,2494.0
1395.0,-75.0,-20.0,MCF7_core,2494.0
1395.0,-75.0,-5.0,MCF7_core,2494.0
1395.0,-75.0,10.0,MCF7_core,2494.0
1395.0,-60.0,-20.0,MCF7_core,2494.0
1395.0,-60.0,-5.0,MCF7_core,2494.0
1395.0,-60.0,10.0,MCF7_core,2494.0
1395.0,-45.0,-20.0,MCF7_core,2494.0
1395.0,-45.0,-5.0,MCF7_core,2494.0
1395.0,-45.0,10.0,MCF7_core,2494.0
1395.0,-30.0,-20.0,MCF7_core,2494.0
1395.0,-30.0,-5.0,MCF7_core,2494.0
1395.0,-30.0,10.0,MCF7_core,2494.0
1395.0,-15.0,-20.0,MCF7_core,2494.0
1395.0,-15.0,-5.0,MCF7_core,2494.0
1395.0,-15.0,10.0,MCF7_core,2494.0
1395.0,0.0,-20.0,MCF7_core,2494.0
1395.0,0.0,-5.0,MCF7_core,2494.0
1395.0,0.0,10.0,MCF7_core,2494.0
1395.0,15.0,-20.0,MCF7_core,2494.0
1395.0,15.0,-5.0,MCF7_core,2494.0
1395.0,15.0,10.0,MCF7_core,2494.0
1395.0,30.0,-20.0,MCF7_core,2494.0
1395.0,30.0,-5.0,MCF7_core,2494.0
1395.0,30.0,10.0,MCF7_core,2494.0
1395.0,45.0,-20.0,MCF7_core,2494.0
1395.0,45.0,-5.0,MCF7_core,2494.0
1395.0,45.0,10.0,MCF7_core,2494.0
1395.0,60.0,-20.0,MCF7_core,2494.0
1395.0,60.0,-5.0,MCF7_core,2494.0
1395.0,60.0,10.0,MCF7_core,2494.0
1395.0,75.0,-20.0,MCF7_core,2494.0
1395.0,75.0,-5.0,MCF7_core,2494.0
1395.0,75.0,10.0,MCF7_core,2494.0
1395.0,90.0,-20.0,MCF7_core,2494.0
1395.0,90.0,-5.0,MCF7_core,2494.0
1395.0,90.0,10.0,MCF7_core,2494.0
1395.0,105.0,-20.0,MCF7_core,2494.0
1395.0,105.0,-5.0,MCF7_core,2494.0
1395.0,105.0,10.0,MCF7_core,2494.0
1395.0,120.0,-20.0,MCF7_core,2494.0
1395.0,120.0,-5.0,MCF7_core,2494.0
1395.0,120.0,10.0,MCF7_core,2494.0
1395.0,135.0,-20.0,MCF7_core,2494.0
1395.0,135.0,-5.0,MCF7_core,2494.0
1395.0,135.0,10.0,MCF7_core,2494.0
1395.0,150.0,-20.0,MCF7_core,2494.0
1395.0,150.0,-5.0,MCF7_core,2494.0
1395.0,150.0,10.0,MCF7_core,2494.0
1410.0,-150.0,-20.0,MCF7_core,2494.0
1410.0,-150.0,-5.0,MCF7_core,2494.0
1410.0,-150.0,10.0,MCF7_core,2494.0
1410.0,-135.0,-20.0,MCF7_core,2494.0
1410.0,-135.0,-5.0,MCF7_core,2494.0
1410.0,-135.0,10.0,MCF7_core,2494.0
1410.0,-120.0,-20.0,MCF7_core,2494.0
1410.0,-120.0,-5.0,MCF7_core,2494.0
1410.0,-120.0,10.0,MCF7_core,2494.0
1410.0,-105.0,-20.0,MCF7_core,2494.0
1410.0,-105.0,-5.0,MCF7_core,2494.0
1410.0,-105.0,10.0,MCF7_core,2494.0
1410.0,-90.0,-20.0,MCF7_core,2494.0
1410.0,-90.0,-5.0,MCF7_core,2494.0
1410.0,-90.0,10.0,MCF7_core,2494.0
1410.0,-75.0,-20.0,MCF7_core,2494.0
1410.0,-75.0,-5.0,MCF7_core,2494.0
1410.0,-75.0,10.0,MCF7_core,2494.0
1410.0,-60.0,-20.0,MCF7_core,2494.0
1410.0,-60.0,-5.0,MCF7_core,2494.0
1410.0,-60.0,10.0,MCF7_core,2494.0
1410.0,-45.0,-20.0,MCF7_core,2494.0
1410.0,-45.0,-5.0,MCF7_core,2494.0
1410.0,-45.0,10.0,MCF7_core,2494.0
1410.0,-30.0,-20.0,MCF7_core,2494.0
1410.0,-30.0,-5.0,MCF7_core,2494.0
1410.0,-30.0,10.0,MCF7_core,2494.0
1410.0,-15.0,-20.0,MCF7_core,2494.0
1410.0,-15.0,-5.0,MCF7_core,2494.0
1410.0,-15.0,10.0,MCF7_core,2494.0
1410.0,0.0,-20.0,MCF7_core,2494.0
1410.0,0.0,-5.0,MCF7_core,2494.0
1410.0,0.0,10.0,MCF7_core,2494.0
1410.0,15.0,-20.0,MCF7_core,2494.0
1410.0,15.0,-5.0,MCF7_core,2494.0
1410.0,15.0,10.0,MCF7_core,2494.0
1410.0,30.0,-20.0,MCF7_core,2494.0
1410.0,30.0,-5.0,MCF7_core,2494.0
1410.0,30.0,10.0,MCF7_core,2494.0
1410.0,45.0,-20.0,MCF7_core,2494.0
1410.0,45.0,-5.0,MCF7_core,2494.0
1410.0,45.0,10.0,MCF7_core,2494.0
1410.0,60.0,-20.0,MCF7_core,2494.0
1410.0,60.0,-5.0,MCF7_core,2494.0
1410.0,60.0,10.0,MCF7_core,2494.0
1410.0,75.0,-20.0,MCF7_core,2494.0
1410.0,75.0,-5.0,MCF7_core,2494.0
1410.0,75.0,10.0,MCF7_core,2494.0
1410.0,90.0,-20.0,MCF7_core,2494.0
1410.0,90.0,-5.0,MCF7_core,2494.0
1410.0,90.0,10.0,MCF7_core,2494.0
1410.0,105.0,-20.0,MCF7_core,2494.0
1410.0,105.0,-5.0,MCF7_core,2494.0
1410.0,105.0,10.0,MCF7_core,2494.0
1410.0,120.0,-20.0,MCF7_core,2494.0
1410.0,120.0,-5.0,MCF7_core,2494.0
1410.0,120.0,10.0,MCF7_core,2494.0
1410.0,135.0,-20.0,MCF7_core,2494.0
1410.0,135.0,-5.0,MCF7_core,2494.0
1410.0,135.0,10.0,MCF7_core,2494.0
1410.0,150.0,-20.0,MCF7_core,2494.0
1410.0,150.0,-5.0,MCF7_core,2494.0
1410.0,150.0,10.0,MCF7_core,2494.0
1425.0,-150.0,-20.0,MCF7_core,2494.0
1425.0,-150.0,-5.0,MCF7_core,2494.0
1425.0,-150.0,10.0,MCF7_core,2494.0
1425.0,-135.0,-20.0,MCF7_core,2494.0
1425.0,-135.0,-5.0,MCF7_core,2494.0
1425.0,-135.0,10.0,MCF7_core,2494.0
1425.0,-120.0,-20.0,MCF7_core,2494.0
1425.0,-120.0,-5.0,MCF7_core,2494.0
1425.0,-120.0,10.0,MCF7_core,2494.0
1425.0,-105.0,-20.0,MCF7_core,2494.0
1425.0,-105.0,-5.0,MCF7_core,2494.0
1425.0,-105.0,10.0,MCF7_core,2494.0
1425.0,-90.0,-20.0,MCF7_core,2494.0
1425.0,-90.0,-5.0,MCF7_core,2494.0
1425.0,-90.0,10.0,MCF7_core,2494.0
1425.0,-75.0,-20.0,MCF7_core,2494.0
1425.0,-75.0,-5.0,MCF7_core,2494.0
1425.0,-75.0,10.0,MCF7_core,2494.0
1425.0,-60.0,-20.0,MCF7_core,2494.0
1425.0,-60.0,-5.0,MCF7_core,2494.0
1425.0,-60.0,10.0,MCF7_core,2494.0
1425.0,-45.0,-20.0,MCF7_core,2494.0
1425.0,-45.0,-5.0,MCF7_core,2494.0
1425.0,-45.0,10.0,MCF7_core,2494.0
1425.0,-30.0,-20.0,MCF7_core,2494.0
1425.0,-30.0,-5.0,MCF7_core,2494.0
1425.0,-30.0,10.0,MCF7_core,2494.0
1425.0,-15.0,-20.0,MCF7_core,2494.0
1425.0,-15.0,-5.0,MCF7_core,2494.0
1425.0,-15.0,10.0,MCF7_core,2494.0
1425.0,0.0,-20.0,MCF7_core,2494.0
1425.0,0.0,-5.0,MCF7_core,2494.0
1425.0,0.0,10.0,MCF7_core,2494.0
1425.0,15.0,-20.0,MCF7_core,2494.0
1425.0,15.0,-5.0,MCF7_core,2494.0
1425.0,15.0,10.0,MCF7_core,2494.0
1425.0,30.0,-20.0,MCF7_core,2494.0
1425.0,30.0,-5.0,MCF7_core,2494.0
1425.0,30.0,10.0,MCF7_core,2494.0
1425.0,45.0,-20.0,MCF7_core,2494.0
1425.0,45.0,-5.0,MCF7_core,2494.0
1425.0,45.0,10.0,MCF7_core,2494.0
1425.0,60.0,-20.0,MCF7_core,2494.0
1425.0,60.0,-5.0,MCF7_core,2494.0
1425.0,60.0,10.0,MCF7_core,2494.0
1425.0,75.0,-20.0,MCF7_core,2494.0
1425.0,75.0,-5.0,MCF7_core,2494.0
1425.0,75.0,10.0,MCF7_core,2494.0
1425.0,90.0,-20.0,MCF7_core,2494.0
1425.0,90.0,-5.0,MCF7_core,2494.0
1425.0,90.0,10.0,MCF7_core,2494.0
1425.0,105.0,-20.0,MCF7_core,2494.0
1425.0,105.0,-5.0,MCF7_core,2494.0
1425.0,105.0,10.0,MCF7_core,2494.0
1425.0,120.0,-20.0,MCF7_core,2494.0
1425.0,120.0,-5.0,MCF7_core,2494.0
1425.0,120.0,10.0,MCF7_core,2494.0
1425.0,135.0,-20.0,MCF7_core,2494.0
1425.0,135.0,-5.0,MCF7_core,2494.0
1425.0,135.0,10.0,MCF7_core,2494.0
1425.0,150.0,-20.0,MCF7_core,2494.0
1425.0,150.0,-5.0,MCF7_core,2494.0
1425.0,150.0,10.0,MCF7_core,2494.0
1440.0,-150.0,-20.0,MCF7_core,2494.0
1440.0,-150.0,-5.0,MCF7_core,2494.0
1440.0,-150.0,10.0,MCF7_core,2494.0
1440.0,-135.0,-20.0,MCF7_core,2494.0
1440.0,-135.0,-5.0,MCF7_core,2494.0
1440.0,-135.0,10.0,MCF7_core,2494.0
1440.0,-120.0,-20.0,MCF7_core,2494.0
1440.0,-120.0,-5.0,MCF7_core,2494.0
1440.0,-120.0,10.0,MCF7_core,2494.0
1440.0,-105.0,-20.0,MCF7_core,2494.0
1440.0,-105.0,-5.0,MCF7_core,2494.0
1440.0,-105.0,10.0,MCF7_core,2494.0
1440.0,-90.0,-20.0,MCF7_core,2494.0
1440.0,-90.0,-5.0,MCF7_core,2494.0
1440.0,-90.0,10.0,MCF7_core,2494.0
1440.0,-75.0,-20.0,MCF7_core,2494.0
1440.0,-75.0,-5.0,MCF7_core,2494.0
1440.0,-75.0,10.0,MCF7_core,2494.0
1440.0,-60.0,-20.0,MCF7_core,2494.0
1440.0,-60.0,-5.0,MCF7_core,2494.0
1440.0,-60.0,10.0,MCF7_core,2494.0
1440.0,-45.0,-20.0,MCF7_core,2494.0
1440.0,-45.0,-5.0,MCF7_core,2494.0
1440.0,-45.0,10.0,MCF7_core,2494.0
1440.0,-30.0,-20.0,MCF7_core,2494.0
1440.0,-30.0,-5.0,MCF7_core,2494.0
1440.0,-30.0,10.0,MCF7_core,2494.0
1440.0,-15.0,-20.0,MCF7_core,2494.0
1440.0,-15.0,-5.0,MCF7_core,2494.0
1440.0,-15.0,10.0,MCF7_core,2494.0
1440.0,0.0,-20.0,MCF7_core,2494.0
1440.0,0.0,-5.0,MCF7_core,2494.0
1440.0,0.0,10.0,MCF7_core,2494.0
1440.0,15.0,-20.0,MCF7_core,2494.0
1440.0,15.0,-5.0,MCF7_core,2494.0
1440.0,15.0,10.0,MCF7_core,2494.0
1440.0,30.0,-20.0,MCF7_core,2494.0
1440.0,30.0,-5.0,MCF7_core,2494.0
1440.0,30.0,10.0,MCF7_core,2494.0
1440.0,45.0,-20.0,MCF7_core,2494.0
1440.0,45.0,-5.0,MCF7_core,2494.0
1440.0,45.0,10.0,MCF7_core,2494.0
1440.0,60.0,-20.0,MCF7_core,2494.0
1440.0,60.0,-5.0,MCF7_core,2494.0
1440.0,60.0,10.0,MCF7_core,2494.0
1440.0,75.0,-20.0,MCF7_core,2494.0
1440.0,75.0,-5.0,MCF7_core,2494.0
1440.0,75.0,10.0,MCF7_core,2494.0
1440.0,90.0,-20.0,MCF7_core,2494.0
1440.0,90.0,-5.0,MCF7_core,2494.0
1440.0,90.0,10.0,MCF7_core,2494.0
1440.0,105.0,-20.0,MCF7_core,2494.0
1440.0,105.0,-5.0,MCF7_core,2494.0
1440.0,105.0,10.0,MCF7_core,2494.0
1440.0,120.0,-20.0,MCF7_core,2494.0
1440.0,120.0,-5.0,MCF7_core,2494.0
1440.0,120.0,10.0,MCF7_core,2494.0
1440.0,135.0,-20.0,MCF7_core,2494.0
1440.0,135.0,-5.0,MCF7_core,2494.0
1440.0,135.0,10.0,MCF7_core,2494.0
1440.0,150.0,-20.0,MCF7_core,2494.0
1440.0,150.0,-5.0,MCF7_core,2494.0
1440.0,150.0,10.0,MCF7_core,2494.0
1455.0,-150.0,-20.0,MCF7_core,2494.0
1455.0,-150.0,-5.0,MCF7_core,2494.0
1455.0,-150.0,10.0,MCF7_core,2494.0
1455.0,-135.0,-20.0,MCF7_core,2494.0
1455.0,-135.0,-5.0,MCF7_core,2494.0
1455.0,-135.0,10.0,MCF7_core,2494.0
1455.0,-120.0,-20.0,MCF7_core,2494.0
1455.0,-120.0,-5.0,MCF7_core,2494.0
1455.0,-120.0,10.0,MCF7_core,2494.0
1455.0,-105.0,-20.0,MCF7_core,2494.0
1455.0,-105.0,-5.0,MCF7_core,2494.0
1455.0,-105.0,10.0,MCF7_core,2494.0
1455.0,-90.0,-20.0,MCF7_core,2494.0
1455.0,-90.0,-5.0,MCF7_core,2494.0
1455.0,-90.0,10.0,MCF7_core,2494.0
1455.0,-75.0,-20.0,MCF7_core,2494.0
1455.0,-75.0,-5.0,MCF7_core,2494.0
1455.0,-75.0,10.0,MCF7_core,2494.0
1455.0,-60.0,-20.0,MCF7_core,2494.0
1455.0,-60.0,-5.0,MCF7_core,2494.0
1455.0,-60.0,10.0,MCF7_core,2494.0
1455.0,-45.0,-20.0,MCF7_core,2494.0
1455.0,-45.0,-5.0,MCF7_core,2494.0
1455.0,-45.0,10.0,MCF7_core,2494.0
1455.0,-30.0,-20.0,MCF7_core,2494.0
1455.0,-30.0,-5.0,MCF7_core,2494.0
1455.0,-30.0,10.0,MCF7_core,2494.0
1455.0,-15.0,-20.0,MCF7_core,2494.0
1455.0,-15.0,-5.0,MCF7_core,2494.0
1455.0,-15.0,10.0,MCF7_core,2494.0
1455.0,0.0,-20.0,MCF7_core,2494.0
1455.0,0.0,-5.0,MCF7_core,2494.0
1455.0,0.0,10.0,MCF7_core,2494.0
1455.0,15.0,-20.0,MCF7_core,2494.0
1455.0,15.0,-5.0,MCF7_core,2494.0
1455.0,15.0,10.0,MCF7_core,2494.0
1455.0,30.0,-20.0,MCF7_core,2494.0
1455.0,30.0,-5.0,MCF7_core,2494.0
1455.0,30.0,10.0,MCF7_core,2494.0
1455.0,45.0,-20.0,MCF7_core,2494.0
1455.0,45.0,-5.0,MCF7_core,2494.0
1455.0,45.0,10.0,MCF7_core,2494.0
1455.0,60.0,-20.0,MCF7_core,2494.0
1455.0,60.0,-5.0,MCF7_core,2494.0
1455.0,60.0,10.0,MCF7_core,2494.0
1455.0,75.0,-20.0,MCF7_core,2494.0
1455.0,75.0,-5.0,MCF7_core,2494.0
1455.0,75.0,10.0,MCF7_core,2494.0
1455.0,90.0,-20.0,MCF7_core,2494.0
1455.0,90.0,-5.0,MCF7_core,2494.0
1455.0,90.0,10.0,MCF7_core,2494.0
1455.0,105.0,-20.0,MCF7_core,2494.0
1455.0,105.0,-5.0,MCF7_core,2494.0
1455.0,105.0,10.0,MCF7_core,2494.0
1455.0,120.0,-20.0,MCF7_core,2494.0
1455.0,120.0,-5.0,MCF7_core,2494.0
1455.0,120.0,10.0,MCF7_core,2494.0
1455.0,135.0,-20.0,MCF7_core,2494.0
1455.0,135.0,-5.0,MCF7_core,2494.0
1455.0,135.0,10.0,MCF7_core,2494.0
1455.0,150.0,-20.0,MCF7_core,2494.0
1455.0,150.0,-5.0,MCF7_core,2494.0
1455.0,150.0,10.0,MCF7_core,2494.0
1470.0,-150.0,-20.0,MCF7_core,2494.0
1470.0,-150.0,-5.0,MCF7_core,2494.0
1470.0,-150.0,10.0,MCF7_core,2494.0
1470.0,-135.0,-20.0,MCF7_core,2494.0
1470.0,-135.0,-5.0,MCF7_core,2494.0
1470.0,-135.0,10.0,MCF7_core,2494.0
1470.0,-120.0,-20.0,MCF7_core,2494.0
1470.0,-120.0,-5.0,MCF7_core,2494.0
1470.0,-120.0,10.0,MCF7_core,2494.0
1470.0,-105.0,-20.0,MCF7_core,2494.0
1470.0,-105.0,-5.0,MCF7_core,2494.0
1470.0,-105.0,10.0,MCF7_core,2494.0
1470.0,-90.0,-20.0,MCF7_core,2494.0
1470.0,-90.0,-5.0,MCF7_core,2494.0
1470.0,-90.0,10.0,MCF7_core,2494.0
1470.0,-75.0,-20.0,MCF7_core,2494.0
1470.0,-75.0,-5.0,MCF7_core,2494.0
1470.0,-75.0,10.0,MCF7_core,2494.0
1470.0,-60.0,-20.0,MCF7_core,2494.0
1470.0,-60.0,-5.0,MCF7_core,2494.0
1470.0,-60.0,10.0,MCF7_core,2494.0
1470.0,-45.0,-20.0,MCF7_core,2494.0
1470.0,-45.0,-5.0,MCF7_core,2494.0
1470.0,-45.0,10.0,MCF7_core,2494.0
1470.0,-30.0,-20.0,MCF7_core,2494.0
1470.0,-30.0,-5.0,MCF7_core,2494.0
1470.0,-30.0,10.0,MCF7_core,2494.0
1470.0,-15.0,-20.0,MCF7_core,2494.0
1470.0,-15.0,-5.0,MCF7_core,2494.0
1470.0,-15.0,10.0,MCF7_core,2494.0
1470.0,0.0,-20.0,MCF7_core,2494.0
1470.0,0.0,-5.0,MCF7_core,2494.0
1470.0,0.0,10.0,MCF7_core,2494.0
1470.0,15.0,-20.0,MCF7_core,2494.0
1470.0,15.0,-5.0,MCF7_core,2494.0
1470.0,15.0,10.0,MCF7_core,2494.0
1470.0,30.0,-20.0,MCF7_core,2494.0
1470.0,30.0,-5.0,MCF7_core,2494.0
1470.0,30.0,10.0,MCF7_core,2494.0
1470.0,45.0,-20.0,MCF7_core,2494.0
1470.0,45.0,-5.0,MCF7_core,2494.0
1470.0,45.0,10.0,MCF7_core,2494.0
1470.0,60.0,-20.0,MCF7_core,2494.0
1470.0,60.0,-5.0,MCF7_core,2494.0
1470.0,60.0,10.0,MCF7_core,2494.0
1470.0,75.0,-20.0,MCF7_core,2494.0
1470.0,75.0,-5.0,MCF7_core,2494.0
1470.0,75.0,10.0,MCF7_core,2494.0
1470.0,90.0,-20.0,MCF7_core,2494.0
1470.0,90.0,-5.0,MCF7_core,2494.0
1470.0,90.0,10.0,MCF7_core,2494.0
1470.0,105.0,-20.0,MCF7_core,2494.0
1470.0,105.0,-5.0,MCF7_core,2494.0
1470.0,105.0,10.0,MCF7_core,2494.0
1470.0,120.0,-20.0,MCF7_core,2494.0
1470.0,120.0,-5.0,MCF7_core,2494.0
1470.0,120.0,10.0,MCF7_core,2494.0
1470.0,135.0,-20.0,MCF7_core,2494.0
1470.0,135.0,-5.0,MCF7_core,2494.0
1470.0,135.0,10.0,MCF7_core,2494.0
1470.0,150.0,-20.0,MCF7_core,2494.0
1470.0,150.0,-5.0,MCF7_core,2494.0
1470.0,150.0,10.0,MCF7_core,2494.0
1485.0,-150.0,-20.0,MCF7_core,2494.0
1485.0,-150.0,-5.0,MCF7_core,2494.0
1485.0,-150.0,10.0,MCF7_core,2494.0
1485.0,-135.0,-20.0,MCF7_core,2494.0
1485.0,-135.0,-5.0,MCF7_core,2494.0
1485.0,-135.0,10.0,MCF7_core,2494.0
1485.0,-120.0,-20.0,MCF7_core,2494.0
1485.0,-120.0,-5.0,MCF7_core,2494.0
1485.0,-120.0,10.0,MCF7_core,2494.0
1485.0,-105.0,-20.0,MCF7_core,2494.0
1485.0,-105.0,-5.0,MCF7_core,2494.0
1485.0,-105.0,10.0,MCF7_core,2494.0
1485.0,-90.0,-20.0,MCF7_core,2494.0
1485.0,-90.0,-5.0,MCF7_core,2494.0
1485.0,-90.0,10.0,MCF7_core,2494.0
1485.0,-75.0,-20.0,MCF7_core,2494.0
1485.0,-75.0,-5.0,MCF7_core,2494.0
1485.0,-75.0,10.0,MCF7_core,2494.0
1485.0,-60.0,-20.0,MCF7_core,2494.0
1485.0,-60.0,-5.0,MCF7_core,2494.0
1485.0,-60.0,10.0,MCF7_core,2494.0
1485.0,-45.0,-20.0,MCF7_core,2494.0
1485.0,-45.0,-5.0,MCF7_core,2494.0
1485.0,-45.0,10.0,MCF7_core,2494.0
1485.0,-30.0,-20.0,MCF7_core,2494.0
1485.0,-30.0,-5.0,MCF7_core,2494.0
1485.0,-30.0,10.0,MCF7_core,2494.0
1485.0,-15.0,-20.0,MCF7_core,2494.0
1485.0,-15.0,-5.0,MCF7_core,2494.0
1485.0,-15.0,10.0,MCF7_core,2494.0
1485.0,0.0,-20.0,MCF7_core,2494.0
1485.0,0.0,-5.0,MCF7_core,2494.0
1485.0,0.0,10.0,MCF7_core,2494.0
1485.0,15.0,-20.0,MCF7_core,2494.0
1485.0,15.0,-5.0,MCF7_core,2494.0
1485.0,15.0,10.0,MCF7_core,2494.0
1485.0,30.0,-20.0,MCF7_core,2494.0
1485.0,30.0,-5.0,MCF7_core,2494.0
1485.0,30.0,10.0,MCF7_core,2494.0
1485.0,45.0,-20.0,MCF7_core,2494.0
1485.0,45.0,-5.0,MCF7_core,2494.0
1485.0,45.0,10.0,MCF7_core,2494.0
1485.0,60.0,-20.0,MCF7_core,2494.0
1485.0,60.0,-5.0,MCF7_core,2494.0
1485.0,60.0,10.0,MCF7_core,2494.0
1485.0,75.0,-20.0,MCF7_core,2494.0
1485.0,75.0,-5.0,MCF7_core,2494.0
1485.0,75.0,10.0,MCF7_core,2494.0
1485.0,90.0,-20.0,MCF7_core,2494.0
1485.0,90.0,-5.0,MCF7_core,2494.0
1485.0,90.0,10.0,MCF7_core,2494.0
1485.0,105.0,-20.0,MCF7_core,2494.0
1485.0,105.0,-5.0,MCF7_core,2494.0
1485.0,105.0,10.0,MCF7_core,2494.0
1485.0,120.0,-20.0,MCF7_core,2494.0
1485.0,120.0,-5.0,MCF7_core,2494.0
1485.0,120.0,10.0,MCF7_core,2494.0
1485.0,135.0,-20.0,MCF7_core,2494.0
1485.0,135.0,-5.0,MCF7_core,2494.0
1485.0,135.0,10.0,MCF7_core,2494.0
1485.0,150.0,-20.0,MCF7_core,2494.0
1485.0,150.0,-5.0,MCF7_core,2494.0
1485.0,150.0,10.0,MCF7_core,2494.0
1500.0,-150.0,-20.0,MCF7_core,2494.0
1500.0,-150.0,-5.0,MCF7_core,2494.0
1500.0,-150.0,10.0,MCF7_core,2494.0
1500.0,-135.0,-20.0,MCF7_core,2494.0
1500.0,-135.0,-5.0,MCF7_core,2494.0
1500.0,-135.0,10.0,MCF7_core,2494.0
1500.0,-120.0,-20.0,MCF7_core,2494.0
1500.0,-120.0,-5.0,MCF7_core,2494.0
1500.0,-120.0,10.0,MCF7_core,2494.0
1500.0,-105.0,-20.0,MCF7_core,2494.0
1500.0,-105.0,-5.0,MCF7_core,2494.0
1500.0,-105.0,10.0,MCF7_core,2494.0
1500.0,-90.0,-20.0,MCF7_core,2494.0
1500.0,-90.0,-5.0,MCF7_core,2494.0
1500.0,-90.0,10.0,MCF7_core,2494.0
1500.0,-75.0,-20.0,MCF7_core,2494.0
1500.0,-75.0,-5.0,MCF7_core,2494.0
1500.0,-75.0,10.0,MCF7_core,2494.0
1500.0,-60.0,-20.0,MCF7_core,2494.0
1500.0,-60.0,-5.0,MCF7_core,2494.0
1500.0,-60.0,10.0,MCF7_core,2494.0
1500.0,-45.0,-20.0,MCF7_core,2494.0
1500.0,-45.0,-5.0,MCF7_core,2494.0
1500.0,-45.0,10.0,MCF7_core,2494.0
1500.0,-30.0,-20.0,MCF7_core,2494.0
1500.0,-30.0,-5.0,MCF7_core,2494.0
1500.0,-30.0,10.0,MCF7_core,2494.0
1500.0,-15.0,-20.0,MCF7_core,2494.0
1500.0,-15.0,-5.0,MCF7_core,2494.0
1500.0,-15.0,10.0,MCF7_core,2494.0
1500.0,0.0,-20.0,MCF7_core,2494.0
1500.0,0.0,-5.0,MCF7_core,2494.0
1500.0,0.0,10.0,MCF7_core,2494.0
1500.0,15.0,-20.0,MCF7_core,2494.0
1500.0,15.0,-5.0,MCF7_core,2494.0
1500.0,15.0,10.0,MCF7_core,2494.0
1500.0,30.0,-20.0,MCF7_core,2494.0
1500.0,30.0,-5.0,MCF7_core,2494.0
1500.0,30.0,10.0,MCF7_core,2494.0
1500.0,45.0,-20.0,MCF7_core,2494.0
1500.0,45.0,-5.0,MCF7_core,2494.0
1500.0,45.0,10.0,MCF7_core,2494.0
1500.0,60.0,-20.0,MCF7_core,2494.0
1500.0,60.0,-5.0,MCF7_core,2494.0
1500.0,60.0,10.0,MCF7_core,2494.0
1500.0,75.0,-20.0,MCF7_core,2494.0
1500.0,75.0,-5.0,MCF7_core,2494.0
1500.0,75.0,10.0,MCF7_core,2494.0
1500.0,90.0,-20.0,MCF7_core,2494.0
1500.0,90.0,-5.0,MCF7_core,2494.0
1500.0,90.0,10.0,MCF7_core,2494.0
1500.0,105.0,-20.0,MCF7_core,2494.0
1500.0,105.0,-5.0,MCF7_core,2494.0
1500.0,105.0,10.0,MCF7_core,2494.0
1500.0,120.0,-20.0,MCF7_core,2494.0
1500.0,120.0,-5.0,MCF7_core,2494.0
1500.0,120.0,10.0,MCF7_core,2494.0
1500.0,135.0,-20.0,MCF7_core,2494.0
1500.0,135.0,-5.0,MCF7_core,2494.0
1500.0,135.0,10.0,MCF7_core,2494.0
1500.0,150.0,-20.0,MCF7_core,2494.0
1500.0,150.0,-5.0,MCF7_core,2494.0
1500.0,150.0,10.0,MCF7_core,2494.0
