x,y,z,cell_type,volume
-42.667558181741406,-21.031776369885588,-90.58763975100052,MCF7_core,2836.182134855978
-42.667558181741406,-4.206355273977131,-90.58763975100052,MCF7_core,3082.4483886703656
-42.667558181741406,12.619065821931326,-90.58763975100052,MCF7_core,3272.955926701592
-42.667558181741406,29.444486917839782,-90.58763975100052,MCF7_core,3628.3593145936647
-28.096316083314075,-29.444486917839818,-90.58763975100052,MCF7_core,2913.148215145234
-28.096316083314075,-12.61906582193136,-90.58763975100052,MCF7_core,3092.758588890359
-28.096316083314075,4.206355273977097,-90.58763975100052,MCF7_core,3148.0079877891285
-28.096316083314075,21.031776369885556,-90.58763975100052,MCF7_core,3036.539578008655
-28.096316083314075,37.85719746579401,-90.58763975100052,MCF7_core,2597.8220500786915
-13.525073984886742,-37.857197465794044,-90.58763975100052,MCF7_core,3469.900676458883
-13.525073984886742,-21.031776369885588,-90.58763975100052,MCF7_core,3635.8526998040343
-13.525073984886742,-4.206355273977131,-90.58763975100052,MCF7_core,3237.4039566177307
-13.525073984886742,12.619065821931326,-90.58763975100052,MCF7_core,2867.521580491643
-13.525073984886742,29.444486917839782,-90.58763975100052,MCF7_core,2968.085767134079
-13.525073984886742,46.269908013748235,-90.58763975100052,MCF7_core,3212.147346329134
1.046168113540591,-46.26990801374827,-90.58763975100052,MCF7_core,3632.8659195941336
1.046168113540591,-29.444486917839818,-90.58763975100052,MCF7_core,3126.7438187912876
1.046168113540591,-12.61906582193136,-90.58763975100052,MCF7_core,3714.591035822853
1.046168113540591,4.206355273977097,-90.58763975100052,MCF7_core,3621.7084196890214
1.046168113540591,21.031776369885556,-90.58763975100052,MCF7_core,3101.299302056673
1.046168113540591,37.85719746579401,-90.58763975100052,MCF7_core,2581.985358958081
15.617410211967922,-37.857197465794044,-90.58763975100052,MCF7_core,2506.072955304184
15.617410211967922,-21.031776369885588,-90.58763975100052,MCF7_core,2499.8596615931683
15.617410211967922,-4.206355273977131,-90.58763975100052,MCF7_core,2779.073560707071
15.617410211967922,12.619065821931326,-90.58763975100052,MCF7_core,3628.068315521613
15.617410211967922,29.444486917839782,-90.58763975100052,MCF7_core,2887.2379577897887
15.617410211967922,46.269908013748235,-90.58763975100052,MCF7_core,3360.4152214862956
30.188652310395252,-29.444486917839818,-90.58763975100052,MCF7_core,2626.836327514041
30.188652310395252,-12.61906582193136,-90.58763975100052,MCF7_core,3521.142195824205
30.188652310395252,4.206355273977097,-90.58763975100052,MCF7_core,3354.593420774343
30.188652310395252,21.031776369885556,-90.58763975100052,MCF7_core,3272.115108062392
30.188652310395252,37.85719746579401,-90.58763975100052,MCF7_core,2635.622581256636
44.75989440882259,-21.031776369885588,-90.58763975100052,MCF7_core,3075.006101379983
44.75989440882259,-4.206355273977131,-90.58763975100052,MCF7_core,3622.17803253518
44.75989440882259,12.619065821931326,-90.58763975100052,MCF7_core,3099.7252561991277
-61.445155554145856,-29.444486917839818,-76.01639765257319,MCF7_core,2844.2297091073115
-61.445155554145856,-12.61906582193136,-76.01639765257319,MCF7_core,3615.5074284902457
-61.445155554145856,4.206355273977097,-76.01639765257319,MCF7_core,2608.0737687737474
-61.445155554145856,21.031776369885556,-76.01639765257319,MCF7_core,2726.1022419115316
-61.445155554145856,37.85719746579401,-76.01639765257319,MCF7_core,2931.3207290102287
-46.87391345571852,-54.6826185617025,-76.01639765257319,MCF7_core,2854.6594875577694
-46.87391345571852,-37.857197465794044,-76.01639765257319,MCF7_core,3598.0040747907824
-46.87391345571852,-21.031776369885588,-76.01639765257319,MCF7_core,3052.6490398079154
-46.87391345571852,-4.206355273977131,-76.01639765257319,MCF7_core,3043.729824494787
-46.87391345571852,12.619065821931326,-76.01639765257319,MCF7_core,2822.0702589008797
-46.87391345571852,29.444486917839782,-76.01639765257319,MCF7_core,3194.5245868822667
-46.87391345571852,46.269908013748235,-76.01639765257319,MCF7_core,3273.685297963694
-32.30267135729119,-63.095329109656724,-76.01639765257319,MCF7_core,2986.0640042104465
-32.30267135729119,-46.26990801374827,-76.01639765257319,MCF7_core,3488.357501747537
-32.30267135729119,-29.444486917839818,-76.01639765257319,MCF7_core,3463.928944909726
-32.30267135729119,-12.61906582193136,-76.01639765257319,MCF7_core,3120.685589168085
-32.30267135729119,4.206355273977097,-76.01639765257319,MCF7_core,3320.636795576487
-32.30267135729119,21.031776369885556,-76.01639765257319,MCF7_core,2906.174342962249
-32.30267135729119,37.85719746579401,-76.01639765257319,MCF7_core,3678.1340921754936
-32.30267135729119,54.68261856170246,-76.01639765257319,MCF7_core,3670.012265057878
-17.731429258863855,-54.6826185617025,-76.01639765257319,MCF7_core,3421.0005648008278
-17.731429258863855,-37.857197465794044,-76.01639765257319,MCF7_core,3436.846457652355
-17.731429258863855,-21.031776369885588,-76.01639765257319,MCF7_core,2525.9979198268416
-17.731429258863855,-4.206355273977131,-76.01639765257319,MCF7_core,3162.149684177178
-17.731429258863855,12.619065821931326,-76.01639765257319,MCF7_core,2872.744942357598
-17.731429258863855,29.444486917839782,-76.01639765257319,MCF7_core,3390.2170515548005
-17.731429258863855,46.269908013748235,-76.01639765257319,MCF7_core,2611.140488362051
-17.731429258863855,63.09532910965669,-76.01639765257319,MCF7_core,3535.4268986988454
-3.1601871604365233,-63.095329109656724,-76.01639765257319,MCF7_core,3357.465116364574
-3.1601871604365233,-46.26990801374827,-76.01639765257319,MCF7_core,2505.4767204691943
-3.1601871604365233,-29.444486917839818,-76.01639765257319,MCF7_core,2928.126039506178
-3.1601871604365233,-12.61906582193136,-76.01639765257319,MCF7_core,2767.5735444007364
-3.1601871604365233,4.206355273977097,-76.01639765257319,MCF7_core,2849.7014987912303
-3.1601871604365233,21.031776369885556,-76.01639765257319,MCF7_core,2891.972304566278
-3.1601871604365233,37.85719746579401,-76.01639765257319,MCF7_core,3276.8945570527044
-3.1601871604365233,54.68261856170246,-76.01639765257319,MCF7_core,3435.6255245725024
-3.1601871604365233,71.50803965761092,-76.01639765257319,MCF7_core,2577.048271152708
11.411054937990809,-71.50803965761095,-76.01639765257319,MCF7_core,3569.0466485541097
11.411054937990809,-54.6826185617025,-76.01639765257319,MCF7_core,3291.1818730536943
11.411054937990809,-37.857197465794044,-76.01639765257319,MCF7_core,3708.0240741044818
11.411054937990809,-21.031776369885588,-76.01639765257319,MCF7_core,3704.762368780025
11.411054937990809,-4.206355273977131,-76.01639765257319,MCF7_core,3117.527976732007
11.411054937990809,12.619065821931326,-76.01639765257319,MCF7_core,2682.261293435241
11.411054937990809,29.444486917839782,-76.01639765257319,MCF7_core,3532.19502527405
11.411054937990809,46.269908013748235,-76.01639765257319,MCF7_core,2657.246999171861
11.411054937990809,63.09532910965669,-76.01639765257319,MCF7_core,2958.377235737897
25.98229703641814,-63.095329109656724,-76.01639765257319,MCF7_core,3011.392086974224
25.98229703641814,-46.26990801374827,-76.01639765257319,MCF7_core,3492.5468273374254
25.98229703641814,-29.444486917839818,-76.01639765257319,MCF7_core,3182.1427520898587
25.98229703641814,-12.61906582193136,-76.01639765257319,MCF7_core,3407.594428980571
25.98229703641814,4.206355273977097,-76.01639765257319,MCF7_core,3615.1939661944334
25.98229703641814,21.031776369885556,-76.01639765257319,MCF7_core,2634.5171309150305
25.98229703641814,37.85719746579401,-76.01639765257319,MCF7_core,3385.5716191843094
25.98229703641814,54.68261856170246,-76.01639765257319,MCF7_core,3673.13391150713
40.55353913484547,-54.6826185617025,-76.01639765257319,MCF7_core,2906.057367463134
40.55353913484547,-37.857197465794044,-76.01639765257319,MCF7_core,3412.977895709131
40.55353913484547,-21.031776369885588,-76.01639765257319,MCF7_core,2938.628727399271
40.55353913484547,-4.206355273977131,-76.01639765257319,MCF7_core,2579.691490094201
40.55353913484547,12.619065821931326,-76.01639765257319,MCF7_core,2941.3240336984827
40.55353913484547,29.444486917839782,-76.01639765257319,MCF7_core,3557.526392424924
40.55353913484547,46.269908013748235,-76.01639765257319,MCF7_core,2881.130765142505
55.124781233272806,-46.26990801374827,-76.01639765257319,MCF7_core,2882.778887842883
55.124781233272806,-29.444486917839818,-76.01639765257319,MCF7_core,2524.879959553839
55.124781233272806,-12.61906582193136,-76.01639765257319,MCF7_core,3595.3927315364276
55.124781233272806,4.206355273977097,-76.01639765257319,MCF7_core,2841.4608689553593
55.124781233272806,21.031776369885556,-76.01639765257319,MCF7_core,3158.8894514316567
55.124781233272806,37.85719746579401,-76.01639765257319,MCF7_core,2666.107282148551
69.69602333170013,-4.206355273977131,-76.01639765257319,MCF7_core,3189.228754151833
69.69602333170013,12.619065821931326,-76.01639765257319,MCF7_core,2908.784297708094
-71.81004237859608,-37.857197465794044,-61.445155554145856,MCF7_core,3181.0019281770597
-71.81004237859608,-21.031776369885588,-61.445155554145856,MCF7_core,2620.23806078079
-71.81004237859608,-4.206355273977131,-61.445155554145856,MCF7_core,3183.275333635169
-71.81004237859608,12.619065821931326,-61.445155554145856,MCF7_core,3733.80325099297
-71.81004237859608,29.444486917839782,-61.445155554145856,MCF7_core,3329.9185438947034
-57.23880028016874,-63.095329109656724,-61.445155554145856,MCF7_core,3582.624563247976
-57.23880028016874,-46.26990801374827,-61.445155554145856,MCF7_core,2716.9711153800763
-57.23880028016874,-29.444486917839818,-61.445155554145856,MCF7_core,2925.826203492683
-57.23880028016874,-12.61906582193136,-61.445155554145856,MCF7_core,3557.4070296072987
-57.23880028016874,4.206355273977097,-61.445155554145856,MCF7_core,2786.70351990485
-57.23880028016874,21.031776369885556,-61.445155554145856,MCF7_core,3498.0871912469206
-57.23880028016874,37.85719746579401,-61.445155554145856,MCF7_core,2858.125684450505
-57.23880028016874,54.68261856170246,-61.445155554145856,MCF7_core,3152.4429333116937
-42.667558181741406,-71.50803965761095,-61.445155554145856,MCF7_core,3245.008410313194
-42.667558181741406,-54.6826185617025,-61.445155554145856,MCF7_core,2598.7426958405417
-42.667558181741406,-37.857197465794044,-61.445155554145856,MCF7_core,2992.3483091259095
-42.667558181741406,-21.031776369885588,-61.445155554145856,MCF7_core,3171.9701515646752
-42.667558181741406,-4.206355273977131,-61.445155554145856,MCF7_core,3395.552935687111
-42.667558181741406,12.619065821931326,-61.445155554145856,MCF7_core,2769.5694348476595
-42.667558181741406,29.444486917839782,-61.445155554145856,MCF7_core,3126.976964282981
-42.667558181741406,46.269908013748235,-61.445155554145856,MCF7_core,2936.9622815255507
-42.667558181741406,63.09532910965669,-61.445155554145856,MCF7_core,3280.6566665158043
-28.096316083314075,-79.92075020556517,-61.445155554145856,MCF7_core,2960.3018580392163
-28.096316083314075,-63.095329109656724,-61.445155554145856,MCF7_core,3117.997780413855
-28.096316083314075,-46.26990801374827,-61.445155554145856,MCF7_core,3593.2433008992193
-28.096316083314075,-29.444486917839818,-61.445155554145856,MCF7_core,2911.8306874453333
-28.096316083314075,-12.61906582193136,-61.445155554145856,MCF7_core,3056.2169499767006
-28.096316083314075,4.206355273977097,-61.445155554145856,MCF7_core,2598.528836856171
-28.096316083314075,21.031776369885556,-61.445155554145856,MCF7_core,3196.047511082612
-28.096316083314075,37.85719746579401,-61.445155554145856,MCF7_core,2572.5894653902824
-28.096316083314075,54.68261856170246,-61.445155554145856,MCF7_core,2990.9868318539898
-28.096316083314075,71.50803965761092,-61.445155554145856,MCF7_core,3294.7182420576373
-13.525073984886742,-71.50803965761095,-61.445155554145856,MCF7_core,3259.887262252496
-13.525073984886742,-54.6826185617025,-61.445155554145856,MCF7_core,3265.8325899377523
-13.525073984886742,-37.857197465794044,-61.445155554145856,MCF7_core,2871.2551728570534
-13.525073984886742,-21.031776369885588,-61.445155554145856,MCF7_core,3273.552942652397
-13.525073984886742,-4.206355273977131,-61.445155554145856,MCF7_core,2609.3944203167052
-13.525073984886742,12.619065821931326,-61.445155554145856,MCF7_core,3104.7452812367674
-13.525073984886742,29.444486917839782,-61.445155554145856,MCF7_core,3571.2292292723437
-13.525073984886742,46.269908013748235,-61.445155554145856,MCF7_core,3406.055989381866
-13.525073984886742,63.09532910965669,-61.445155554145856,MCF7_core,3696.772878339153
-13.525073984886742,79.92075020556514,-61.445155554145856,MCF7_core,2724.5321941098127
1.046168113540591,-79.92075020556517,-61.445155554145856,MCF7_core,2500.3392744777934
1.046168113540591,-63.095329109656724,-61.445155554145856,MCF7_core,2670.14520968174
1.046168113540591,-46.26990801374827,-61.445155554145856,MCF7_core,3426.3082996158437
1.046168113540591,-29.444486917839818,-61.445155554145856,MCF7_core,2748.545246816971
1.046168113540591,-12.61906582193136,-61.445155554145856,MCF7_core,2557.033359046925
1.046168113540591,4.206355273977097,-61.445155554145856,MCF7_core,3642.5404543809436
1.046168113540591,21.031776369885556,-61.445155554145856,MCF7_core,2558.1666794879197
1.046168113540591,37.85719746579401,-61.445155554145856,MCF7_core,2508.121053201068
1.046168113540591,54.68261856170246,-61.445155554145856,MCF7_core,3266.9989502641943
1.046168113540591,71.50803965761092,-61.445155554145856,MCF7_core,2547.9507250276038
15.617410211967922,-71.50803965761095,-61.445155554145856,MCF7_core,2760.659909631126
15.617410211967922,-54.6826185617025,-61.445155554145856,MCF7_core,3522.046790831884
15.617410211967922,-37.857197465794044,-61.445155554145856,MCF7_core,2636.8614212160956
15.617410211967922,-21.031776369885588,-61.445155554145856,MCF7_core,2538.194416298615
15.617410211967922,-4.206355273977131,-61.445155554145856,MCF7_core,2903.460648018835
15.617410211967922,12.619065821931326,-61.445155554145856,MCF7_core,3165.756591552984
15.617410211967922,29.444486917839782,-61.445155554145856,MCF7_core,2567.1258622655087
15.617410211967922,46.269908013748235,-61.445155554145856,MCF7_core,3567.26686918443
15.617410211967922,63.09532910965669,-61.445155554145856,MCF7_core,2750.5786989310427
15.617410211967922,79.92075020556514,-61.445155554145856,MCF7_core,2865.641820083552
30.188652310395252,-63.095329109656724,-61.445155554145856,MCF7_core,3393.3465088831954
30.188652310395252,-46.26990801374827,-61.445155554145856,MCF7_core,3476.512556633615
30.188652310395252,-29.444486917839818,-61.445155554145856,MCF7_core,3082.1373793662915
30.188652310395252,-12.61906582193136,-61.445155554145856,MCF7_core,3376.68852217494
30.188652310395252,4.206355273977097,-61.445155554145856,MCF7_core,3265.160172781061
30.188652310395252,21.031776369885556,-61.445155554145856,MCF7_core,3165.9733940863434
30.188652310395252,37.85719746579401,-61.445155554145856,MCF7_core,3490.3880835664395
30.188652310395252,54.68261856170246,-61.445155554145856,MCF7_core,3424.7543899691295
30.188652310395252,71.50803965761092,-61.445155554145856,MCF7_core,2631.292921854143
44.75989440882259,-71.50803965761095,-61.445155554145856,MCF7_core,2769.643892568977
44.75989440882259,-54.6826185617025,-61.445155554145856,MCF7_core,3610.9419849846304
44.75989440882259,-37.857197465794044,-61.445155554145856,MCF7_core,2628.3299969944846
44.75989440882259,-21.031776369885588,-61.445155554145856,MCF7_core,3410.2717445330222
44.75989440882259,-4.206355273977131,-61.445155554145856,MCF7_core,2742.007027344039
44.75989440882259,12.619065821931326,-61.445155554145856,MCF7_core,3397.5935334812766
44.75989440882259,29.444486917839782,-61.445155554145856,MCF7_core,3063.950639703332
44.75989440882259,46.269908013748235,-61.445155554145856,MCF7_core,2609.7293719271847
44.75989440882259,63.09532910965669,-61.445155554145856,MCF7_core,3289.445311284193
59.33113650724992,-46.26990801374827,-61.445155554145856,MCF7_core,3015.768536595198
59.33113650724992,-29.444486917839818,-61.445155554145856,MCF7_core,2764.5590415577635
59.33113650724992,-12.61906582193136,-61.445155554145856,MCF7_core,3006.6294770051827
59.33113650724992,4.206355273977097,-61.445155554145856,MCF7_core,3697.5076359911177
59.33113650724992,21.031776369885556,-61.445155554145856,MCF7_core,3076.3526943271368
59.33113650724992,37.85719746579401,-61.445155554145856,MCF7_core,3156.346081210316
59.33113650724992,54.68261856170246,-61.445155554145856,MCF7_core,3141.965370678234
73.90237860567724,-37.857197465794044,-61.445155554145856,MCF7_core,2978.908560467599
73.90237860567724,-21.031776369885588,-61.445155554145856,MCF7_core,2596.165128921228
73.90237860567724,-4.206355273977131,-61.445155554145856,MCF7_core,2723.5279808592677
73.90237860567724,12.619065821931326,-61.445155554145856,MCF7_core,3254.393463658119
73.90237860567724,29.444486917839782,-61.445155554145856,MCF7_core,2925.5795778079832
-90.58763975100052,-12.61906582193136,-46.87391345571852,MCF7_core,2648.0377000808467
-90.58763975100052,4.206355273977097,-46.87391345571852,MCF7_core,3278.4350880662028
-90.58763975100052,21.031776369885556,-46.87391345571852,MCF7_core,3029.592140236562
-76.01639765257319,-54.6826185617025,-46.87391345571852,MCF7_core,3531.5411972805637
-76.01639765257319,-37.857197465794044,-46.87391345571852,MCF7_core,3145.1704000159652
-76.01639765257319,-21.031776369885588,-46.87391345571852,MCF7_core,3736.1454392931
-76.01639765257319,-4.206355273977131,-46.87391345571852,MCF7_core,3007.1817492656273
-76.01639765257319,12.619065821931326,-46.87391345571852,MCF7_core,2522.2691438671477
-76.01639765257319,29.444486917839782,-46.87391345571852,MCF7_core,2549.235922478222
-76.01639765257319,46.269908013748235,-46.87391345571852,MCF7_core,2848.5326174720576
-61.445155554145856,-63.095329109656724,-46.87391345571852,MCF7_core,3127.6548061474346
-61.445155554145856,-46.26990801374827,-46.87391345571852,MCF7_core,3601.803079793511
-61.445155554145856,-29.444486917839818,-46.87391345571852,MCF7_core,3451.4140509950275
-61.445155554145856,-12.61906582193136,-46.87391345571852,MCF7_core,3585.921396311095
-61.445155554145856,4.206355273977097,-46.87391345571852,MCF7_core,3695.148005335175
-61.445155554145856,21.031776369885556,-46.87391345571852,MCF7_core,2631.146559954085
-61.445155554145856,37.85719746579401,-46.87391345571852,MCF7_core,3501.726211512625
-61.445155554145856,54.68261856170246,-46.87391345571852,MCF7_core,2840.556474930137
-46.87391345571852,-71.50803965761095,-46.87391345571852,MCF7_core,3203.088587404215
-46.87391345571852,-54.6826185617025,-46.87391345571852,MCF7_core,2860.7193275163604
-46.87391345571852,-37.857197465794044,-46.87391345571852,MCF7_core,3526.1734430939186
-46.87391345571852,-21.031776369885588,-46.87391345571852,MCF7_core,3042.06122024636
-46.87391345571852,-4.206355273977131,-46.87391345571852,MCF7_core,3116.6746762920748
-46.87391345571852,12.619065821931326,-46.87391345571852,MCF7_core,3369.5116189221853
-46.87391345571852,29.444486917839782,-46.87391345571852,MCF7_core,2517.218113573485
-46.87391345571852,46.269908013748235,-46.87391345571852,MCF7_core,2882.2405832972527
-46.87391345571852,63.09532910965669,-46.87391345571852,MCF7_core,3544.006759733207
-46.87391345571852,79.92075020556514,-46.87391345571852,MCF7_core,3005.5904336985327
-32.30267135729119,-79.92075020556517,-46.87391345571852,MCF7_core,3092.3545988878514
-32.30267135729119,-63.095329109656724,-46.87391345571852,MCF7_core,3592.3502086068193
-32.30267135729119,-46.26990801374827,-46.87391345571852,MCF7_core,2566.79839775049
-32.30267135729119,-29.444486917839818,-46.87391345571852,MCF7_core,2971.2730767243006
-32.30267135729119,-12.61906582193136,-46.87391345571852,MCF7_core,2629.5357670647963
-32.30267135729119,4.206355273977097,-46.87391345571852,MCF7_core,3457.738350471625
-32.30267135729119,21.031776369885556,-46.87391345571852,MCF7_core,3260.7579883046233
-32.30267135729119,37.85719746579401,-46.87391345571852,MCF7_core,3647.169409329049
-32.30267135729119,54.68261856170246,-46.87391345571852,MCF7_core,3658.9433411521068
-32.30267135729119,71.50803965761092,-46.87391345571852,MCF7_core,2832.598339571708
-32.30267135729119,88.33346075351938,-46.87391345571852,MCF7_core,2610.319036766175
-17.731429258863855,-88.3334607535194,-46.87391345571852,MCF7_core,3550.836441653308
-17.731429258863855,-71.50803965761095,-46.87391345571852,MCF7_core,2853.6578168428027
-17.731429258863855,-54.6826185617025,-46.87391345571852,MCF7_core,2828.812323174231
-17.731429258863855,-37.857197465794044,-46.87391345571852,MCF7_core,2747.9987860945607
-17.731429258863855,-21.031776369885588,-46.87391345571852,MCF7_core,3614.4158451715266
-17.731429258863855,-4.206355273977131,-46.87391345571852,MCF7_core,2776.402206198655
-17.731429258863855,12.619065821931326,-46.87391345571852,MCF7_core,3148.8961829828095
-17.731429258863855,29.444486917839782,-46.87391345571852,MCF7_core,2824.753196733194
-17.731429258863855,46.269908013748235,-46.87391345571852,MCF7_core,3567.0923509882423
-17.731429258863855,63.09532910965669,-46.87391345571852,MCF7_core,3444.2939027513326
-17.731429258863855,79.92075020556514,-46.87391345571852,MCF7_core,3392.1741655965798
-3.1601871604365233,-79.92075020556517,-46.87391345571852,MCF7_core,3532.527155127459
-3.1601871604365233,-63.095329109656724,-46.87391345571852,MCF7_core,2947.0990886904265
-3.1601871604365233,-46.26990801374827,-46.87391345571852,MCF7_core,3275.337725006446
-3.1601871604365233,-29.444486917839818,-46.87391345571852,MCF7_core,2770.2583125232754
-3.1601871604365233,-12.61906582193136,-46.87391345571852,MCF7_core,2768.15259500713
-3.1601871604365233,4.206355273977097,-46.87391345571852,MCF7_core,3148.007461373236
-3.1601871604365233,21.031776369885556,-46.87391345571852,MCF7_core,3412.9329393090998
-3.1601871604365233,37.85719746579401,-46.87391345571852,MCF7_core,2972.167817446363
-3.1601871604365233,54.68261856170246,-46.87391345571852,MCF7_core,2996.8395373741405
-3.1601871604365233,71.50803965761092,-46.87391345571852,MCF7_core,2564.1986551528826
-3.1601871604365233,88.33346075351938,-46.87391345571852,MCF7_core,3506.528597940504
11.411054937990809,-88.3334607535194,-46.87391345571852,MCF7_core,3683.520172630159
11.411054937990809,-71.50803965761095,-46.87391345571852,MCF7_core,3541.613905024587
11.411054937990809,-54.6826185617025,-46.87391345571852,MCF7_core,3557.618635082669
11.411054937990809,-37.857197465794044,-46.87391345571852,MCF7_core,3438.4533251791554
11.411054937990809,-21.031776369885588,-46.87391345571852,MCF7_core,3223.244655824146
11.411054937990809,-4.206355273977131,-46.87391345571852,MCF7_core,3510.3657158364904
11.411054937990809,12.619065821931326,-46.87391345571852,MCF7_core,2967.312660707077
11.411054937990809,29.444486917839782,-46.87391345571852,MCF7_core,2603.1696001686746
11.411054937990809,46.269908013748235,-46.87391345571852,MCF7_core,3323.874307326674
11.411054937990809,63.09532910965669,-46.87391345571852,MCF7_core,3311.7360149490514
11.411054937990809,79.92075020556514,-46.87391345571852,MCF7_core,3694.432076895111
25.98229703641814,-79.92075020556517,-46.87391345571852,MCF7_core,3070.856959389832
25.98229703641814,-63.095329109656724,-46.87391345571852,MCF7_core,2988.243871043065
25.98229703641814,-46.26990801374827,-46.87391345571852,MCF7_core,2898.563259565495
25.98229703641814,-29.444486917839818,-46.87391345571852,MCF7_core,2641.6607626243926
25.98229703641814,-12.61906582193136,-46.87391345571852,MCF7_core,2954.283900925706
25.98229703641814,4.206355273977097,-46.87391345571852,MCF7_core,3237.67340925704
25.98229703641814,21.031776369885556,-46.87391345571852,MCF7_core,2835.6734124830314
25.98229703641814,37.85719746579401,-46.87391345571852,MCF7_core,3468.008337494087
25.98229703641814,54.68261856170246,-46.87391345571852,MCF7_core,3354.309052848379
25.98229703641814,71.50803965761092,-46.87391345571852,MCF7_core,3024.4338038867377
25.98229703641814,88.33346075351938,-46.87391345571852,MCF7_core,3486.744355525066
40.55353913484547,-71.50803965761095,-46.87391345571852,MCF7_core,3384.6069513468265
40.55353913484547,-54.6826185617025,-46.87391345571852,MCF7_core,2980.299389174011
40.55353913484547,-37.857197465794044,-46.87391345571852,MCF7_core,3488.7043029772303
40.55353913484547,-21.031776369885588,-46.87391345571852,MCF7_core,2854.136643672312
40.55353913484547,-4.206355273977131,-46.87391345571852,MCF7_core,3152.6509177074518
40.55353913484547,12.619065821931326,-46.87391345571852,MCF7_core,3243.0870176297676
40.55353913484547,29.444486917839782,-46.87391345571852,MCF7_core,3214.036001820952
40.55353913484547,46.269908013748235,-46.87391345571852,MCF7_core,3405.7754538289737
40.55353913484547,63.09532910965669,-46.87391345571852,MCF7_core,2631.3560660193166
40.55353913484547,79.92075020556514,-46.87391345571852,MCF7_core,2861.489768758095
55.124781233272806,-63.095329109656724,-46.87391345571852,MCF7_core,3562.6065752668333
55.124781233272806,-46.26990801374827,-46.87391345571852,MCF7_core,3727.9027100675853
55.124781233272806,-29.444486917839818,-46.87391345571852,MCF7_core,3726.776770380996
55.124781233272806,-12.61906582193136,-46.87391345571852,MCF7_core,3093.2984784078913
55.124781233272806,4.206355273977097,-46.87391345571852,MCF7_core,3324.74508923349
55.124781233272806,21.031776369885556,-46.87391345571852,MCF7_core,3139.088489104417
55.124781233272806,37.85719746579401,-46.87391345571852,MCF7_core,3547.462189739037
55.124781233272806,54.68261856170246,-46.87391345571852,MCF7_core,3180.5560756432337
55.124781233272806,71.50803965761092,-46.87391345571852,MCF7_core,3396.9479248091834
69.69602333170013,-54.6826185617025,-46.87391345571852,MCF7_core,3187.613444394859
69.69602333170013,-37.857197465794044,-46.87391345571852,MCF7_core,2707.3720051907794
69.69602333170013,-21.031776369885588,-46.87391345571852,MCF7_core,2969.549225207092
69.69602333170013,-4.206355273977131,-46.87391345571852,MCF7_core,2797.453132465535
69.69602333170013,12.619065821931326,-46.87391345571852,MCF7_core,3577.263590812046
69.69602333170013,29.444486917839782,-46.87391345571852,MCF7_core,3276.5097742062403
69.69602333170013,46.269908013748235,-46.87391345571852,MCF7_core,2845.7133710209946
69.69602333170013,63.09532910965669,-46.87391345571852,MCF7_core,3438.461049878895
84.26726543012747,-29.444486917839818,-46.87391345571852,MCF7_core,3255.1247486962066
84.26726543012747,-12.61906582193136,-46.87391345571852,MCF7_core,2604.6938754869034
84.26726543012747,4.206355273977097,-46.87391345571852,MCF7_core,3298.477642889516
84.26726543012747,21.031776369885556,-46.87391345571852,MCF7_core,3641.85161103783
84.26726543012747,37.85719746579401,-46.87391345571852,MCF7_core,2667.6538889062776
-86.38128447702341,-46.26990801374827,-32.30267135729119,MCF7_core,3101.102382396706
-86.38128447702341,-29.444486917839818,-32.30267135729119,MCF7_core,3429.346708914532
-86.38128447702341,-12.61906582193136,-32.30267135729119,MCF7_core,2673.632190437379
-86.38128447702341,4.206355273977097,-32.30267135729119,MCF7_core,3046.7879637327587
-86.38128447702341,21.031776369885556,-32.30267135729119,MCF7_core,3195.0630189200647
-86.38128447702341,37.85719746579401,-32.30267135729119,MCF7_core,2850.1627213497623
-71.81004237859608,-54.6826185617025,-32.30267135729119,MCF7_core,3139.664759850359
-71.81004237859608,-37.857197465794044,-32.30267135729119,MCF7_core,3300.500628234
-71.81004237859608,-21.031776369885588,-32.30267135729119,MCF7_core,3289.900225356119
-71.81004237859608,-4.206355273977131,-32.30267135729119,MCF7_core,2901.972394528929
-71.81004237859608,12.619065821931326,-32.30267135729119,MCF7_core,3117.731840425603
-71.81004237859608,29.444486917839782,-32.30267135729119,MCF7_core,2626.0424802174834
-71.81004237859608,46.269908013748235,-32.30267135729119,MCF7_core,3161.157192206082
-71.81004237859608,63.09532910965669,-32.30267135729119,MCF7_core,2735.542881205167
-57.23880028016874,-79.92075020556517,-32.30267135729119,MCF7_core,3551.7231084865007
-57.23880028016874,-63.095329109656724,-32.30267135729119,MCF7_core,3303.8463973516864
-57.23880028016874,-46.26990801374827,-32.30267135729119,MCF7_core,2744.4774101832495
-57.23880028016874,-29.444486917839818,-32.30267135729119,MCF7_core,2689.505923780597
-57.23880028016874,-12.61906582193136,-32.30267135729119,MCF7_core,3360.209365996191
-57.23880028016874,4.206355273977097,-32.30267135729119,MCF7_core,2694.349668784226
-57.23880028016874,21.031776369885556,-32.30267135729119,MCF7_core,2547.9465870028507
-57.23880028016874,37.85719746579401,-32.30267135729119,MCF7_core,2637.336859654704
-57.23880028016874,54.68261856170246,-32.30267135729119,MCF7_core,3591.9748930525584
-57.23880028016874,71.50803965761092,-32.30267135729119,MCF7_core,3572.946136435425
-42.667558181741406,-88.3334607535194,-32.30267135729119,MCF7_core,2701.417954897651
-42.667558181741406,-71.50803965761095,-32.30267135729119,MCF7_core,2938.466262941731
-42.667558181741406,-54.6826185617025,-32.30267135729119,MCF7_core,2897.912987283178
-42.667558181741406,-37.857197465794044,-32.30267135729119,MCF7_core,3229.268644213539
-42.667558181741406,-21.031776369885588,-32.30267135729119,MCF7_core,3028.7550037375822
-42.667558181741406,-4.206355273977131,-32.30267135729119,MCF7_core,2511.2198603431134
-42.667558181741406,12.619065821931326,-32.30267135729119,MCF7_core,3420.046672768942
-42.667558181741406,29.444486917839782,-32.30267135729119,MCF7_core,3665.7743678339875
-42.667558181741406,46.269908013748235,-32.30267135729119,MCF7_core,2795.7763742094235
-42.667558181741406,63.09532910965669,-32.30267135729119,MCF7_core,3666.0513205338552
-42.667558181741406,79.92075020556514,-32.30267135729119,MCF7_core,2678.3058559544766
-28.096316083314075,-79.92075020556517,-32.30267135729119,MCF7_core,3141.685205010638
-28.096316083314075,-63.095329109656724,-32.30267135729119,MCF7_core,2612.484221748797
-28.096316083314075,-46.26990801374827,-32.30267135729119,MCF7_core,3144.212493969115
-28.096316083314075,-29.444486917839818,-32.30267135729119,MCF7_core,3126.423660444146
-28.096316083314075,-12.61906582193136,-32.30267135729119,MCF7_core,3591.6645030399773
-28.096316083314075,4.206355273977097,-32.30267135729119,MCF7_core,3425.405491557643
-28.096316083314075,21.031776369885556,-32.30267135729119,MCF7_core,2624.8845011691287
-28.096316083314075,37.85719746579401,-32.30267135729119,MCF7_core,3565.2185742613424
-28.096316083314075,54.68261856170246,-32.30267135729119,MCF7_core,3169.083545572831
-28.096316083314075,71.50803965761092,-32.30267135729119,MCF7_core,2655.9980213547506
-28.096316083314075,88.33346075351938,-32.30267135729119,MCF7_core,3674.7364107999574
-13.525073984886742,-88.3334607535194,-32.30267135729119,MCF7_core,2928.5890345650637
-13.525073984886742,-71.50803965761095,-32.30267135729119,MCF7_core,3239.0569364103953
-13.525073984886742,-54.6826185617025,-32.30267135729119,MCF7_core,3549.8221317822554
-13.525073984886742,-37.857197465794044,-32.30267135729119,MCF7_core,3541.51248855578
-13.525073984886742,-21.031776369885588,-32.30267135729119,MCF7_core,2826.233942252872
-13.525073984886742,-4.206355273977131,-32.30267135729119,MCF7_core,2911.283273939933
-13.525073984886742,12.619065821931326,-32.30267135729119,MCF7_core,3704.8966233885885
-13.525073984886742,29.444486917839782,-32.30267135729119,MCF7_core,3282.593758829482
-13.525073984886742,46.269908013748235,-32.30267135729119,MCF7_core,2540.687835455926
-13.525073984886742,63.09532910965669,-32.30267135729119,MCF7_core,3192.055563798687
-13.525073984886742,79.92075020556514,-32.30267135729119,MCF7_core,3315.705761097115
-13.525073984886742,96.7461713014736,-32.30267135729119,MCF7_core,2824.405929210935
1.046168113540591,-96.74617130147362,-32.30267135729119,MCF7_core,3525.316533988921
1.046168113540591,-79.92075020556517,-32.30267135729119,MCF7_core,2844.554596031821
1.046168113540591,-63.095329109656724,-32.30267135729119,MCF7_core,3513.30918182541
1.046168113540591,-46.26990801374827,-32.30267135729119,MCF7_core,3037.1218516773133
1.046168113540591,-29.444486917839818,-32.30267135729119,MCF7_core,2577.242849759367
1.046168113540591,-12.61906582193136,-32.30267135729119,MCF7_core,3008.4932874860065
1.046168113540591,4.206355273977097,-32.30267135729119,MCF7_core,3548.797926819526
1.046168113540591,21.031776369885556,-32.30267135729119,MCF7_core,2692.3305684369125
1.046168113540591,37.85719746579401,-32.30267135729119,MCF7_core,2892.125757789091
1.046168113540591,54.68261856170246,-32.30267135729119,MCF7_core,2718.343493645367
1.046168113540591,71.50803965761092,-32.30267135729119,MCF7_core,3053.035655573566
1.046168113540591,88.33346075351938,-32.30267135729119,MCF7_core,3566.000651289017
15.617410211967922,-88.3334607535194,-32.30267135729119,MCF7_core,2975.9286086161133
15.617410211967922,-71.50803965761095,-32.30267135729119,MCF7_core,2618.542277173328
15.617410211967922,-54.6826185617025,-32.30267135729119,MCF7_core,3508.047716155878
15.617410211967922,-37.857197465794044,-32.30267135729119,MCF7_core,3362.5999100935824
15.617410211967922,-21.031776369885588,-32.30267135729119,MCF7_core,2733.622840528327
15.617410211967922,-4.206355273977131,-32.30267135729119,MCF7_core,3326.9036596214582
15.617410211967922,12.619065821931326,-32.30267135729119,MCF7_core,2725.5688199584374
15.617410211967922,29.444486917839782,-32.30267135729119,MCF7_core,2958.570386185651
15.617410211967922,46.269908013748235,-32.30267135729119,MCF7_core,3399.229467651477
15.617410211967922,63.09532910965669,-32.30267135729119,MCF7_core,3337.4823673239152
15.617410211967922,79.92075020556514,-32.30267135729119,MCF7_core,2781.4168565490577
15.617410211967922,96.7461713014736,-32.30267135729119,MCF7_core,3106.279798242412
30.188652310395252,-79.92075020556517,-32.30267135729119,MCF7_core,3048.157841212789
30.188652310395252,-63.095329109656724,-32.30267135729119,MCF7_core,3532.2617144789774
30.188652310395252,-46.26990801374827,-32.30267135729119,MCF7_core,3107.886230480315
30.188652310395252,-29.444486917839818,-32.30267135729119,MCF7_core,2737.578268642205
30.188652310395252,-12.61906582193136,-32.30267135729119,MCF7_core,3649.33694798202
30.188652310395252,4.206355273977097,-32.30267135729119,MCF7_core,3488.9417021976637
30.188652310395252,21.031776369885556,-32.30267135729119,MCF7_core,2635.9438328480314
30.188652310395252,37.85719746579401,-32.30267135729119,MCF7_core,3467.6725503217235
30.188652310395252,54.68261856170246,-32.30267135729119,MCF7_core,2848.469551759766
30.188652310395252,71.50803965761092,-32.30267135729119,MCF7_core,2962.316050983177
30.188652310395252,88.33346075351938,-32.30267135729119,MCF7_core,2881.2184232243217
44.75989440882259,-88.3334607535194,-32.30267135729119,MCF7_core,3484.604659736263
44.75989440882259,-71.50803965761095,-32.30267135729119,MCF7_core,2739.520791573507
44.75989440882259,-54.6826185617025,-32.30267135729119,MCF7_core,2557.390923941571
44.75989440882259,-37.857197465794044,-32.30267135729119,MCF7_core,2929.9170045834876
44.75989440882259,-21.031776369885588,-32.30267135729119,MCF7_core,2975.9772354733072
44.75989440882259,-4.206355273977131,-32.30267135729119,MCF7_core,2776.470755380301
44.75989440882259,12.619065821931326,-32.30267135729119,MCF7_core,3045.51329380964
44.75989440882259,29.444486917839782,-32.30267135729119,MCF7_core,2725.2199016549416
44.75989440882259,46.269908013748235,-32.30267135729119,MCF7_core,3529.1388928795823
44.75989440882259,63.09532910965669,-32.30267135729119,MCF7_core,3037.932518880562
44.75989440882259,79.92075020556514,-32.30267135729119,MCF7_core,3164.955955365831
59.33113650724992,-79.92075020556517,-32.30267135729119,MCF7_core,3699.312242864038
59.33113650724992,-63.095329109656724,-32.30267135729119,MCF7_core,3304.525862326978
59.33113650724992,-46.26990801374827,-32.30267135729119,MCF7_core,2754.944310236771
59.33113650724992,-29.444486917839818,-32.30267135729119,MCF7_core,3168.1907052314255
59.33113650724992,-12.61906582193136,-32.30267135729119,MCF7_core,3001.0274608763916
59.33113650724992,4.206355273977097,-32.30267135729119,MCF7_core,3018.1335685696417
59.33113650724992,21.031776369885556,-32.30267135729119,MCF7_core,3075.0166200013336
59.33113650724992,37.85719746579401,-32.30267135729119,MCF7_core,2534.6704234189315
59.33113650724992,54.68261856170246,-32.30267135729119,MCF7_core,3237.8820266222037
59.33113650724992,71.50803965761092,-32.30267135729119,MCF7_core,3718.617098401637
73.90237860567724,-54.6826185617025,-32.30267135729119,MCF7_core,3293.9834700933525
73.90237860567724,-37.857197465794044,-32.30267135729119,MCF7_core,2971.378057264977
73.90237860567724,-21.031776369885588,-32.30267135729119,MCF7_core,3558.6628145914397
73.90237860567724,-4.206355273977131,-32.30267135729119,MCF7_core,2608.4912854175077
73.90237860567724,12.619065821931326,-32.30267135729119,MCF7_core,3243.7600326680194
73.90237860567724,29.444486917839782,-32.30267135729119,MCF7_core,3717.4212883825894
73.90237860567724,46.269908013748235,-32.30267135729119,MCF7_core,2520.239900747239
73.90237860567724,63.09532910965669,-32.30267135729119,MCF7_core,2542.020084904319
88.47362070410458,-46.26990801374827,-32.30267135729119,MCF7_core,2635.8506580486974
88.47362070410458,-29.444486917839818,-32.30267135729119,MCF7_core,3596.047506025852
88.47362070410458,-12.61906582193136,-32.30267135729119,MCF7_core,2786.1396677402718
88.47362070410458,4.206355273977097,-32.30267135729119,MCF7_core,3091.0398697918245
88.47362070410458,21.031776369885556,-32.30267135729119,MCF7_core,2648.2476843535346
88.47362070410458,37.85719746579401,-32.30267135729119,MCF7_core,2767.380290768494
-90.58763975100052,-46.26990801374827,-17.731429258863855,MCF7_core,3110.3853172063955
-90.58763975100052,-29.444486917839818,-17.731429258863855,MCF7_core,3015.305769035883
-90.58763975100052,-12.61906582193136,-17.731429258863855,MCF7_core,3419.7744066146774
-90.58763975100052,4.206355273977097,-17.731429258863855,MCF7_core,3261.3089553039317
-90.58763975100052,21.031776369885556,-17.731429258863855,MCF7_core,3494.98679588591
-90.58763975100052,37.85719746579401,-17.731429258863855,MCF7_core,2829.8373215689517
-76.01639765257319,-54.6826185617025,-17.731429258863855,MCF7_core,2767.7835112330035
-76.01639765257319,-37.857197465794044,-17.731429258863855,MCF7_core,2683.971647335597
-76.01639765257319,-21.031776369885588,-17.731429258863855,MCF7_core,3627.5488620158662
-76.01639765257319,-4.206355273977131,-17.731429258863855,MCF7_core,3668.841416310135
-76.01639765257319,12.619065821931326,-17.731429258863855,MCF7_core,3552.20872630544
-76.01639765257319,29.444486917839782,-17.731429258863855,MCF7_core,3248.5954411938246
-76.01639765257319,46.269908013748235,-17.731429258863855,MCF7_core,3536.028084157136
-76.01639765257319,63.09532910965669,-17.731429258863855,MCF7_core,3670.2117532932234
-61.445155554145856,-79.92075020556517,-17.731429258863855,MCF7_core,2779.328125524567
-61.445155554145856,-63.095329109656724,-17.731429258863855,MCF7_core,2956.3040119399293
-61.445155554145856,-46.26990801374827,-17.731429258863855,MCF7_core,2977.212256631295
-61.445155554145856,-29.444486917839818,-17.731429258863855,MCF7_core,3183.500842116936
-61.445155554145856,-12.61906582193136,-17.731429258863855,MCF7_core,3283.8350980460145
-61.445155554145856,4.206355273977097,-17.731429258863855,MCF7_core,2706.6940631374323
-61.445155554145856,21.031776369885556,-17.731429258863855,MCF7_core,3509.0972865837566
-61.445155554145856,37.85719746579401,-17.731429258863855,MCF7_core,3397.1003986620635
-61.445155554145856,54.68261856170246,-17.731429258863855,MCF7_core,2648.775284349996
-61.445155554145856,71.50803965761092,-17.731429258863855,MCF7_core,3686.5963935399864
-46.87391345571852,-88.3334607535194,-17.731429258863855,MCF7_core,3281.993159524158
-46.87391345571852,-71.50803965761095,-17.731429258863855,MCF7_core,2838.4059422752907
-46.87391345571852,-54.6826185617025,-17.731429258863855,MCF7_core,2921.837078722172
-46.87391345571852,-37.857197465794044,-17.731429258863855,MCF7_core,2986.439043711332
-46.87391345571852,-21.031776369885588,-17.731429258863855,MCF7_core,3248.7141881631355
-46.87391345571852,-4.206355273977131,-17.731429258863855,MCF7_core,2919.9874906888776
-46.87391345571852,12.619065821931326,-17.731429258863855,MCF7_core,3691.802894855762
-46.87391345571852,29.444486917839782,-17.731429258863855,MCF7_core,2725.8678217859565
-46.87391345571852,46.269908013748235,-17.731429258863855,MCF7_core,2643.268466277991
-46.87391345571852,63.09532910965669,-17.731429258863855,MCF7_core,3260.8292556462566
-46.87391345571852,79.92075020556514,-17.731429258863855,MCF7_core,3423.65426282874
-32.30267135729119,-96.74617130147362,-17.731429258863855,MCF7_core,3536.0480346165664
-32.30267135729119,-79.92075020556517,-17.731429258863855,MCF7_core,3703.2888784219467
-32.30267135729119,-63.095329109656724,-17.731429258863855,MCF7_core,3266.264892629967
-32.30267135729119,-46.26990801374827,-17.731429258863855,MCF7_core,3686.3618770975513
-32.30267135729119,-29.444486917839818,-17.731429258863855,MCF7_core,2506.8478489317768
-32.30267135729119,-12.61906582193136,-17.731429258863855,MCF7_core,3733.6760637202497
-32.30267135729119,4.206355273977097,-17.731429258863855,MCF7_core,3653.7676128529915
-32.30267135729119,21.031776369885556,-17.731429258863855,MCF7_core,3395.0243744040067
-32.30267135729119,37.85719746579401,-17.731429258863855,MCF7_core,2746.4246242381696
-32.30267135729119,54.68261856170246,-17.731429258863855,MCF7_core,2533.646475001643
-32.30267135729119,71.50803965761092,-17.731429258863855,MCF7_core,3334.2663029585865
-32.30267135729119,88.33346075351938,-17.731429258863855,MCF7_core,3124.2938430757868
-17.731429258863855,-88.3334607535194,-17.731429258863855,MCF7_core,3163.536820174154
-17.731429258863855,-71.50803965761095,-17.731429258863855,MCF7_core,2497.413105576088
-17.731429258863855,-54.6826185617025,-17.731429258863855,MCF7_core,3082.733175310721
-17.731429258863855,-37.857197465794044,-17.731429258863855,MCF7_core,3686.7937362589046
-17.731429258863855,-21.031776369885588,-17.731429258863855,MCF7_core,3159.8619110421664
-17.731429258863855,-4.206355273977131,-17.731429258863855,MCF7_core,3611.8611098150686
-17.731429258863855,12.619065821931326,-17.731429258863855,MCF7_core,2827.603925036109
-17.731429258863855,29.444486917839782,-17.731429258863855,MCF7_core,2873.932000429614
-17.731429258863855,46.269908013748235,-17.731429258863855,MCF7_core,3010.125944310017
-17.731429258863855,63.09532910965669,-17.731429258863855,MCF7_core,3273.966096125285
-17.731429258863855,79.92075020556514,-17.731429258863855,MCF7_core,3113.763587066617
-17.731429258863855,96.7461713014736,-17.731429258863855,MCF7_core,3458.3979304797667
-3.1601871604365233,-96.74617130147362,-17.731429258863855,MCF7_core,3247.250636688018
-3.1601871604365233,-79.92075020556517,-17.731429258863855,MCF7_core,2922.631212157947
-3.1601871604365233,-63.095329109656724,-17.731429258863855,MCF7_core,3350.117856251034
-3.1601871604365233,-46.26990801374827,-17.731429258863855,MCF7_core,2714.4649653433435
-3.1601871604365233,-29.444486917839818,-17.731429258863855,MCF7_core,3515.5116028727607
-3.1601871604365233,-12.61906582193136,-17.731429258863855,MCF7_core,3530.9708925840564
-3.1601871604365233,4.206355273977097,-17.731429258863855,MCF7_core,2590.9157430589994
-3.1601871604365233,21.031776369885556,-17.731429258863855,MCF7_core,2920.0999556319653
-3.1601871604365233,37.85719746579401,-17.731429258863855,MCF7_core,2961.5492257729516
-3.1601871604365233,54.68261856170246,-17.731429258863855,MCF7_core,3072.4651904907582
-3.1601871604365233,71.50803965761092,-17.731429258863855,MCF7_core,2495.1440796260317
-3.1601871604365233,88.33346075351938,-17.731429258863855,MCF7_core,2797.510746142136
11.411054937990809,-88.3334607535194,-17.731429258863855,MCF7_core,3347.8915967686344
11.411054937990809,-71.50803965761095,-17.731429258863855,MCF7_core,3683.9855245176977
11.411054937990809,-54.6826185617025,-17.731429258863855,MCF7_core,3056.184245589834
11.411054937990809,-37.857197465794044,-17.731429258863855,MCF7_core,3182.2330863795796
11.411054937990809,-21.031776369885588,-17.731429258863855,MCF7_core,3217.548722319897
11.411054937990809,-4.206355273977131,-17.731429258863855,MCF7_core,3290.5471901169576
11.411054937990809,12.619065821931326,-17.731429258863855,MCF7_core,2506.4877210238733
11.411054937990809,29.444486917839782,-17.731429258863855,MCF7_core,3009.353842761889
11.411054937990809,46.269908013748235,-17.731429258863855,MCF7_core,2521.9454788056246
11.411054937990809,63.09532910965669,-17.731429258863855,MCF7_core,2971.7236646654187
11.411054937990809,79.92075020556514,-17.731429258863855,MCF7_core,2496.310488632887
11.411054937990809,96.7461713014736,-17.731429258863855,MCF7_core,3460.8817421207186
25.98229703641814,-96.74617130147362,-17.731429258863855,MCF7_core,2583.960714940263
25.98229703641814,-79.92075020556517,-17.731429258863855,MCF7_core,3546.8149617189197
25.98229703641814,-63.095329109656724,-17.731429258863855,MCF7_core,3146.701642899778
25.98229703641814,-46.26990801374827,-17.731429258863855,MCF7_core,3446.982305241998
25.98229703641814,-29.444486917839818,-17.731429258863855,MCF7_core,2700.006962478949
25.98229703641814,-12.61906582193136,-17.731429258863855,MCF7_core,2778.941813020262
25.98229703641814,4.206355273977097,-17.731429258863855,MCF7_core,2913.1359298635725
25.98229703641814,21.031776369885556,-17.731429258863855,MCF7_core,2978.996005385854
25.98229703641814,37.85719746579401,-17.731429258863855,MCF7_core,3048.228306191494
25.98229703641814,54.68261856170246,-17.731429258863855,MCF7_core,3492.0440541569105
25.98229703641814,71.50803965761092,-17.731429258863855,MCF7_core,3715.1987438709048
25.98229703641814,88.33346075351938,-17.731429258863855,MCF7_core,3667.632368762814
40.55353913484547,-88.3334607535194,-17.731429258863855,MCF7_core,2802.3481815257505
40.55353913484547,-71.50803965761095,-17.731429258863855,MCF7_core,3322.387428025574
40.55353913484547,-54.6826185617025,-17.731429258863855,MCF7_core,2788.2959713179207
40.55353913484547,-37.857197465794044,-17.731429258863855,MCF7_core,3177.042366009984
40.55353913484547,-21.031776369885588,-17.731429258863855,MCF7_core,2598.561289573538
40.55353913484547,-4.206355273977131,-17.731429258863855,MCF7_core,2792.7184779804484
40.55353913484547,12.619065821931326,-17.731429258863855,MCF7_core,3420.926652024214
40.55353913484547,29.444486917839782,-17.731429258863855,MCF7_core,3115.5357309355427
40.55353913484547,46.269908013748235,-17.731429258863855,MCF7_core,3628.5867850705536
40.55353913484547,63.09532910965669,-17.731429258863855,MCF7_core,3508.8714422525086
40.55353913484547,79.92075020556514,-17.731429258863855,MCF7_core,2593.5331231969426
55.124781233272806,-79.92075020556517,-17.731429258863855,MCF7_core,2924.5065398337624
55.124781233272806,-63.095329109656724,-17.731429258863855,MCF7_core,3288.4240604554034
55.124781233272806,-46.26990801374827,-17.731429258863855,MCF7_core,2982.183292546405
55.124781233272806,-29.444486917839818,-17.731429258863855,MCF7_core,3737.4598123676415
55.124781233272806,-12.61906582193136,-17.731429258863855,MCF7_core,3595.845210588054
55.124781233272806,4.206355273977097,-17.731429258863855,MCF7_core,2731.94882343418
55.124781233272806,21.031776369885556,-17.731429258863855,MCF7_core,2845.256179831257
55.124781233272806,37.85719746579401,-17.731429258863855,MCF7_core,3584.5123080707376
55.124781233272806,54.68261856170246,-17.731429258863855,MCF7_core,2882.3233538206464
55.124781233272806,71.50803965761092,-17.731429258863855,MCF7_core,2637.05821811019
69.69602333170013,-71.50803965761095,-17.731429258863855,MCF7_core,3602.020767304878
69.69602333170013,-54.6826185617025,-17.731429258863855,MCF7_core,3417.0257692467467
69.69602333170013,-37.857197465794044,-17.731429258863855,MCF7_core,3249.720654629854
69.69602333170013,-21.031776369885588,-17.731429258863855,MCF7_core,3259.2878300357543
69.69602333170013,-4.206355273977131,-17.731429258863855,MCF7_core,3297.340732315945
69.69602333170013,12.619065821931326,-17.731429258863855,MCF7_core,3450.232253604296
69.69602333170013,29.444486917839782,-17.731429258863855,MCF7_core,2834.7898646825943
69.69602333170013,46.269908013748235,-17.731429258863855,MCF7_core,2692.6161659609747
69.69602333170013,63.09532910965669,-17.731429258863855,MCF7_core,2829.594474553197
84.26726543012747,-46.26990801374827,-17.731429258863855,MCF7_core,3197.351470887115
84.26726543012747,-29.444486917839818,-17.731429258863855,MCF7_core,3586.0734344421226
84.26726543012747,-12.61906582193136,-17.731429258863855,MCF7_core,2953.4387403929186
84.26726543012747,4.206355273977097,-17.731429258863855,MCF7_core,3076.9707376796787
84.26726543012747,21.031776369885556,-17.731429258863855,MCF7_core,2866.232947748398
84.26726543012747,37.85719746579401,-17.731429258863855,MCF7_core,3301.08615712789
84.26726543012747,54.68261856170246,-17.731429258863855,MCF7_core,3640.1183909898245
98.8385075285548,-21.031776369885588,-17.731429258863855,MCF7_core,3235.4262036899518
98.8385075285548,-4.206355273977131,-17.731429258863855,MCF7_core,3199.205469975558
98.8385075285548,12.619065821931326,-17.731429258863855,MCF7_core,3635.232417273459
98.8385075285548,29.444486917839782,-17.731429258863855,MCF7_core,2601.839160546473
-100.95252657545075,-21.031776369885588,-3.1601871604365233,MCF7_core,3450.1505798084254
-100.95252657545075,-4.206355273977131,-3.1601871604365233,MCF7_core,2800.0973531941445
-100.95252657545075,12.619065821931326,-3.1601871604365233,MCF7_core,3417.9209279792176
-86.38128447702341,-46.26990801374827,-3.1601871604365233,MCF7_core,2905.727220406183
-86.38128447702341,-29.444486917839818,-3.1601871604365233,MCF7_core,2908.308011602023
-86.38128447702341,-12.61906582193136,-3.1601871604365233,MCF7_core,3620.126491490455
-86.38128447702341,4.206355273977097,-3.1601871604365233,MCF7_core,3020.907230091256
-86.38128447702341,21.031776369885556,-3.1601871604365233,MCF7_core,3506.0065153638316
-86.38128447702341,37.85719746579401,-3.1601871604365233,MCF7_core,3305.6621354603512
-86.38128447702341,54.68261856170246,-3.1601871604365233,MCF7_core,3123.6208391789887
-71.81004237859608,-71.50803965761095,-3.1601871604365233,MCF7_core,2964.7097293904962
-71.81004237859608,-54.6826185617025,-3.1601871604365233,MCF7_core,3088.57955999095
-71.81004237859608,-37.857197465794044,-3.1601871604365233,MCF7_core,3159.0176767523462
-71.81004237859608,-21.031776369885588,-3.1601871604365233,MCF7_core,3367.6120091179446
-71.81004237859608,-4.206355273977131,-3.1601871604365233,MCF7_core,3665.08658597716
-71.81004237859608,12.619065821931326,-3.1601871604365233,MCF7_core,2970.822457542988
-71.81004237859608,29.444486917839782,-3.1601871604365233,MCF7_core,3147.1034018423793
-71.81004237859608,46.269908013748235,-3.1601871604365233,MCF7_core,3329.7699855940155
-71.81004237859608,63.09532910965669,-3.1601871604365233,MCF7_core,3207.456328543297
-57.23880028016874,-79.92075020556517,-3.1601871604365233,MCF7_core,3206.526174805226
-57.23880028016874,-63.095329109656724,-3.1601871604365233,MCF7_core,2831.2592739304546
-57.23880028016874,-46.26990801374827,-3.1601871604365233,MCF7_core,3462.809510768991
-57.23880028016874,-29.444486917839818,-3.1601871604365233,MCF7_core,2646.620267038324
-57.23880028016874,-12.61906582193136,-3.1601871604365233,MCF7_core,3519.6493514524773
-57.23880028016874,4.206355273977097,-3.1601871604365233,MCF7_core,2576.292416504771
-57.23880028016874,21.031776369885556,-3.1601871604365233,MCF7_core,3631.1304037657437
-57.23880028016874,37.85719746579401,-3.1601871604365233,MCF7_core,3731.1798597272755
-57.23880028016874,54.68261856170246,-3.1601871604365233,MCF7_core,3116.1786955198145
-57.23880028016874,71.50803965761092,-3.1601871604365233,MCF7_core,2672.185136743218
-42.667558181741406,-88.3334607535194,-3.1601871604365233,MCF7_core,3656.1824240140895
-42.667558181741406,-71.50803965761095,-3.1601871604365233,MCF7_core,2569.54512926362
-42.667558181741406,-54.6826185617025,-3.1601871604365233,MCF7_core,3199.5587836127447
-42.667558181741406,-37.857197465794044,-3.1601871604365233,MCF7_core,2995.8656893990988
-42.667558181741406,-21.031776369885588,-3.1601871604365233,MCF7_core,3513.5861759112927
-42.667558181741406,-4.206355273977131,-3.1601871604365233,MCF7_core,2991.149455056051
-42.667558181741406,12.619065821931326,-3.1601871604365233,MCF7_core,3104.922869515265
-42.667558181741406,29.444486917839782,-3.1601871604365233,MCF7_core,2609.792914404842
-42.667558181741406,46.269908013748235,-3.1601871604365233,MCF7_core,3334.845593084401
-42.667558181741406,63.09532910965669,-3.1601871604365233,MCF7_core,3724.5598820899486
-42.667558181741406,79.92075020556514,-3.1601871604365233,MCF7_core,3588.7117449655407
-28.096316083314075,-96.74617130147362,-3.1601871604365233,MCF7_core,2933.3172880037473
-28.096316083314075,-79.92075020556517,-3.1601871604365233,MCF7_core,3532.7947921534806
-28.096316083314075,-63.095329109656724,-3.1601871604365233,MCF7_core,3260.167461079239
-28.096316083314075,-46.26990801374827,-3.1601871604365233,MCF7_core,3303.7608788345447
-28.096316083314075,-29.444486917839818,-3.1601871604365233,MCF7_core,3334.2163726262074
-28.096316083314075,-12.61906582193136,-3.1601871604365233,MCF7_core,2601.0008038696164
-28.096316083314075,4.206355273977097,-3.1601871604365233,MCF7_core,2563.030238438375
-28.096316083314075,21.031776369885556,-3.1601871604365233,MCF7_core,2524.8961072485367
-28.096316083314075,37.85719746579401,-3.1601871604365233,MCF7_core,2514.7967445782497
-28.096316083314075,54.68261856170246,-3.1601871604365233,MCF7_core,3167.9481546004063
-28.096316083314075,71.50803965761092,-3.1601871604365233,MCF7_core,3441.963022048098
-28.096316083314075,88.33346075351938,-3.1601871604365233,MCF7_core,3528.6074131662535
-13.525073984886742,-88.3334607535194,-3.1601871604365233,MCF7_core,3043.461182584532
-13.525073984886742,-71.50803965761095,-3.1601871604365233,MCF7_core,3174.043208121231
-13.525073984886742,-54.6826185617025,-3.1601871604365233,MCF7_core,3030.367518949395
-13.525073984886742,-37.857197465794044,-3.1601871604365233,MCF7_core,3506.027114370284
-13.525073984886742,-21.031776369885588,-3.1601871604365233,MCF7_core,3343.100522010401
-13.525073984886742,-4.206355273977131,-3.1601871604365233,MCF7_core,2638.082938942122
-13.525073984886742,12.619065821931326,-3.1601871604365233,MCF7_core,3561.1218477337684
-13.525073984886742,29.444486917839782,-3.1601871604365233,MCF7_core,3177.6235947090163
-13.525073984886742,46.269908013748235,-3.1601871604365233,MCF7_core,3414.840502918789
-13.525073984886742,63.09532910965669,-3.1601871604365233,MCF7_core,3466.8368818078957
-13.525073984886742,79.92075020556514,-3.1601871604365233,MCF7_core,3716.750023224764
-13.525073984886742,96.7461713014736,-3.1601871604365233,MCF7_core,3103.7618129587563
1.046168113540591,-96.74617130147362,-3.1601871604365233,MCF7_core,2551.0430472757416
1.046168113540591,-79.92075020556517,-3.1601871604365233,MCF7_core,3019.3143832771766
1.046168113540591,-63.095329109656724,-3.1601871604365233,MCF7_core,3670.8437044019747
1.046168113540591,-46.26990801374827,-3.1601871604365233,MCF7_core,2751.0323283267644
1.046168113540591,-29.444486917839818,-3.1601871604365233,MCF7_core,3111.746425484668
1.046168113540591,-12.61906582193136,-3.1601871604365233,MCF7_core,3074.6638649971305
1.046168113540591,4.206355273977097,-3.1601871604365233,MCF7_core,2997.513338631011
1.046168113540591,21.031776369885556,-3.1601871604365233,MCF7_core,3416.1193783884655
1.046168113540591,37.85719746579401,-3.1601871604365233,MCF7_core,3119.05192859933
1.046168113540591,54.68261856170246,-3.1601871604365233,MCF7_core,3739.0452318330517
1.046168113540591,71.50803965761092,-3.1601871604365233,MCF7_core,3649.6915708504507
1.046168113540591,88.33346075351938,-3.1601871604365233,MCF7_core,3095.9294296981807
15.617410211967922,-88.3334607535194,-3.1601871604365233,MCF7_core,3161.015914551108
15.617410211967922,-71.50803965761095,-3.1601871604365233,MCF7_core,3270.0310826254427
15.617410211967922,-54.6826185617025,-3.1601871604365233,MCF7_core,3172.1674352942227
15.617410211967922,-37.857197465794044,-3.1601871604365233,MCF7_core,3661.23534332117
15.617410211967922,-21.031776369885588,-3.1601871604365233,MCF7_core,3356.604185604965
15.617410211967922,-4.206355273977131,-3.1601871604365233,MCF7_core,3519.4370541021663
15.617410211967922,12.619065821931326,-3.1601871604365233,MCF7_core,2776.8435942529654
15.617410211967922,29.444486917839782,-3.1601871604365233,MCF7_core,3515.1679300943774
15.617410211967922,46.269908013748235,-3.1601871604365233,MCF7_core,3528.8489364034285
15.617410211967922,63.09532910965669,-3.1601871604365233,MCF7_core,2566.9601672519393
15.617410211967922,79.92075020556514,-3.1601871604365233,MCF7_core,3583.7043420909595
15.617410211967922,96.7461713014736,-3.1601871604365233,MCF7_core,2888.6431580894205
30.188652310395252,-96.74617130147362,-3.1601871604365233,MCF7_core,3219.293951467753
30.188652310395252,-79.92075020556517,-3.1601871604365233,MCF7_core,2696.69269651123
30.188652310395252,-63.095329109656724,-3.1601871604365233,MCF7_core,3574.273172272538
30.188652310395252,-46.26990801374827,-3.1601871604365233,MCF7_core,2590.337710323177
30.188652310395252,-29.444486917839818,-3.1601871604365233,MCF7_core,2578.602439638243
30.188652310395252,-12.61906582193136,-3.1601871604365233,MCF7_core,2820.93269955709
30.188652310395252,4.206355273977097,-3.1601871604365233,MCF7_core,3113.787762769423
30.188652310395252,21.031776369885556,-3.1601871604365233,MCF7_core,2620.218116503957
30.188652310395252,37.85719746579401,-3.1601871604365233,MCF7_core,2668.596212771468
30.188652310395252,54.68261856170246,-3.1601871604365233,MCF7_core,3045.7468113494033
30.188652310395252,71.50803965761092,-3.1601871604365233,MCF7_core,3446.275275853317
30.188652310395252,88.33346075351938,-3.1601871604365233,MCF7_core,3042.9510612492345
44.75989440882259,-88.3334607535194,-3.1601871604365233,MCF7_core,3416.834948534688
44.75989440882259,-71.50803965761095,-3.1601871604365233,MCF7_core,3511.2178983031044
44.75989440882259,-54.6826185617025,-3.1601871604365233,MCF7_core,2992.812682395883
44.75989440882259,-37.857197465794044,-3.1601871604365233,MCF7_core,3205.7011808990596
44.75989440882259,-21.031776369885588,-3.1601871604365233,MCF7_core,2629.4552600651136
44.75989440882259,-4.206355273977131,-3.1601871604365233,MCF7_core,3271.4515984141526
44.75989440882259,12.619065821931326,-3.1601871604365233,MCF7_core,3371.868528480795
44.75989440882259,29.444486917839782,-3.1601871604365233,MCF7_core,3165.8904485550793
44.75989440882259,46.269908013748235,-3.1601871604365233,MCF7_core,3318.8957680704884
44.75989440882259,63.09532910965669,-3.1601871604365233,MCF7_core,2854.903848620449
44.75989440882259,79.92075020556514,-3.1601871604365233,MCF7_core,2675.395994699755
59.33113650724992,-79.92075020556517,-3.1601871604365233,MCF7_core,3538.5896759341813
59.33113650724992,-63.095329109656724,-3.1601871604365233,MCF7_core,2605.2599771885625
59.33113650724992,-46.26990801374827,-3.1601871604365233,MCF7_core,2510.3391316748402
59.33113650724992,-29.444486917839818,-3.1601871604365233,MCF7_core,2586.091239710896
59.33113650724992,-12.61906582193136,-3.1601871604365233,MCF7_core,3617.0312285431883
59.33113650724992,4.206355273977097,-3.1601871604365233,MCF7_core,3123.937243008674
59.33113650724992,21.031776369885556,-3.1601871604365233,MCF7_core,3725.7153800556002
59.33113650724992,37.85719746579401,-3.1601871604365233,MCF7_core,3372.4616580278057
59.33113650724992,54.68261856170246,-3.1601871604365233,MCF7_core,3257.068328359939
59.33113650724992,71.50803965761092,-3.1601871604365233,MCF7_core,2862.4607808651976
73.90237860567724,-71.50803965761095,-3.1601871604365233,MCF7_core,2820.7566634339814
73.90237860567724,-54.6826185617025,-3.1601871604365233,MCF7_core,2806.357263890412
73.90237860567724,-37.857197465794044,-3.1601871604365233,MCF7_core,2714.2392893723336
73.90237860567724,-21.031776369885588,-3.1601871604365233,MCF7_core,2824.5895141032333
73.90237860567724,-4.206355273977131,-3.1601871604365233,MCF7_core,2731.2731523231596
73.90237860567724,12.619065821931326,-3.1601871604365233,MCF7_core,3311.9403205958974
73.90237860567724,29.444486917839782,-3.1601871604365233,MCF7_core,2753.4411442153087
73.90237860567724,46.269908013748235,-3.1601871604365233,MCF7_core,3404.477557335456
73.90237860567724,63.09532910965669,-3.1601871604365233,MCF7_core,2759.954795159951
88.47362070410458,-46.26990801374827,-3.1601871604365233,MCF7_core,3116.8821643906267
88.47362070410458,-29.444486917839818,-3.1601871604365233,MCF7_core,2661.5429849771563
88.47362070410458,-12.61906582193136,-3.1601871604365233,MCF7_core,3144.232798733894
88.47362070410458,4.206355273977097,-3.1601871604365233,MCF7_core,3404.953106243674
88.47362070410458,21.031776369885556,-3.1601871604365233,MCF7_core,3635.823170914443
88.47362070410458,37.85719746579401,-3.1601871604365233,MCF7_core,3311.3820907162353
88.47362070410458,54.68261856170246,-3.1601871604365233,MCF7_core,2551.8363588127777
103.04486280253191,-4.206355273977131,-3.1601871604365233,MCF7_core,3407.06698002328
103.04486280253191,12.619065821931326,-3.1601871604365233,MCF7_core,3522.992216380495
-90.58763975100052,-46.26990801374827,11.411054937990809,MCF7_core,3712.531671598324
-90.58763975100052,-29.444486917839818,11.411054937990809,MCF7_core,2694.7839325167774
-90.58763975100052,-12.61906582193136,11.411054937990809,MCF7_core,3469.0605990632475
-90.58763975100052,4.206355273977097,11.411054937990809,MCF7_core,2657.8533528668177
-90.58763975100052,21.031776369885556,11.411054937990809,MCF7_core,3645.5697485495443
-90.58763975100052,37.85719746579401,11.411054937990809,MCF7_core,3252.7418740268495
-76.01639765257319,-71.50803965761095,11.411054937990809,MCF7_core,3255.6951144145655
-76.01639765257319,-54.6826185617025,11.411054937990809,MCF7_core,2666.173245103748
-76.01639765257319,-37.857197465794044,11.411054937990809,MCF7_core,2764.756788966323
-76.01639765257319,-21.031776369885588,11.411054937990809,MCF7_core,2897.852827532496
-76.01639765257319,-4.206355273977131,11.411054937990809,MCF7_core,2875.1179503715566
-76.01639765257319,12.619065821931326,11.411054937990809,MCF7_core,3006.7798645235657
-76.01639765257319,29.444486917839782,11.411054937990809,MCF7_core,2494.424428704484
-76.01639765257319,46.269908013748235,11.411054937990809,MCF7_core,3685.505436502589
-76.01639765257319,63.09532910965669,11.411054937990809,MCF7_core,3122.3499367888635
-61.445155554145856,-79.92075020556517,11.411054937990809,MCF7_core,3475.584093904295
-61.445155554145856,-63.095329109656724,11.411054937990809,MCF7_core,3214.208478730466
-61.445155554145856,-46.26990801374827,11.411054937990809,MCF7_core,3337.9247165876964
-61.445155554145856,-29.444486917839818,11.411054937990809,MCF7_core,3066.8162748465265
-61.445155554145856,-12.61906582193136,11.411054937990809,MCF7_core,3008.7208801023235
-61.445155554145856,4.206355273977097,11.411054937990809,MCF7_core,2712.9524444994263
-61.445155554145856,21.031776369885556,11.411054937990809,MCF7_core,2522.5873602475676
-61.445155554145856,37.85719746579401,11.411054937990809,MCF7_core,3677.834334121694
-61.445155554145856,54.68261856170246,11.411054937990809,MCF7_core,3185.1124758227024
-61.445155554145856,71.50803965761092,11.411054937990809,MCF7_core,3735.4245706513298
-46.87391345571852,-88.3334607535194,11.411054937990809,MCF7_core,3067.6767219516964
-46.87391345571852,-71.50803965761095,11.411054937990809,MCF7_core,2816.457781983914
-46.87391345571852,-54.6826185617025,11.411054937990809,MCF7_core,3053.792043915475
-46.87391345571852,-37.857197465794044,11.411054937990809,MCF7_core,2887.0488475984675
-46.87391345571852,-21.031776369885588,11.411054937990809,MCF7_core,3044.903916639866
-46.87391345571852,-4.206355273977131,11.411054937990809,MCF7_core,2820.41486049963
-46.87391345571852,12.619065821931326,11.411054937990809,MCF7_core,3182.4497901301083
-46.87391345571852,29.444486917839782,11.411054937990809,MCF7_core,3144.7534178919777
-46.87391345571852,46.269908013748235,11.411054937990809,MCF7_core,3367.004535461149
-46.87391345571852,63.09532910965669,11.411054937990809,MCF7_core,3369.1002413376023
-46.87391345571852,79.92075020556514,11.411054937990809,MCF7_core,3174.347597255665
-32.30267135729119,-96.74617130147362,11.411054937990809,MCF7_core,3168.1007370239968
-32.30267135729119,-79.92075020556517,11.411054937990809,MCF7_core,3310.7514923112194
-32.30267135729119,-63.095329109656724,11.411054937990809,MCF7_core,2796.4469784929306
-32.30267135729119,-46.26990801374827,11.411054937990809,MCF7_core,3024.219339286741
-32.30267135729119,-29.444486917839818,11.411054937990809,MCF7_core,2552.7663639024368
-32.30267135729119,-12.61906582193136,11.411054937990809,MCF7_core,3087.3915155493814
-32.30267135729119,4.206355273977097,11.411054937990809,MCF7_core,2779.699512567583
-32.30267135729119,21.031776369885556,11.411054937990809,MCF7_core,3054.1754336248055
-32.30267135729119,37.85719746579401,11.411054937990809,MCF7_core,2820.5240917699202
-32.30267135729119,54.68261856170246,11.411054937990809,MCF7_core,2515.9994186589374
-32.30267135729119,71.50803965761092,11.411054937990809,MCF7_core,3676.854288086719
-32.30267135729119,88.33346075351938,11.411054937990809,MCF7_core,2734.321827940349
-17.731429258863855,-88.3334607535194,11.411054937990809,MCF7_core,2978.7627520974966
-17.731429258863855,-71.50803965761095,11.411054937990809,MCF7_core,3716.0640146404057
-17.731429258863855,-54.6826185617025,11.411054937990809,MCF7_core,2753.9167372399897
-17.731429258863855,-37.857197465794044,11.411054937990809,MCF7_core,3231.717242469207
-17.731429258863855,-21.031776369885588,11.411054937990809,MCF7_core,2686.767588836442
-17.731429258863855,-4.206355273977131,11.411054937990809,MCF7_core,3502.239168243459
-17.731429258863855,12.619065821931326,11.411054937990809,MCF7_core,2657.1525655582755
-17.731429258863855,29.444486917839782,11.411054937990809,MCF7_core,3693.2761786485753
-17.731429258863855,46.269908013748235,11.411054937990809,MCF7_core,2670.7687269933945
-17.731429258863855,63.09532910965669,11.411054937990809,MCF7_core,3059.450025231099
-17.731429258863855,79.92075020556514,11.411054937990809,MCF7_core,2516.0492829662508
-17.731429258863855,96.7461713014736,11.411054937990809,MCF7_core,3071.118092686847
-3.1601871604365233,-96.74617130147362,11.411054937990809,MCF7_core,3250.5821162227744
-3.1601871604365233,-79.92075020556517,11.411054937990809,MCF7_core,3739.23430251782
-3.1601871604365233,-63.095329109656724,11.411054937990809,MCF7_core,3345.46422290376
-3.1601871604365233,-46.26990801374827,11.411054937990809,MCF7_core,3211.086959690542
-3.1601871604365233,-29.444486917839818,11.411054937990809,MCF7_core,3422.9387393517723
-3.1601871604365233,-12.61906582193136,11.411054937990809,MCF7_core,3205.6461411895766
-3.1601871604365233,4.206355273977097,11.411054937990809,MCF7_core,3421.7554200082977
-3.1601871604365233,21.031776369885556,11.411054937990809,MCF7_core,2520.2138853330166
-3.1601871604365233,37.85719746579401,11.411054937990809,MCF7_core,2693.774576815985
-3.1601871604365233,54.68261856170246,11.411054937990809,MCF7_core,2534.0192012954867
-3.1601871604365233,71.50803965761092,11.411054937990809,MCF7_core,3044.261026093326
-3.1601871604365233,88.33346075351938,11.411054937990809,MCF7_core,3092.88947896935
11.411054937990809,-88.3334607535194,11.411054937990809,MCF7_core,3373.8469237294576
11.411054937990809,-71.50803965761095,11.411054937990809,MCF7_core,3506.2393785026056
11.411054937990809,-54.6826185617025,11.411054937990809,MCF7_core,3576.6039929960116
11.411054937990809,-37.857197465794044,11.411054937990809,MCF7_core,3316.429621280205
11.411054937990809,-21.031776369885588,11.411054937990809,MCF7_core,3734.0295485072456
11.411054937990809,-4.206355273977131,11.411054937990809,MCF7_core,3722.318543647775
11.411054937990809,12.619065821931326,11.411054937990809,MCF7_core,2776.487205165516
11.411054937990809,29.444486917839782,11.411054937990809,MCF7_core,3590.084666588172
11.411054937990809,46.269908013748235,11.411054937990809,MCF7_core,3720.7532997999424
11.411054937990809,63.09532910965669,11.411054937990809,MCF7_core,3604.5295159436505
11.411054937990809,79.92075020556514,11.411054937990809,MCF7_core,3595.630886755279
11.411054937990809,96.7461713014736,11.411054937990809,MCF7_core,2625.752933851902
25.98229703641814,-96.74617130147362,11.411054937990809,MCF7_core,2522.467967435829
25.98229703641814,-79.92075020556517,11.411054937990809,MCF7_core,3360.4401059021884
25.98229703641814,-63.095329109656724,11.411054937990809,MCF7_core,3567.701102324724
25.98229703641814,-46.26990801374827,11.411054937990809,MCF7_core,2736.7188163531514
25.98229703641814,-29.444486917839818,11.411054937990809,MCF7_core,3473.9229449007667
25.98229703641814,-12.61906582193136,11.411054937990809,MCF7_core,2844.0906655723365
25.98229703641814,4.206355273977097,11.411054937990809,MCF7_core,3234.719848855698
25.98229703641814,21.031776369885556,11.411054937990809,MCF7_core,3062.8006961474644
25.98229703641814,37.85719746579401,11.411054937990809,MCF7_core,3299.304893405176
25.98229703641814,54.68261856170246,11.411054937990809,MCF7_core,3477.964369013857
25.98229703641814,71.50803965761092,11.411054937990809,MCF7_core,3629.9047614838214
25.98229703641814,88.33346075351938,11.411054937990809,MCF7_core,2836.2707785171447
40.55353913484547,-88.3334607535194,11.411054937990809,MCF7_core,3513.7998321557584
40.55353913484547,-71.50803965761095,11.411054937990809,MCF7_core,3106.6390524311337
40.55353913484547,-54.6826185617025,11.411054937990809,MCF7_core,2570.0149765828846
40.55353913484547,-37.857197465794044,11.411054937990809,MCF7_core,2555.46230780762
40.55353913484547,-21.031776369885588,11.411054937990809,MCF7_core,2757.716715765057
40.55353913484547,-4.206355273977131,11.411054937990809,MCF7_core,3414.043235032763
40.55353913484547,12.619065821931326,11.411054937990809,MCF7_core,3524.551733683208
40.55353913484547,29.444486917839782,11.411054937990809,MCF7_core,3272.1266261421397
40.55353913484547,46.269908013748235,11.411054937990809,MCF7_core,3611.915148960161
40.55353913484547,63.09532910965669,11.411054937990809,MCF7_core,3530.384296679361
40.55353913484547,79.92075020556514,11.411054937990809,MCF7_core,2926.7793468064197
55.124781233272806,-79.92075020556517,11.411054937990809,MCF7_core,2681.279284296312
55.124781233272806,-63.095329109656724,11.411054937990809,MCF7_core,3036.1824487291974
55.124781233272806,-46.26990801374827,11.411054937990809,MCF7_core,2697.3304075354176
55.124781233272806,-29.444486917839818,11.411054937990809,MCF7_core,2586.3389437282476
55.124781233272806,-12.61906582193136,11.411054937990809,MCF7_core,3493.8906647177505
55.124781233272806,4.206355273977097,11.411054937990809,MCF7_core,2624.622873777264
55.124781233272806,21.031776369885556,11.411054937990809,MCF7_core,3448.862632372469
55.124781233272806,37.85719746579401,11.411054937990809,MCF7_core,2694.0311746424522
55.124781233272806,54.68261856170246,11.411054937990809,MCF7_core,3174.6453177497315
55.124781233272806,71.50803965761092,11.411054937990809,MCF7_core,3506.4902753207375
55.124781233272806,88.33346075351938,11.411054937990809,MCF7_core,3554.0250880357494
69.69602333170013,-71.50803965761095,11.411054937990809,MCF7_core,2890.451742652554
69.69602333170013,-54.6826185617025,11.411054937990809,MCF7_core,3574.6408392801686
69.69602333170013,-37.857197465794044,11.411054937990809,MCF7_core,3120.6736235952726
69.69602333170013,-21.031776369885588,11.411054937990809,MCF7_core,3441.3611314007067
69.69602333170013,-4.206355273977131,11.411054937990809,MCF7_core,3499.6052055801265
69.69602333170013,12.619065821931326,11.411054937990809,MCF7_core,3322.2044171441166
69.69602333170013,29.444486917839782,11.411054937990809,MCF7_core,2924.9119005994166
69.69602333170013,46.269908013748235,11.411054937990809,MCF7_core,2612.0121886718603
69.69602333170013,63.09532910965669,11.411054937990809,MCF7_core,3001.42702377969
84.26726543012747,-46.26990801374827,11.411054937990809,MCF7_core,2557.092877859948
84.26726543012747,-29.444486917839818,11.411054937990809,MCF7_core,2759.861337237517
84.26726543012747,-12.61906582193136,11.411054937990809,MCF7_core,3276.4593098701307
84.26726543012747,4.206355273977097,11.411054937990809,MCF7_core,3407.5446293439472
84.26726543012747,21.031776369885556,11.411054937990809,MCF7_core,2902.3893253775127
84.26726543012747,37.85719746579401,11.411054937990809,MCF7_core,3577.478696533613
84.26726543012747,54.68261856170246,11.411054937990809,MCF7_core,3105.772403640761
98.8385075285548,-21.031776369885588,11.411054937990809,MCF7_core,3315.891261673977
98.8385075285548,-4.206355273977131,11.411054937990809,MCF7_core,2893.9871125546883
98.8385075285548,12.619065821931326,11.411054937990809,MCF7_core,3090.779948043456
98.8385075285548,29.444486917839782,11.411054937990809,MCF7_core,2746.1485198236587
-100.95252657545075,-4.206355273977131,25.98229703641814,MCF7_core,3411.043289313647
-100.95252657545075,12.619065821931326,25.98229703641814,MCF7_core,2787.4101948758375
-86.38128447702341,-46.26990801374827,25.98229703641814,MCF7_core,2691.3370709483347
-86.38128447702341,-29.444486917839818,25.98229703641814,MCF7_core,3637.607974922211
-86.38128447702341,-12.61906582193136,25.98229703641814,MCF7_core,3349.475714833448
-86.38128447702341,4.206355273977097,25.98229703641814,MCF7_core,3210.4902467691527
-86.38128447702341,21.031776369885556,25.98229703641814,MCF7_core,3533.594652220941
-86.38128447702341,37.85719746579401,25.98229703641814,MCF7_core,3025.9712311373205
-71.81004237859608,-71.50803965761095,25.98229703641814,MCF7_core,3324.227314827441
-71.81004237859608,-54.6826185617025,25.98229703641814,MCF7_core,3128.3836394224804
-71.81004237859608,-37.857197465794044,25.98229703641814,MCF7_core,2859.8702394535235
-71.81004237859608,-21.031776369885588,25.98229703641814,MCF7_core,3504.6241823655823
-71.81004237859608,-4.206355273977131,25.98229703641814,MCF7_core,3539.2495073533505
-71.81004237859608,12.619065821931326,25.98229703641814,MCF7_core,3314.819973061196
-71.81004237859608,29.444486917839782,25.98229703641814,MCF7_core,3445.319429784216
-71.81004237859608,46.269908013748235,25.98229703641814,MCF7_core,2773.2546647229187
-71.81004237859608,63.09532910965669,25.98229703641814,MCF7_core,2835.0487579132837
-57.23880028016874,-79.92075020556517,25.98229703641814,MCF7_core,2533.8947395658283
-57.23880028016874,-63.095329109656724,25.98229703641814,MCF7_core,2997.5866256488457
-57.23880028016874,-46.26990801374827,25.98229703641814,MCF7_core,2830.1843088080877
-57.23880028016874,-29.444486917839818,25.98229703641814,MCF7_core,2789.884959982438
-57.23880028016874,-12.61906582193136,25.98229703641814,MCF7_core,2655.9662092372946
-57.23880028016874,4.206355273977097,25.98229703641814,MCF7_core,2982.0305493875567
-57.23880028016874,21.031776369885556,25.98229703641814,MCF7_core,2955.6353626557393
-57.23880028016874,37.85719746579401,25.98229703641814,MCF7_core,2958.4265876642203
-57.23880028016874,54.68261856170246,25.98229703641814,MCF7_core,2656.3298310981913
-57.23880028016874,71.50803965761092,25.98229703641814,MCF7_core,2594.2542544777007
-42.667558181741406,-88.3334607535194,25.98229703641814,MCF7_core,3108.235954937105
-42.667558181741406,-71.50803965761095,25.98229703641814,MCF7_core,3543.688348748996
-42.667558181741406,-54.6826185617025,25.98229703641814,MCF7_core,2907.6013267555704
-42.667558181741406,-37.857197465794044,25.98229703641814,MCF7_core,3308.6831493252903
-42.667558181741406,-21.031776369885588,25.98229703641814,MCF7_core,3030.8684892915126
-42.667558181741406,-4.206355273977131,25.98229703641814,MCF7_core,3699.7269497773095
-42.667558181741406,12.619065821931326,25.98229703641814,MCF7_core,2845.9241366638043
-42.667558181741406,29.444486917839782,25.98229703641814,MCF7_core,3149.9915404080793
-42.667558181741406,46.269908013748235,25.98229703641814,MCF7_core,3366.2068083616964
-42.667558181741406,63.09532910965669,25.98229703641814,MCF7_core,2724.171069936786
-42.667558181741406,79.92075020556514,25.98229703641814,MCF7_core,2606.3662895570087
-28.096316083314075,-96.74617130147362,25.98229703641814,MCF7_core,2905.462251677594
-28.096316083314075,-79.92075020556517,25.98229703641814,MCF7_core,3633.265615211537
-28.096316083314075,-63.095329109656724,25.98229703641814,MCF7_core,2542.4813307729014
-28.096316083314075,-46.26990801374827,25.98229703641814,MCF7_core,3032.0220872719256
-28.096316083314075,-29.444486917839818,25.98229703641814,MCF7_core,2735.4971781287836
-28.096316083314075,-12.61906582193136,25.98229703641814,MCF7_core,2531.1171131631563
-28.096316083314075,4.206355273977097,25.98229703641814,MCF7_core,2862.319558471944
-28.096316083314075,21.031776369885556,25.98229703641814,MCF7_core,2599.8845877940935
-28.096316083314075,37.85719746579401,25.98229703641814,MCF7_core,3343.0683430378117
-28.096316083314075,54.68261856170246,25.98229703641814,MCF7_core,2690.1096920089153
-28.096316083314075,71.50803965761092,25.98229703641814,MCF7_core,3129.1665324746973
-28.096316083314075,88.33346075351938,25.98229703641814,MCF7_core,3671.3783086521707
-13.525073984886742,-88.3334607535194,25.98229703641814,MCF7_core,3276.20453803946
-13.525073984886742,-71.50803965761095,25.98229703641814,MCF7_core,3449.0029895268076
-13.525073984886742,-54.6826185617025,25.98229703641814,MCF7_core,2571.6403270403334
-13.525073984886742,-37.857197465794044,25.98229703641814,MCF7_core,3111.0210634950454
-13.525073984886742,-21.031776369885588,25.98229703641814,MCF7_core,2534.458672107246
-13.525073984886742,-4.206355273977131,25.98229703641814,MCF7_core,3547.3625141065904
-13.525073984886742,12.619065821931326,25.98229703641814,MCF7_core,3073.4780641182333
-13.525073984886742,29.444486917839782,25.98229703641814,MCF7_core,3025.9533704803134
-13.525073984886742,46.269908013748235,25.98229703641814,MCF7_core,3259.864074047473
-13.525073984886742,63.09532910965669,25.98229703641814,MCF7_core,3253.043036951597
-13.525073984886742,79.92075020556514,25.98229703641814,MCF7_core,2954.9827984476005
-13.525073984886742,96.7461713014736,25.98229703641814,MCF7_core,2827.2861460363197
1.046168113540591,-96.74617130147362,25.98229703641814,MCF7_core,2945.5429941154716
1.046168113540591,-79.92075020556517,25.98229703641814,MCF7_core,3117.304571196105
1.046168113540591,-63.095329109656724,25.98229703641814,MCF7_core,3373.0143701540314
1.046168113540591,-46.26990801374827,25.98229703641814,MCF7_core,3392.692561179467
1.046168113540591,-29.444486917839818,25.98229703641814,MCF7_core,3686.1664365444085
1.046168113540591,-12.61906582193136,25.98229703641814,MCF7_core,2630.151040874721
1.046168113540591,4.206355273977097,25.98229703641814,MCF7_core,2690.5726051334054
1.046168113540591,21.031776369885556,25.98229703641814,MCF7_core,3185.2852193475164
1.046168113540591,37.85719746579401,25.98229703641814,MCF7_core,3110.5191475510205
1.046168113540591,54.68261856170246,25.98229703641814,MCF7_core,2643.638240993661
1.046168113540591,71.50803965761092,25.98229703641814,MCF7_core,2803.7106577602426
1.046168113540591,88.33346075351938,25.98229703641814,MCF7_core,2651.870322236708
15.617410211967922,-88.3334607535194,25.98229703641814,MCF7_core,3448.7402786937846
15.617410211967922,-71.50803965761095,25.98229703641814,MCF7_core,2504.7133554730326
15.617410211967922,-54.6826185617025,25.98229703641814,MCF7_core,3016.738144249455
15.617410211967922,-37.857197465794044,25.98229703641814,MCF7_core,2687.717685208298
15.617410211967922,-21.031776369885588,25.98229703641814,MCF7_core,2676.405125770435
15.617410211967922,-4.206355273977131,25.98229703641814,MCF7_core,2531.402724199984
15.617410211967922,12.619065821931326,25.98229703641814,MCF7_core,2916.92156132051
15.617410211967922,29.444486917839782,25.98229703641814,MCF7_core,3495.8579987022213
15.617410211967922,46.269908013748235,25.98229703641814,MCF7_core,3358.6550650144345
15.617410211967922,63.09532910965669,25.98229703641814,MCF7_core,2625.137779796137
15.617410211967922,79.92075020556514,25.98229703641814,MCF7_core,3677.1255097367475
15.617410211967922,96.7461713014736,25.98229703641814,MCF7_core,3241.3046348524276
30.188652310395252,-96.74617130147362,25.98229703641814,MCF7_core,3502.200854310747
30.188652310395252,-79.92075020556517,25.98229703641814,MCF7_core,3488.635213874536
30.188652310395252,-63.095329109656724,25.98229703641814,MCF7_core,3307.4201912746116
30.188652310395252,-46.26990801374827,25.98229703641814,MCF7_core,2686.7088991065975
30.188652310395252,-29.444486917839818,25.98229703641814,MCF7_core,3530.8441547675866
30.188652310395252,-12.61906582193136,25.98229703641814,MCF7_core,3722.273406326649
30.188652310395252,4.206355273977097,25.98229703641814,MCF7_core,3203.49539280763
30.188652310395252,21.031776369885556,25.98229703641814,MCF7_core,2817.8999972095608
30.188652310395252,37.85719746579401,25.98229703641814,MCF7_core,3379.3009478934478
30.188652310395252,54.68261856170246,25.98229703641814,MCF7_core,3054.045309707107
30.188652310395252,71.50803965761092,25.98229703641814,MCF7_core,2585.188441575405
30.188652310395252,88.33346075351938,25.98229703641814,MCF7_core,3329.306307386425
44.75989440882259,-88.3334607535194,25.98229703641814,MCF7_core,2949.7295712778305
44.75989440882259,-71.50803965761095,25.98229703641814,MCF7_core,2842.856251458576
44.75989440882259,-54.6826185617025,25.98229703641814,MCF7_core,3552.1846348942454
44.75989440882259,-37.857197465794044,25.98229703641814,MCF7_core,3154.145062429087
44.75989440882259,-21.031776369885588,25.98229703641814,MCF7_core,2731.3854059932896
44.75989440882259,-4.206355273977131,25.98229703641814,MCF7_core,2857.097599293048
44.75989440882259,12.619065821931326,25.98229703641814,MCF7_core,2499.662472101194
44.75989440882259,29.444486917839782,25.98229703641814,MCF7_core,3102.5732301579524
44.75989440882259,46.269908013748235,25.98229703641814,MCF7_core,3694.9917194253603
44.75989440882259,63.09532910965669,25.98229703641814,MCF7_core,2579.1523843362174
44.75989440882259,79.92075020556514,25.98229703641814,MCF7_core,3534.417021518612
59.33113650724992,-79.92075020556517,25.98229703641814,MCF7_core,3590.687026934542
59.33113650724992,-63.095329109656724,25.98229703641814,MCF7_core,3439.0688273373285
59.33113650724992,-46.26990801374827,25.98229703641814,MCF7_core,3478.277795024372
59.33113650724992,-29.444486917839818,25.98229703641814,MCF7_core,3604.6380953029366
59.33113650724992,-12.61906582193136,25.98229703641814,MCF7_core,2503.6308367132992
59.33113650724992,4.206355273977097,25.98229703641814,MCF7_core,3401.8806039262054
59.33113650724992,21.031776369885556,25.98229703641814,MCF7_core,3483.937505805113
59.33113650724992,37.85719746579401,25.98229703641814,MCF7_core,2991.8611265186355
59.33113650724992,54.68261856170246,25.98229703641814,MCF7_core,2724.9858630305316
59.33113650724992,71.50803965761092,25.98229703641814,MCF7_core,3694.6416264074655
73.90237860567724,-54.6826185617025,25.98229703641814,MCF7_core,2569.931846276639
73.90237860567724,-37.857197465794044,25.98229703641814,MCF7_core,2716.7904707200996
73.90237860567724,-21.031776369885588,25.98229703641814,MCF7_core,3343.8941770097827
73.90237860567724,-4.206355273977131,25.98229703641814,MCF7_core,3516.4029820595533
73.90237860567724,12.619065821931326,25.98229703641814,MCF7_core,3633.772222371242
73.90237860567724,29.444486917839782,25.98229703641814,MCF7_core,3296.4026729856932
73.90237860567724,46.269908013748235,25.98229703641814,MCF7_core,3442.453754593702
73.90237860567724,63.09532910965669,25.98229703641814,MCF7_core,2728.9033229175466
88.47362070410458,-46.26990801374827,25.98229703641814,MCF7_core,2877.7822926825443
88.47362070410458,-29.444486917839818,25.98229703641814,MCF7_core,3521.999671525323
88.47362070410458,-12.61906582193136,25.98229703641814,MCF7_core,3445.082917407459
88.47362070410458,4.206355273977097,25.98229703641814,MCF7_core,3073.1007178058417
88.47362070410458,21.031776369885556,25.98229703641814,MCF7_core,3045.994291187634
88.47362070410458,37.85719746579401,25.98229703641814,MCF7_core,3420.8440159095717
-90.58763975100052,-29.444486917839818,40.55353913484547,MCF7_core,2996.963540522281
-90.58763975100052,-12.61906582193136,40.55353913484547,MCF7_core,3480.5292082980095
-90.58763975100052,4.206355273977097,40.55353913484547,MCF7_core,3269.5414609102872
-90.58763975100052,21.031776369885556,40.55353913484547,MCF7_core,2796.250365459721
-76.01639765257319,-54.6826185617025,40.55353913484547,MCF7_core,3126.9108431663576
-76.01639765257319,-37.857197465794044,40.55353913484547,MCF7_core,2800.0067603323328
-76.01639765257319,-21.031776369885588,40.55353913484547,MCF7_core,2589.5358879619484
-76.01639765257319,-4.206355273977131,40.55353913484547,MCF7_core,2842.0109373380456
-76.01639765257319,12.619065821931326,40.55353913484547,MCF7_core,3607.639640383444
-76.01639765257319,29.444486917839782,40.55353913484547,MCF7_core,3212.168200773478
-76.01639765257319,46.269908013748235,40.55353913484547,MCF7_core,3001.1315532460253
-61.445155554145856,-63.095329109656724,40.55353913484547,MCF7_core,2871.726281066549
-61.445155554145856,-46.26990801374827,40.55353913484547,MCF7_core,3594.233287369529
-61.445155554145856,-29.444486917839818,40.55353913484547,MCF7_core,3646.298770403917
-61.445155554145856,-12.61906582193136,40.55353913484547,MCF7_core,3607.418410063362
-61.445155554145856,4.206355273977097,40.55353913484547,MCF7_core,3598.902581275249
-61.445155554145856,21.031776369885556,40.55353913484547,MCF7_core,2823.282503776329
-61.445155554145856,37.85719746579401,40.55353913484547,MCF7_core,2519.0693869078755
-61.445155554145856,54.68261856170246,40.55353913484547,MCF7_core,2992.9965802562347
-61.445155554145856,71.50803965761092,40.55353913484547,MCF7_core,3497.274552396757
-46.87391345571852,-71.50803965761095,40.55353913484547,MCF7_core,3077.488126961587
-46.87391345571852,-54.6826185617025,40.55353913484547,MCF7_core,2844.7782952403722
-46.87391345571852,-37.857197465794044,40.55353913484547,MCF7_core,3489.6871160420887
-46.87391345571852,-21.031776369885588,40.55353913484547,MCF7_core,2766.8031207424337
-46.87391345571852,-4.206355273977131,40.55353913484547,MCF7_core,2694.2189097446426
-46.87391345571852,12.619065821931326,40.55353913484547,MCF7_core,3584.174097708802
-46.87391345571852,29.444486917839782,40.55353913484547,MCF7_core,2785.3322256363977
-46.87391345571852,46.269908013748235,40.55353913484547,MCF7_core,3179.005550704689
-46.87391345571852,63.09532910965669,40.55353913484547,MCF7_core,3311.622351500984
-46.87391345571852,79.92075020556514,40.55353913484547,MCF7_core,2535.8092663173948
-32.30267135729119,-79.92075020556517,40.55353913484547,MCF7_core,2910.156380506877
-32.30267135729119,-63.095329109656724,40.55353913484547,MCF7_core,2683.7963628049415
-32.30267135729119,-46.26990801374827,40.55353913484547,MCF7_core,3660.6230422945564
-32.30267135729119,-29.444486917839818,40.55353913484547,MCF7_core,2867.5829917110477
-32.30267135729119,-12.61906582193136,40.55353913484547,MCF7_core,3008.6901753231746
-32.30267135729119,4.206355273977097,40.55353913484547,MCF7_core,3304.742816649141
-32.30267135729119,21.031776369885556,40.55353913484547,MCF7_core,3471.8228902143146
-32.30267135729119,37.85719746579401,40.55353913484547,MCF7_core,3014.690158151051
-32.30267135729119,54.68261856170246,40.55353913484547,MCF7_core,2816.340657722751
-32.30267135729119,71.50803965761092,40.55353913484547,MCF7_core,3341.11214313601
-32.30267135729119,88.33346075351938,40.55353913484547,MCF7_core,3157.6451880724726
-17.731429258863855,-88.3334607535194,40.55353913484547,MCF7_core,2930.809745836001
-17.731429258863855,-71.50803965761095,40.55353913484547,MCF7_core,3615.4091500275276
-17.731429258863855,-54.6826185617025,40.55353913484547,MCF7_core,2990.8966245174797
-17.731429258863855,-37.857197465794044,40.55353913484547,MCF7_core,2989.496859134759
-17.731429258863855,-21.031776369885588,40.55353913484547,MCF7_core,2631.0444199437397
-17.731429258863855,-4.206355273977131,40.55353913484547,MCF7_core,3516.1192853200682
-17.731429258863855,12.619065821931326,40.55353913484547,MCF7_core,2703.6398938020843
-17.731429258863855,29.444486917839782,40.55353913484547,MCF7_core,3045.3170762867417
-17.731429258863855,46.269908013748235,40.55353913484547,MCF7_core,2590.8740423610925
-17.731429258863855,63.09532910965669,40.55353913484547,MCF7_core,3553.3403389752702
-17.731429258863855,79.92075020556514,40.55353913484547,MCF7_core,3192.472287123277
-3.1601871604365233,-96.74617130147362,40.55353913484547,MCF7_core,2701.6393403191364
-3.1601871604365233,-79.92075020556517,40.55353913484547,MCF7_core,3382.624304015367
-3.1601871604365233,-63.095329109656724,40.55353913484547,MCF7_core,3376.202306234854
-3.1601871604365233,-46.26990801374827,40.55353913484547,MCF7_core,2824.4030613394343
-3.1601871604365233,-29.444486917839818,40.55353913484547,MCF7_core,2691.8608907625794
-3.1601871604365233,-12.61906582193136,40.55353913484547,MCF7_core,2780.0215178094527
-3.1601871604365233,4.206355273977097,40.55353913484547,MCF7_core,3125.6753313404606
-3.1601871604365233,21.031776369885556,40.55353913484547,MCF7_core,2547.1643797738216
-3.1601871604365233,37.85719746579401,40.55353913484547,MCF7_core,3027.4475306421027
-3.1601871604365233,54.68261856170246,40.55353913484547,MCF7_core,3408.3418234777173
-3.1601871604365233,71.50803965761092,40.55353913484547,MCF7_core,3236.9262571034096
-3.1601871604365233,88.33346075351938,40.55353913484547,MCF7_core,3126.791220479984
11.411054937990809,-88.3334607535194,40.55353913484547,MCF7_core,2860.334551618604
11.411054937990809,-71.50803965761095,40.55353913484547,MCF7_core,3578.3256384490887
11.411054937990809,-54.6826185617025,40.55353913484547,MCF7_core,2850.1989356010426
11.411054937990809,-37.857197465794044,40.55353913484547,MCF7_core,3620.3132540219517
11.411054937990809,-21.031776369885588,40.55353913484547,MCF7_core,2887.912318492368
11.411054937990809,-4.206355273977131,40.55353913484547,MCF7_core,2535.2055916322743
11.411054937990809,12.619065821931326,40.55353913484547,MCF7_core,2879.3996514347546
11.411054937990809,29.444486917839782,40.55353913484547,MCF7_core,2603.685763929648
11.411054937990809,46.269908013748235,40.55353913484547,MCF7_core,2504.8537915404418
11.411054937990809,63.09532910965669,40.55353913484547,MCF7_core,3640.116363414179
11.411054937990809,79.92075020556514,40.55353913484547,MCF7_core,2915.772255985504
25.98229703641814,-79.92075020556517,40.55353913484547,MCF7_core,3637.9753447623475
25.98229703641814,-63.095329109656724,40.55353913484547,MCF7_core,3532.0109955991957
25.98229703641814,-46.26990801374827,40.55353913484547,MCF7_core,2686.4707484776627
25.98229703641814,-29.444486917839818,40.55353913484547,MCF7_core,3238.1996288449554
25.98229703641814,-12.61906582193136,40.55353913484547,MCF7_core,3664.3561793822637
25.98229703641814,4.206355273977097,40.55353913484547,MCF7_core,2979.39004222659
25.98229703641814,21.031776369885556,40.55353913484547,MCF7_core,2760.9538581073475
25.98229703641814,37.85719746579401,40.55353913484547,MCF7_core,3703.9886676017495
25.98229703641814,54.68261856170246,40.55353913484547,MCF7_core,3532.747247082272
25.98229703641814,71.50803965761092,40.55353913484547,MCF7_core,3496.0195806855563
25.98229703641814,88.33346075351938,40.55353913484547,MCF7_core,3540.490323043362
40.55353913484547,-71.50803965761095,40.55353913484547,MCF7_core,2735.144275753409
40.55353913484547,-54.6826185617025,40.55353913484547,MCF7_core,3597.79223599061
40.55353913484547,-37.857197465794044,40.55353913484547,MCF7_core,2527.9193040546124
40.55353913484547,-21.031776369885588,40.55353913484547,MCF7_core,2986.0576014081444
40.55353913484547,-4.206355273977131,40.55353913484547,MCF7_core,3440.7815680809263
40.55353913484547,12.619065821931326,40.55353913484547,MCF7_core,3444.0814209737664
40.55353913484547,29.444486917839782,40.55353913484547,MCF7_core,2825.1144651938635
40.55353913484547,46.269908013748235,40.55353913484547,MCF7_core,2816.008463228384
40.55353913484547,63.09532910965669,40.55353913484547,MCF7_core,3564.0446032855452
40.55353913484547,79.92075020556514,40.55353913484547,MCF7_core,2956.3988251331093
55.124781233272806,-63.095329109656724,40.55353913484547,MCF7_core,3171.0484567700105
55.124781233272806,-46.26990801374827,40.55353913484547,MCF7_core,2709.7649656147337
55.124781233272806,-29.444486917839818,40.55353913484547,MCF7_core,2668.632354421374
55.124781233272806,-12.61906582193136,40.55353913484547,MCF7_core,2909.815439148003
55.124781233272806,4.206355273977097,40.55353913484547,MCF7_core,3057.5295683020295
55.124781233272806,21.031776369885556,40.55353913484547,MCF7_core,2685.0478340278187
55.124781233272806,37.85719746579401,40.55353913484547,MCF7_core,3591.966249246894
55.124781233272806,54.68261856170246,40.55353913484547,MCF7_core,3522.7811398195727
55.124781233272806,71.50803965761092,40.55353913484547,MCF7_core,3153.8992317884117
69.69602333170013,-54.6826185617025,40.55353913484547,MCF7_core,3356.2908533375544
69.69602333170013,-37.857197465794044,40.55353913484547,MCF7_core,2827.0283414224446
69.69602333170013,-21.031776369885588,40.55353913484547,MCF7_core,2902.2302651932055
69.69602333170013,-4.206355273977131,40.55353913484547,MCF7_core,2894.034585573576
69.69602333170013,12.619065821931326,40.55353913484547,MCF7_core,3007.819955490572
69.69602333170013,29.444486917839782,40.55353913484547,MCF7_core,3294.8300873896915
69.69602333170013,46.269908013748235,40.55353913484547,MCF7_core,2684.4868282996663
69.69602333170013,63.09532910965669,40.55353913484547,MCF7_core,2675.5349530496696
84.26726543012747,-46.26990801374827,40.55353913484547,MCF7_core,3313.0021286199117
84.26726543012747,-29.444486917839818,40.55353913484547,MCF7_core,2917.4417286438934
84.26726543012747,-12.61906582193136,40.55353913484547,MCF7_core,2814.8653012191016
84.26726543012747,4.206355273977097,40.55353913484547,MCF7_core,2814.169091092011
84.26726543012747,21.031776369885556,40.55353913484547,MCF7_core,2615.142448991226
84.26726543012747,37.85719746579401,40.55353913484547,MCF7_core,3350.92494675531
-86.38128447702341,-12.61906582193136,55.124781233272806,MCF7_core,3170.9254837071726
-86.38128447702341,4.206355273977097,55.124781233272806,MCF7_core,3242.7337154158677
-86.38128447702341,21.031776369885556,55.124781233272806,MCF7_core,2864.589813010386
-71.81004237859608,-37.857197465794044,55.124781233272806,MCF7_core,3496.6897919228018
-71.81004237859608,-21.031776369885588,55.124781233272806,MCF7_core,2700.9419645892904
-71.81004237859608,-4.206355273977131,55.124781233272806,MCF7_core,3643.2119022039387
-71.81004237859608,12.619065821931326,55.124781233272806,MCF7_core,3130.980653559614
-71.81004237859608,29.444486917839782,55.124781233272806,MCF7_core,3060.6066377441566
-71.81004237859608,46.269908013748235,55.124781233272806,MCF7_core,3257.660635369044
-57.23880028016874,-63.095329109656724,55.124781233272806,MCF7_core,3534.1176721496145
-57.23880028016874,-46.26990801374827,55.124781233272806,MCF7_core,2807.460771383924
-57.23880028016874,-29.444486917839818,55.124781233272806,MCF7_core,2724.852501811924
-57.23880028016874,-12.61906582193136,55.124781233272806,MCF7_core,2636.5887343506197
-57.23880028016874,4.206355273977097,55.124781233272806,MCF7_core,2901.610014784611
-57.23880028016874,21.031776369885556,55.124781233272806,MCF7_core,3486.3445486475343
-57.23880028016874,37.85719746579401,55.124781233272806,MCF7_core,3083.081027409112
-57.23880028016874,54.68261856170246,55.124781233272806,MCF7_core,3420.620234475283
-42.667558181741406,-71.50803965761095,55.124781233272806,MCF7_core,2515.8163790755634
-42.667558181741406,-54.6826185617025,55.124781233272806,MCF7_core,3011.5554585813334
-42.667558181741406,-37.857197465794044,55.124781233272806,MCF7_core,3643.0432654835618
-42.667558181741406,-21.031776369885588,55.124781233272806,MCF7_core,2527.1034083535646
-42.667558181741406,-4.206355273977131,55.124781233272806,MCF7_core,3283.695704663356
-42.667558181741406,12.619065821931326,55.124781233272806,MCF7_core,2887.733536737822
-42.667558181741406,29.444486917839782,55.124781233272806,MCF7_core,3536.5180635130373
-42.667558181741406,46.269908013748235,55.124781233272806,MCF7_core,2585.22878746167
-42.667558181741406,63.09532910965669,55.124781233272806,MCF7_core,2947.2982684012077
-28.096316083314075,-79.92075020556517,55.124781233272806,MCF7_core,3380.4209025837326
-28.096316083314075,-63.095329109656724,55.124781233272806,MCF7_core,3119.484321167009
-28.096316083314075,-46.26990801374827,55.124781233272806,MCF7_core,2772.001008445776
-28.096316083314075,-29.444486917839818,55.124781233272806,MCF7_core,3607.292166143246
-28.096316083314075,-12.61906582193136,55.124781233272806,MCF7_core,2910.3207945000336
-28.096316083314075,4.206355273977097,55.124781233272806,MCF7_core,3588.205382884403
-28.096316083314075,21.031776369885556,55.124781233272806,MCF7_core,3092.2415517924205
-28.096316083314075,37.85719746579401,55.124781233272806,MCF7_core,3584.8582524849567
-28.096316083314075,54.68261856170246,55.124781233272806,MCF7_core,3626.0764875357
-28.096316083314075,71.50803965761092,55.124781233272806,MCF7_core,2712.0650096173094
-13.525073984886742,-88.3334607535194,55.124781233272806,MCF7_core,3515.490818752066
-13.525073984886742,-71.50803965761095,55.124781233272806,MCF7_core,3667.326605920982
-13.525073984886742,-54.6826185617025,55.124781233272806,MCF7_core,3236.9643393894066
-13.525073984886742,-37.857197465794044,55.124781233272806,MCF7_core,3638.923249791239
-13.525073984886742,-21.031776369885588,55.124781233272806,MCF7_core,3342.1449403696615
-13.525073984886742,-4.206355273977131,55.124781233272806,MCF7_core,3646.1761673817855
-13.525073984886742,12.619065821931326,55.124781233272806,MCF7_core,3107.493445344053
-13.525073984886742,29.444486917839782,55.124781233272806,MCF7_core,3120.207073039799
-13.525073984886742,46.269908013748235,55.124781233272806,MCF7_core,3332.5386757947263
-13.525073984886742,63.09532910965669,55.124781233272806,MCF7_core,2852.110483393446
-13.525073984886742,79.92075020556514,55.124781233272806,MCF7_core,3281.8017954093248
1.046168113540591,-79.92075020556517,55.124781233272806,MCF7_core,2591.007254030129
1.046168113540591,-63.095329109656724,55.124781233272806,MCF7_core,2785.0933618445456
1.046168113540591,-46.26990801374827,55.124781233272806,MCF7_core,3271.093043818758
1.046168113540591,-29.444486917839818,55.124781233272806,MCF7_core,2902.3928679325827
1.046168113540591,-12.61906582193136,55.124781233272806,MCF7_core,3690.9579384114386
1.046168113540591,4.206355273977097,55.124781233272806,MCF7_core,3042.497814327287
1.046168113540591,21.031776369885556,55.124781233272806,MCF7_core,3623.0083715682995
1.046168113540591,37.85719746579401,55.124781233272806,MCF7_core,3019.007839874619
1.046168113540591,54.68261856170246,55.124781233272806,MCF7_core,3062.92619846931
1.046168113540591,71.50803965761092,55.124781233272806,MCF7_core,3030.057506427737
1.046168113540591,88.33346075351938,55.124781233272806,MCF7_core,3010.894302262482
15.617410211967922,-71.50803965761095,55.124781233272806,MCF7_core,2968.4361785092888
15.617410211967922,-54.6826185617025,55.124781233272806,MCF7_core,3675.1056634454962
15.617410211967922,-37.857197465794044,55.124781233272806,MCF7_core,3502.1638930012373
15.617410211967922,-21.031776369885588,55.124781233272806,MCF7_core,3641.2934141110795
15.617410211967922,-4.206355273977131,55.124781233272806,MCF7_core,3515.2962266876802
15.617410211967922,12.619065821931326,55.124781233272806,MCF7_core,2660.834491193188
15.617410211967922,29.444486917839782,55.124781233272806,MCF7_core,2932.7230605926047
15.617410211967922,46.269908013748235,55.124781233272806,MCF7_core,3184.8234006154034
15.617410211967922,63.09532910965669,55.124781233272806,MCF7_core,2672.0452699760335
15.617410211967922,79.92075020556514,55.124781233272806,MCF7_core,3479.4694064754804
30.188652310395252,-79.92075020556517,55.124781233272806,MCF7_core,3187.2980352483946
30.188652310395252,-63.095329109656724,55.124781233272806,MCF7_core,3602.2446999909153
30.188652310395252,-46.26990801374827,55.124781233272806,MCF7_core,3664.1300157689448
30.188652310395252,-29.444486917839818,55.124781233272806,MCF7_core,2813.993787819593
30.188652310395252,-12.61906582193136,55.124781233272806,MCF7_core,2936.485048176201
30.188652310395252,4.206355273977097,55.124781233272806,MCF7_core,3712.6428980559467
30.188652310395252,21.031776369885556,55.124781233272806,MCF7_core,2513.534767473004
30.188652310395252,37.85719746579401,55.124781233272806,MCF7_core,2667.4716240720154
30.188652310395252,54.68261856170246,55.124781233272806,MCF7_core,3685.783467341782
30.188652310395252,71.50803965761092,55.124781233272806,MCF7_core,3171.9738010095816
44.75989440882259,-71.50803965761095,55.124781233272806,MCF7_core,3249.5682282965417
44.75989440882259,-54.6826185617025,55.124781233272806,MCF7_core,3640.3786290219023
44.75989440882259,-37.857197465794044,55.124781233272806,MCF7_core,3152.7382640276337
44.75989440882259,-21.031776369885588,55.124781233272806,MCF7_core,3423.275606577956
44.75989440882259,-4.206355273977131,55.124781233272806,MCF7_core,3573.585928492571
44.75989440882259,12.619065821931326,55.124781233272806,MCF7_core,3580.8991571311326
44.75989440882259,29.444486917839782,55.124781233272806,MCF7_core,2706.527451801277
44.75989440882259,46.269908013748235,55.124781233272806,MCF7_core,2577.4521342456233
44.75989440882259,63.09532910965669,55.124781233272806,MCF7_core,3156.2746207218943
59.33113650724992,-63.095329109656724,55.124781233272806,MCF7_core,3637.4122972738373
59.33113650724992,-46.26990801374827,55.124781233272806,MCF7_core,2896.0256056546245
59.33113650724992,-29.444486917839818,55.124781233272806,MCF7_core,3633.0570649049505
59.33113650724992,-12.61906582193136,55.124781233272806,MCF7_core,2900.8374958929344
59.33113650724992,4.206355273977097,55.124781233272806,MCF7_core,3051.107793190787
59.33113650724992,21.031776369885556,55.124781233272806,MCF7_core,3343.8497307837033
59.33113650724992,37.85719746579401,55.124781233272806,MCF7_core,3597.804782476419
59.33113650724992,54.68261856170246,55.124781233272806,MCF7_core,3298.5751860632713
73.90237860567724,-37.857197465794044,55.124781233272806,MCF7_core,3575.0494592135724
73.90237860567724,-21.031776369885588,55.124781233272806,MCF7_core,3207.3687956062586
73.90237860567724,-4.206355273977131,55.124781233272806,MCF7_core,2787.215057353484
73.90237860567724,12.619065821931326,55.124781233272806,MCF7_core,3712.0975986225985
73.90237860567724,29.444486917839782,55.124781233272806,MCF7_core,3639.169035434973
73.90237860567724,46.269908013748235,55.124781233272806,MCF7_core,3642.1332292809275
88.47362070410458,-12.61906582193136,55.124781233272806,MCF7_core,3406.9375334064903
88.47362070410458,4.206355273977097,55.124781233272806,MCF7_core,3656.9059871799645
-76.01639765257319,-4.206355273977131,69.69602333170013,MCF7_core,3516.4448906329976
-76.01639765257319,12.619065821931326,69.69602333170013,MCF7_core,3032.32551928738
-61.445155554145856,-46.26990801374827,69.69602333170013,MCF7_core,3637.6204172089956
-61.445155554145856,-29.444486917839818,69.69602333170013,MCF7_core,2530.4034222480595
-61.445155554145856,-12.61906582193136,69.69602333170013,MCF7_core,2914.9146069862813
-61.445155554145856,4.206355273977097,69.69602333170013,MCF7_core,3675.1664602431465
-61.445155554145856,21.031776369885556,69.69602333170013,MCF7_core,2642.4087417260307
-61.445155554145856,37.85719746579401,69.69602333170013,MCF7_core,3513.964651847642
-46.87391345571852,-54.6826185617025,69.69602333170013,MCF7_core,3104.6062684813965
-46.87391345571852,-37.857197465794044,69.69602333170013,MCF7_core,3026.1194251953134
-46.87391345571852,-21.031776369885588,69.69602333170013,MCF7_core,3164.767908906184
-46.87391345571852,-4.206355273977131,69.69602333170013,MCF7_core,3497.648624920734
-46.87391345571852,12.619065821931326,69.69602333170013,MCF7_core,3268.741571806634
-46.87391345571852,29.444486917839782,69.69602333170013,MCF7_core,2919.4380005782396
-46.87391345571852,46.269908013748235,69.69602333170013,MCF7_core,2821.586132024978
-46.87391345571852,63.09532910965669,69.69602333170013,MCF7_core,3503.469009375151
-32.30267135729119,-63.095329109656724,69.69602333170013,MCF7_core,3380.1867286176257
-32.30267135729119,-46.26990801374827,69.69602333170013,MCF7_core,3192.9029713894197
-32.30267135729119,-29.444486917839818,69.69602333170013,MCF7_core,2819.933034315737
-32.30267135729119,-12.61906582193136,69.69602333170013,MCF7_core,2840.507320898482
-32.30267135729119,4.206355273977097,69.69602333170013,MCF7_core,3132.146717530945
-32.30267135729119,21.031776369885556,69.69602333170013,MCF7_core,2828.6001741932964
-32.30267135729119,37.85719746579401,69.69602333170013,MCF7_core,3220.6304505711896
-32.30267135729119,54.68261856170246,69.69602333170013,MCF7_core,2916.007432406678
-32.30267135729119,71.50803965761092,69.69602333170013,MCF7_core,2602.414369038867
-17.731429258863855,-71.50803965761095,69.69602333170013,MCF7_core,3107.7930269972635
-17.731429258863855,-54.6826185617025,69.69602333170013,MCF7_core,3217.453011771084
-17.731429258863855,-37.857197465794044,69.69602333170013,MCF7_core,3448.09374126013
-17.731429258863855,-21.031776369885588,69.69602333170013,MCF7_core,3218.08298990056
-17.731429258863855,-4.206355273977131,69.69602333170013,MCF7_core,3152.542590350198
-17.731429258863855,12.619065821931326,69.69602333170013,MCF7_core,2654.775813225189
-17.731429258863855,29.444486917839782,69.69602333170013,MCF7_core,2527.315926392225
-17.731429258863855,46.269908013748235,69.69602333170013,MCF7_core,2904.17331302878
-17.731429258863855,63.09532910965669,69.69602333170013,MCF7_core,3591.78389007466
-3.1601871604365233,-63.095329109656724,69.69602333170013,MCF7_core,2915.757364101152
-3.1601871604365233,-46.26990801374827,69.69602333170013,MCF7_core,2709.7627588672717
-3.1601871604365233,-29.444486917839818,69.69602333170013,MCF7_core,3061.3908570669805
-3.1601871604365233,-12.61906582193136,69.69602333170013,MCF7_core,3014.470209290688
-3.1601871604365233,4.206355273977097,69.69602333170013,MCF7_core,3045.3293904859656
-3.1601871604365233,21.031776369885556,69.69602333170013,MCF7_core,2849.0795196048616
-3.1601871604365233,37.85719746579401,69.69602333170013,MCF7_core,3355.5559019672705
-3.1601871604365233,54.68261856170246,69.69602333170013,MCF7_core,3429.872598368409
-3.1601871604365233,71.50803965761092,69.69602333170013,MCF7_core,3142.307511551537
11.411054937990809,-71.50803965761095,69.69602333170013,MCF7_core,2524.267744196076
11.411054937990809,-54.6826185617025,69.69602333170013,MCF7_core,3237.5187029675153
11.411054937990809,-37.857197465794044,69.69602333170013,MCF7_core,3726.443352341601
11.411054937990809,-21.031776369885588,69.69602333170013,MCF7_core,3220.1147403999516
11.411054937990809,-4.206355273977131,69.69602333170013,MCF7_core,2975.272482552012
11.411054937990809,12.619065821931326,69.69602333170013,MCF7_core,2755.950858179553
11.411054937990809,29.444486917839782,69.69602333170013,MCF7_core,3078.3255840319034
11.411054937990809,46.269908013748235,69.69602333170013,MCF7_core,3079.8421364932706
11.411054937990809,63.09532910965669,69.69602333170013,MCF7_core,3617.4360208684757
25.98229703641814,-63.095329109656724,69.69602333170013,MCF7_core,2707.9545585987144
25.98229703641814,-46.26990801374827,69.69602333170013,MCF7_core,3552.3715951546956
25.98229703641814,-29.444486917839818,69.69602333170013,MCF7_core,2885.3973253409536
25.98229703641814,-12.61906582193136,69.69602333170013,MCF7_core,2795.0961448931107
25.98229703641814,4.206355273977097,69.69602333170013,MCF7_core,3253.277318776338
25.98229703641814,21.031776369885556,69.69602333170013,MCF7_core,3287.997698597937
25.98229703641814,37.85719746579401,69.69602333170013,MCF7_core,3106.737921068468
25.98229703641814,54.68261856170246,69.69602333170013,MCF7_core,3164.8434564144154
25.98229703641814,71.50803965761092,69.69602333170013,MCF7_core,3629.4416787377613
40.55353913484547,-54.6826185617025,69.69602333170013,MCF7_core,3408.827743257639
40.55353913484547,-37.857197465794044,69.69602333170013,MCF7_core,2797.4812870606756
40.55353913484547,-21.031776369885588,69.69602333170013,MCF7_core,2823.535865796357
40.55353913484547,-4.206355273977131,69.69602333170013,MCF7_core,2983.8278746253327
40.55353913484547,12.619065821931326,69.69602333170013,MCF7_core,2977.4572956235825
40.55353913484547,29.444486917839782,69.69602333170013,MCF7_core,2501.725797912789
40.55353913484547,46.269908013748235,69.69602333170013,MCF7_core,2724.2668374401374
40.55353913484547,63.09532910965669,69.69602333170013,MCF7_core,3391.3850380366607
55.124781233272806,-46.26990801374827,69.69602333170013,MCF7_core,3680.174541860773
55.124781233272806,-29.444486917839818,69.69602333170013,MCF7_core,3684.126517086428
55.124781233272806,-12.61906582193136,69.69602333170013,MCF7_core,2731.0857422668482
55.124781233272806,4.206355273977097,69.69602333170013,MCF7_core,3281.208495683788
55.124781233272806,21.031776369885556,69.69602333170013,MCF7_core,3530.5968069356986
55.124781233272806,37.85719746579401,69.69602333170013,MCF7_core,2843.569754979262
55.124781233272806,54.68261856170246,69.69602333170013,MCF7_core,2938.361512793864
69.69602333170013,-21.031776369885588,69.69602333170013,MCF7_core,2782.00030128358
69.69602333170013,-4.206355273977131,69.69602333170013,MCF7_core,2798.7096667300534
69.69602333170013,12.619065821931326,69.69602333170013,MCF7_core,2530.84564295169
69.69602333170013,29.444486917839782,69.69602333170013,MCF7_core,3640.5884602993037
-57.23880028016874,-12.61906582193136,84.26726543012747,MCF7_core,3602.662672018573
-57.23880028016874,4.206355273977097,84.26726543012747,MCF7_core,3206.3248631163083
-57.23880028016874,21.031776369885556,84.26726543012747,MCF7_core,3199.2794837550173
-42.667558181741406,-37.857197465794044,84.26726543012747,MCF7_core,3422.024632837364
-42.667558181741406,-21.031776369885588,84.26726543012747,MCF7_core,2533.3909725482245
-42.667558181741406,-4.206355273977131,84.26726543012747,MCF7_core,3724.76336981348
-42.667558181741406,12.619065821931326,84.26726543012747,MCF7_core,2739.4700502081696
-42.667558181741406,29.444486917839782,84.26726543012747,MCF7_core,3651.3496705763337
-28.096316083314075,-46.26990801374827,84.26726543012747,MCF7_core,2988.5088760063068
-28.096316083314075,-29.444486917839818,84.26726543012747,MCF7_core,3294.8902148680045
-28.096316083314075,-12.61906582193136,84.26726543012747,MCF7_core,3428.55936448189
-28.096316083314075,4.206355273977097,84.26726543012747,MCF7_core,3614.1671743383877
-28.096316083314075,21.031776369885556,84.26726543012747,MCF7_core,2713.2546310883954
-28.096316083314075,37.85719746579401,84.26726543012747,MCF7_core,3302.0882715410175
-28.096316083314075,54.68261856170246,84.26726543012747,MCF7_core,3499.7850788729384
-13.525073984886742,-54.6826185617025,84.26726543012747,MCF7_core,3241.7779185087647
-13.525073984886742,-37.857197465794044,84.26726543012747,MCF7_core,2958.487935139259
-13.525073984886742,-21.031776369885588,84.26726543012747,MCF7_core,3290.590551051679
-13.525073984886742,-4.206355273977131,84.26726543012747,MCF7_core,3283.6746984240654
-13.525073984886742,12.619065821931326,84.26726543012747,MCF7_core,2567.617346058732
-13.525073984886742,29.444486917839782,84.26726543012747,MCF7_core,3477.973318718392
-13.525073984886742,46.269908013748235,84.26726543012747,MCF7_core,3576.105106404225
1.046168113540591,-46.26990801374827,84.26726543012747,MCF7_core,3617.7274211538875
1.046168113540591,-29.444486917839818,84.26726543012747,MCF7_core,3490.390230963826
1.046168113540591,-12.61906582193136,84.26726543012747,MCF7_core,2806.717443109038
1.046168113540591,4.206355273977097,84.26726543012747,MCF7_core,3390.4443227132974
1.046168113540591,21.031776369885556,84.26726543012747,MCF7_core,2616.831167168441
1.046168113540591,37.85719746579401,84.26726543012747,MCF7_core,2657.812969181469
1.046168113540591,54.68261856170246,84.26726543012747,MCF7_core,3480.381639812993
15.617410211967922,-54.6826185617025,84.26726543012747,MCF7_core,3170.2482687205184
15.617410211967922,-37.857197465794044,84.26726543012747,MCF7_core,3155.2726976988706
15.617410211967922,-21.031776369885588,84.26726543012747,MCF7_core,2887.3127537057576
15.617410211967922,-4.206355273977131,84.26726543012747,MCF7_core,3516.3413805805258
15.617410211967922,12.619065821931326,84.26726543012747,MCF7_core,3655.7956464120175
15.617410211967922,29.444486917839782,84.26726543012747,MCF7_core,2595.406615167289
15.617410211967922,46.269908013748235,84.26726543012747,MCF7_core,3444.6352450215063
30.188652310395252,-46.26990801374827,84.26726543012747,MCF7_core,2876.830804528159
30.188652310395252,-29.444486917839818,84.26726543012747,MCF7_core,3566.317407862084
30.188652310395252,-12.61906582193136,84.26726543012747,MCF7_core,3290.0092653328247
30.188652310395252,4.206355273977097,84.26726543012747,MCF7_core,3381.6194895264653
30.188652310395252,21.031776369885556,84.26726543012747,MCF7_core,2838.1447776371947
30.188652310395252,37.85719746579401,84.26726543012747,MCF7_core,3033.927304644959
30.188652310395252,54.68261856170246,84.26726543012747,MCF7_core,3385.3966519420987
44.75989440882259,-37.857197465794044,84.26726543012747,MCF7_core,3028.6482661290866
44.75989440882259,-21.031776369885588,84.26726543012747,MCF7_core,3699.924183401978
44.75989440882259,-4.206355273977131,84.26726543012747,MCF7_core,3257.7671829978945
44.75989440882259,12.619065821931326,84.26726543012747,MCF7_core,2928.3568395088123
44.75989440882259,29.444486917839782,84.26726543012747,MCF7_core,3218.853648472486
59.33113650724992,-12.61906582193136,84.26726543012747,MCF7_core,2614.66569015036
59.33113650724992,4.206355273977097,84.26726543012747,MCF7_core,3256.5488910621025
-32.30267135729119,-12.61906582193136,98.8385075285548,MCF7_core,3379.142257454713
-32.30267135729119,4.206355273977097,98.8385075285548,MCF7_core,2630.1430262656736
-17.731429258863855,-21.031776369885588,98.8385075285548,MCF7_core,3375.489975385771
-17.731429258863855,-4.206355273977131,98.8385075285548,MCF7_core,3702.1609390967214
-17.731429258863855,12.619065821931326,98.8385075285548,MCF7_core,2973.3008507208106
-17.731429258863855,29.444486917839782,98.8385075285548,MCF7_core,3278.578264107028
-3.1601871604365233,-29.444486917839818,98.8385075285548,MCF7_core,3648.5347983214633
-3.1601871604365233,-12.61906582193136,98.8385075285548,MCF7_core,3531.9837622643463
-3.1601871604365233,4.206355273977097,98.8385075285548,MCF7_core,2703.039068564088
-3.1601871604365233,21.031776369885556,98.8385075285548,MCF7_core,3053.4630298591446
11.411054937990809,-21.031776369885588,98.8385075285548,MCF7_core,2595.7107405750003
11.411054937990809,-4.206355273977131,98.8385075285548,MCF7_core,2852.6018276572327
11.411054937990809,12.619065821931326,98.8385075285548,MCF7_core,2589.5391010099165
11.411054937990809,29.444486917839782,98.8385075285548,MCF7_core,3310.777468640747
25.98229703641814,-12.61906582193136,98.8385075285548,MCF7_core,3569.0300093218707
25.98229703641814,4.206355273977097,98.8385075285548,MCF7_core,2787.6416369700282
25.98229703641814,21.031776369885556,98.8385075285548,MCF7_core,2599.705252016826
