x,y,z,type,volume,cycle entry,custom:GFP,custom:sample
-49.52373671227464,-85.42875790157267,0.0,zone_3
-32.69831561636619,-85.42875790157267,0.0,zone_3
-15.872894520457734,-85.42875790157267,0.0,zone_3
0.9525265754507188,-85.42875790157267,0.0,zone_3
17.777947671359172,-85.42875790157267,0.0,zone_3
34.603368767267625,-85.42875790157267,0.0,zone_3
51.428789863176064,-85.42875790157267,0.0,zone_3
-57.93644726022887,-70.85751580314533,0.0,zone_3
-41.111026164320414,-70.85751580314533,0.0,zone_3
-24.28560506841196,-70.85751580314533,0.0,zone_3
-7.460183972503506,-70.85751580314533,0.0,zone_3
9.365237123404947,-70.85751580314533,0.0,zone_3
26.1906582193134,-70.85751580314533,0.0,zone_3
43.01607931522185,-70.85751580314533,0.0,zone_3
59.84150041113029,-70.85751580314533,0.0,zone_3
-66.3491578081831,-56.286273704718,0.0,zone_3
-49.52373671227464,-56.286273704718,0.0,zone_3
-32.69831561636619,-56.286273704718,0.0,zone_3
-15.872894520457734,-56.286273704718,0.0,zone_3
0.9525265754507188,-56.286273704718,0.0,zone_3
17.777947671359172,-56.286273704718,0.0,zone_3
34.603368767267625,-56.286273704718,0.0,zone_3
51.428789863176064,-56.286273704718,0.0,zone_3
68.25421095908453,-56.286273704718,0.0,zone_3
-74.76186835613731,-41.715031606290665,0.0,zone_3
-57.93644726022887,-41.715031606290665,0.0,zone_3
-41.111026164320414,-41.715031606290665,0.0,zone_3
-24.28560506841196,-41.715031606290665,0.0,zone_3
-7.460183972503506,-41.715031606290665,0.0,zone_3
9.365237123404947,-41.715031606290665,0.0,zone_3
26.1906582193134,-41.715031606290665,0.0,zone_3
43.01607931522185,-41.715031606290665,0.0,zone_3
59.84150041113029,-41.715031606290665,0.0,zone_3
76.66692150703877,-41.715031606290665,0.0,zone_3
-83.17457890409155,-27.143789507863332,0.0,zone_3
-66.3491578081831,-27.143789507863332,0.0,zone_3
-49.52373671227464,-27.143789507863332,0.0,zone_3
-32.69831561636619,-27.143789507863332,0.0,zone_3
-15.872894520457734,-27.143789507863332,0.0,zone_3
0.9525265754507188,-27.143789507863332,0.0,zone_3
17.777947671359172,-27.143789507863332,0.0,zone_3
34.603368767267625,-27.143789507863332,0.0,zone_3
51.428789863176064,-27.143789507863332,0.0,zone_3
68.25421095908453,-27.143789507863332,0.0,zone_3
85.079632054993,-27.143789507863332,0.0,zone_3
-91.58728945204577,-12.572547409435998,0.0,zone_3
-74.76186835613731,-12.572547409435998,0.0,zone_3
-57.93644726022887,-12.572547409435998,0.0,zone_3
-41.111026164320414,-12.572547409435998,0.0,zone_3
-24.28560506841196,-12.572547409435998,0.0,zone_3
-7.460183972503506,-12.572547409435998,0.0,zone_3
9.365237123404947,-12.572547409435998,0.0,zone_3
26.1906582193134,-12.572547409435998,0.0,zone_3
43.01607931522185,-12.572547409435998,0.0,zone_3
59.84150041113029,-12.572547409435998,0.0,zone_3
76.66692150703877,-12.572547409435998,0.0,zone_3
93.49234260294723,-12.572547409435998,0.0,zone_3
-83.17457890409155,1.9986946889913355,0.0,zone_3
-66.3491578081831,1.9986946889913355,0.0,zone_3
-49.52373671227464,1.9986946889913355,0.0,zone_3
-32.69831561636619,1.9986946889913355,0.0,zone_3
-15.872894520457734,1.9986946889913355,0.0,zone_3
0.9525265754507188,1.9986946889913355,0.0,zone_3
17.777947671359172,1.9986946889913355,0.0,zone_3
34.603368767267625,1.9986946889913355,0.0,zone_3
51.428789863176064,1.9986946889913355,0.0,zone_3
68.25421095908453,1.9986946889913355,0.0,zone_3
85.079632054993,1.9986946889913355,0.0,zone_3
-91.58728945204577,16.56993678741867,0.0,zone_3
-74.76186835613731,16.56993678741867,0.0,zone_3
-57.93644726022887,16.56993678741867,0.0,zone_3
-41.111026164320414,16.56993678741867,0.0,zone_3
-24.28560506841196,16.56993678741867,0.0,zone_3
-7.460183972503506,16.56993678741867,0.0,zone_3
9.365237123404947,16.56993678741867,0.0,zone_3
26.1906582193134,16.56993678741867,0.0,zone_3
43.01607931522185,16.56993678741867,0.0,zone_3
59.84150041113029,16.56993678741867,0.0,zone_3
76.66692150703877,16.56993678741867,0.0,zone_3
93.49234260294723,16.56993678741867,0.0,zone_3
-83.17457890409155,31.14117888584599,0.0,zone_3
-66.3491578081831,31.14117888584599,0.0,zone_3
-49.52373671227464,31.14117888584599,0.0,zone_3
-32.69831561636619,31.14117888584599,0.0,zone_3
-15.872894520457734,31.14117888584599,0.0,zone_3
0.9525265754507188,31.14117888584599,0.0,zone_3
17.777947671359172,31.14117888584599,0.0,zone_3
34.603368767267625,31.14117888584599,0.0,zone_3
51.428789863176064,31.14117888584599,0.0,zone_3
68.25421095908453,31.14117888584599,0.0,zone_3
85.079632054993,31.14117888584599,0.0,zone_3
-74.76186835613731,45.712420984273336,0.0,zone_3
-57.93644726022887,45.712420984273336,0.0,zone_3
-41.111026164320414,45.712420984273336,0.0,zone_3
-24.28560506841196,45.712420984273336,0.0,zone_3
-7.460183972503506,45.712420984273336,0.0,zone_3
9.365237123404947,45.712420984273336,0.0,zone_3
26.1906582193134,45.712420984273336,0.0,zone_3
43.01607931522185,45.712420984273336,0.0,zone_3
59.84150041113029,45.712420984273336,0.0,zone_3
76.66692150703877,45.712420984273336,0.0,zone_3
-66.3491578081831,60.283663082700684,0.0,zone_3
-49.52373671227464,60.283663082700684,0.0,zone_3
-32.69831561636619,60.283663082700684,0.0,zone_3
-15.872894520457734,60.283663082700684,0.0,zone_3
0.9525265754507188,60.283663082700684,0.0,zone_3
17.777947671359172,60.283663082700684,0.0,zone_3
34.603368767267625,60.283663082700684,0.0,zone_3
51.428789863176064,60.283663082700684,0.0,zone_3
68.25421095908453,60.283663082700684,0.0,zone_3
-57.93644726022887,74.854905181128,0.0,zone_3
-41.111026164320414,74.854905181128,0.0,zone_3
-24.28560506841196,74.854905181128,0.0,zone_3
-7.460183972503506,74.854905181128,0.0,zone_3
9.365237123404947,74.854905181128,0.0,zone_3
26.1906582193134,74.854905181128,0.0,zone_3
43.01607931522185,74.854905181128,0.0,zone_3
59.84150041113029,74.854905181128,0.0,zone_3
-32.69831561636619,89.42614727955532,0.0,zone_3
-15.872894520457734,89.42614727955532,0.0,zone_3
0.9525265754507188,89.42614727955532,0.0,zone_3
17.777947671359172,89.42614727955532,0.0,zone_3
34.603368767267625,89.42614727955532,0.0,zone_3
-49.047473424549196,-135.42875790157268,0.0,zone_3
-32.22205232864073,-135.42875790157268,0.0,zone_3
-15.396631232732261,-135.42875790157268,0.0,zone_3
1.4287898631762062,-135.42875790157268,0.0,zone_3
18.254210959084674,-135.42875790157268,0.0,zone_3
35.07963205499314,-135.42875790157268,0.0,zone_3
51.90505315090161,-135.42875790157268,0.0,zone_3
-74.2856050684119,-120.85751580314536,0.0,zone_3
-57.46018397250344,-120.85751580314536,0.0,zone_3
-40.63476287659497,-120.85751580314536,0.0,zone_3
-23.809341780686502,-120.85751580314536,0.0,zone_3
-6.983920684778033,-120.85751580314536,0.0,zone_3
9.841500411130435,-120.85751580314536,0.0,zone_3
26.6669215070389,-120.85751580314536,0.0,zone_3
43.49234260294737,-120.85751580314536,0.0,zone_3
60.317763698855835,-120.85751580314536,0.0,zone_3
77.14318479476431,-120.85751580314536,0.0,zone_3
-99.5237367122746,-106.28627370471804,0.0,zone_3
-82.69831561636613,-106.28627370471804,0.0,zone_3
-65.87289452045766,-106.28627370471804,0.0,zone_3
-49.047473424549196,-106.28627370471804,0.0,zone_3
-32.22205232864073,-106.28627370471804,0.0,zone_3
-15.396631232732261,-106.28627370471804,0.0,zone_3
1.4287898631762062,-106.28627370471804,0.0,zone_3
18.254210959084674,-106.28627370471804,0.0,zone_3
35.07963205499314,-106.28627370471804,0.0,zone_3
51.90505315090161,-106.28627370471804,0.0,zone_3
68.73047424681008,-106.28627370471804,0.0,zone_3
85.55589534271854,-106.28627370471804,0.0,zone_3
102.38131643862701,-106.28627370471804,0.0,zone_3
-107.93644726022883,-91.71503160629072,0.0,zone_3
-91.11102616432036,-91.71503160629072,0.0,zone_3
-74.2856050684119,-91.71503160629072,0.0,zone_3
-57.46018397250344,-91.71503160629072,0.0,zone_3
-40.63476287659497,-91.71503160629072,0.0,zone_3
-23.809341780686502,-91.71503160629072,0.0,zone_3
-6.983920684778033,-91.71503160629072,0.0,zone_3
9.841500411130435,-91.71503160629072,0.0,zone_3
26.6669215070389,-91.71503160629072,0.0,zone_3
43.49234260294737,-91.71503160629072,0.0,zone_3
60.317763698855835,-91.71503160629072,0.0,zone_3
77.14318479476431,-91.71503160629072,0.0,zone_3
93.96860589067278,-91.71503160629072,0.0,zone_3
110.79402698658124,-91.71503160629072,0.0,zone_3
-116.34915780818307,-77.1437895078634,0.0,zone_3
-99.5237367122746,-77.1437895078634,0.0,zone_3
-82.69831561636613,-77.1437895078634,0.0,zone_3
-65.87289452045766,-77.1437895078634,0.0,zone_3
-49.047473424549196,-77.1437895078634,0.0,zone_3
-32.22205232864073,-77.1437895078634,0.0,zone_3
-15.396631232732261,-77.1437895078634,0.0,zone_3
1.4287898631762062,-77.1437895078634,0.0,zone_3
18.254210959084674,-77.1437895078634,0.0,zone_3
35.07963205499314,-77.1437895078634,0.0,zone_3
51.90505315090161,-77.1437895078634,0.0,zone_3
68.73047424681008,-77.1437895078634,0.0,zone_3
85.55589534271854,-77.1437895078634,0.0,zone_3
102.38131643862701,-77.1437895078634,0.0,zone_3
119.20673753453548,-77.1437895078634,0.0,zone_3
-124.7618683561373,-62.57254740943608,0.0,zone_3
-107.93644726022883,-62.57254740943608,0.0,zone_3
-91.11102616432036,-62.57254740943608,0.0,zone_3
-74.2856050684119,-62.57254740943608,0.0,zone_3
-57.46018397250344,-62.57254740943608,0.0,zone_3
-40.63476287659497,-62.57254740943608,0.0,zone_3
-23.809341780686502,-62.57254740943608,0.0,zone_3
-6.983920684778033,-62.57254740943608,0.0,zone_3
9.841500411130435,-62.57254740943608,0.0,zone_3
26.6669215070389,-62.57254740943608,0.0,zone_3
43.49234260294737,-62.57254740943608,0.0,zone_3
60.317763698855835,-62.57254740943608,0.0,zone_3
77.14318479476431,-62.57254740943608,0.0,zone_3
93.96860589067278,-62.57254740943608,0.0,zone_3
110.79402698658124,-62.57254740943608,0.0,zone_3
127.61944808248971,-62.57254740943608,0.0,zone_3
-133.17457890409153,-48.001305311008764,0.0,zone_3
-116.34915780818307,-48.001305311008764,0.0,zone_3
-99.5237367122746,-48.001305311008764,0.0,zone_3
-82.69831561636613,-48.001305311008764,0.0,zone_3
-65.87289452045766,-48.001305311008764,0.0,zone_3
-49.047473424549196,-48.001305311008764,0.0,zone_3
-32.22205232864073,-48.001305311008764,0.0,zone_3
-15.396631232732261,-48.001305311008764,0.0,zone_3
1.4287898631762062,-48.001305311008764,0.0,zone_3
18.254210959084674,-48.001305311008764,0.0,zone_3
35.07963205499314,-48.001305311008764,0.0,zone_3
51.90505315090161,-48.001305311008764,0.0,zone_3
68.73047424681008,-48.001305311008764,0.0,zone_3
85.55589534271854,-48.001305311008764,0.0,zone_3
102.38131643862701,-48.001305311008764,0.0,zone_3
119.20673753453548,-48.001305311008764,0.0,zone_3
136.03215863044397,-48.001305311008764,0.0,zone_3
-141.58728945204578,-33.430063212581445,0.0,zone_3
-124.7618683561373,-33.430063212581445,0.0,zone_3
-107.93644726022883,-33.430063212581445,0.0,zone_3
-91.11102616432036,-33.430063212581445,0.0,zone_3
-74.2856050684119,-33.430063212581445,0.0,zone_3
-57.46018397250344,-33.430063212581445,0.0,zone_3
-40.63476287659497,-33.430063212581445,0.0,zone_3
-23.809341780686502,-33.430063212581445,0.0,zone_3
-6.983920684778033,-33.430063212581445,0.0,zone_3
9.841500411130435,-33.430063212581445,0.0,zone_3
26.6669215070389,-33.430063212581445,0.0,zone_3
43.49234260294737,-33.430063212581445,0.0,zone_3
60.317763698855835,-33.430063212581445,0.0,zone_3
77.14318479476431,-33.430063212581445,0.0,zone_3
93.96860589067278,-33.430063212581445,0.0,zone_3
110.79402698658124,-33.430063212581445,0.0,zone_3
127.61944808248971,-33.430063212581445,0.0,zone_3
144.4448691783982,-33.430063212581445,0.0,zone_3
-133.17457890409153,-18.858821114154125,0.0,zone_3
-116.34915780818307,-18.858821114154125,0.0,zone_3
-99.5237367122746,-18.858821114154125,0.0,zone_3
-82.69831561636613,-18.858821114154125,0.0,zone_3
-65.87289452045766,-18.858821114154125,0.0,zone_3
-49.047473424549196,-18.858821114154125,0.0,zone_3
-32.22205232864073,-18.858821114154125,0.0,zone_3
-15.396631232732261,-18.858821114154125,0.0,zone_3
1.4287898631762062,-18.858821114154125,0.0,zone_3
18.254210959084674,-18.858821114154125,0.0,zone_3
35.07963205499314,-18.858821114154125,0.0,zone_3
51.90505315090161,-18.858821114154125,0.0,zone_3
68.73047424681008,-18.858821114154125,0.0,zone_3
85.55589534271854,-18.858821114154125,0.0,zone_3
102.38131643862701,-18.858821114154125,0.0,zone_3
119.20673753453548,-18.858821114154125,0.0,zone_3
136.03215863044397,-18.858821114154125,0.0,zone_3
-141.58728945204578,-4.287579015726806,0.0,zone_3
-124.7618683561373,-4.287579015726806,0.0,zone_3
-107.93644726022883,-4.287579015726806,0.0,zone_3
-91.11102616432036,-4.287579015726806,0.0,zone_3
-74.2856050684119,-4.287579015726806,0.0,zone_3
-57.46018397250344,-4.287579015726806,0.0,zone_3
-40.63476287659497,-4.287579015726806,0.0,zone_3
-23.809341780686502,-4.287579015726806,0.0,zone_3
-6.983920684778033,-4.287579015726806,0.0,zone_3
9.841500411130435,-4.287579015726806,0.0,zone_3
26.6669215070389,-4.287579015726806,0.0,zone_3
43.49234260294737,-4.287579015726806,0.0,zone_3
60.317763698855835,-4.287579015726806,0.0,zone_3
77.14318479476431,-4.287579015726806,0.0,zone_3
93.96860589067278,-4.287579015726806,0.0,zone_3
110.79402698658124,-4.287579015726806,0.0,zone_3
127.61944808248971,-4.287579015726806,0.0,zone_3
144.4448691783982,-4.287579015726806,0.0,zone_3
-133.17457890409153,10.283663082700514,0.0,zone_3
-116.34915780818307,10.283663082700514,0.0,zone_3
-99.5237367122746,10.283663082700514,0.0,zone_3
-82.69831561636613,10.283663082700514,0.0,zone_3
-65.87289452045766,10.283663082700514,0.0,zone_3
-49.047473424549196,10.283663082700514,0.0,zone_3
-32.22205232864073,10.283663082700514,0.0,zone_3
-15.396631232732261,10.283663082700514,0.0,zone_3
1.4287898631762062,10.283663082700514,0.0,zone_3
18.254210959084674,10.283663082700514,0.0,zone_3
35.07963205499314,10.283663082700514,0.0,zone_3
51.90505315090161,10.283663082700514,0.0,zone_3
68.73047424681008,10.283663082700514,0.0,zone_3
85.55589534271854,10.283663082700514,0.0,zone_3
102.38131643862701,10.283663082700514,0.0,zone_3
119.20673753453548,10.283663082700514,0.0,zone_3
136.03215863044397,10.283663082700514,0.0,zone_3
-141.58728945204578,24.854905181127833,0.0,zone_3
-124.7618683561373,24.854905181127833,0.0,zone_3
-107.93644726022883,24.854905181127833,0.0,zone_3
-91.11102616432036,24.854905181127833,0.0,zone_3
-74.2856050684119,24.854905181127833,0.0,zone_3
-57.46018397250344,24.854905181127833,0.0,zone_3
-40.63476287659497,24.854905181127833,0.0,zone_3
-23.809341780686502,24.854905181127833,0.0,zone_3
-6.983920684778033,24.854905181127833,0.0,zone_3
9.841500411130435,24.854905181127833,0.0,zone_3
26.6669215070389,24.854905181127833,0.0,zone_3
43.49234260294737,24.854905181127833,0.0,zone_3
60.317763698855835,24.854905181127833,0.0,zone_3
77.14318479476431,24.854905181127833,0.0,zone_3
93.96860589067278,24.854905181127833,0.0,zone_3
110.79402698658124,24.854905181127833,0.0,zone_3
127.61944808248971,24.854905181127833,0.0,zone_3
144.4448691783982,24.854905181127833,0.0,zone_3
-133.17457890409153,39.42614727955515,0.0,zone_3
-116.34915780818307,39.42614727955515,0.0,zone_3
-99.5237367122746,39.42614727955515,0.0,zone_3
-82.69831561636613,39.42614727955515,0.0,zone_3
-65.87289452045766,39.42614727955515,0.0,zone_3
-49.047473424549196,39.42614727955515,0.0,zone_3
-32.22205232864073,39.42614727955515,0.0,zone_3
-15.396631232732261,39.42614727955515,0.0,zone_3
1.4287898631762062,39.42614727955515,0.0,zone_3
18.254210959084674,39.42614727955515,0.0,zone_3
35.07963205499314,39.42614727955515,0.0,zone_3
51.90505315090161,39.42614727955515,0.0,zone_3
68.73047424681008,39.42614727955515,0.0,zone_3
85.55589534271854,39.42614727955515,0.0,zone_3
102.38131643862701,39.42614727955515,0.0,zone_3
119.20673753453548,39.42614727955515,0.0,zone_3
136.03215863044397,39.42614727955515,0.0,zone_3
-124.7618683561373,53.99738937798247,0.0,zone_3
-107.93644726022883,53.99738937798247,0.0,zone_3
-91.11102616432036,53.99738937798247,0.0,zone_3
-74.2856050684119,53.99738937798247,0.0,zone_3
-57.46018397250344,53.99738937798247,0.0,zone_3
-40.63476287659497,53.99738937798247,0.0,zone_3
-23.809341780686502,53.99738937798247,0.0,zone_3
-6.983920684778033,53.99738937798247,0.0,zone_3
9.841500411130435,53.99738937798247,0.0,zone_3
26.6669215070389,53.99738937798247,0.0,zone_3
43.49234260294737,53.99738937798247,0.0,zone_3
60.317763698855835,53.99738937798247,0.0,zone_3
77.14318479476431,53.99738937798247,0.0,zone_3
93.96860589067278,53.99738937798247,0.0,zone_3
110.79402698658124,53.99738937798247,0.0,zone_3
127.61944808248971,53.99738937798247,0.0,zone_3
-133.17457890409153,68.56863147640979,0.0,zone_3
-116.34915780818307,68.56863147640979,0.0,zone_3
-99.5237367122746,68.56863147640979,0.0,zone_3
-82.69831561636613,68.56863147640979,0.0,zone_3
-65.87289452045766,68.56863147640979,0.0,zone_3
-49.047473424549196,68.56863147640979,0.0,zone_3
-32.22205232864073,68.56863147640979,0.0,zone_3
-15.396631232732261,68.56863147640979,0.0,zone_3
1.4287898631762062,68.56863147640979,0.0,zone_3
18.254210959084674,68.56863147640979,0.0,zone_3
35.07963205499314,68.56863147640979,0.0,zone_3
51.90505315090161,68.56863147640979,0.0,zone_3
68.73047424681008,68.56863147640979,0.0,zone_3
85.55589534271854,68.56863147640979,0.0,zone_3
102.38131643862701,68.56863147640979,0.0,zone_3
119.20673753453548,68.56863147640979,0.0,zone_3
-124.7618683561373,83.13987357483711,0.0,zone_3
-107.93644726022883,83.13987357483711,0.0,zone_3
-91.11102616432036,83.13987357483711,0.0,zone_3
-74.2856050684119,83.13987357483711,0.0,zone_3
-57.46018397250344,83.13987357483711,0.0,zone_3
-40.63476287659497,83.13987357483711,0.0,zone_3
-23.809341780686502,83.13987357483711,0.0,zone_3
-6.983920684778033,83.13987357483711,0.0,zone_3
9.841500411130435,83.13987357483711,0.0,zone_3
26.6669215070389,83.13987357483711,0.0,zone_3
43.49234260294737,83.13987357483711,0.0,zone_3
60.317763698855835,83.13987357483711,0.0,zone_3
77.14318479476431,83.13987357483711,0.0,zone_3
93.96860589067278,83.13987357483711,0.0,zone_3
110.79402698658124,83.13987357483711,0.0,zone_3
-99.5237367122746,97.71111567326443,0.0,zone_3
-82.69831561636613,97.71111567326443,0.0,zone_3
-65.87289452045766,97.71111567326443,0.0,zone_3
-49.047473424549196,97.71111567326443,0.0,zone_3
-32.22205232864073,97.71111567326443,0.0,zone_3
-15.396631232732261,97.71111567326443,0.0,zone_3
1.4287898631762062,97.71111567326443,0.0,zone_3
18.254210959084674,97.71111567326443,0.0,zone_3
35.07963205499314,97.71111567326443,0.0,zone_3
51.90505315090161,97.71111567326443,0.0,zone_3
68.73047424681008,97.71111567326443,0.0,zone_3
85.55589534271854,97.71111567326443,0.0,zone_3
102.38131643862701,97.71111567326443,0.0,zone_3
-91.11102616432036,112.28235777169175,0.0,zone_3
-74.2856050684119,112.28235777169175,0.0,zone_3
-57.46018397250344,112.28235777169175,0.0,zone_3
-40.63476287659497,112.28235777169175,0.0,zone_3
-23.809341780686502,112.28235777169175,0.0,zone_3
-6.983920684778033,112.28235777169175,0.0,zone_3
9.841500411130435,112.28235777169175,0.0,zone_3
26.6669215070389,112.28235777169175,0.0,zone_3
43.49234260294737,112.28235777169175,0.0,zone_3
60.317763698855835,112.28235777169175,0.0,zone_3
77.14318479476431,112.28235777169175,0.0,zone_3
93.96860589067278,112.28235777169175,0.0,zone_3
-65.87289452045766,126.85359987011907,0.0,zone_3
-49.047473424549196,126.85359987011907,0.0,zone_3
-32.22205232864073,126.85359987011907,0.0,zone_3
-15.396631232732261,126.85359987011907,0.0,zone_3
1.4287898631762062,126.85359987011907,0.0,zone_3
18.254210959084674,126.85359987011907,0.0,zone_3
35.07963205499314,126.85359987011907,0.0,zone_3
51.90505315090161,126.85359987011907,0.0,zone_3
68.73047424681008,126.85359987011907,0.0,zone_3
-40.63476287659497,141.4248419685464,0.0,zone_3
-23.809341780686502,141.4248419685464,0.0,zone_3
-6.983920684778033,141.4248419685464,0.0,zone_3
9.841500411130435,141.4248419685464,0.0,zone_3
26.6669215070389,141.4248419685464,0.0,zone_3
43.49234260294737,141.4248419685464,0.0,zone_3
-97.1424202736481,-385.4287579015727,0.0,zone_1
-80.31699917773966,-385.4287579015727,0.0,zone_1
-63.49157808183122,-385.4287579015727,0.0,zone_1
-46.66615698592278,-385.4287579015727,0.0,zone_1
-29.840735890014344,-385.4287579015727,0.0,zone_1
-13.015314794105905,-385.4287579015727,0.0,zone_1
3.8101063018025343,-385.4287579015727,0.0,zone_1
20.635527397710973,-385.4287579015727,0.0,zone_1
37.46094849361941,-385.4287579015727,0.0,zone_1
54.28636958952785,-385.4287579015727,0.0,zone_1
71.11179068543629,-385.4287579015727,0.0,zone_1
87.93721178134473,-385.4287579015727,0.0,zone_1
104.76263287725317,-385.4287579015727,0.0,zone_1
-139.2059730134192,-370.85751580314536,0.0,zone_1
-122.38055191751074,-370.85751580314536,0.0,zone_1
-105.5551308216023,-370.85751580314536,0.0,zone_1
-88.72970972569387,-370.85751580314536,0.0,zone_1
-71.90428862978543,-370.85751580314536,0.0,zone_1
-55.078867533876995,-370.85751580314536,0.0,zone_1
-38.253446437968556,-370.85751580314536,0.0,zone_1
-21.428025342060117,-370.85751580314536,0.0,zone_1
-4.602604246151676,-370.85751580314536,0.0,zone_1
12.222816849756763,-370.85751580314536,0.0,zone_1
29.0482379456652,-370.85751580314536,0.0,zone_1
45.87365904157364,-370.85751580314536,0.0,zone_1
62.69908013748208,-370.85751580314536,0.0,zone_1
79.52450123339052,-370.85751580314536,0.0,zone_1
96.34992232929896,-370.85751580314536,0.0,zone_1
113.1753434252074,-370.85751580314536,0.0,zone_1
130.00076452111577,-370.85751580314536,0.0,zone_1
146.82618561702427,-370.85751580314536,0.0,zone_1
-181.2695257531903,-356.28627370471804,0.0,zone_1
-164.44410465728185,-356.28627370471804,0.0,zone_1
-147.61868356137342,-356.28627370471804,0.0,zone_1
-130.79326246546498,-356.28627370471804,0.0,zone_1
-113.96784136955654,-356.28627370471804,0.0,zone_1
-97.1424202736481,-356.28627370471804,0.0,zone_1
-80.31699917773966,-356.28627370471804,0.0,zone_1
-63.49157808183122,-356.28627370471804,0.0,zone_1
-46.66615698592278,-356.28627370471804,0.0,zone_1
-29.840735890014344,-356.28627370471804,0.0,zone_1
-13.015314794105905,-356.28627370471804,0.0,zone_1
3.8101063018025343,-356.28627370471804,0.0,zone_1
20.635527397710973,-356.28627370471804,0.0,zone_1
37.46094849361941,-356.28627370471804,0.0,zone_1
54.28636958952785,-356.28627370471804,0.0,zone_1
71.11179068543629,-356.28627370471804,0.0,zone_1
87.93721178134473,-356.28627370471804,0.0,zone_1
104.76263287725317,-356.28627370471804,0.0,zone_1
121.58805397316155,-356.28627370471804,0.0,zone_1
138.41347506907005,-356.28627370471804,0.0,zone_1
155.23889616497854,-356.28627370471804,0.0,zone_1
172.06431726088692,-356.28627370471804,0.0,zone_1
-206.50765739705295,-341.7150316062907,0.0,zone_1
-189.6822363011445,-341.7150316062907,0.0,zone_1
-172.85681520523607,-341.7150316062907,0.0,zone_1
-156.03139410932764,-341.7150316062907,0.0,zone_1
-139.2059730134192,-341.7150316062907,0.0,zone_1
-122.38055191751074,-341.7150316062907,0.0,zone_1
-105.5551308216023,-341.7150316062907,0.0,zone_1
-88.72970972569387,-341.7150316062907,0.0,zone_1
-71.90428862978543,-341.7150316062907,0.0,zone_1
-55.078867533876995,-341.7150316062907,0.0,zone_1
-38.253446437968556,-341.7150316062907,0.0,zone_1
-21.428025342060117,-341.7150316062907,0.0,zone_1
-4.602604246151676,-341.7150316062907,0.0,zone_1
12.222816849756763,-341.7150316062907,0.0,zone_1
29.0482379456652,-341.7150316062907,0.0,zone_1
45.87365904157364,-341.7150316062907,0.0,zone_1
62.69908013748208,-341.7150316062907,0.0,zone_1
79.52450123339052,-341.7150316062907,0.0,zone_1
96.34992232929896,-341.7150316062907,0.0,zone_1
113.1753434252074,-341.7150316062907,0.0,zone_1
130.00076452111577,-341.7150316062907,0.0,zone_1
146.82618561702427,-341.7150316062907,0.0,zone_1
163.65160671293276,-341.7150316062907,0.0,zone_1
180.47702780884114,-341.7150316062907,0.0,zone_1
197.30244890474953,-341.7150316062907,0.0,zone_1
-214.92036794500717,-327.1437895078634,0.0,zone_1
-198.09494684909873,-327.1437895078634,0.0,zone_1
-181.2695257531903,-327.1437895078634,0.0,zone_1
-164.44410465728185,-327.1437895078634,0.0,zone_1
-147.61868356137342,-327.1437895078634,0.0,zone_1
-130.79326246546498,-327.1437895078634,0.0,zone_1
-113.96784136955654,-327.1437895078634,0.0,zone_1
-97.1424202736481,-327.1437895078634,0.0,zone_1
-80.31699917773966,-327.1437895078634,0.0,zone_1
-63.49157808183122,-327.1437895078634,0.0,zone_1
-46.66615698592278,-327.1437895078634,0.0,zone_1
-29.840735890014344,-327.1437895078634,0.0,zone_1
-13.015314794105905,-327.1437895078634,0.0,zone_1
3.8101063018025343,-327.1437895078634,0.0,zone_1
20.635527397710973,-327.1437895078634,0.0,zone_1
37.46094849361941,-327.1437895078634,0.0,zone_1
54.28636958952785,-327.1437895078634,0.0,zone_1
71.11179068543629,-327.1437895078634,0.0,zone_1
87.93721178134473,-327.1437895078634,0.0,zone_1
104.76263287725317,-327.1437895078634,0.0,zone_1
121.58805397316155,-327.1437895078634,0.0,zone_1
138.41347506907005,-327.1437895078634,0.0,zone_1
155.23889616497854,-327.1437895078634,0.0,zone_1
172.06431726088692,-327.1437895078634,0.0,zone_1
188.8897383567953,-327.1437895078634,0.0,zone_1
205.7151594527038,-327.1437895078634,0.0,zone_1
222.5405805486123,-327.1437895078634,0.0,zone_1
-240.15849958886983,-312.5725474094361,0.0,zone_1
-223.3330784929614,-312.5725474094361,0.0,zone_1
-206.50765739705295,-312.5725474094361,0.0,zone_1
-189.6822363011445,-312.5725474094361,0.0,zone_1
-172.85681520523607,-312.5725474094361,0.0,zone_1
-156.03139410932764,-312.5725474094361,0.0,zone_1
-139.2059730134192,-312.5725474094361,0.0,zone_1
-122.38055191751074,-312.5725474094361,0.0,zone_1
-105.5551308216023,-312.5725474094361,0.0,zone_1
-88.72970972569387,-312.5725474094361,0.0,zone_1
-71.90428862978543,-312.5725474094361,0.0,zone_1
-55.078867533876995,-312.5725474094361,0.0,zone_1
-38.253446437968556,-312.5725474094361,0.0,zone_1
-21.428025342060117,-312.5725474094361,0.0,zone_1
-4.602604246151676,-312.5725474094361,0.0,zone_1
12.222816849756763,-312.5725474094361,0.0,zone_1
29.0482379456652,-312.5725474094361,0.0,zone_1
45.87365904157364,-312.5725474094361,0.0,zone_1
62.69908013748208,-312.5725474094361,0.0,zone_1
79.52450123339052,-312.5725474094361,0.0,zone_1
96.34992232929896,-312.5725474094361,0.0,zone_1
113.1753434252074,-312.5725474094361,0.0,zone_1
130.00076452111577,-312.5725474094361,0.0,zone_1
146.82618561702427,-312.5725474094361,0.0,zone_1
163.65160671293276,-312.5725474094361,0.0,zone_1
180.47702780884114,-312.5725474094361,0.0,zone_1
197.30244890474953,-312.5725474094361,0.0,zone_1
214.12787000065802,-312.5725474094361,0.0,zone_1
230.95329109656652,-312.5725474094361,0.0,zone_1
247.7787121924749,-312.5725474094361,0.0,zone_1
-265.3966312327325,-298.00130531100876,0.0,zone_1
-248.57121013682405,-298.00130531100876,0.0,zone_1
-231.7457890409156,-298.00130531100876,0.0,zone_1
-214.92036794500717,-298.00130531100876,0.0,zone_1
-198.09494684909873,-298.00130531100876,0.0,zone_1
-181.2695257531903,-298.00130531100876,0.0,zone_1
-164.44410465728185,-298.00130531100876,0.0,zone_1
-147.61868356137342,-298.00130531100876,0.0,zone_1
-130.79326246546498,-298.00130531100876,0.0,zone_1
-113.96784136955654,-298.00130531100876,0.0,zone_1
-97.1424202736481,-298.00130531100876,0.0,zone_1
-80.31699917773966,-298.00130531100876,0.0,zone_1
-63.49157808183122,-298.00130531100876,0.0,zone_1
-46.66615698592278,-298.00130531100876,0.0,zone_1
37.46094849361941,-298.00130531100876,0.0,zone_1
54.28636958952785,-298.00130531100876,0.0,zone_1
71.11179068543629,-298.00130531100876,0.0,zone_1
87.93721178134473,-298.00130531100876,0.0,zone_1
104.76263287725317,-298.00130531100876,0.0,zone_1
121.58805397316155,-298.00130531100876,0.0,zone_1
138.41347506907005,-298.00130531100876,0.0,zone_1
155.23889616497854,-298.00130531100876,0.0,zone_1
172.06431726088692,-298.00130531100876,0.0,zone_1
188.8897383567953,-298.00130531100876,0.0,zone_1
205.7151594527038,-298.00130531100876,0.0,zone_1
222.5405805486123,-298.00130531100876,0.0,zone_1
239.36600164452068,-298.00130531100876,0.0,zone_1
256.19142274042906,-298.00130531100876,0.0,zone_1
-273.8093417806867,-283.43006321258144,0.0,zone_1
-256.98392068477824,-283.43006321258144,0.0,zone_1
-240.15849958886983,-283.43006321258144,0.0,zone_1
-223.3330784929614,-283.43006321258144,0.0,zone_1
-206.50765739705295,-283.43006321258144,0.0,zone_1
-189.6822363011445,-283.43006321258144,0.0,zone_1
-172.85681520523607,-283.43006321258144,0.0,zone_1
-156.03139410932764,-283.43006321258144,0.0,zone_1
-139.2059730134192,-283.43006321258144,0.0,zone_1
-122.38055191751074,-283.43006321258144,0.0,zone_1
-105.5551308216023,-283.43006321258144,0.0,zone_1
113.1753434252074,-283.43006321258144,0.0,zone_1
130.00076452111577,-283.43006321258144,0.0,zone_1
146.82618561702427,-283.43006321258144,0.0,zone_1
163.65160671293276,-283.43006321258144,0.0,zone_1
180.47702780884114,-283.43006321258144,0.0,zone_1
197.30244890474953,-283.43006321258144,0.0,zone_1
214.12787000065802,-283.43006321258144,0.0,zone_1
230.95329109656652,-283.43006321258144,0.0,zone_1
247.7787121924749,-283.43006321258144,0.0,zone_1
264.6041332883833,-283.43006321258144,0.0,zone_1
281.4295543842918,-283.43006321258144,0.0,zone_1
-282.2220523286409,-268.8588211141541,0.0,zone_1
-265.3966312327325,-268.8588211141541,0.0,zone_1
-248.57121013682405,-268.8588211141541,0.0,zone_1
-231.7457890409156,-268.8588211141541,0.0,zone_1
-214.92036794500717,-268.8588211141541,0.0,zone_1
-198.09494684909873,-268.8588211141541,0.0,zone_1
-181.2695257531903,-268.8588211141541,0.0,zone_1
-164.44410465728185,-268.8588211141541,0.0,zone_1
-147.61868356137342,-268.8588211141541,0.0,zone_1
138.41347506907005,-268.8588211141541,0.0,zone_1
155.23889616497854,-268.8588211141541,0.0,zone_1
172.06431726088692,-268.8588211141541,0.0,zone_1
188.8897383567953,-268.8588211141541,0.0,zone_1
205.7151594527038,-268.8588211141541,0.0,zone_1
222.5405805486123,-268.8588211141541,0.0,zone_1
239.36600164452068,-268.8588211141541,0.0,zone_1
256.19142274042906,-268.8588211141541,0.0,zone_1
273.01684383633756,-268.8588211141541,0.0,zone_1
289.84226493224605,-268.8588211141541,0.0,zone_1
-307.46018397250356,-254.2875790157268,0.0,zone_1
-290.6347628765951,-254.2875790157268,0.0,zone_1
-273.8093417806867,-254.2875790157268,0.0,zone_1
-256.98392068477824,-254.2875790157268,0.0,zone_1
-240.15849958886983,-254.2875790157268,0.0,zone_1
-223.3330784929614,-254.2875790157268,0.0,zone_1
-206.50765739705295,-254.2875790157268,0.0,zone_1
-189.6822363011445,-254.2875790157268,0.0,zone_1
-172.85681520523607,-254.2875790157268,0.0,zone_1
163.65160671293276,-254.2875790157268,0.0,zone_1
180.47702780884114,-254.2875790157268,0.0,zone_1
197.30244890474953,-254.2875790157268,0.0,zone_1
214.12787000065802,-254.2875790157268,0.0,zone_1
230.95329109656652,-254.2875790157268,0.0,zone_1
247.7787121924749,-254.2875790157268,0.0,zone_1
264.6041332883833,-254.2875790157268,0.0,zone_1
281.4295543842918,-254.2875790157268,0.0,zone_1
298.2549754802003,-254.2875790157268,0.0,zone_1
-315.8728945204578,-239.7163369172995,0.0,zone_1
-299.04747342454937,-239.7163369172995,0.0,zone_1
-282.2220523286409,-239.7163369172995,0.0,zone_1
-265.3966312327325,-239.7163369172995,0.0,zone_1
-248.57121013682405,-239.7163369172995,0.0,zone_1
-231.7457890409156,-239.7163369172995,0.0,zone_1
-214.92036794500717,-239.7163369172995,0.0,zone_1
-198.09494684909873,-239.7163369172995,0.0,zone_1
-181.2695257531903,-239.7163369172995,0.0,zone_1
188.8897383567953,-239.7163369172995,0.0,zone_1
205.7151594527038,-239.7163369172995,0.0,zone_1
222.5405805486123,-239.7163369172995,0.0,zone_1
239.36600164452068,-239.7163369172995,0.0,zone_1
256.19142274042906,-239.7163369172995,0.0,zone_1
273.01684383633756,-239.7163369172995,0.0,zone_1
289.84226493224605,-239.7163369172995,0.0,zone_1
306.66768602815444,-239.7163369172995,0.0,zone_1
-324.285605068412,-225.14509481887217,0.0,zone_1
-307.46018397250356,-225.14509481887217,0.0,zone_1
-290.6347628765951,-225.14509481887217,0.0,zone_1
-273.8093417806867,-225.14509481887217,0.0,zone_1
-256.98392068477824,-225.14509481887217,0.0,zone_1
-240.15849958886983,-225.14509481887217,0.0,zone_1
-223.3330784929614,-225.14509481887217,0.0,zone_1
-206.50765739705295,-225.14509481887217,0.0,zone_1
214.12787000065802,-225.14509481887217,0.0,zone_1
230.95329109656652,-225.14509481887217,0.0,zone_1
247.7787121924749,-225.14509481887217,0.0,zone_1
264.6041332883833,-225.14509481887217,0.0,zone_1
281.4295543842918,-225.14509481887217,0.0,zone_1
298.2549754802003,-225.14509481887217,0.0,zone_1
315.0803965761087,-225.14509481887217,0.0,zone_1
-332.69831561636624,-210.57385272044485,0.0,zone_1
-315.8728945204578,-210.57385272044485,0.0,zone_1
-299.04747342454937,-210.57385272044485,0.0,zone_1
-282.2220523286409,-210.57385272044485,0.0,zone_1
-265.3966312327325,-210.57385272044485,0.0,zone_1
-248.57121013682405,-210.57385272044485,0.0,zone_1
-231.7457890409156,-210.57385272044485,0.0,zone_1
-214.92036794500717,-210.57385272044485,0.0,zone_1
222.5405805486123,-210.57385272044485,0.0,zone_1
239.36600164452068,-210.57385272044485,0.0,zone_1
256.19142274042906,-210.57385272044485,0.0,zone_1
273.01684383633756,-210.57385272044485,0.0,zone_1
289.84226493224605,-210.57385272044485,0.0,zone_1
306.66768602815444,-210.57385272044485,0.0,zone_1
323.4931071240628,-210.57385272044485,0.0,zone_1
-341.11102616432044,-196.00261062201753,0.0,zone_1
-324.285605068412,-196.00261062201753,0.0,zone_1
-307.46018397250356,-196.00261062201753,0.0,zone_1
-290.6347628765951,-196.00261062201753,0.0,zone_1
-273.8093417806867,-196.00261062201753,0.0,zone_1
-256.98392068477824,-196.00261062201753,0.0,zone_1
-240.15849958886983,-196.00261062201753,0.0,zone_1
230.95329109656652,-196.00261062201753,0.0,zone_1
247.7787121924749,-196.00261062201753,0.0,zone_1
264.6041332883833,-196.00261062201753,0.0,zone_1
281.4295543842918,-196.00261062201753,0.0,zone_1
298.2549754802003,-196.00261062201753,0.0,zone_1
315.0803965761087,-196.00261062201753,0.0,zone_1
331.90581767201706,-196.00261062201753,0.0,zone_1
-349.5237367122747,-181.4313685235902,0.0,zone_1
-332.69831561636624,-181.4313685235902,0.0,zone_1
-315.8728945204578,-181.4313685235902,0.0,zone_1
-299.04747342454937,-181.4313685235902,0.0,zone_1
-282.2220523286409,-181.4313685235902,0.0,zone_1
-265.3966312327325,-181.4313685235902,0.0,zone_1
-248.57121013682405,-181.4313685235902,0.0,zone_1
239.36600164452068,-181.4313685235902,0.0,zone_1
256.19142274042906,-181.4313685235902,0.0,zone_1
273.01684383633756,-181.4313685235902,0.0,zone_1
289.84226493224605,-181.4313685235902,0.0,zone_1
306.66768602815444,-181.4313685235902,0.0,zone_1
323.4931071240628,-181.4313685235902,0.0,zone_1
340.3185282199713,-181.4313685235902,0.0,zone_1
-357.9364472602289,-166.8601264251629,0.0,zone_1
-341.11102616432044,-166.8601264251629,0.0,zone_1
-324.285605068412,-166.8601264251629,0.0,zone_1
-307.46018397250356,-166.8601264251629,0.0,zone_1
-290.6347628765951,-166.8601264251629,0.0,zone_1
-273.8093417806867,-166.8601264251629,0.0,zone_1
-256.98392068477824,-166.8601264251629,0.0,zone_1
264.6041332883833,-166.8601264251629,0.0,zone_1
281.4295543842918,-166.8601264251629,0.0,zone_1
298.2549754802003,-166.8601264251629,0.0,zone_1
315.0803965761087,-166.8601264251629,0.0,zone_1
331.90581767201706,-166.8601264251629,0.0,zone_1
348.73123876792556,-166.8601264251629,0.0,zone_1
-366.3491578081831,-152.28888432673557,0.0,zone_1
-349.5237367122747,-152.28888432673557,0.0,zone_1
-332.69831561636624,-152.28888432673557,0.0,zone_1
-315.8728945204578,-152.28888432673557,0.0,zone_1
-299.04747342454937,-152.28888432673557,0.0,zone_1
-282.2220523286409,-152.28888432673557,0.0,zone_1
-265.3966312327325,-152.28888432673557,0.0,zone_1
273.01684383633756,-152.28888432673557,0.0,zone_1
289.84226493224605,-152.28888432673557,0.0,zone_1
306.66768602815444,-152.28888432673557,0.0,zone_1
323.4931071240628,-152.28888432673557,0.0,zone_1
340.3185282199713,-152.28888432673557,0.0,zone_1
357.1439493158798,-152.28888432673557,0.0,zone_1
-374.7618683561373,-137.71764222830825,0.0,zone_1
-357.9364472602289,-137.71764222830825,0.0,zone_1
-341.11102616432044,-137.71764222830825,0.0,zone_1
-324.285605068412,-137.71764222830825,0.0,zone_1
-307.46018397250356,-137.71764222830825,0.0,zone_1
-290.6347628765951,-137.71764222830825,0.0,zone_1
-273.8093417806867,-137.71764222830825,0.0,zone_1
281.4295543842918,-137.71764222830825,0.0,zone_1
298.2549754802003,-137.71764222830825,0.0,zone_1
315.0803965761087,-137.71764222830825,0.0,zone_1
331.90581767201706,-137.71764222830825,0.0,zone_1
348.73123876792556,-137.71764222830825,0.0,zone_1
365.55665986383406,-137.71764222830825,0.0,zone_1
-366.3491578081831,-123.14640012988093,0.0,zone_1
-349.5237367122747,-123.14640012988093,0.0,zone_1
-332.69831561636624,-123.14640012988093,0.0,zone_1
-315.8728945204578,-123.14640012988093,0.0,zone_1
-299.04747342454937,-123.14640012988093,0.0,zone_1
-282.2220523286409,-123.14640012988093,0.0,zone_1
289.84226493224605,-123.14640012988093,0.0,zone_1
306.66768602815444,-123.14640012988093,0.0,zone_1
323.4931071240628,-123.14640012988093,0.0,zone_1
340.3185282199713,-123.14640012988093,0.0,zone_1
357.1439493158798,-123.14640012988093,0.0,zone_1
373.9693704117882,-123.14640012988093,0.0,zone_1
-374.7618683561373,-108.57515803145361,0.0,zone_1
-357.9364472602289,-108.57515803145361,0.0,zone_1
-341.11102616432044,-108.57515803145361,0.0,zone_1
-324.285605068412,-108.57515803145361,0.0,zone_1
-307.46018397250356,-108.57515803145361,0.0,zone_1
-290.6347628765951,-108.57515803145361,0.0,zone_1
281.4295543842918,-108.57515803145361,0.0,zone_1
298.2549754802003,-108.57515803145361,0.0,zone_1
315.0803965761087,-108.57515803145361,0.0,zone_1
331.90581767201706,-108.57515803145361,0.0,zone_1
348.73123876792556,-108.57515803145361,0.0,zone_1
365.55665986383406,-108.57515803145361,0.0,zone_1
382.38208095974244,-108.57515803145361,0.0,zone_1
-383.17457890409156,-94.00391593302629,0.0,zone_1
-366.3491578081831,-94.00391593302629,0.0,zone_1
-349.5237367122747,-94.00391593302629,0.0,zone_1
-332.69831561636624,-94.00391593302629,0.0,zone_1
-315.8728945204578,-94.00391593302629,0.0,zone_1
-299.04747342454937,-94.00391593302629,0.0,zone_1
289.84226493224605,-94.00391593302629,0.0,zone_1
306.66768602815444,-94.00391593302629,0.0,zone_1
323.4931071240628,-94.00391593302629,0.0,zone_1
340.3185282199713,-94.00391593302629,0.0,zone_1
357.1439493158798,-94.00391593302629,0.0,zone_1
373.9693704117882,-94.00391593302629,0.0,zone_1
-391.58728945204575,-79.43267383459897,0.0,zone_1
-374.7618683561373,-79.43267383459897,0.0,zone_1
-357.9364472602289,-79.43267383459897,0.0,zone_1
-341.11102616432044,-79.43267383459897,0.0,zone_1
-324.285605068412,-79.43267383459897,0.0,zone_1
-307.46018397250356,-79.43267383459897,0.0,zone_1
-290.6347628765951,-79.43267383459897,0.0,zone_1
298.2549754802003,-79.43267383459897,0.0,zone_1
315.0803965761087,-79.43267383459897,0.0,zone_1
331.90581767201706,-79.43267383459897,0.0,zone_1
348.73123876792556,-79.43267383459897,0.0,zone_1
365.55665986383406,-79.43267383459897,0.0,zone_1
382.38208095974244,-79.43267383459897,0.0,zone_1
-383.17457890409156,-64.86143173617165,0.0,zone_1
-366.3491578081831,-64.86143173617165,0.0,zone_1
-349.5237367122747,-64.86143173617165,0.0,zone_1
-332.69831561636624,-64.86143173617165,0.0,zone_1
-315.8728945204578,-64.86143173617165,0.0,zone_1
-299.04747342454937,-64.86143173617165,0.0,zone_1
306.66768602815444,-64.86143173617165,0.0,zone_1
323.4931071240628,-64.86143173617165,0.0,zone_1
340.3185282199713,-64.86143173617165,0.0,zone_1
357.1439493158798,-64.86143173617165,0.0,zone_1
373.9693704117882,-64.86143173617165,0.0,zone_1
390.7947915076966,-64.86143173617165,0.0,zone_1
-391.58728945204575,-50.290189637744334,0.0,zone_1
-374.7618683561373,-50.290189637744334,0.0,zone_1
-357.9364472602289,-50.290189637744334,0.0,zone_1
-341.11102616432044,-50.290189637744334,0.0,zone_1
-324.285605068412,-50.290189637744334,0.0,zone_1
-307.46018397250356,-50.290189637744334,0.0,zone_1
298.2549754802003,-50.290189637744334,0.0,zone_1
315.0803965761087,-50.290189637744334,0.0,zone_1
331.90581767201706,-50.290189637744334,0.0,zone_1
348.73123876792556,-50.290189637744334,0.0,zone_1
365.55665986383406,-50.290189637744334,0.0,zone_1
382.38208095974244,-50.290189637744334,0.0,zone_1
-383.17457890409156,-35.718947539317014,0.0,zone_1
-366.3491578081831,-35.718947539317014,0.0,zone_1
-349.5237367122747,-35.718947539317014,0.0,zone_1
-332.69831561636624,-35.718947539317014,0.0,zone_1
-315.8728945204578,-35.718947539317014,0.0,zone_1
-299.04747342454937,-35.718947539317014,0.0,zone_1
306.66768602815444,-35.718947539317014,0.0,zone_1
323.4931071240628,-35.718947539317014,0.0,zone_1
340.3185282199713,-35.718947539317014,0.0,zone_1
357.1439493158798,-35.718947539317014,0.0,zone_1
373.9693704117882,-35.718947539317014,0.0,zone_1
390.7947915076966,-35.718947539317014,0.0,zone_1
-391.58728945204575,-21.147705440889695,0.0,zone_1
-374.7618683561373,-21.147705440889695,0.0,zone_1
-357.9364472602289,-21.147705440889695,0.0,zone_1
-341.11102616432044,-21.147705440889695,0.0,zone_1
-324.285605068412,-21.147705440889695,0.0,zone_1
-307.46018397250356,-21.147705440889695,0.0,zone_1
315.0803965761087,-21.147705440889695,0.0,zone_1
331.90581767201706,-21.147705440889695,0.0,zone_1
348.73123876792556,-21.147705440889695,0.0,zone_1
365.55665986383406,-21.147705440889695,0.0,zone_1
382.38208095974244,-21.147705440889695,0.0,zone_1
399.2075020556508,-21.147705440889695,0.0,zone_1
-383.17457890409156,-6.576463342462375,0.0,zone_1
-366.3491578081831,-6.576463342462375,0.0,zone_1
-349.5237367122747,-6.576463342462375,0.0,zone_1
-332.69831561636624,-6.576463342462375,0.0,zone_1
-315.8728945204578,-6.576463342462375,0.0,zone_1
306.66768602815444,-6.576463342462375,0.0,zone_1
323.4931071240628,-6.576463342462375,0.0,zone_1
340.3185282199713,-6.576463342462375,0.0,zone_1
357.1439493158798,-6.576463342462375,0.0,zone_1
373.9693704117882,-6.576463342462375,0.0,zone_1
390.7947915076966,-6.576463342462375,0.0,zone_1
-391.58728945204575,7.994778755964944,0.0,zone_1
-374.7618683561373,7.994778755964944,0.0,zone_1
-357.9364472602289,7.994778755964944,0.0,zone_1
-341.11102616432044,7.994778755964944,0.0,zone_1
-324.285605068412,7.994778755964944,0.0,zone_1
-307.46018397250356,7.994778755964944,0.0,zone_1
315.0803965761087,7.994778755964944,0.0,zone_1
331.90581767201706,7.994778755964944,0.0,zone_1
348.73123876792556,7.994778755964944,0.0,zone_1
365.55665986383406,7.994778755964944,0.0,zone_1
382.38208095974244,7.994778755964944,0.0,zone_1
399.2075020556508,7.994778755964944,0.0,zone_1
-383.17457890409156,22.566020854392264,0.0,zone_1
-366.3491578081831,22.566020854392264,0.0,zone_1
-349.5237367122747,22.566020854392264,0.0,zone_1
-332.69831561636624,22.566020854392264,0.0,zone_1
-315.8728945204578,22.566020854392264,0.0,zone_1
306.66768602815444,22.566020854392264,0.0,zone_1
323.4931071240628,22.566020854392264,0.0,zone_1
340.3185282199713,22.566020854392264,0.0,zone_1
357.1439493158798,22.566020854392264,0.0,zone_1
373.9693704117882,22.566020854392264,0.0,zone_1
390.7947915076966,22.566020854392264,0.0,zone_1
-391.58728945204575,37.13726295281958,0.0,zone_1
-374.7618683561373,37.13726295281958,0.0,zone_1
-357.9364472602289,37.13726295281958,0.0,zone_1
-341.11102616432044,37.13726295281958,0.0,zone_1
-324.285605068412,37.13726295281958,0.0,zone_1
-307.46018397250356,37.13726295281958,0.0,zone_1
298.2549754802003,37.13726295281958,0.0,zone_1
315.0803965761087,37.13726295281958,0.0,zone_1
331.90581767201706,37.13726295281958,0.0,zone_1
348.73123876792556,37.13726295281958,0.0,zone_1
365.55665986383406,37.13726295281958,0.0,zone_1
382.38208095974244,37.13726295281958,0.0,zone_1
-383.17457890409156,51.7085050512469,0.0,zone_1
-366.3491578081831,51.7085050512469,0.0,zone_1
-349.5237367122747,51.7085050512469,0.0,zone_1
-332.69831561636624,51.7085050512469,0.0,zone_1
-315.8728945204578,51.7085050512469,0.0,zone_1
-299.04747342454937,51.7085050512469,0.0,zone_1
306.66768602815444,51.7085050512469,0.0,zone_1
323.4931071240628,51.7085050512469,0.0,zone_1
340.3185282199713,51.7085050512469,0.0,zone_1
357.1439493158798,51.7085050512469,0.0,zone_1
373.9693704117882,51.7085050512469,0.0,zone_1
390.7947915076966,51.7085050512469,0.0,zone_1
-391.58728945204575,66.27974714967422,0.0,zone_1
-374.7618683561373,66.27974714967422,0.0,zone_1
-357.9364472602289,66.27974714967422,0.0,zone_1
-341.11102616432044,66.27974714967422,0.0,zone_1
-324.285605068412,66.27974714967422,0.0,zone_1
-307.46018397250356,66.27974714967422,0.0,zone_1
298.2549754802003,66.27974714967422,0.0,zone_1
315.0803965761087,66.27974714967422,0.0,zone_1
331.90581767201706,66.27974714967422,0.0,zone_1
348.73123876792556,66.27974714967422,0.0,zone_1
365.55665986383406,66.27974714967422,0.0,zone_1
382.38208095974244,66.27974714967422,0.0,zone_1
-383.17457890409156,80.85098924810154,0.0,zone_1
-366.3491578081831,80.85098924810154,0.0,zone_1
-349.5237367122747,80.85098924810154,0.0,zone_1
-332.69831561636624,80.85098924810154,0.0,zone_1
-315.8728945204578,80.85098924810154,0.0,zone_1
-299.04747342454937,80.85098924810154,0.0,zone_1
289.84226493224605,80.85098924810154,0.0,zone_1
306.66768602815444,80.85098924810154,0.0,zone_1
323.4931071240628,80.85098924810154,0.0,zone_1
340.3185282199713,80.85098924810154,0.0,zone_1
357.1439493158798,80.85098924810154,0.0,zone_1
373.9693704117882,80.85098924810154,0.0,zone_1
390.7947915076966,80.85098924810154,0.0,zone_1
-374.7618683561373,95.42223134652886,0.0,zone_1
-357.9364472602289,95.42223134652886,0.0,zone_1
-341.11102616432044,95.42223134652886,0.0,zone_1
-324.285605068412,95.42223134652886,0.0,zone_1
-307.46018397250356,95.42223134652886,0.0,zone_1
-290.6347628765951,95.42223134652886,0.0,zone_1
298.2549754802003,95.42223134652886,0.0,zone_1
315.0803965761087,95.42223134652886,0.0,zone_1
331.90581767201706,95.42223134652886,0.0,zone_1
348.73123876792556,95.42223134652886,0.0,zone_1
365.55665986383406,95.42223134652886,0.0,zone_1
382.38208095974244,95.42223134652886,0.0,zone_1
-383.17457890409156,109.99347344495618,0.0,zone_1
-366.3491578081831,109.99347344495618,0.0,zone_1
-349.5237367122747,109.99347344495618,0.0,zone_1
-332.69831561636624,109.99347344495618,0.0,zone_1
-315.8728945204578,109.99347344495618,0.0,zone_1
-299.04747342454937,109.99347344495618,0.0,zone_1
-282.2220523286409,109.99347344495618,0.0,zone_1
289.84226493224605,109.99347344495618,0.0,zone_1
306.66768602815444,109.99347344495618,0.0,zone_1
323.4931071240628,109.99347344495618,0.0,zone_1
340.3185282199713,109.99347344495618,0.0,zone_1
357.1439493158798,109.99347344495618,0.0,zone_1
373.9693704117882,109.99347344495618,0.0,zone_1
-374.7618683561373,124.5647155433835,0.0,zone_1
-357.9364472602289,124.5647155433835,0.0,zone_1
-341.11102616432044,124.5647155433835,0.0,zone_1
-324.285605068412,124.5647155433835,0.0,zone_1
-307.46018397250356,124.5647155433835,0.0,zone_1
-290.6347628765951,124.5647155433835,0.0,zone_1
-273.8093417806867,124.5647155433835,0.0,zone_1
281.4295543842918,124.5647155433835,0.0,zone_1
298.2549754802003,124.5647155433835,0.0,zone_1
315.0803965761087,124.5647155433835,0.0,zone_1
331.90581767201706,124.5647155433835,0.0,zone_1
348.73123876792556,124.5647155433835,0.0,zone_1
365.55665986383406,124.5647155433835,0.0,zone_1
-366.3491578081831,139.13595764181082,0.0,zone_1
-349.5237367122747,139.13595764181082,0.0,zone_1
-332.69831561636624,139.13595764181082,0.0,zone_1
-315.8728945204578,139.13595764181082,0.0,zone_1
-299.04747342454937,139.13595764181082,0.0,zone_1
-282.2220523286409,139.13595764181082,0.0,zone_1
273.01684383633756,139.13595764181082,0.0,zone_1
289.84226493224605,139.13595764181082,0.0,zone_1
306.66768602815444,139.13595764181082,0.0,zone_1
323.4931071240628,139.13595764181082,0.0,zone_1
340.3185282199713,139.13595764181082,0.0,zone_1
357.1439493158798,139.13595764181082,0.0,zone_1
373.9693704117882,139.13595764181082,0.0,zone_1
-357.9364472602289,153.70719974023814,0.0,zone_1
-341.11102616432044,153.70719974023814,0.0,zone_1
-324.285605068412,153.70719974023814,0.0,zone_1
-307.46018397250356,153.70719974023814,0.0,zone_1
-290.6347628765951,153.70719974023814,0.0,zone_1
-273.8093417806867,153.70719974023814,0.0,zone_1
264.6041332883833,153.70719974023814,0.0,zone_1
281.4295543842918,153.70719974023814,0.0,zone_1
298.2549754802003,153.70719974023814,0.0,zone_1
315.0803965761087,153.70719974023814,0.0,zone_1
331.90581767201706,153.70719974023814,0.0,zone_1
348.73123876792556,153.70719974023814,0.0,zone_1
365.55665986383406,153.70719974023814,0.0,zone_1
-349.5237367122747,168.27844183866546,0.0,zone_1
-332.69831561636624,168.27844183866546,0.0,zone_1
-315.8728945204578,168.27844183866546,0.0,zone_1
-299.04747342454937,168.27844183866546,0.0,zone_1
-282.2220523286409,168.27844183866546,0.0,zone_1
-265.3966312327325,168.27844183866546,0.0,zone_1
-248.57121013682405,168.27844183866546,0.0,zone_1
256.19142274042906,168.27844183866546,0.0,zone_1
273.01684383633756,168.27844183866546,0.0,zone_1
289.84226493224605,168.27844183866546,0.0,zone_1
306.66768602815444,168.27844183866546,0.0,zone_1
323.4931071240628,168.27844183866546,0.0,zone_1
340.3185282199713,168.27844183866546,0.0,zone_1
357.1439493158798,168.27844183866546,0.0,zone_1
-341.11102616432044,182.84968393709278,0.0,zone_1
-324.285605068412,182.84968393709278,0.0,zone_1
-307.46018397250356,182.84968393709278,0.0,zone_1
-290.6347628765951,182.84968393709278,0.0,zone_1
-273.8093417806867,182.84968393709278,0.0,zone_1
-256.98392068477824,182.84968393709278,0.0,zone_1
-240.15849958886983,182.84968393709278,0.0,zone_1
247.7787121924749,182.84968393709278,0.0,zone_1
264.6041332883833,182.84968393709278,0.0,zone_1
281.4295543842918,182.84968393709278,0.0,zone_1
298.2549754802003,182.84968393709278,0.0,zone_1
315.0803965761087,182.84968393709278,0.0,zone_1
331.90581767201706,182.84968393709278,0.0,zone_1
348.73123876792556,182.84968393709278,0.0,zone_1
-332.69831561636624,197.4209260355201,0.0,zone_1
-315.8728945204578,197.4209260355201,0.0,zone_1
-299.04747342454937,197.4209260355201,0.0,zone_1
-282.2220523286409,197.4209260355201,0.0,zone_1
-265.3966312327325,197.4209260355201,0.0,zone_1
-248.57121013682405,197.4209260355201,0.0,zone_1
-231.7457890409156,197.4209260355201,0.0,zone_1
239.36600164452068,197.4209260355201,0.0,zone_1
256.19142274042906,197.4209260355201,0.0,zone_1
273.01684383633756,197.4209260355201,0.0,zone_1
289.84226493224605,197.4209260355201,0.0,zone_1
306.66768602815444,197.4209260355201,0.0,zone_1
323.4931071240628,197.4209260355201,0.0,zone_1
340.3185282199713,197.4209260355201,0.0,zone_1
-324.285605068412,211.99216813394742,0.0,zone_1
-307.46018397250356,211.99216813394742,0.0,zone_1
-290.6347628765951,211.99216813394742,0.0,zone_1
-273.8093417806867,211.99216813394742,0.0,zone_1
-256.98392068477824,211.99216813394742,0.0,zone_1
-240.15849958886983,211.99216813394742,0.0,zone_1
-223.3330784929614,211.99216813394742,0.0,zone_1
214.12787000065802,211.99216813394742,0.0,zone_1
230.95329109656652,211.99216813394742,0.0,zone_1
247.7787121924749,211.99216813394742,0.0,zone_1
264.6041332883833,211.99216813394742,0.0,zone_1
281.4295543842918,211.99216813394742,0.0,zone_1
298.2549754802003,211.99216813394742,0.0,zone_1
315.0803965761087,211.99216813394742,0.0,zone_1
331.90581767201706,211.99216813394742,0.0,zone_1
-315.8728945204578,226.56341023237474,0.0,zone_1
-299.04747342454937,226.56341023237474,0.0,zone_1
-282.2220523286409,226.56341023237474,0.0,zone_1
-265.3966312327325,226.56341023237474,0.0,zone_1
-248.57121013682405,226.56341023237474,0.0,zone_1
-231.7457890409156,226.56341023237474,0.0,zone_1
-214.92036794500717,226.56341023237474,0.0,zone_1
-198.09494684909873,226.56341023237474,0.0,zone_1
205.7151594527038,226.56341023237474,0.0,zone_1
222.5405805486123,226.56341023237474,0.0,zone_1
239.36600164452068,226.56341023237474,0.0,zone_1
256.19142274042906,226.56341023237474,0.0,zone_1
273.01684383633756,226.56341023237474,0.0,zone_1
289.84226493224605,226.56341023237474,0.0,zone_1
306.66768602815444,226.56341023237474,0.0,zone_1
323.4931071240628,226.56341023237474,0.0,zone_1
-307.46018397250356,241.13465233080206,0.0,zone_1
-290.6347628765951,241.13465233080206,0.0,zone_1
-273.8093417806867,241.13465233080206,0.0,zone_1
-256.98392068477824,241.13465233080206,0.0,zone_1
-240.15849958886983,241.13465233080206,0.0,zone_1
-223.3330784929614,241.13465233080206,0.0,zone_1
-206.50765739705295,241.13465233080206,0.0,zone_1
-189.6822363011445,241.13465233080206,0.0,zone_1
180.47702780884114,241.13465233080206,0.0,zone_1
197.30244890474953,241.13465233080206,0.0,zone_1
214.12787000065802,241.13465233080206,0.0,zone_1
230.95329109656652,241.13465233080206,0.0,zone_1
247.7787121924749,241.13465233080206,0.0,zone_1
264.6041332883833,241.13465233080206,0.0,zone_1
281.4295543842918,241.13465233080206,0.0,zone_1
298.2549754802003,241.13465233080206,0.0,zone_1
315.0803965761087,241.13465233080206,0.0,zone_1
-299.04747342454937,255.70589442922937,0.0,zone_1
-282.2220523286409,255.70589442922937,0.0,zone_1
-265.3966312327325,255.70589442922937,0.0,zone_1
-248.57121013682405,255.70589442922937,0.0,zone_1
-231.7457890409156,255.70589442922937,0.0,zone_1
-214.92036794500717,255.70589442922937,0.0,zone_1
-198.09494684909873,255.70589442922937,0.0,zone_1
-181.2695257531903,255.70589442922937,0.0,zone_1
-164.44410465728185,255.70589442922937,0.0,zone_1
172.06431726088692,255.70589442922937,0.0,zone_1
188.8897383567953,255.70589442922937,0.0,zone_1
205.7151594527038,255.70589442922937,0.0,zone_1
222.5405805486123,255.70589442922937,0.0,zone_1
239.36600164452068,255.70589442922937,0.0,zone_1
256.19142274042906,255.70589442922937,0.0,zone_1
273.01684383633756,255.70589442922937,0.0,zone_1
289.84226493224605,255.70589442922937,0.0,zone_1
306.66768602815444,255.70589442922937,0.0,zone_1
-290.6347628765951,270.2771365276567,0.0,zone_1
-273.8093417806867,270.2771365276567,0.0,zone_1
-256.98392068477824,270.2771365276567,0.0,zone_1
-240.15849958886983,270.2771365276567,0.0,zone_1
-223.3330784929614,270.2771365276567,0.0,zone_1
-206.50765739705295,270.2771365276567,0.0,zone_1
-189.6822363011445,270.2771365276567,0.0,zone_1
-172.85681520523607,270.2771365276567,0.0,zone_1
-156.03139410932764,270.2771365276567,0.0,zone_1
-139.2059730134192,270.2771365276567,0.0,zone_1
146.82618561702427,270.2771365276567,0.0,zone_1
163.65160671293276,270.2771365276567,0.0,zone_1
180.47702780884114,270.2771365276567,0.0,zone_1
197.30244890474953,270.2771365276567,0.0,zone_1
214.12787000065802,270.2771365276567,0.0,zone_1
230.95329109656652,270.2771365276567,0.0,zone_1
247.7787121924749,270.2771365276567,0.0,zone_1
264.6041332883833,270.2771365276567,0.0,zone_1
281.4295543842918,270.2771365276567,0.0,zone_1
-265.3966312327325,284.848378626084,0.0,zone_1
-248.57121013682405,284.848378626084,0.0,zone_1
-231.7457890409156,284.848378626084,0.0,zone_1
-214.92036794500717,284.848378626084,0.0,zone_1
-198.09494684909873,284.848378626084,0.0,zone_1
-181.2695257531903,284.848378626084,0.0,zone_1
-164.44410465728185,284.848378626084,0.0,zone_1
-147.61868356137342,284.848378626084,0.0,zone_1
-130.79326246546498,284.848378626084,0.0,zone_1
-113.96784136955654,284.848378626084,0.0,zone_1
-97.1424202736481,284.848378626084,0.0,zone_1
104.76263287725317,284.848378626084,0.0,zone_1
121.58805397316155,284.848378626084,0.0,zone_1
138.41347506907005,284.848378626084,0.0,zone_1
155.23889616497854,284.848378626084,0.0,zone_1
172.06431726088692,284.848378626084,0.0,zone_1
188.8897383567953,284.848378626084,0.0,zone_1
205.7151594527038,284.848378626084,0.0,zone_1
222.5405805486123,284.848378626084,0.0,zone_1
239.36600164452068,284.848378626084,0.0,zone_1
256.19142274042906,284.848378626084,0.0,zone_1
273.01684383633756,284.848378626084,0.0,zone_1
-256.98392068477824,299.41962072451133,0.0,zone_1
-240.15849958886983,299.41962072451133,0.0,zone_1
-223.3330784929614,299.41962072451133,0.0,zone_1
-206.50765739705295,299.41962072451133,0.0,zone_1
-189.6822363011445,299.41962072451133,0.0,zone_1
-172.85681520523607,299.41962072451133,0.0,zone_1
-156.03139410932764,299.41962072451133,0.0,zone_1
-139.2059730134192,299.41962072451133,0.0,zone_1
-122.38055191751074,299.41962072451133,0.0,zone_1
-105.5551308216023,299.41962072451133,0.0,zone_1
-88.72970972569387,299.41962072451133,0.0,zone_1
-71.90428862978543,299.41962072451133,0.0,zone_1
-55.078867533876995,299.41962072451133,0.0,zone_1
-38.253446437968556,299.41962072451133,0.0,zone_1
-21.428025342060117,299.41962072451133,0.0,zone_1
29.0482379456652,299.41962072451133,0.0,zone_1
45.87365904157364,299.41962072451133,0.0,zone_1
62.69908013748208,299.41962072451133,0.0,zone_1
79.52450123339052,299.41962072451133,0.0,zone_1
96.34992232929896,299.41962072451133,0.0,zone_1
113.1753434252074,299.41962072451133,0.0,zone_1
130.00076452111577,299.41962072451133,0.0,zone_1
146.82618561702427,299.41962072451133,0.0,zone_1
163.65160671293276,299.41962072451133,0.0,zone_1
180.47702780884114,299.41962072451133,0.0,zone_1
197.30244890474953,299.41962072451133,0.0,zone_1
214.12787000065802,299.41962072451133,0.0,zone_1
230.95329109656652,299.41962072451133,0.0,zone_1
247.7787121924749,299.41962072451133,0.0,zone_1
264.6041332883833,299.41962072451133,0.0,zone_1
-231.7457890409156,313.99086282293865,0.0,zone_1
-214.92036794500717,313.99086282293865,0.0,zone_1
-198.09494684909873,313.99086282293865,0.0,zone_1
-181.2695257531903,313.99086282293865,0.0,zone_1
-164.44410465728185,313.99086282293865,0.0,zone_1
-147.61868356137342,313.99086282293865,0.0,zone_1
-130.79326246546498,313.99086282293865,0.0,zone_1
-113.96784136955654,313.99086282293865,0.0,zone_1
-97.1424202736481,313.99086282293865,0.0,zone_1
-80.31699917773966,313.99086282293865,0.0,zone_1
-63.49157808183122,313.99086282293865,0.0,zone_1
-46.66615698592278,313.99086282293865,0.0,zone_1
-29.840735890014344,313.99086282293865,0.0,zone_1
-13.015314794105905,313.99086282293865,0.0,zone_1
3.8101063018025343,313.99086282293865,0.0,zone_1
20.635527397710973,313.99086282293865,0.0,zone_1
37.46094849361941,313.99086282293865,0.0,zone_1
54.28636958952785,313.99086282293865,0.0,zone_1
71.11179068543629,313.99086282293865,0.0,zone_1
87.93721178134473,313.99086282293865,0.0,zone_1
104.76263287725317,313.99086282293865,0.0,zone_1
121.58805397316155,313.99086282293865,0.0,zone_1
138.41347506907005,313.99086282293865,0.0,zone_1
155.23889616497854,313.99086282293865,0.0,zone_1
172.06431726088692,313.99086282293865,0.0,zone_1
188.8897383567953,313.99086282293865,0.0,zone_1
205.7151594527038,313.99086282293865,0.0,zone_1
222.5405805486123,313.99086282293865,0.0,zone_1
239.36600164452068,313.99086282293865,0.0,zone_1
-223.3330784929614,328.562104921366,0.0,zone_1
-206.50765739705295,328.562104921366,0.0,zone_1
-189.6822363011445,328.562104921366,0.0,zone_1
-172.85681520523607,328.562104921366,0.0,zone_1
-156.03139410932764,328.562104921366,0.0,zone_1
-139.2059730134192,328.562104921366,0.0,zone_1
-122.38055191751074,328.562104921366,0.0,zone_1
-105.5551308216023,328.562104921366,0.0,zone_1
-88.72970972569387,328.562104921366,0.0,zone_1
-71.90428862978543,328.562104921366,0.0,zone_1
-55.078867533876995,328.562104921366,0.0,zone_1
-38.253446437968556,328.562104921366,0.0,zone_1
-21.428025342060117,328.562104921366,0.0,zone_1
-4.602604246151676,328.562104921366,0.0,zone_1
12.222816849756763,328.562104921366,0.0,zone_1
29.0482379456652,328.562104921366,0.0,zone_1
45.87365904157364,328.562104921366,0.0,zone_1
62.69908013748208,328.562104921366,0.0,zone_1
79.52450123339052,328.562104921366,0.0,zone_1
96.34992232929896,328.562104921366,0.0,zone_1
113.1753434252074,328.562104921366,0.0,zone_1
130.00076452111577,328.562104921366,0.0,zone_1
146.82618561702427,328.562104921366,0.0,zone_1
163.65160671293276,328.562104921366,0.0,zone_1
180.47702780884114,328.562104921366,0.0,zone_1
197.30244890474953,328.562104921366,0.0,zone_1
214.12787000065802,328.562104921366,0.0,zone_1
-198.09494684909873,343.1333470197933,0.0,zone_1
-181.2695257531903,343.1333470197933,0.0,zone_1
-164.44410465728185,343.1333470197933,0.0,zone_1
-147.61868356137342,343.1333470197933,0.0,zone_1
-130.79326246546498,343.1333470197933,0.0,zone_1
-113.96784136955654,343.1333470197933,0.0,zone_1
-97.1424202736481,343.1333470197933,0.0,zone_1
-80.31699917773966,343.1333470197933,0.0,zone_1
-63.49157808183122,343.1333470197933,0.0,zone_1
-46.66615698592278,343.1333470197933,0.0,zone_1
-29.840735890014344,343.1333470197933,0.0,zone_1
-13.015314794105905,343.1333470197933,0.0,zone_1
3.8101063018025343,343.1333470197933,0.0,zone_1
20.635527397710973,343.1333470197933,0.0,zone_1
37.46094849361941,343.1333470197933,0.0,zone_1
54.28636958952785,343.1333470197933,0.0,zone_1
71.11179068543629,343.1333470197933,0.0,zone_1
87.93721178134473,343.1333470197933,0.0,zone_1
104.76263287725317,343.1333470197933,0.0,zone_1
121.58805397316155,343.1333470197933,0.0,zone_1
138.41347506907005,343.1333470197933,0.0,zone_1
155.23889616497854,343.1333470197933,0.0,zone_1
172.06431726088692,343.1333470197933,0.0,zone_1
188.8897383567953,343.1333470197933,0.0,zone_1
-172.85681520523607,357.7045891182206,0.0,zone_1
-156.03139410932764,357.7045891182206,0.0,zone_1
-139.2059730134192,357.7045891182206,0.0,zone_1
-122.38055191751074,357.7045891182206,0.0,zone_1
-105.5551308216023,357.7045891182206,0.0,zone_1
-88.72970972569387,357.7045891182206,0.0,zone_1
-71.90428862978543,357.7045891182206,0.0,zone_1
-55.078867533876995,357.7045891182206,0.0,zone_1
-38.253446437968556,357.7045891182206,0.0,zone_1
-21.428025342060117,357.7045891182206,0.0,zone_1
-4.602604246151676,357.7045891182206,0.0,zone_1
12.222816849756763,357.7045891182206,0.0,zone_1
29.0482379456652,357.7045891182206,0.0,zone_1
45.87365904157364,357.7045891182206,0.0,zone_1
62.69908013748208,357.7045891182206,0.0,zone_1
79.52450123339052,357.7045891182206,0.0,zone_1
96.34992232929896,357.7045891182206,0.0,zone_1
113.1753434252074,357.7045891182206,0.0,zone_1
130.00076452111577,357.7045891182206,0.0,zone_1
146.82618561702427,357.7045891182206,0.0,zone_1
163.65160671293276,357.7045891182206,0.0,zone_1
-130.79326246546498,372.27583121664793,0.0,zone_1
-113.96784136955654,372.27583121664793,0.0,zone_1
-97.1424202736481,372.27583121664793,0.0,zone_1
-80.31699917773966,372.27583121664793,0.0,zone_1
-63.49157808183122,372.27583121664793,0.0,zone_1
-46.66615698592278,372.27583121664793,0.0,zone_1
-29.840735890014344,372.27583121664793,0.0,zone_1
-13.015314794105905,372.27583121664793,0.0,zone_1
3.8101063018025343,372.27583121664793,0.0,zone_1
20.635527397710973,372.27583121664793,0.0,zone_1
37.46094849361941,372.27583121664793,0.0,zone_1
54.28636958952785,372.27583121664793,0.0,zone_1
71.11179068543629,372.27583121664793,0.0,zone_1
87.93721178134473,372.27583121664793,0.0,zone_1
104.76263287725317,372.27583121664793,0.0,zone_1
121.58805397316155,372.27583121664793,0.0,zone_1
138.41347506907005,372.27583121664793,0.0,zone_1
-88.72970972569387,386.84707331507525,0.0,zone_1
-71.90428862978543,386.84707331507525,0.0,zone_1
-55.078867533876995,386.84707331507525,0.0,zone_1
-38.253446437968556,386.84707331507525,0.0,zone_1
-21.428025342060117,386.84707331507525,0.0,zone_1
-4.602604246151676,386.84707331507525,0.0,zone_1
12.222816849756763,386.84707331507525,0.0,zone_1
29.0482379456652,386.84707331507525,0.0,zone_1
45.87365904157364,386.84707331507525,0.0,zone_1
62.69908013748208,386.84707331507525,0.0,zone_1
79.52450123339052,386.84707331507525,0.0,zone_1
96.34992232929896,386.84707331507525,0.0,zone_1
-81.2695257531903,-285.4287579015727,0.0,zone_2
-64.44410465728185,-285.4287579015727,0.0,zone_2
-47.618683561373416,-285.4287579015727,0.0,zone_2
-30.793262465464977,-285.4287579015727,0.0,zone_2
-13.967841369556538,-285.4287579015727,0.0,zone_2
2.8575797263519007,-285.4287579015727,0.0,zone_2
19.68300082226034,-285.4287579015727,0.0,zone_2
36.50842191816878,-285.4287579015727,0.0,zone_2
53.33384301407722,-285.4287579015727,0.0,zone_2
70.15926410998566,-285.4287579015727,0.0,zone_2
86.9846852058941,-285.4287579015727,0.0,zone_2
-123.33307849296138,-270.85751580314536,0.0,zone_2
-106.50765739705294,-270.85751580314536,0.0,zone_2
-89.6822363011445,-270.85751580314536,0.0,zone_2
-72.85681520523606,-270.85751580314536,0.0,zone_2
-56.03139410932763,-270.85751580314536,0.0,zone_2
-39.20597301341919,-270.85751580314536,0.0,zone_2
-22.38055191751075,-270.85751580314536,0.0,zone_2
-5.55513082160231,-270.85751580314536,0.0,zone_2
11.270290274306129,-270.85751580314536,0.0,zone_2
28.095711370214566,-270.85751580314536,0.0,zone_2
44.921132466123005,-270.85751580314536,0.0,zone_2
61.746553562031444,-270.85751580314536,0.0,zone_2
78.57197465793989,-270.85751580314536,0.0,zone_2
95.39739575384833,-270.85751580314536,0.0,zone_2
112.22281684975677,-270.85751580314536,0.0,zone_2
-148.57121013682405,-256.28627370471804,0.0,zone_2
-131.7457890409156,-256.28627370471804,0.0,zone_2
-114.92036794500717,-256.28627370471804,0.0,zone_2
-98.09494684909873,-256.28627370471804,0.0,zone_2
-81.2695257531903,-256.28627370471804,0.0,zone_2
-64.44410465728185,-256.28627370471804,0.0,zone_2
-47.618683561373416,-256.28627370471804,0.0,zone_2
-30.793262465464977,-256.28627370471804,0.0,zone_2
-13.967841369556538,-256.28627370471804,0.0,zone_2
2.8575797263519007,-256.28627370471804,0.0,zone_2
19.68300082226034,-256.28627370471804,0.0,zone_2
36.50842191816878,-256.28627370471804,0.0,zone_2
53.33384301407722,-256.28627370471804,0.0,zone_2
70.15926410998566,-256.28627370471804,0.0,zone_2
86.9846852058941,-256.28627370471804,0.0,zone_2
103.81010630180253,-256.28627370471804,0.0,zone_2
120.63552739771097,-256.28627370471804,0.0,zone_2
137.4609484936194,-256.28627370471804,0.0,zone_2
154.28636958952785,-256.28627370471804,0.0,zone_2
-173.8093417806867,-241.71503160629072,0.0,zone_2
-156.98392068477827,-241.71503160629072,0.0,zone_2
-140.15849958886983,-241.71503160629072,0.0,zone_2
-123.33307849296138,-241.71503160629072,0.0,zone_2
-106.50765739705294,-241.71503160629072,0.0,zone_2
-89.6822363011445,-241.71503160629072,0.0,zone_2
-72.85681520523606,-241.71503160629072,0.0,zone_2
-56.03139410932763,-241.71503160629072,0.0,zone_2
-39.20597301341919,-241.71503160629072,0.0,zone_2
-22.38055191751075,-241.71503160629072,0.0,zone_2
-5.55513082160231,-241.71503160629072,0.0,zone_2
11.270290274306129,-241.71503160629072,0.0,zone_2
28.095711370214566,-241.71503160629072,0.0,zone_2
44.921132466123005,-241.71503160629072,0.0,zone_2
61.746553562031444,-241.71503160629072,0.0,zone_2
78.57197465793989,-241.71503160629072,0.0,zone_2
95.39739575384833,-241.71503160629072,0.0,zone_2
112.22281684975677,-241.71503160629072,0.0,zone_2
129.0482379456652,-241.71503160629072,0.0,zone_2
145.87365904157363,-241.71503160629072,0.0,zone_2
162.69908013748207,-241.71503160629072,0.0,zone_2
-182.22205232864093,-227.1437895078634,0.0,zone_2
-165.3966312327325,-227.1437895078634,0.0,zone_2
-148.57121013682405,-227.1437895078634,0.0,zone_2
-131.7457890409156,-227.1437895078634,0.0,zone_2
-114.92036794500717,-227.1437895078634,0.0,zone_2
-98.09494684909873,-227.1437895078634,0.0,zone_2
-81.2695257531903,-227.1437895078634,0.0,zone_2
-64.44410465728185,-227.1437895078634,0.0,zone_2
-47.618683561373416,-227.1437895078634,0.0,zone_2
-30.793262465464977,-227.1437895078634,0.0,zone_2
-13.967841369556538,-227.1437895078634,0.0,zone_2
2.8575797263519007,-227.1437895078634,0.0,zone_2
19.68300082226034,-227.1437895078634,0.0,zone_2
36.50842191816878,-227.1437895078634,0.0,zone_2
53.33384301407722,-227.1437895078634,0.0,zone_2
70.15926410998566,-227.1437895078634,0.0,zone_2
86.9846852058941,-227.1437895078634,0.0,zone_2
103.81010630180253,-227.1437895078634,0.0,zone_2
120.63552739771097,-227.1437895078634,0.0,zone_2
137.4609484936194,-227.1437895078634,0.0,zone_2
154.28636958952785,-227.1437895078634,0.0,zone_2
171.1117906854363,-227.1437895078634,0.0,zone_2
187.93721178134473,-227.1437895078634,0.0,zone_2
-207.4601839725036,-212.57254740943608,0.0,zone_2
-190.63476287659515,-212.57254740943608,0.0,zone_2
-173.8093417806867,-212.57254740943608,0.0,zone_2
-156.98392068477827,-212.57254740943608,0.0,zone_2
-140.15849958886983,-212.57254740943608,0.0,zone_2
-123.33307849296138,-212.57254740943608,0.0,zone_2
-106.50765739705294,-212.57254740943608,0.0,zone_2
-89.6822363011445,-212.57254740943608,0.0,zone_2
-72.85681520523606,-212.57254740943608,0.0,zone_2
-56.03139410932763,-212.57254740943608,0.0,zone_2
-39.20597301341919,-212.57254740943608,0.0,zone_2
-22.38055191751075,-212.57254740943608,0.0,zone_2
-5.55513082160231,-212.57254740943608,0.0,zone_2
11.270290274306129,-212.57254740943608,0.0,zone_2
28.095711370214566,-212.57254740943608,0.0,zone_2
44.921132466123005,-212.57254740943608,0.0,zone_2
61.746553562031444,-212.57254740943608,0.0,zone_2
78.57197465793989,-212.57254740943608,0.0,zone_2
95.39739575384833,-212.57254740943608,0.0,zone_2
112.22281684975677,-212.57254740943608,0.0,zone_2
129.0482379456652,-212.57254740943608,0.0,zone_2
145.87365904157363,-212.57254740943608,0.0,zone_2
162.69908013748207,-212.57254740943608,0.0,zone_2
179.5245012333905,-212.57254740943608,0.0,zone_2
196.34992232929895,-212.57254740943608,0.0,zone_2
-215.8728945204578,-198.00130531100876,0.0,zone_2
-199.04747342454937,-198.00130531100876,0.0,zone_2
-182.22205232864093,-198.00130531100876,0.0,zone_2
-165.3966312327325,-198.00130531100876,0.0,zone_2
-148.57121013682405,-198.00130531100876,0.0,zone_2
-131.7457890409156,-198.00130531100876,0.0,zone_2
-114.92036794500717,-198.00130531100876,0.0,zone_2
-98.09494684909873,-198.00130531100876,0.0,zone_2
-81.2695257531903,-198.00130531100876,0.0,zone_2
-64.44410465728185,-198.00130531100876,0.0,zone_2
-47.618683561373416,-198.00130531100876,0.0,zone_2
-30.793262465464977,-198.00130531100876,0.0,zone_2
-13.967841369556538,-198.00130531100876,0.0,zone_2
2.8575797263519007,-198.00130531100876,0.0,zone_2
19.68300082226034,-198.00130531100876,0.0,zone_2
36.50842191816878,-198.00130531100876,0.0,zone_2
53.33384301407722,-198.00130531100876,0.0,zone_2
70.15926410998566,-198.00130531100876,0.0,zone_2
86.9846852058941,-198.00130531100876,0.0,zone_2
103.81010630180253,-198.00130531100876,0.0,zone_2
120.63552739771097,-198.00130531100876,0.0,zone_2
137.4609484936194,-198.00130531100876,0.0,zone_2
154.28636958952785,-198.00130531100876,0.0,zone_2
171.1117906854363,-198.00130531100876,0.0,zone_2
187.93721178134473,-198.00130531100876,0.0,zone_2
204.76263287725317,-198.00130531100876,0.0,zone_2
221.58805397316155,-198.00130531100876,0.0,zone_2
-224.28560506841202,-183.43006321258144,0.0,zone_2
-207.4601839725036,-183.43006321258144,0.0,zone_2
-190.63476287659515,-183.43006321258144,0.0,zone_2
-173.8093417806867,-183.43006321258144,0.0,zone_2
-156.98392068477827,-183.43006321258144,0.0,zone_2
-140.15849958886983,-183.43006321258144,0.0,zone_2
-123.33307849296138,-183.43006321258144,0.0,zone_2
-106.50765739705294,-183.43006321258144,0.0,zone_2
-89.6822363011445,-183.43006321258144,0.0,zone_2
-72.85681520523606,-183.43006321258144,0.0,zone_2
-56.03139410932763,-183.43006321258144,0.0,zone_2
-39.20597301341919,-183.43006321258144,0.0,zone_2
-22.38055191751075,-183.43006321258144,0.0,zone_2
-5.55513082160231,-183.43006321258144,0.0,zone_2
11.270290274306129,-183.43006321258144,0.0,zone_2
28.095711370214566,-183.43006321258144,0.0,zone_2
44.921132466123005,-183.43006321258144,0.0,zone_2
61.746553562031444,-183.43006321258144,0.0,zone_2
78.57197465793989,-183.43006321258144,0.0,zone_2
95.39739575384833,-183.43006321258144,0.0,zone_2
112.22281684975677,-183.43006321258144,0.0,zone_2
129.0482379456652,-183.43006321258144,0.0,zone_2
145.87365904157363,-183.43006321258144,0.0,zone_2
162.69908013748207,-183.43006321258144,0.0,zone_2
179.5245012333905,-183.43006321258144,0.0,zone_2
196.34992232929895,-183.43006321258144,0.0,zone_2
213.1753434252074,-183.43006321258144,0.0,zone_2
230.00076452111577,-183.43006321258144,0.0,zone_2
-232.69831561636624,-168.85882111415413,0.0,zone_2
-215.8728945204578,-168.85882111415413,0.0,zone_2
-199.04747342454937,-168.85882111415413,0.0,zone_2
-182.22205232864093,-168.85882111415413,0.0,zone_2
-165.3966312327325,-168.85882111415413,0.0,zone_2
-148.57121013682405,-168.85882111415413,0.0,zone_2
-131.7457890409156,-168.85882111415413,0.0,zone_2
-114.92036794500717,-168.85882111415413,0.0,zone_2
-98.09494684909873,-168.85882111415413,0.0,zone_2
-81.2695257531903,-168.85882111415413,0.0,zone_2
-64.44410465728185,-168.85882111415413,0.0,zone_2
-47.618683561373416,-168.85882111415413,0.0,zone_2
-30.793262465464977,-168.85882111415413,0.0,zone_2
-13.967841369556538,-168.85882111415413,0.0,zone_2
2.8575797263519007,-168.85882111415413,0.0,zone_2
19.68300082226034,-168.85882111415413,0.0,zone_2
36.50842191816878,-168.85882111415413,0.0,zone_2
53.33384301407722,-168.85882111415413,0.0,zone_2
70.15926410998566,-168.85882111415413,0.0,zone_2
86.9846852058941,-168.85882111415413,0.0,zone_2
103.81010630180253,-168.85882111415413,0.0,zone_2
120.63552739771097,-168.85882111415413,0.0,zone_2
137.4609484936194,-168.85882111415413,0.0,zone_2
154.28636958952785,-168.85882111415413,0.0,zone_2
171.1117906854363,-168.85882111415413,0.0,zone_2
187.93721178134473,-168.85882111415413,0.0,zone_2
204.76263287725317,-168.85882111415413,0.0,zone_2
221.58805397316155,-168.85882111415413,0.0,zone_2
238.41347506907005,-168.85882111415413,0.0,zone_2
-241.11102616432046,-154.2875790157268,0.0,zone_2
-224.28560506841202,-154.2875790157268,0.0,zone_2
-207.4601839725036,-154.2875790157268,0.0,zone_2
-190.63476287659515,-154.2875790157268,0.0,zone_2
-173.8093417806867,-154.2875790157268,0.0,zone_2
-156.98392068477827,-154.2875790157268,0.0,zone_2
-140.15849958886983,-154.2875790157268,0.0,zone_2
-123.33307849296138,-154.2875790157268,0.0,zone_2
-106.50765739705294,-154.2875790157268,0.0,zone_2
-89.6822363011445,-154.2875790157268,0.0,zone_2
-72.85681520523606,-154.2875790157268,0.0,zone_2
-56.03139410932763,-154.2875790157268,0.0,zone_2
-39.20597301341919,-154.2875790157268,0.0,zone_2
-22.38055191751075,-154.2875790157268,0.0,zone_2
-5.55513082160231,-154.2875790157268,0.0,zone_2
11.270290274306129,-154.2875790157268,0.0,zone_2
28.095711370214566,-154.2875790157268,0.0,zone_2
44.921132466123005,-154.2875790157268,0.0,zone_2
61.746553562031444,-154.2875790157268,0.0,zone_2
78.57197465793989,-154.2875790157268,0.0,zone_2
95.39739575384833,-154.2875790157268,0.0,zone_2
112.22281684975677,-154.2875790157268,0.0,zone_2
129.0482379456652,-154.2875790157268,0.0,zone_2
145.87365904157363,-154.2875790157268,0.0,zone_2
162.69908013748207,-154.2875790157268,0.0,zone_2
179.5245012333905,-154.2875790157268,0.0,zone_2
196.34992232929895,-154.2875790157268,0.0,zone_2
213.1753434252074,-154.2875790157268,0.0,zone_2
230.00076452111577,-154.2875790157268,0.0,zone_2
246.82618561702427,-154.2875790157268,0.0,zone_2
-249.52373671227468,-139.7163369172995,0.0,zone_2
-232.69831561636624,-139.7163369172995,0.0,zone_2
-215.8728945204578,-139.7163369172995,0.0,zone_2
-199.04747342454937,-139.7163369172995,0.0,zone_2
-182.22205232864093,-139.7163369172995,0.0,zone_2
-165.3966312327325,-139.7163369172995,0.0,zone_2
-148.57121013682405,-139.7163369172995,0.0,zone_2
-131.7457890409156,-139.7163369172995,0.0,zone_2
-114.92036794500717,-139.7163369172995,0.0,zone_2
-98.09494684909873,-139.7163369172995,0.0,zone_2
-81.2695257531903,-139.7163369172995,0.0,zone_2
-64.44410465728185,-139.7163369172995,0.0,zone_2
70.15926410998566,-139.7163369172995,0.0,zone_2
86.9846852058941,-139.7163369172995,0.0,zone_2
103.81010630180253,-139.7163369172995,0.0,zone_2
120.63552739771097,-139.7163369172995,0.0,zone_2
137.4609484936194,-139.7163369172995,0.0,zone_2
154.28636958952785,-139.7163369172995,0.0,zone_2
171.1117906854363,-139.7163369172995,0.0,zone_2
187.93721178134473,-139.7163369172995,0.0,zone_2
204.76263287725317,-139.7163369172995,0.0,zone_2
221.58805397316155,-139.7163369172995,0.0,zone_2
238.41347506907005,-139.7163369172995,0.0,zone_2
255.23889616497854,-139.7163369172995,0.0,zone_2
-257.9364472602289,-125.14509481887217,0.0,zone_2
-241.11102616432046,-125.14509481887217,0.0,zone_2
-224.28560506841202,-125.14509481887217,0.0,zone_2
-207.4601839725036,-125.14509481887217,0.0,zone_2
-190.63476287659515,-125.14509481887217,0.0,zone_2
-173.8093417806867,-125.14509481887217,0.0,zone_2
-156.98392068477827,-125.14509481887217,0.0,zone_2
-140.15849958886983,-125.14509481887217,0.0,zone_2
-123.33307849296138,-125.14509481887217,0.0,zone_2
-106.50765739705294,-125.14509481887217,0.0,zone_2
-89.6822363011445,-125.14509481887217,0.0,zone_2
95.39739575384833,-125.14509481887217,0.0,zone_2
112.22281684975677,-125.14509481887217,0.0,zone_2
129.0482379456652,-125.14509481887217,0.0,zone_2
145.87365904157363,-125.14509481887217,0.0,zone_2
162.69908013748207,-125.14509481887217,0.0,zone_2
179.5245012333905,-125.14509481887217,0.0,zone_2
196.34992232929895,-125.14509481887217,0.0,zone_2
213.1753434252074,-125.14509481887217,0.0,zone_2
230.00076452111577,-125.14509481887217,0.0,zone_2
246.82618561702427,-125.14509481887217,0.0,zone_2
263.6516067129328,-125.14509481887217,0.0,zone_2
-266.3491578081831,-110.57385272044485,0.0,zone_2
-249.52373671227468,-110.57385272044485,0.0,zone_2
-232.69831561636624,-110.57385272044485,0.0,zone_2
-215.8728945204578,-110.57385272044485,0.0,zone_2
-199.04747342454937,-110.57385272044485,0.0,zone_2
-182.22205232864093,-110.57385272044485,0.0,zone_2
-165.3966312327325,-110.57385272044485,0.0,zone_2
-148.57121013682405,-110.57385272044485,0.0,zone_2
-131.7457890409156,-110.57385272044485,0.0,zone_2
-114.92036794500717,-110.57385272044485,0.0,zone_2
103.81010630180253,-110.57385272044485,0.0,zone_2
120.63552739771097,-110.57385272044485,0.0,zone_2
137.4609484936194,-110.57385272044485,0.0,zone_2
154.28636958952785,-110.57385272044485,0.0,zone_2
171.1117906854363,-110.57385272044485,0.0,zone_2
187.93721178134473,-110.57385272044485,0.0,zone_2
204.76263287725317,-110.57385272044485,0.0,zone_2
221.58805397316155,-110.57385272044485,0.0,zone_2
238.41347506907005,-110.57385272044485,0.0,zone_2
255.23889616497854,-110.57385272044485,0.0,zone_2
272.0643172608869,-110.57385272044485,0.0,zone_2
-274.7618683561373,-96.00261062201753,0.0,zone_2
-257.9364472602289,-96.00261062201753,0.0,zone_2
-241.11102616432046,-96.00261062201753,0.0,zone_2
-224.28560506841202,-96.00261062201753,0.0,zone_2
-207.4601839725036,-96.00261062201753,0.0,zone_2
-190.63476287659515,-96.00261062201753,0.0,zone_2
-173.8093417806867,-96.00261062201753,0.0,zone_2
-156.98392068477827,-96.00261062201753,0.0,zone_2
-140.15849958886983,-96.00261062201753,0.0,zone_2
-123.33307849296138,-96.00261062201753,0.0,zone_2
129.0482379456652,-96.00261062201753,0.0,zone_2
145.87365904157363,-96.00261062201753,0.0,zone_2
162.69908013748207,-96.00261062201753,0.0,zone_2
179.5245012333905,-96.00261062201753,0.0,zone_2
196.34992232929895,-96.00261062201753,0.0,zone_2
213.1753434252074,-96.00261062201753,0.0,zone_2
230.00076452111577,-96.00261062201753,0.0,zone_2
246.82618561702427,-96.00261062201753,0.0,zone_2
263.6516067129328,-96.00261062201753,0.0,zone_2
280.47702780884117,-96.00261062201753,0.0,zone_2
-283.17457890409156,-81.43136852359021,0.0,zone_2
-266.3491578081831,-81.43136852359021,0.0,zone_2
-249.52373671227468,-81.43136852359021,0.0,zone_2
-232.69831561636624,-81.43136852359021,0.0,zone_2
-215.8728945204578,-81.43136852359021,0.0,zone_2
-199.04747342454937,-81.43136852359021,0.0,zone_2
-182.22205232864093,-81.43136852359021,0.0,zone_2
-165.3966312327325,-81.43136852359021,0.0,zone_2
-148.57121013682405,-81.43136852359021,0.0,zone_2
-131.7457890409156,-81.43136852359021,0.0,zone_2
137.4609484936194,-81.43136852359021,0.0,zone_2
154.28636958952785,-81.43136852359021,0.0,zone_2
171.1117906854363,-81.43136852359021,0.0,zone_2
187.93721178134473,-81.43136852359021,0.0,zone_2
204.76263287725317,-81.43136852359021,0.0,zone_2
221.58805397316155,-81.43136852359021,0.0,zone_2
238.41347506907005,-81.43136852359021,0.0,zone_2
255.23889616497854,-81.43136852359021,0.0,zone_2
272.0643172608869,-81.43136852359021,0.0,zone_2
-291.58728945204575,-66.86012642516289,0.0,zone_2
-274.7618683561373,-66.86012642516289,0.0,zone_2
-257.9364472602289,-66.86012642516289,0.0,zone_2
-241.11102616432046,-66.86012642516289,0.0,zone_2
-224.28560506841202,-66.86012642516289,0.0,zone_2
-207.4601839725036,-66.86012642516289,0.0,zone_2
-190.63476287659515,-66.86012642516289,0.0,zone_2
-173.8093417806867,-66.86012642516289,0.0,zone_2
-156.98392068477827,-66.86012642516289,0.0,zone_2
-140.15849958886983,-66.86012642516289,0.0,zone_2
145.87365904157363,-66.86012642516289,0.0,zone_2
162.69908013748207,-66.86012642516289,0.0,zone_2
179.5245012333905,-66.86012642516289,0.0,zone_2
196.34992232929895,-66.86012642516289,0.0,zone_2
213.1753434252074,-66.86012642516289,0.0,zone_2
230.00076452111577,-66.86012642516289,0.0,zone_2
246.82618561702427,-66.86012642516289,0.0,zone_2
263.6516067129328,-66.86012642516289,0.0,zone_2
280.47702780884117,-66.86012642516289,0.0,zone_2
-283.17457890409156,-52.28888432673557,0.0,zone_2
-266.3491578081831,-52.28888432673557,0.0,zone_2
-249.52373671227468,-52.28888432673557,0.0,zone_2
-232.69831561636624,-52.28888432673557,0.0,zone_2
-215.8728945204578,-52.28888432673557,0.0,zone_2
-199.04747342454937,-52.28888432673557,0.0,zone_2
-182.22205232864093,-52.28888432673557,0.0,zone_2
-165.3966312327325,-52.28888432673557,0.0,zone_2
-148.57121013682405,-52.28888432673557,0.0,zone_2
154.28636958952785,-52.28888432673557,0.0,zone_2
171.1117906854363,-52.28888432673557,0.0,zone_2
187.93721178134473,-52.28888432673557,0.0,zone_2
204.76263287725317,-52.28888432673557,0.0,zone_2
221.58805397316155,-52.28888432673557,0.0,zone_2
238.41347506907005,-52.28888432673557,0.0,zone_2
255.23889616497854,-52.28888432673557,0.0,zone_2
272.0643172608869,-52.28888432673557,0.0,zone_2
288.8897383567953,-52.28888432673557,0.0,zone_2
-291.58728945204575,-37.71764222830825,0.0,zone_2
-274.7618683561373,-37.71764222830825,0.0,zone_2
-257.9364472602289,-37.71764222830825,0.0,zone_2
-241.11102616432046,-37.71764222830825,0.0,zone_2
-224.28560506841202,-37.71764222830825,0.0,zone_2
-207.4601839725036,-37.71764222830825,0.0,zone_2
-190.63476287659515,-37.71764222830825,0.0,zone_2
-173.8093417806867,-37.71764222830825,0.0,zone_2
-156.98392068477827,-37.71764222830825,0.0,zone_2
145.87365904157363,-37.71764222830825,0.0,zone_2
162.69908013748207,-37.71764222830825,0.0,zone_2
179.5245012333905,-37.71764222830825,0.0,zone_2
196.34992232929895,-37.71764222830825,0.0,zone_2
213.1753434252074,-37.71764222830825,0.0,zone_2
230.00076452111577,-37.71764222830825,0.0,zone_2
246.82618561702427,-37.71764222830825,0.0,zone_2
263.6516067129328,-37.71764222830825,0.0,zone_2
280.47702780884117,-37.71764222830825,0.0,zone_2
297.30244890474955,-37.71764222830825,0.0,zone_2
-283.17457890409156,-23.14640012988093,0.0,zone_2
-266.3491578081831,-23.14640012988093,0.0,zone_2
-249.52373671227468,-23.14640012988093,0.0,zone_2
-232.69831561636624,-23.14640012988093,0.0,zone_2
-215.8728945204578,-23.14640012988093,0.0,zone_2
-199.04747342454937,-23.14640012988093,0.0,zone_2
-182.22205232864093,-23.14640012988093,0.0,zone_2
-165.3966312327325,-23.14640012988093,0.0,zone_2
-148.57121013682405,-23.14640012988093,0.0,zone_2
154.28636958952785,-23.14640012988093,0.0,zone_2
171.1117906854363,-23.14640012988093,0.0,zone_2
187.93721178134473,-23.14640012988093,0.0,zone_2
204.76263287725317,-23.14640012988093,0.0,zone_2
221.58805397316155,-23.14640012988093,0.0,zone_2
238.41347506907005,-23.14640012988093,0.0,zone_2
255.23889616497854,-23.14640012988093,0.0,zone_2
272.0643172608869,-23.14640012988093,0.0,zone_2
288.8897383567953,-23.14640012988093,0.0,zone_2
-291.58728945204575,-8.575158031453611,0.0,zone_2
-274.7618683561373,-8.575158031453611,0.0,zone_2
-257.9364472602289,-8.575158031453611,0.0,zone_2
-241.11102616432046,-8.575158031453611,0.0,zone_2
-224.28560506841202,-8.575158031453611,0.0,zone_2
-207.4601839725036,-8.575158031453611,0.0,zone_2
-190.63476287659515,-8.575158031453611,0.0,zone_2
-173.8093417806867,-8.575158031453611,0.0,zone_2
-156.98392068477827,-8.575158031453611,0.0,zone_2
162.69908013748207,-8.575158031453611,0.0,zone_2
179.5245012333905,-8.575158031453611,0.0,zone_2
196.34992232929895,-8.575158031453611,0.0,zone_2
213.1753434252074,-8.575158031453611,0.0,zone_2
230.00076452111577,-8.575158031453611,0.0,zone_2
246.82618561702427,-8.575158031453611,0.0,zone_2
263.6516067129328,-8.575158031453611,0.0,zone_2
280.47702780884117,-8.575158031453611,0.0,zone_2
297.30244890474955,-8.575158031453611,0.0,zone_2
-283.17457890409156,5.996084066973708,0.0,zone_2
-266.3491578081831,5.996084066973708,0.0,zone_2
-249.52373671227468,5.996084066973708,0.0,zone_2
-232.69831561636624,5.996084066973708,0.0,zone_2
-215.8728945204578,5.996084066973708,0.0,zone_2
-199.04747342454937,5.996084066973708,0.0,zone_2
-182.22205232864093,5.996084066973708,0.0,zone_2
-165.3966312327325,5.996084066973708,0.0,zone_2
154.28636958952785,5.996084066973708,0.0,zone_2
171.1117906854363,5.996084066973708,0.0,zone_2
187.93721178134473,5.996084066973708,0.0,zone_2
204.76263287725317,5.996084066973708,0.0,zone_2
221.58805397316155,5.996084066973708,0.0,zone_2
238.41347506907005,5.996084066973708,0.0,zone_2
255.23889616497854,5.996084066973708,0.0,zone_2
272.0643172608869,5.996084066973708,0.0,zone_2
288.8897383567953,5.996084066973708,0.0,zone_2
-291.58728945204575,20.567326165401028,0.0,zone_2
-274.7618683561373,20.567326165401028,0.0,zone_2
-257.9364472602289,20.567326165401028,0.0,zone_2
-241.11102616432046,20.567326165401028,0.0,zone_2
-224.28560506841202,20.567326165401028,0.0,zone_2
-207.4601839725036,20.567326165401028,0.0,zone_2
-190.63476287659515,20.567326165401028,0.0,zone_2
-173.8093417806867,20.567326165401028,0.0,zone_2
-156.98392068477827,20.567326165401028,0.0,zone_2
162.69908013748207,20.567326165401028,0.0,zone_2
179.5245012333905,20.567326165401028,0.0,zone_2
196.34992232929895,20.567326165401028,0.0,zone_2
213.1753434252074,20.567326165401028,0.0,zone_2
230.00076452111577,20.567326165401028,0.0,zone_2
246.82618561702427,20.567326165401028,0.0,zone_2
263.6516067129328,20.567326165401028,0.0,zone_2
280.47702780884117,20.567326165401028,0.0,zone_2
297.30244890474955,20.567326165401028,0.0,zone_2
-283.17457890409156,35.13856826382835,0.0,zone_2
-266.3491578081831,35.13856826382835,0.0,zone_2
-249.52373671227468,35.13856826382835,0.0,zone_2
-232.69831561636624,35.13856826382835,0.0,zone_2
-215.8728945204578,35.13856826382835,0.0,zone_2
-199.04747342454937,35.13856826382835,0.0,zone_2
-182.22205232864093,35.13856826382835,0.0,zone_2
-165.3966312327325,35.13856826382835,0.0,zone_2
-148.57121013682405,35.13856826382835,0.0,zone_2
154.28636958952785,35.13856826382835,0.0,zone_2
171.1117906854363,35.13856826382835,0.0,zone_2
187.93721178134473,35.13856826382835,0.0,zone_2
204.76263287725317,35.13856826382835,0.0,zone_2
221.58805397316155,35.13856826382835,0.0,zone_2
238.41347506907005,35.13856826382835,0.0,zone_2
255.23889616497854,35.13856826382835,0.0,zone_2
272.0643172608869,35.13856826382835,0.0,zone_2
288.8897383567953,35.13856826382835,0.0,zone_2
-291.58728945204575,49.709810362255666,0.0,zone_2
-274.7618683561373,49.709810362255666,0.0,zone_2
-257.9364472602289,49.709810362255666,0.0,zone_2
-241.11102616432046,49.709810362255666,0.0,zone_2
-224.28560506841202,49.709810362255666,0.0,zone_2
-207.4601839725036,49.709810362255666,0.0,zone_2
-190.63476287659515,49.709810362255666,0.0,zone_2
-173.8093417806867,49.709810362255666,0.0,zone_2
-156.98392068477827,49.709810362255666,0.0,zone_2
145.87365904157363,49.709810362255666,0.0,zone_2
162.69908013748207,49.709810362255666,0.0,zone_2
179.5245012333905,49.709810362255666,0.0,zone_2
196.34992232929895,49.709810362255666,0.0,zone_2
213.1753434252074,49.709810362255666,0.0,zone_2
230.00076452111577,49.709810362255666,0.0,zone_2
246.82618561702427,49.709810362255666,0.0,zone_2
263.6516067129328,49.709810362255666,0.0,zone_2
280.47702780884117,49.709810362255666,0.0,zone_2
-283.17457890409156,64.28105246068299,0.0,zone_2
-266.3491578081831,64.28105246068299,0.0,zone_2
-249.52373671227468,64.28105246068299,0.0,zone_2
-232.69831561636624,64.28105246068299,0.0,zone_2
-215.8728945204578,64.28105246068299,0.0,zone_2
-199.04747342454937,64.28105246068299,0.0,zone_2
-182.22205232864093,64.28105246068299,0.0,zone_2
-165.3966312327325,64.28105246068299,0.0,zone_2
-148.57121013682405,64.28105246068299,0.0,zone_2
137.4609484936194,64.28105246068299,0.0,zone_2
154.28636958952785,64.28105246068299,0.0,zone_2
171.1117906854363,64.28105246068299,0.0,zone_2
187.93721178134473,64.28105246068299,0.0,zone_2
204.76263287725317,64.28105246068299,0.0,zone_2
221.58805397316155,64.28105246068299,0.0,zone_2
238.41347506907005,64.28105246068299,0.0,zone_2
255.23889616497854,64.28105246068299,0.0,zone_2
272.0643172608869,64.28105246068299,0.0,zone_2
288.8897383567953,64.28105246068299,0.0,zone_2
-274.7618683561373,78.8522945591103,0.0,zone_2
-257.9364472602289,78.8522945591103,0.0,zone_2
-241.11102616432046,78.8522945591103,0.0,zone_2
-224.28560506841202,78.8522945591103,0.0,zone_2
-207.4601839725036,78.8522945591103,0.0,zone_2
-190.63476287659515,78.8522945591103,0.0,zone_2
-173.8093417806867,78.8522945591103,0.0,zone_2
-156.98392068477827,78.8522945591103,0.0,zone_2
-140.15849958886983,78.8522945591103,0.0,zone_2
129.0482379456652,78.8522945591103,0.0,zone_2
145.87365904157363,78.8522945591103,0.0,zone_2
162.69908013748207,78.8522945591103,0.0,zone_2
179.5245012333905,78.8522945591103,0.0,zone_2
196.34992232929895,78.8522945591103,0.0,zone_2
213.1753434252074,78.8522945591103,0.0,zone_2
230.00076452111577,78.8522945591103,0.0,zone_2
246.82618561702427,78.8522945591103,0.0,zone_2
263.6516067129328,78.8522945591103,0.0,zone_2
280.47702780884117,78.8522945591103,0.0,zone_2
-283.17457890409156,93.42353665753762,0.0,zone_2
-266.3491578081831,93.42353665753762,0.0,zone_2
-249.52373671227468,93.42353665753762,0.0,zone_2
-232.69831561636624,93.42353665753762,0.0,zone_2
-215.8728945204578,93.42353665753762,0.0,zone_2
-199.04747342454937,93.42353665753762,0.0,zone_2
-182.22205232864093,93.42353665753762,0.0,zone_2
-165.3966312327325,93.42353665753762,0.0,zone_2
-148.57121013682405,93.42353665753762,0.0,zone_2
-131.7457890409156,93.42353665753762,0.0,zone_2
120.63552739771097,93.42353665753762,0.0,zone_2
137.4609484936194,93.42353665753762,0.0,zone_2
154.28636958952785,93.42353665753762,0.0,zone_2
171.1117906854363,93.42353665753762,0.0,zone_2
187.93721178134473,93.42353665753762,0.0,zone_2
204.76263287725317,93.42353665753762,0.0,zone_2
221.58805397316155,93.42353665753762,0.0,zone_2
238.41347506907005,93.42353665753762,0.0,zone_2
255.23889616497854,93.42353665753762,0.0,zone_2
272.0643172608869,93.42353665753762,0.0,zone_2
-274.7618683561373,107.99477875596494,0.0,zone_2
-257.9364472602289,107.99477875596494,0.0,zone_2
-241.11102616432046,107.99477875596494,0.0,zone_2
-224.28560506841202,107.99477875596494,0.0,zone_2
-207.4601839725036,107.99477875596494,0.0,zone_2
-190.63476287659515,107.99477875596494,0.0,zone_2
-173.8093417806867,107.99477875596494,0.0,zone_2
-156.98392068477827,107.99477875596494,0.0,zone_2
-140.15849958886983,107.99477875596494,0.0,zone_2
-123.33307849296138,107.99477875596494,0.0,zone_2
-106.50765739705294,107.99477875596494,0.0,zone_2
112.22281684975677,107.99477875596494,0.0,zone_2
129.0482379456652,107.99477875596494,0.0,zone_2
145.87365904157363,107.99477875596494,0.0,zone_2
162.69908013748207,107.99477875596494,0.0,zone_2
179.5245012333905,107.99477875596494,0.0,zone_2
196.34992232929895,107.99477875596494,0.0,zone_2
213.1753434252074,107.99477875596494,0.0,zone_2
230.00076452111577,107.99477875596494,0.0,zone_2
246.82618561702427,107.99477875596494,0.0,zone_2
263.6516067129328,107.99477875596494,0.0,zone_2
-266.3491578081831,122.56602085439226,0.0,zone_2
-249.52373671227468,122.56602085439226,0.0,zone_2
-232.69831561636624,122.56602085439226,0.0,zone_2
-215.8728945204578,122.56602085439226,0.0,zone_2
-199.04747342454937,122.56602085439226,0.0,zone_2
-182.22205232864093,122.56602085439226,0.0,zone_2
-165.3966312327325,122.56602085439226,0.0,zone_2
-148.57121013682405,122.56602085439226,0.0,zone_2
-131.7457890409156,122.56602085439226,0.0,zone_2
-114.92036794500717,122.56602085439226,0.0,zone_2
-98.09494684909873,122.56602085439226,0.0,zone_2
86.9846852058941,122.56602085439226,0.0,zone_2
103.81010630180253,122.56602085439226,0.0,zone_2
120.63552739771097,122.56602085439226,0.0,zone_2
137.4609484936194,122.56602085439226,0.0,zone_2
154.28636958952785,122.56602085439226,0.0,zone_2
171.1117906854363,122.56602085439226,0.0,zone_2
187.93721178134473,122.56602085439226,0.0,zone_2
204.76263287725317,122.56602085439226,0.0,zone_2
221.58805397316155,122.56602085439226,0.0,zone_2
238.41347506907005,122.56602085439226,0.0,zone_2
255.23889616497854,122.56602085439226,0.0,zone_2
272.0643172608869,122.56602085439226,0.0,zone_2
-257.9364472602289,137.13726295281958,0.0,zone_2
-241.11102616432046,137.13726295281958,0.0,zone_2
-224.28560506841202,137.13726295281958,0.0,zone_2
-207.4601839725036,137.13726295281958,0.0,zone_2
-190.63476287659515,137.13726295281958,0.0,zone_2
-173.8093417806867,137.13726295281958,0.0,zone_2
-156.98392068477827,137.13726295281958,0.0,zone_2
-140.15849958886983,137.13726295281958,0.0,zone_2
-123.33307849296138,137.13726295281958,0.0,zone_2
-106.50765739705294,137.13726295281958,0.0,zone_2
-89.6822363011445,137.13726295281958,0.0,zone_2
-72.85681520523606,137.13726295281958,0.0,zone_2
61.746553562031444,137.13726295281958,0.0,zone_2
78.57197465793989,137.13726295281958,0.0,zone_2
95.39739575384833,137.13726295281958,0.0,zone_2
112.22281684975677,137.13726295281958,0.0,zone_2
129.0482379456652,137.13726295281958,0.0,zone_2
145.87365904157363,137.13726295281958,0.0,zone_2
162.69908013748207,137.13726295281958,0.0,zone_2
179.5245012333905,137.13726295281958,0.0,zone_2
196.34992232929895,137.13726295281958,0.0,zone_2
213.1753434252074,137.13726295281958,0.0,zone_2
230.00076452111577,137.13726295281958,0.0,zone_2
246.82618561702427,137.13726295281958,0.0,zone_2
263.6516067129328,137.13726295281958,0.0,zone_2
-249.52373671227468,151.7085050512469,0.0,zone_2
-232.69831561636624,151.7085050512469,0.0,zone_2
-215.8728945204578,151.7085050512469,0.0,zone_2
-199.04747342454937,151.7085050512469,0.0,zone_2
-182.22205232864093,151.7085050512469,0.0,zone_2
-165.3966312327325,151.7085050512469,0.0,zone_2
-148.57121013682405,151.7085050512469,0.0,zone_2
-131.7457890409156,151.7085050512469,0.0,zone_2
-114.92036794500717,151.7085050512469,0.0,zone_2
-98.09494684909873,151.7085050512469,0.0,zone_2
-81.2695257531903,151.7085050512469,0.0,zone_2
-64.44410465728185,151.7085050512469,0.0,zone_2
-47.618683561373416,151.7085050512469,0.0,zone_2
-30.793262465464977,151.7085050512469,0.0,zone_2
-13.967841369556538,151.7085050512469,0.0,zone_2
2.8575797263519007,151.7085050512469,0.0,zone_2
19.68300082226034,151.7085050512469,0.0,zone_2
36.50842191816878,151.7085050512469,0.0,zone_2
53.33384301407722,151.7085050512469,0.0,zone_2
70.15926410998566,151.7085050512469,0.0,zone_2
86.9846852058941,151.7085050512469,0.0,zone_2
103.81010630180253,151.7085050512469,0.0,zone_2
120.63552739771097,151.7085050512469,0.0,zone_2
137.4609484936194,151.7085050512469,0.0,zone_2
154.28636958952785,151.7085050512469,0.0,zone_2
171.1117906854363,151.7085050512469,0.0,zone_2
187.93721178134473,151.7085050512469,0.0,zone_2
204.76263287725317,151.7085050512469,0.0,zone_2
221.58805397316155,151.7085050512469,0.0,zone_2
238.41347506907005,151.7085050512469,0.0,zone_2
255.23889616497854,151.7085050512469,0.0,zone_2
-241.11102616432046,166.27974714967422,0.0,zone_2
-224.28560506841202,166.27974714967422,0.0,zone_2
-207.4601839725036,166.27974714967422,0.0,zone_2
-190.63476287659515,166.27974714967422,0.0,zone_2
-173.8093417806867,166.27974714967422,0.0,zone_2
-156.98392068477827,166.27974714967422,0.0,zone_2
-140.15849958886983,166.27974714967422,0.0,zone_2
-123.33307849296138,166.27974714967422,0.0,zone_2
-106.50765739705294,166.27974714967422,0.0,zone_2
-89.6822363011445,166.27974714967422,0.0,zone_2
-72.85681520523606,166.27974714967422,0.0,zone_2
-56.03139410932763,166.27974714967422,0.0,zone_2
-39.20597301341919,166.27974714967422,0.0,zone_2
-22.38055191751075,166.27974714967422,0.0,zone_2
-5.55513082160231,166.27974714967422,0.0,zone_2
11.270290274306129,166.27974714967422,0.0,zone_2
28.095711370214566,166.27974714967422,0.0,zone_2
44.921132466123005,166.27974714967422,0.0,zone_2
61.746553562031444,166.27974714967422,0.0,zone_2
78.57197465793989,166.27974714967422,0.0,zone_2
95.39739575384833,166.27974714967422,0.0,zone_2
112.22281684975677,166.27974714967422,0.0,zone_2
129.0482379456652,166.27974714967422,0.0,zone_2
145.87365904157363,166.27974714967422,0.0,zone_2
162.69908013748207,166.27974714967422,0.0,zone_2
179.5245012333905,166.27974714967422,0.0,zone_2
196.34992232929895,166.27974714967422,0.0,zone_2
213.1753434252074,166.27974714967422,0.0,zone_2
230.00076452111577,166.27974714967422,0.0,zone_2
246.82618561702427,166.27974714967422,0.0,zone_2
-232.69831561636624,180.85098924810154,0.0,zone_2
-215.8728945204578,180.85098924810154,0.0,zone_2
-199.04747342454937,180.85098924810154,0.0,zone_2
-182.22205232864093,180.85098924810154,0.0,zone_2
-165.3966312327325,180.85098924810154,0.0,zone_2
-148.57121013682405,180.85098924810154,0.0,zone_2
-131.7457890409156,180.85098924810154,0.0,zone_2
-114.92036794500717,180.85098924810154,0.0,zone_2
-98.09494684909873,180.85098924810154,0.0,zone_2
-81.2695257531903,180.85098924810154,0.0,zone_2
-64.44410465728185,180.85098924810154,0.0,zone_2
-47.618683561373416,180.85098924810154,0.0,zone_2
-30.793262465464977,180.85098924810154,0.0,zone_2
-13.967841369556538,180.85098924810154,0.0,zone_2
2.8575797263519007,180.85098924810154,0.0,zone_2
19.68300082226034,180.85098924810154,0.0,zone_2
36.50842191816878,180.85098924810154,0.0,zone_2
53.33384301407722,180.85098924810154,0.0,zone_2
70.15926410998566,180.85098924810154,0.0,zone_2
86.9846852058941,180.85098924810154,0.0,zone_2
103.81010630180253,180.85098924810154,0.0,zone_2
120.63552739771097,180.85098924810154,0.0,zone_2
137.4609484936194,180.85098924810154,0.0,zone_2
154.28636958952785,180.85098924810154,0.0,zone_2
171.1117906854363,180.85098924810154,0.0,zone_2
187.93721178134473,180.85098924810154,0.0,zone_2
204.76263287725317,180.85098924810154,0.0,zone_2
221.58805397316155,180.85098924810154,0.0,zone_2
238.41347506907005,180.85098924810154,0.0,zone_2
-224.28560506841202,195.42223134652886,0.0,zone_2
-207.4601839725036,195.42223134652886,0.0,zone_2
-190.63476287659515,195.42223134652886,0.0,zone_2
-173.8093417806867,195.42223134652886,0.0,zone_2
-156.98392068477827,195.42223134652886,0.0,zone_2
-140.15849958886983,195.42223134652886,0.0,zone_2
-123.33307849296138,195.42223134652886,0.0,zone_2
-106.50765739705294,195.42223134652886,0.0,zone_2
-89.6822363011445,195.42223134652886,0.0,zone_2
-72.85681520523606,195.42223134652886,0.0,zone_2
-56.03139410932763,195.42223134652886,0.0,zone_2
-39.20597301341919,195.42223134652886,0.0,zone_2
-22.38055191751075,195.42223134652886,0.0,zone_2
-5.55513082160231,195.42223134652886,0.0,zone_2
11.270290274306129,195.42223134652886,0.0,zone_2
28.095711370214566,195.42223134652886,0.0,zone_2
44.921132466123005,195.42223134652886,0.0,zone_2
61.746553562031444,195.42223134652886,0.0,zone_2
78.57197465793989,195.42223134652886,0.0,zone_2
95.39739575384833,195.42223134652886,0.0,zone_2
112.22281684975677,195.42223134652886,0.0,zone_2
129.0482379456652,195.42223134652886,0.0,zone_2
145.87365904157363,195.42223134652886,0.0,zone_2
162.69908013748207,195.42223134652886,0.0,zone_2
179.5245012333905,195.42223134652886,0.0,zone_2
196.34992232929895,195.42223134652886,0.0,zone_2
213.1753434252074,195.42223134652886,0.0,zone_2
-199.04747342454937,209.99347344495618,0.0,zone_2
-182.22205232864093,209.99347344495618,0.0,zone_2
-165.3966312327325,209.99347344495618,0.0,zone_2
-148.57121013682405,209.99347344495618,0.0,zone_2
-131.7457890409156,209.99347344495618,0.0,zone_2
-114.92036794500717,209.99347344495618,0.0,zone_2
-98.09494684909873,209.99347344495618,0.0,zone_2
-81.2695257531903,209.99347344495618,0.0,zone_2
-64.44410465728185,209.99347344495618,0.0,zone_2
-47.618683561373416,209.99347344495618,0.0,zone_2
-30.793262465464977,209.99347344495618,0.0,zone_2
-13.967841369556538,209.99347344495618,0.0,zone_2
2.8575797263519007,209.99347344495618,0.0,zone_2
19.68300082226034,209.99347344495618,0.0,zone_2
36.50842191816878,209.99347344495618,0.0,zone_2
53.33384301407722,209.99347344495618,0.0,zone_2
70.15926410998566,209.99347344495618,0.0,zone_2
86.9846852058941,209.99347344495618,0.0,zone_2
103.81010630180253,209.99347344495618,0.0,zone_2
120.63552739771097,209.99347344495618,0.0,zone_2
137.4609484936194,209.99347344495618,0.0,zone_2
154.28636958952785,209.99347344495618,0.0,zone_2
171.1117906854363,209.99347344495618,0.0,zone_2
187.93721178134473,209.99347344495618,0.0,zone_2
204.76263287725317,209.99347344495618,0.0,zone_2
-190.63476287659515,224.5647155433835,0.0,zone_2
-173.8093417806867,224.5647155433835,0.0,zone_2
-156.98392068477827,224.5647155433835,0.0,zone_2
-140.15849958886983,224.5647155433835,0.0,zone_2
-123.33307849296138,224.5647155433835,0.0,zone_2
-106.50765739705294,224.5647155433835,0.0,zone_2
-89.6822363011445,224.5647155433835,0.0,zone_2
-72.85681520523606,224.5647155433835,0.0,zone_2
-56.03139410932763,224.5647155433835,0.0,zone_2
-39.20597301341919,224.5647155433835,0.0,zone_2
-22.38055191751075,224.5647155433835,0.0,zone_2
-5.55513082160231,224.5647155433835,0.0,zone_2
11.270290274306129,224.5647155433835,0.0,zone_2
28.095711370214566,224.5647155433835,0.0,zone_2
44.921132466123005,224.5647155433835,0.0,zone_2
61.746553562031444,224.5647155433835,0.0,zone_2
78.57197465793989,224.5647155433835,0.0,zone_2
95.39739575384833,224.5647155433835,0.0,zone_2
112.22281684975677,224.5647155433835,0.0,zone_2
129.0482379456652,224.5647155433835,0.0,zone_2
145.87365904157363,224.5647155433835,0.0,zone_2
162.69908013748207,224.5647155433835,0.0,zone_2
179.5245012333905,224.5647155433835,0.0,zone_2
196.34992232929895,224.5647155433835,0.0,zone_2
-165.3966312327325,239.13595764181082,0.0,zone_2
-148.57121013682405,239.13595764181082,0.0,zone_2
-131.7457890409156,239.13595764181082,0.0,zone_2
-114.92036794500717,239.13595764181082,0.0,zone_2
-98.09494684909873,239.13595764181082,0.0,zone_2
-81.2695257531903,239.13595764181082,0.0,zone_2
-64.44410465728185,239.13595764181082,0.0,zone_2
-47.618683561373416,239.13595764181082,0.0,zone_2
-30.793262465464977,239.13595764181082,0.0,zone_2
-13.967841369556538,239.13595764181082,0.0,zone_2
2.8575797263519007,239.13595764181082,0.0,zone_2
19.68300082226034,239.13595764181082,0.0,zone_2
36.50842191816878,239.13595764181082,0.0,zone_2
53.33384301407722,239.13595764181082,0.0,zone_2
70.15926410998566,239.13595764181082,0.0,zone_2
86.9846852058941,239.13595764181082,0.0,zone_2
103.81010630180253,239.13595764181082,0.0,zone_2
120.63552739771097,239.13595764181082,0.0,zone_2
137.4609484936194,239.13595764181082,0.0,zone_2
154.28636958952785,239.13595764181082,0.0,zone_2
171.1117906854363,239.13595764181082,0.0,zone_2
-156.98392068477827,253.70719974023814,0.0,zone_2
-140.15849958886983,253.70719974023814,0.0,zone_2
-123.33307849296138,253.70719974023814,0.0,zone_2
-106.50765739705294,253.70719974023814,0.0,zone_2
-89.6822363011445,253.70719974023814,0.0,zone_2
-72.85681520523606,253.70719974023814,0.0,zone_2
-56.03139410932763,253.70719974023814,0.0,zone_2
-39.20597301341919,253.70719974023814,0.0,zone_2
-22.38055191751075,253.70719974023814,0.0,zone_2
-5.55513082160231,253.70719974023814,0.0,zone_2
11.270290274306129,253.70719974023814,0.0,zone_2
28.095711370214566,253.70719974023814,0.0,zone_2
44.921132466123005,253.70719974023814,0.0,zone_2
61.746553562031444,253.70719974023814,0.0,zone_2
78.57197465793989,253.70719974023814,0.0,zone_2
95.39739575384833,253.70719974023814,0.0,zone_2
112.22281684975677,253.70719974023814,0.0,zone_2
129.0482379456652,253.70719974023814,0.0,zone_2
145.87365904157363,253.70719974023814,0.0,zone_2
-131.7457890409156,268.27844183866546,0.0,zone_2
-114.92036794500717,268.27844183866546,0.0,zone_2
-98.09494684909873,268.27844183866546,0.0,zone_2
-81.2695257531903,268.27844183866546,0.0,zone_2
-64.44410465728185,268.27844183866546,0.0,zone_2
-47.618683561373416,268.27844183866546,0.0,zone_2
-30.793262465464977,268.27844183866546,0.0,zone_2
-13.967841369556538,268.27844183866546,0.0,zone_2
2.8575797263519007,268.27844183866546,0.0,zone_2
19.68300082226034,268.27844183866546,0.0,zone_2
36.50842191816878,268.27844183866546,0.0,zone_2
53.33384301407722,268.27844183866546,0.0,zone_2
70.15926410998566,268.27844183866546,0.0,zone_2
86.9846852058941,268.27844183866546,0.0,zone_2
103.81010630180253,268.27844183866546,0.0,zone_2
120.63552739771097,268.27844183866546,0.0,zone_2
-89.6822363011445,282.8496839370928,0.0,zone_2
-72.85681520523606,282.8496839370928,0.0,zone_2
-56.03139410932763,282.8496839370928,0.0,zone_2
-39.20597301341919,282.8496839370928,0.0,zone_2
-22.38055191751075,282.8496839370928,0.0,zone_2
-5.55513082160231,282.8496839370928,0.0,zone_2
11.270290274306129,282.8496839370928,0.0,zone_2
28.095711370214566,282.8496839370928,0.0,zone_2
44.921132466123005,282.8496839370928,0.0,zone_2
61.746553562031444,282.8496839370928,0.0,zone_2
78.57197465793989,282.8496839370928,0.0,zone_2
95.39739575384833,282.8496839370928,0.0,zone_2
-30.793262465464977,297.4209260355201,0.0,zone_2
-13.967841369556538,297.4209260355201,0.0,zone_2
2.8575797263519007,297.4209260355201,0.0,zone_2
19.68300082226034,297.4209260355201,0.0,zone_2
36.50842191816878,297.4209260355201,0.0,zone_2
